name,primary_industry,secondary_industries,description,traits,keywords,salary_range,crossover_label,source_url,reviewed
"Site Reliability Engineer","Tech & Engineering","","You keep websites and apps running smoothly for millions of users by building automated systems that detect and fix problems before anyone notices. When major outages happen, you're the detective who finds the root cause and prevents it from happening again.","Analytical,Problem-solver,Calm under pressure,Detail-oriented","systems,data,analytical,fast,independent,problem-solving,technical","$95k–$165k","","https://www.onetonline.org/link/summary/15-1244.00","false"
"Geospatial Information Scientist","Tech & Engineering","Science & Research,Environment & Sustainability","You transform satellite imagery and location data into maps and visualizations that help cities plan transportation, track climate change, or respond to natural disasters. Your work combines coding with geography to solve real-world spatial problems.","Analytical,Visual thinker,Detail-oriented,Curious","data,visual,analytical,systems,outdoor,independent,technical","$68k–$110k","Tech + Environment","https://www.onetonline.org/link/summary/15-1299.02","false"
"Robotics Technician","Tech & Engineering","","You install, maintain, and repair the robots used in factories, warehouses, and hospitals to keep production lines moving. When a robot arm stops working at 2 AM, you troubleshoot the sensors, wiring, and programming to get it running again.","Hands-on,Problem-solver,Technical,Patient","hands-on,systems,technical,physical,independent,problem-solving","$45k–$75k","","https://www.onetonline.org/link/summary/49-2098.00","false"
"Penetration Tester","Tech & Engineering","Business & Finance","You hack into companies' computer systems legally to find security weaknesses before criminals do. Your reports help organizations fix vulnerabilities in their websites, networks, and apps to protect customer data.","Curious,Analytical,Creative,Persistent","analytical,systems,independent,problem-solving,technical,data","$75k–$140k","","https://www.onetonline.org/link/summary/15-1212.00","false"
"Biomedical Equipment Technician","Tech & Engineering","Healthcare & Medicine","You maintain and repair the MRI machines, ventilators, and heart monitors that keep patients alive in hospitals. When life-saving equipment breaks down, doctors and nurses depend on you to fix it fast.","Detail-oriented,Calm under pressure,Technical,Responsible","hands-on,systems,technical,people,fast,problem-solving","$45k–$80k","Tech + Healthcare","https://www.onetonline.org/link/summary/49-9062.00","false"
"Data Center Technician","Tech & Engineering","","You work inside massive buildings filled with thousands of servers that power the internet, streaming services, and cloud storage. Your job involves installing hardware, monitoring temperatures, and ensuring the physical infrastructure behind apps never goes offline.","Detail-oriented,Organized,Physical,Technical","hands-on,physical,systems,technical,independent,fast","$40k–$70k","","https://www.onetonline.org/link/summary/15-1232.00","false"
"Human Factors Engineer","Tech & Engineering","Design & Creative,Science & Research","You study how humans interact with products, cockpits, medical devices, and software to make them safer and easier to use. Your research prevents pilot errors, reduces surgeon fatigue, and makes everyday technology more intuitive.","Empathetic,Analytical,Creative,Observant","people,analytical,creative,systems,data,visual","$75k–$120k","Tech + Design","https://www.onetonline.org/link/summary/17-2112.02","false"
"Telecommunications Line Installer","Tech & Engineering","","You climb poles and work in underground tunnels to install and repair the fiber optic cables that bring internet to homes, businesses, and cell towers. Your hands-on work literally connects communities to the digital world.","Physical,Brave,Problem-solver,Independent","hands-on,physical,outdoor,independent,technical","$40k–$75k","","https://www.bls.gov/ooh/installation-maintenance-and-repair/line-installers-and-repairers.htm","false"
"Machine Learning Engineer","Tech & Engineering","Science & Research","You build the AI systems that power voice assistants, recommendation algorithms, and self-driving car features. Your code teaches computers to recognize patterns, make predictions, and improve themselves over time.","Analytical,Creative,Curious,Persistent","data,analytical,systems,creative,independent,technical","$100k–$180k","","https://www.onetonline.org/link/summary/15-2051.00","false"
"Acoustical Engineer","Tech & Engineering","Design & Creative,Arts & Performance","You design spaces and products to control sound—making concert halls ring beautifully, offices quiet enough to focus, and headphones cancel noise perfectly. Your physics expertise shapes how music, voices, and silence are experienced.","Creative,Analytical,Detail-oriented,Technical","creative,analytical,systems,visual,technical,independent","$70k–$115k","Tech + Arts","https://www.onetonline.org/link/summary/17-2031.00","false"
"Wind Turbine Technician","Tech & Engineering","Environment & Sustainability","You climb hundreds of feet into wind turbines to maintain the gearboxes, generators, and blades that produce clean energy. Working in remote locations and extreme weather, you keep renewable power flowing to thousands of homes.","Brave,Physical,Independent,Technical","hands-on,physical,outdoor,independent,technical,travel","$50k–$75k","Tech + Environment","https://www.bls.gov/ooh/installation-maintenance-and-repair/wind-turbine-technicians.htm","false"
"Technical Writer","Tech & Engineering","Media & Journalism","You translate complex technical information into clear manuals, help guides, and documentation that regular people can understand. Software companies, medical device makers, and aerospace firms rely on you to explain their products.","Clear communicator,Detail-oriented,Patient,Analytical","writing,analytical,systems,independent,creative,technical","$55k–$95k","Tech + Media","https://www.bls.gov/ooh/media-and-communication/technical-writers.htm","false"
"Elevator Installer and Repairer","Tech & Engineering","","You assemble, install, and maintain elevators, escalators, and moving walkways in buildings ranging from skyscrapers to subway stations. Your technical expertise with electrical systems, hydraulics, and computer controls keeps millions of people moving safely every day.","Technical,Physical,Problem-solver,Safety-conscious","hands-on,physical,technical,systems,independent,problem-solving","$60k–$100k","","https://www.bls.gov/ooh/construction-and-extraction/elevator-installers-and-repairers.htm","false"
"Sports Data Analyst","Tech & Engineering","Sports & Fitness,Business & Finance","You crunch numbers on player performance, game strategies, and injury risks to help professional sports teams make smarter decisions. Your statistical models might determine which player gets drafted or which play gets called in the final seconds.","Analytical,Creative,Detail-oriented,Sports-minded","data,analytical,systems,creative,sports,technical","$55k–$110k","Tech + Sports","https://www.onetonline.org/link/summary/15-2041.00","false"
"Cartographer","Tech & Engineering","Design & Creative,Science & Research","You create digital and printed maps using satellite data, surveys, and geographic information systems for navigation apps, urban planners, and environmental researchers. Your visual designs help people understand and navigate the world around them.","Visual thinker,Detail-oriented,Creative,Technical","visual,creative,data,analytical,technical,independent","$55k–$90k","Tech + Design","https://www.bls.gov/ooh/architecture-and-engineering/cartographers-and-photogrammetrists.htm","false"
"Quality Assurance Tester","Tech & Engineering","","You systematically break software, video games, and apps to find bugs before customers do. Your detailed bug reports and test cases help development teams ship products that actually work the way they're supposed to.","Detail-oriented,Patient,Curious,Systematic","analytical,systems,independent,technical,problem-solving,data","$45k–$85k","","https://www.onetonline.org/link/summary/15-1253.00","false"
"Audio Engineer","Tech & Engineering","Arts & Performance,Media & Journalism","You operate the mixing boards, microphones, and recording equipment that capture and shape sound for music albums, podcasts, films, and live concerts. Your technical ear ensures every voice and instrument sounds exactly right.","Creative,Technical,Detail-oriented,Collaborative","creative,technical,hands-on,people,independent,visual","$35k–$90k","Tech + Arts","https://www.bls.gov/ooh/media-and-communication/broadcast-and-sound-engineering-technicians.htm","false"
"Blockchain Developer","Tech & Engineering","Business & Finance","You write the code that powers cryptocurrency networks, digital contracts, and secure transaction systems. Your work creates new ways for people to exchange value, verify identity, and track ownership without middlemen.","Analytical,Innovative,Independent,Technical","systems,analytical,data,technical,independent,creative","$90k–$175k","Tech + Finance","https://www.onetonline.org/link/summary/15-1252.00","false"
"Photonics Engineer","Tech & Engineering","Science & Research,Healthcare & Medicine","You design devices that use light—like fiber optic cables, laser surgery tools, and smartphone cameras. Your innovations make the internet faster, medical procedures safer, and communication across continents possible.","Innovative,Analytical,Detail-oriented,Technical","analytical,systems,technical,creative,independent,data","$80k–$130k","Tech + Science","https://www.onetonline.org/link/summary/17-2199.07","false"
"DevOps Engineer","Tech & Engineering","","You build the automated pipelines that let software teams release new features and fixes quickly without breaking anything. Your systems connect coding, testing, and deployment so apps can update seamlessly while users sleep.","Systematic,Collaborative,Problem-solver,Technical","systems,analytical,technical,fast,independent,problem-solving","$85k–$150k","","https://www.onetonline.org/link/summary/15-1244.00","false"
"Wayfinding Designer","Design & Creative","Tech & Engineering, Environment & Sustainability","You design the signs, maps, and visual systems that help people navigate airports, hospitals, and cities without getting lost. Your work combines psychology, graphic design, and architecture to create intuitive pathways through complex spaces.","Spatial-thinker,Detail-oriented,Empathetic,Analytical","visual,systems,creative,independent,analytical,problem-solving,spatial","$55k–$95k","Design + Architecture","https://www.onetonline.org/link/summary/27-1024.00","false"
"Exhibit Designer","Design & Creative","Education & Coaching, Arts & Performance","You create immersive museum exhibits, trade show displays, and interactive installations that tell stories and educate visitors. Your job blends storytelling, architecture, and hands-on building to transform empty spaces into memorable experiences.","Creative,Collaborative,Detail-oriented,Curious","visual,hands-on,creative,systems,storytelling,spatial,collaborative","$45k–$85k","Design + Education","https://www.onetonline.org/link/summary/27-1027.00","false"
"Color Specialist","Design & Creative","Fashion & Beauty, Business & Finance","You predict and select color palettes for products, fashion lines, and interiors, understanding how colors affect mood and purchasing decisions. Your expertise influences everything from car paint options to seasonal clothing collections.","Creative,Analytical,Trend-aware,Persuasive","visual,creative,analytical,trends,independent,research,aesthetic","$50k–$90k","Design + Marketing","https://www.onetonline.org/link/summary/27-1021.00","false"
"Packaging Designer","Design & Creative","Business & Finance, Environment & Sustainability","You design the boxes, bottles, and containers that protect products and catch consumers' eyes on store shelves. Your work balances brand storytelling, structural engineering, and increasingly, sustainable material choices.","Creative,Practical,Detail-oriented,Environmentally-conscious","visual,creative,hands-on,systems,problem-solving,sustainable,commercial","$48k–$82k","Design + Sustainability","https://www.onetonline.org/link/summary/27-1024.00","false"
"Theatrical Prop Designer","Design & Creative","Arts & Performance","You research, design, and build the objects actors handle on stage—from realistic food to magical artifacts that transform during performances. Your craft combines historical research, sculpting, and creative problem-solving under tight deadlines.","Resourceful,Creative,Collaborative,Detail-oriented","hands-on,creative,fast,collaborative,artistic,research,physical","$35k–$70k","","https://www.onetonline.org/link/summary/27-1027.00","false"
"Vehicle Wrap Designer","Design & Creative","Business & Finance","You create eye-catching vinyl graphics that transform cars, trucks, and buses into mobile advertisements or artistic statements. Your designs must work across complex 3D surfaces while maintaining brand impact from any angle.","Creative,Spatial-thinker,Technical,Detail-oriented","visual,creative,hands-on,commercial,technical,independent,spatial","$40k–$75k","Design + Marketing","https://www.onetonline.org/link/summary/27-1024.00","false"
"Footwear Designer","Design & Creative","Fashion & Beauty, Sports & Fitness","You sketch and develop shoe designs from concept to production, considering aesthetics, comfort, and manufacturing constraints. Your creations might end up on basketball courts, fashion runways, or everyday sidewalks.","Creative,Technical,Trend-aware,Persistent","visual,creative,hands-on,trends,physical,commercial,innovative","$55k–$110k","Design + Fashion","https://www.onetonline.org/link/summary/27-1022.00","false"
"Lighting Designer","Design & Creative","Arts & Performance, Tech & Engineering","You design lighting schemes that set the mood for concerts, theater productions, architectural spaces, and film sets. Your technical expertise with equipment combines with artistic vision to make spaces feel dramatic, cozy, or electric.","Technical,Creative,Collaborative,Adaptable","visual,creative,technical,collaborative,fast,artistic,systems","$45k–$95k","Design + Performance","https://www.onetonline.org/link/summary/27-1027.00","false"
"Toy Designer","Design & Creative","Business & Finance, Tech & Engineering","You invent and design toys and games that spark imagination in children, from plush characters to electronic gadgets. Your work involves prototyping, safety testing, and understanding child development and play patterns.","Playful,Creative,Safety-conscious,Innovative","creative,hands-on,innovative,playful,research,commercial,collaborative","$50k–$90k","Design + Child Development","https://www.onetonline.org/link/summary/27-1021.00","false"
"Tattoo Artist","Design & Creative","Arts & Performance","You create custom artwork and permanently ink designs onto clients' skin, turning their bodies into living canvases. Your work requires steady hands, artistic talent, and the ability to collaborate with clients on meaningful personal designs.","Artistic,Steady,Empathetic,Detail-oriented","creative,hands-on,artistic,people,independent,visual,physical","$30k–$80k","","https://www.onetonline.org/link/summary/27-1013.00","false"
"Environmental Graphic Designer","Design & Creative","Tech & Engineering, Business & Finance","You design the visual elements that become part of physical spaces—wall murals, floor graphics, and branded environments in offices and retail stores. Your work transforms blank walls and empty rooms into immersive brand experiences.","Spatial-thinker,Creative,Collaborative,Strategic","visual,creative,spatial,collaborative,commercial,systems,strategic","$55k–$100k","Design + Architecture","https://www.onetonline.org/link/summary/27-1024.00","false"
"Medical Illustrator","Design & Creative","Healthcare & Medicine, Science & Research","You create detailed illustrations of human anatomy, surgical procedures, and biological processes for medical textbooks, journals, and patient education. Your artwork helps doctors communicate complex health information and trains the next generation of surgeons.","Precise,Scientific,Artistic,Patient","visual,creative,scientific,detail-oriented,independent,research,technical","$55k–$100k","Design + Medicine","https://www.onetonline.org/link/summary/27-1013.00","false"
"Title Sequence Designer","Design & Creative","Media & Journalism, Arts & Performance","You create the opening credits and title sequences for films and TV shows, setting the visual tone before the story begins. Your motion graphics work combines typography, animation, and storytelling to hook audiences in the first moments.","Creative,Cinematic,Technical,Storytelling","visual,creative,storytelling,technical,fast,artistic,cinematic","$50k–$95k","Design + Film","https://www.onetonline.org/link/summary/27-1014.00","false"
"Instrument Designer","Design & Creative","Arts & Performance, Tech & Engineering","You design and craft musical instruments, combining acoustics, materials science, and artistry to create tools that musicians love. Your work might involve innovating new electronic instruments or perfecting traditional guitar designs.","Musical,Technical,Precise,Innovative","creative,hands-on,technical,artistic,independent,craftsmanship,innovative","$40k–$85k","Design + Music","https://www.onetonline.org/link/summary/27-1021.00","false"
"Book Cover Designer","Design & Creative","Media & Journalism, Business & Finance","You design the covers that make readers pick up books in stores or click on them online, distilling entire stories into single compelling images. Your work requires understanding genre expectations while creating fresh, eye-catching designs.","Creative,Literary,Strategic,Visual","visual,creative,commercial,storytelling,independent,trends,artistic","$42k–$78k","Design + Publishing","https://www.onetonline.org/link/summary/27-1024.00","false"
"Yacht Interior Designer","Design & Creative","Hospitality & Events","You design luxurious living spaces within the tight constraints of boat hulls, balancing elegance with maritime safety requirements. Your work transforms floating vessels into stunning homes that withstand ocean conditions.","Creative,Practical,Luxury-minded,Detail-oriented","visual,creative,luxury,spatial,technical,travel,exclusive","$60k–$120k","Design + Maritime","https://www.onetonline.org/link/summary/27-1025.00","false"
"Prosthetic Designer","Design & Creative","Healthcare & Medicine, Tech & Engineering","You design artificial limbs and body parts that restore function and confidence to people who've lost them, combining engineering precision with aesthetic sensitivity. Your creations help people walk, grip, and feel whole again.","Empathetic,Technical,Creative,Patient","creative,technical,hands-on,people,innovative,medical,meaningful","$55k–$95k","Design + Healthcare","https://www.onetonline.org/link/summary/27-1021.00","false"
"Food Stylist","Design & Creative","Media & Journalism, Hospitality & Events","You arrange and prepare food to look impossibly delicious for photographs, commercials, and film scenes. Your toolkit includes tweezers, blowtorches, and unusual tricks to make dishes camera-ready for hours under hot lights.","Creative,Detail-oriented,Resourceful,Calm","visual,creative,hands-on,fast,artistic,food,commercial","$40k–$85k","Design + Culinary","https://www.onetonline.org/link/summary/27-1027.00","false"
"Typeface Designer","Design & Creative","Tech & Engineering","You create new fonts and typefaces, designing every letter, number, and symbol with perfect balance and personality. Your typography might appear on millions of screens, in books, or become the signature look of major brands.","Detail-oriented,Patient,Historical,Technical","visual,creative,technical,independent,detail-oriented,systems,artistic","$55k–$100k","","https://www.onetonline.org/link/summary/27-1024.00","false"
"Storyboard Artist","Design & Creative","Media & Journalism, Arts & Performance","You draw sequential illustrations that map out scenes before they're filmed or animated, serving as the visual blueprint for directors. Your sketches help entire production teams understand camera angles, action, and pacing before shooting begins.","Cinematic,Quick-sketching,Collaborative,Storytelling","visual,creative,fast,collaborative,storytelling,artistic,cinematic","$50k–$100k","Design + Film","https://www.onetonline.org/link/summary/27-1013.00","false"
"Actuary","Business & Finance","Science & Research","You use math and statistics to predict the financial cost of risk and uncertainty for insurance companies and businesses. Your calculations help determine everything from insurance premiums to pension plans, protecting millions of people's financial futures.","Analytical,Detail-oriented,Patient,Logical","data,analytical,systems,independent,calm,problem-solving","$77k–$153k","Finance + Math","https://www.bls.gov/ooh/math/actuaries.htm","false"
"Forensic Accountant","Business & Finance","Law & Government","You investigate financial crimes by digging through records to uncover fraud, embezzlement, and money laundering schemes. Your detective work with numbers helps law enforcement build cases and brings financial criminals to justice.","Investigative,Detail-oriented,Ethical,Persistent","analytical,data,systems,independent,writing,problem-solving","$60k–$125k","Finance + Law","https://www.onetonline.org/link/summary/13-2011.01","false"
"Credit Analyst","Business & Finance","","You evaluate whether individuals or businesses are likely to repay their loans by analyzing their financial history and current situation. Your recommendations help banks decide who gets approved for mortgages, business loans, and credit cards.","Analytical,Decisive,Detail-oriented,Objective","data,analytical,systems,independent,calm,decision-making","$50k–$100k","","https://www.bls.gov/ooh/business-and-financial/financial-analysts.htm","false"
"Compensation and Benefits Manager","Business & Finance","","You design pay structures and benefits packages that help companies attract and keep talented employees happy. Your work balances what's fair for workers with what companies can afford, impacting thousands of people's livelihoods.","Strategic,Empathetic,Analytical,Diplomatic","people,systems,leadership,analytical,data,communication","$90k–$175k","","https://www.bls.gov/ooh/management/compensation-and-benefits-managers.htm","false"
"Venture Capital Analyst","Business & Finance","Entrepreneurship,Tech & Engineering","You scout for promising startup companies and analyze whether they're worth investing millions of dollars in. Your research and instincts help decide which new businesses get funded and could become the next big thing.","Curious,Risk-tolerant,Analytical,Networker","fast,analytical,people,travel,leadership,data","$80k–$150k","Finance + Startups","https://www.onetonline.org/link/summary/13-2051.00","false"
"Logistics Analyst","Business & Finance","Tech & Engineering","You figure out the most efficient ways to move products from factories to customers, saving companies millions in shipping costs. Your optimization skills keep global supply chains running smoothly so people get what they ordered on time.","Systematic,Problem-solver,Analytical,Adaptable","systems,analytical,data,fast,problem-solving,global","$52k–$95k","Business + Tech","https://www.bls.gov/ooh/business-and-financial/logisticians.htm","false"
"Budget Analyst","Business & Finance","Law & Government","You help organizations plan how to spend their money wisely by developing budgets and monitoring spending throughout the year. Your work ensures schools, hospitals, and government agencies can fund their most important programs.","Organized,Analytical,Communicative,Practical","data,analytical,systems,writing,calm,independent","$55k–$100k","","https://www.bls.gov/ooh/business-and-financial/budget-analysts.htm","false"
"Mergers and Acquisitions Analyst","Business & Finance","","You analyze whether companies should buy, merge with, or sell parts of other businesses by valuing companies worth millions or billions. Your financial models help shape deals that transform entire industries.","Ambitious,Analytical,Detail-oriented,Resilient","fast,analytical,data,systems,high-pressure,teamwork","$85k–$175k","","https://www.onetonline.org/link/summary/13-2051.00","false"
"Sports Business Analyst","Business & Finance","Sports & Fitness","You analyze financial data for sports teams, leagues, and athletic brands to help them make smarter business decisions. Your insights influence everything from ticket pricing to player contract negotiations worth millions.","Analytical,Sports-minded,Strategic,Detail-oriented","data,analytical,sports,systems,fast,creative","$55k–$110k","Sports + Finance","https://www.onetonline.org/link/summary/13-1161.00","false"
"Real Estate Appraiser","Business & Finance","","You determine how much properties are actually worth by inspecting buildings and analyzing local market conditions. Your valuations help people make informed decisions about buying homes and help banks decide on mortgage amounts.","Observant,Independent,Analytical,Fair-minded","independent,analytical,travel,visual,data,hands-on","$40k–$85k","","https://www.bls.gov/ooh/business-and-financial/appraisers-and-assessors-of-real-estate.htm","false"
"Sustainability Accountant","Business & Finance","Environment & Sustainability","You track and report on companies' environmental impact alongside their financial performance, measuring carbon footprints and resource usage. Your work helps businesses prove they're actually meeting their green promises.","Ethical,Analytical,Detail-oriented,Forward-thinking","data,analytical,systems,writing,purpose-driven,sustainability","$60k–$110k","Finance + Environment","https://www.onetonline.org/link/summary/13-2011.00","false"
"Insurance Underwriter","Business & Finance","","You decide whether to approve insurance applications and set the prices for coverage by evaluating how risky someone or something is to insure. Your judgment calls protect insurance companies from losses while helping people get the coverage they need.","Analytical,Decisive,Detail-oriented,Objective","analytical,data,independent,systems,calm,decision-making","$55k–$100k","","https://www.bls.gov/ooh/business-and-financial/insurance-underwriters.htm","false"
"Management Analyst","Business & Finance","","You study how organizations operate and recommend ways to become more efficient and profitable. Your advice helps companies solve problems, cut costs, and compete better in their industries.","Strategic,Communicative,Analytical,Adaptable","analytical,people,systems,travel,writing,leadership","$60k–$130k","","https://www.bls.gov/ooh/business-and-financial/management-analysts.htm","false"
"Financial Examiner","Business & Finance","Law & Government","You inspect banks and financial institutions to make sure they're following laws and not taking dangerous risks with people's money. Your oversight helps prevent financial crises and protects consumers from shady practices.","Ethical,Thorough,Analytical,Authoritative","analytical,systems,data,independent,writing,regulatory","$65k–$130k","Finance + Law","https://www.bls.gov/ooh/business-and-financial/financial-examiners.htm","false"
"Purchasing Manager","Business & Finance","","You negotiate deals and decide what products and supplies companies should buy, managing relationships with vendors worldwide. Your decisions can save organizations millions of dollars while ensuring they get quality materials on time.","Negotiator,Strategic,Decisive,Relationship-builder","people,leadership,analytical,negotiation,systems,global","$70k–$145k","","https://www.bls.gov/ooh/business-and-financial/purchasing-managers-buyers-and-purchasing-agents.htm","false"
"Quantitative Analyst","Business & Finance","Tech & Engineering,Science & Research","You build complex mathematical models that predict market behavior and help traders make split-second investment decisions. Your algorithms process massive amounts of data to find patterns humans could never spot.","Mathematical,Innovative,Analytical,Precise","data,analytical,systems,independent,coding,fast","$100k–$200k","Finance + Tech","https://www.onetonline.org/link/summary/15-2051.00","false"
"Fundraising Manager","Business & Finance","Social Impact & Nonprofit","You plan campaigns and events to raise money for nonprofits, universities, and charitable causes. Your persuasion skills and relationship-building help organizations fund life-changing programs and missions.","Persuasive,Empathetic,Strategic,Energetic","people,leadership,creative,writing,purpose-driven,events","$60k–$125k","Finance + Nonprofit","https://www.bls.gov/ooh/management/administrative-services-managers.htm","false"
"Cost Estimator","Business & Finance","Tech & Engineering","You calculate how much it will cost to manufacture products or complete construction projects before work even begins. Your estimates help companies bid on contracts and decide whether projects are financially worthwhile.","Detail-oriented,Analytical,Practical,Methodical","analytical,data,systems,hands-on,visual,technical","$50k–$95k","Finance + Engineering","https://www.bls.gov/ooh/business-and-financial/cost-estimators.htm","false"
"Entertainment Business Manager","Business & Finance","Arts & Performance,Media & Journalism","You manage the money for actors, musicians, and other entertainers, handling everything from tax planning to investment strategies. Your financial guidance helps creative people protect and grow their earnings throughout unpredictable careers.","Trustworthy,Organized,Communicative,Discreet","people,analytical,creative,systems,relationship-building,entertainment","$65k–$150k","Finance + Entertainment","https://www.onetonline.org/link/summary/13-2052.00","false"
"Compliance Officer","Business & Finance","Law & Government","You make sure companies follow all the laws and regulations in their industry, from data privacy to financial reporting rules. Your vigilance protects organizations from massive fines and keeps them operating ethically.","Ethical,Detail-oriented,Communicative,Vigilant","systems,analytical,writing,people,regulatory,independent","$55k–$115k","Business + Law","https://www.bls.gov/ooh/business-and-financial/compliance-officers.htm","false"
"Genetic Counselor","Healthcare & Medicine","Science & Research, Education & Coaching","You help patients understand their genetic test results and assess their risk for inherited conditions like cancer or heart disease. You guide families through difficult decisions about their health while translating complex science into clear, compassionate conversations.","Empathetic,Analytical,Patient,Detail-oriented","people,analytical,calm,communication,data,systems,counseling","$89k–$107k","Science + Counseling","https://www.bls.gov/ooh/healthcare/genetic-counselors.htm","false"
"Orthotist and Prosthetist","Healthcare & Medicine","Tech & Engineering, Design & Creative","You design and build custom artificial limbs and supportive braces that help people walk, run, or use their hands again after injuries or illness. You combine 3D scanning technology with hands-on craftsmanship to restore mobility and independence.","Creative,Technical,Patient,Problem-solver","hands-on,creative,technical,people,visual,independent,craftsmanship","$75k–$98k","Engineering + Healthcare","https://www.bls.gov/ooh/healthcare/orthotists-and-prosthetists.htm","false"
"Perfusionist","Healthcare & Medicine","Tech & Engineering","You operate the heart-lung machine during open-heart surgery, literally keeping patients alive while surgeons work on their hearts. You monitor blood flow, oxygen levels, and temperature with precision while staying calm under life-or-death pressure.","Calm,Detail-oriented,Technical,Quick-thinking","technical,calm,fast,systems,data,hands-on,high-stakes","$95k–$150k","","https://www.onetonline.org/link/summary/29-2031.00","false"
"Music Therapist","Healthcare & Medicine","Arts & Performance, Education & Coaching","You use music to help patients recover from trauma, manage pain, or cope with conditions like autism and dementia. You might lead drumming circles in psychiatric units or help stroke survivors relearn speech through singing.","Creative,Empathetic,Patient,Adaptable","creative,people,calm,therapeutic,music,emotional,independent","$52k–$77k","Music + Therapy","https://www.onetonline.org/link/summary/29-1129.02","false"
"Dosimetrist","Healthcare & Medicine","Science & Research, Tech & Engineering","You calculate the exact radiation doses needed to destroy cancer tumors while protecting healthy tissue. You work with physicists and oncologists to create treatment plans that can mean the difference between life and death.","Analytical,Precise,Technical,Collaborative","analytical,data,systems,technical,calm,detail-focused,medical","$95k–$130k","Physics + Medicine","https://www.onetonline.org/link/summary/29-2035.00","false"
"Recreational Therapist","Healthcare & Medicine","Sports & Fitness, Social Impact & Nonprofit","You plan activities like adaptive sports, art projects, and outdoor adventures to help people recover from injuries or manage disabilities. You might teach veterans with PTSD to kayak or help nursing home residents stay mentally sharp through games.","Creative,Energetic,Empathetic,Resourceful","people,creative,physical,outdoor,therapeutic,active,planning","$42k–$62k","Sports + Therapy","https://www.bls.gov/ooh/healthcare/recreational-therapists.htm","false"
"Biomedical Equipment Technician","Healthcare & Medicine","Tech & Engineering","You repair and maintain the complex medical equipment hospitals depend on, from MRI machines to ventilators and heart monitors. When equipment fails in an ICU, you're the one who fixes it fast to keep patients safe.","Technical,Problem-solver,Calm,Detail-oriented","technical,hands-on,systems,fast,independent,problem-solving,mechanical","$52k–$78k","Tech + Healthcare","https://www.bls.gov/ooh/installation-maintenance-and-repair/medical-equipment-repairers.htm","false"
"Health Informatics Specialist","Healthcare & Medicine","Tech & Engineering, Business & Finance","You bridge the gap between healthcare and technology by managing electronic health records and analyzing patient data to improve care. You help hospitals use data to spot disease outbreaks, reduce errors, and save lives.","Analytical,Technical,Organized,Collaborative","data,systems,analytical,technical,organized,communication,digital","$62k–$115k","Tech + Healthcare","https://www.onetonline.org/link/summary/15-1211.01","false"
"Audiologist","Healthcare & Medicine","Tech & Engineering, Education & Coaching","You diagnose hearing loss and balance disorders, then fit patients with hearing aids or cochlear implants that change their lives. You might help a child hear their parent's voice for the first time or restore an elderly veteran's ability to enjoy conversations.","Patient,Technical,Empathetic,Detail-oriented","people,technical,calm,diagnostic,hands-on,communication,therapeutic","$82k–$102k","","https://www.bls.gov/ooh/healthcare/audiologists.htm","false"
"Surgical Technologist","Healthcare & Medicine","","You prepare operating rooms for surgery, sterilize equipment, and hand instruments to surgeons during procedures. You're part of the team that makes life-saving operations possible, staying focused through hours-long surgeries.","Focused,Detail-oriented,Quick,Team-oriented","hands-on,fast,detail-focused,calm,team,physical,technical","$52k–$72k","","https://www.bls.gov/ooh/healthcare/surgical-technologists.htm","false"
"Epidemiologist","Healthcare & Medicine","Science & Research, Law & Government","You investigate disease outbreaks like a medical detective, tracking how illnesses spread through populations and figuring out how to stop them. Your work shapes public health policies that protect millions of people from pandemics and health crises.","Analytical,Curious,Methodical,Big-picture thinker","analytical,data,research,systems,investigative,writing,public-health","$78k–$126k","Science + Policy","https://www.bls.gov/ooh/life-physical-and-social-science/epidemiologists.htm","false"
"Art Therapist","Healthcare & Medicine","Arts & Performance, Social Impact & Nonprofit","You help patients express emotions and process trauma through painting, drawing, and sculpting when words aren't enough. You work with everyone from children with autism to veterans with PTSD, using creativity as a path to healing.","Creative,Empathetic,Patient,Observant","creative,people,calm,visual,therapeutic,emotional,independent","$50k–$72k","Art + Therapy","https://www.onetonline.org/link/summary/29-1129.01","false"
"Radiation Therapist","Healthcare & Medicine","Tech & Engineering","You operate specialized machines that deliver targeted radiation to cancer patients, carefully positioning them and monitoring treatment. You build relationships with patients you see daily for weeks, supporting them through one of the hardest times of their lives.","Precise,Compassionate,Technical,Calm","technical,people,calm,hands-on,precise,therapeutic,routine","$82k–$107k","","https://www.bls.gov/ooh/healthcare/radiation-therapists.htm","false"
"Forensic Nurse","Healthcare & Medicine","Law & Government, Science & Research","You provide medical care to victims of violence and crime while collecting evidence that can be used in court. You might examine assault survivors, photograph injuries, or testify as an expert witness to help bring perpetrators to justice.","Compassionate,Detail-oriented,Resilient,Objective","people,investigative,detail-focused,calm,legal,documentation,high-stakes","$70k–$95k","Nursing + Law","https://www.onetonline.org/link/summary/29-1141.03","false"
"Cytotechnologist","Healthcare & Medicine","Science & Research","You examine cells under microscopes to detect cancer and other diseases before symptoms even appear. Your sharp eye catches the tiny cellular changes that lead to early diagnoses and saved lives.","Detail-oriented,Patient,Analytical,Focused","analytical,visual,independent,detail-focused,laboratory,precise,diagnostic","$60k–$85k","","https://www.onetonline.org/link/summary/29-2011.01","false"
"Anesthesiologist Assistant","Healthcare & Medicine","","You work alongside anesthesiologists to put patients safely to sleep before surgery and monitor them throughout procedures. You adjust medication levels, manage airways, and respond to emergencies in the operating room.","Calm,Quick-thinking,Technical,Attentive","technical,fast,calm,hands-on,high-stakes,team,monitoring","$120k–$175k","","https://www.onetonline.org/link/summary/29-1071.01","false"
"Occupational Health and Safety Specialist","Healthcare & Medicine","Business & Finance, Law & Government","You inspect workplaces to identify hazards and create safety programs that prevent injuries and illnesses. You might investigate accidents at construction sites, test air quality in factories, or train employees on proper safety procedures.","Analytical,Thorough,Communicative,Assertive","analytical,investigative,systems,communication,outdoor,travel,regulatory","$62k–$98k","Safety + Policy","https://www.bls.gov/ooh/healthcare/occupational-health-and-safety-specialists.htm","false"
"Ophthalmic Medical Technician","Healthcare & Medicine","Tech & Engineering","You perform eye exams and diagnostic tests, helping ophthalmologists detect conditions from glaucoma to diabetic eye disease. You operate high-tech imaging equipment and work directly with patients to protect their vision.","Technical,Patient,Detail-oriented,Personable","technical,people,hands-on,diagnostic,visual,routine,precise","$38k–$58k","","https://www.onetonline.org/link/summary/29-2057.00","false"
"Clinical Ethicist","Healthcare & Medicine","Law & Government, Education & Coaching","You help doctors, patients, and families navigate impossible medical decisions like end-of-life care and experimental treatments. You facilitate conversations about values and rights when there's no clear medical answer.","Thoughtful,Empathetic,Analytical,Diplomatic","people,analytical,calm,communication,ethical,counseling,advisory","$75k–$120k","Ethics + Medicine","https://www.onetonline.org/link/summary/21-1099.00","false"
"Polysomnographic Technologist","Healthcare & Medicine","Tech & Engineering, Science & Research","You monitor patients overnight in sleep labs, attaching sensors and analyzing brain waves to diagnose sleep disorders. Your work helps people with sleep apnea, insomnia, and narcolepsy finally get the rest they desperately need.","Patient,Technical,Observant,Night-owl","technical,independent,calm,monitoring,data,diagnostic,nocturnal","$52k–$75k","","https://www.onetonline.org/link/summary/29-2035.00","false"
"Curriculum Designer","Education & Coaching","Design & Creative, Tech & Engineering","You create the actual lessons, activities, and materials that teachers use in classrooms or online courses. You blend learning science with creative design to make complex topics engaging and accessible for different age groups.","Creative,Analytical,Detail-oriented,Empathetic","creative,systems,writing,people,independent,visual","$60k–$95k","Education + Design","https://www.onetonline.org/link/summary/25-9031.00","false"
"Athletic Academic Advisor","Education & Coaching","Sports & Fitness","You help student-athletes balance their sport with academics, ensuring they meet eligibility requirements and stay on track to graduate. You create study schedules around practice times and advocate for accommodations during competition seasons.","Organized,Empathetic,Patient,Problem-solver","people,systems,leadership,calm,independent","$45k–$70k","Sports + Education","https://www.onetonline.org/link/summary/21-1012.00","false"
"Museum Educator","Education & Coaching","Arts & Performance, Science & Research","You design and lead tours, workshops, and interactive programs that bring museum exhibits to life for school groups and families. You transform artifacts and artworks into hands-on learning experiences that spark curiosity.","Creative,Enthusiastic,Adaptable,Knowledgeable","people,creative,visual,hands-on,leadership","$38k–$58k","Arts + Education","https://www.onetonline.org/link/summary/25-3021.00","false"
"Instructional Coordinator","Education & Coaching","Business & Finance","You work behind the scenes evaluating how well schools and teachers are meeting learning goals, then recommend improvements. You analyze test data, observe classrooms, and train teachers on new methods and standards.","Analytical,Diplomatic,Strategic,Detail-oriented","systems,data,leadership,people,analytical","$55k–$100k","","https://www.bls.gov/ooh/education-training-and-library/instructional-coordinators.htm","false"
"Corporate Trainer","Education & Coaching","Business & Finance","You teach employees new skills, software, or company procedures through workshops, e-learning modules, and hands-on sessions. You assess what teams need to learn and design engaging training programs that stick.","Engaging,Organized,Patient,Adaptable","people,leadership,creative,systems,fast","$50k–$85k","Business + Education","https://www.bls.gov/ooh/business-and-financial/training-and-development-specialists.htm","false"
"Learning Experience Designer","Education & Coaching","Tech & Engineering, Design & Creative","You use technology and design thinking to build digital learning experiences like apps, simulations, and interactive courses. You combine user research with educational psychology to create tools that make learning feel natural.","Creative,Technical,Curious,User-focused","creative,systems,visual,data,independent,tech","$65k–$110k","Tech + Education","https://www.onetonline.org/link/summary/25-9031.00","false"
"School Counselor","Education & Coaching","Social Impact & Nonprofit","You guide students through academic planning, social challenges, and career exploration while identifying those who need additional mental health support. You're often the trusted adult students turn to during difficult times.","Empathetic,Patient,Trustworthy,Resourceful","people,calm,independent,leadership","$50k–$80k","","https://www.bls.gov/ooh/community-and-social-service/school-and-career-counselors.htm","false"
"Educational Diagnostician","Education & Coaching","Healthcare & Medicine, Science & Research","You evaluate students for learning disabilities and developmental delays using specialized tests and observations. Your assessments determine what support services students qualify for and how teachers should adapt instruction.","Analytical,Patient,Detail-oriented,Compassionate","analytical,data,people,calm,systems","$55k–$85k","Education + Healthcare","https://www.onetonline.org/link/summary/19-3031.02","false"
"Outdoor Education Instructor","Education & Coaching","Environment & Sustainability, Sports & Fitness","You teach students wilderness skills, environmental science, and teamwork through camping trips, ropes courses, and nature expeditions. You help young people build confidence and leadership while connecting with the outdoors.","Adventurous,Patient,Safety-conscious,Energetic","outdoor,physical,people,hands-on,leadership","$32k–$52k","Environment + Education","https://www.onetonline.org/link/summary/25-3021.00","false"
"Educational Technology Specialist","Education & Coaching","Tech & Engineering","You help schools select and implement technology tools, from learning management systems to tablets in classrooms. You train teachers to use new tech effectively and troubleshoot when things go wrong.","Technical,Patient,Problem-solver,Adaptable","tech,systems,people,analytical,hands-on","$50k–$80k","Tech + Education","https://www.onetonline.org/link/summary/25-9031.00","false"
"Sign Language Interpreter","Education & Coaching","Social Impact & Nonprofit","You translate spoken language into American Sign Language for deaf and hard-of-hearing students in classrooms, meetings, and events. You ensure students have equal access to education by bridging communication gaps in real-time.","Quick-thinking,Focused,Culturally-aware,Precise","people,fast,visual,hands-on,independent","$45k–$75k","","https://www.bls.gov/ooh/media-and-communication/interpreters-and-translators.htm","false"
"Career Coach","Education & Coaching","Business & Finance, Social Impact & Nonprofit","You help people identify their strengths, explore career options, and develop job search strategies through one-on-one coaching sessions. You guide clients through resume writing, interview prep, and major career transitions.","Encouraging,Strategic,Empathetic,Insightful","people,independent,leadership,calm,analytical","$45k–$85k","","https://www.bls.gov/ooh/community-and-social-service/school-and-career-counselors.htm","false"
"Early Intervention Specialist","Education & Coaching","Healthcare & Medicine, Social Impact & Nonprofit","You work with infants and toddlers who have developmental delays, providing therapy and teaching parents strategies to support their child's growth. You visit families at home to make early learning accessible and comfortable.","Gentle,Patient,Observant,Encouraging","people,calm,hands-on,independent,travel","$40k–$60k","Healthcare + Education","https://www.onetonline.org/link/summary/25-2051.00","false"
"E-Learning Developer","Education & Coaching","Tech & Engineering, Design & Creative","You build online courses using software tools to create videos, quizzes, animations, and interactive modules. You work closely with subject experts to turn their knowledge into engaging digital content anyone can access.","Technical,Creative,Detail-oriented,Self-motivated","creative,tech,visual,systems,independent","$55k–$90k","Tech + Design","https://www.onetonline.org/link/summary/25-9031.00","false"
"Literacy Coach","Education & Coaching","","You work alongside teachers to improve how reading and writing are taught in schools, modeling lessons and analyzing student work together. You're a behind-the-scenes expert who helps entire schools raise literacy levels.","Collaborative,Knowledgeable,Patient,Analytical","people,systems,writing,analytical,leadership","$50k–$75k","","https://www.onetonline.org/link/summary/25-9031.00","false"
"College Admissions Counselor","Education & Coaching","Business & Finance","You review applications and recruit students for a college, traveling to high schools and college fairs to represent your institution. You help shape each incoming class by evaluating essays, grades, and extracurriculars.","Personable,Organized,Fair-minded,Detail-oriented","people,travel,analytical,systems,leadership","$42k–$65k","","https://www.onetonline.org/link/summary/21-1012.00","false"
"Speech-Language Pathologist","Education & Coaching","Healthcare & Medicine","You help students overcome speech disorders, language delays, and communication challenges through targeted therapy sessions. You work in schools to ensure kids can express themselves and participate fully in class.","Patient,Observant,Encouraging,Analytical","people,calm,analytical,hands-on,independent","$65k–$100k","Healthcare + Education","https://www.bls.gov/ooh/healthcare/speech-language-pathologists.htm","false"
"Study Abroad Coordinator","Education & Coaching","Hospitality & Events","You help students plan international study experiences, handling applications, visas, housing, and cultural preparation. You troubleshoot emergencies abroad and ensure students gain transformative global experiences safely.","Organized,Culturally-aware,Problem-solver,Supportive","travel,people,systems,fast,leadership","$45k–$68k","Education + Travel","https://www.onetonline.org/link/summary/11-9033.00","false"
"Behavior Analyst","Education & Coaching","Healthcare & Medicine, Science & Research","You use scientific methods to understand why students behave certain ways and design interventions to help them succeed. You work closely with teachers and families to implement positive behavior support plans.","Analytical,Patient,Systematic,Observant","analytical,data,people,systems,calm","$58k–$95k","Science + Education","https://www.onetonline.org/link/summary/19-3039.01","false"
"Academic Librarian","Education & Coaching","Science & Research, Tech & Engineering","You help college students and professors find research sources, navigate databases, and evaluate information quality. You curate collections, teach research skills workshops, and preserve knowledge in physical and digital formats.","Curious,Organized,Helpful,Tech-savvy","systems,analytical,people,independent,data","$50k–$85k","Research + Education","https://www.bls.gov/ooh/education-training-and-library/librarians.htm","false"
"Podcast Producer","Media & Journalism","Tech & Engineering, Arts & Performance","You shape audio stories from concept to final episode, coordinating guests, editing sound, and crafting compelling narratives that reach thousands of listeners. Your work transforms raw conversations into polished content that entertains, educates, and builds loyal audiences.","Creative,Detail-oriented,Organized,Collaborative","creative,audio,storytelling,independent,systems,fast,people","$45k–$85k","Audio + Tech","https://www.onetonline.org/link/summary/27-4012.00","false"
"Fact-Checker","Media & Journalism","Science & Research","You verify the accuracy of claims in news articles, books, and media content by researching sources and cross-referencing data. Your meticulous work prevents misinformation from reaching the public and maintains trust in journalism.","Analytical,Detail-oriented,Skeptical,Persistent","research,analytical,writing,independent,data,systems,calm","$40k–$65k","Research + Media","https://www.onetonline.org/link/summary/27-3043.00","false"
"Broadcast News Analyst","Media & Journalism","Law & Government","You analyze current events and explain complex news stories to television and radio audiences in ways they can understand. Your expertise helps viewers make sense of politics, economics, and social issues shaping their world.","Articulate,Analytical,Composed,Knowledgeable","people,fast,analytical,leadership,visual,writing,speaking","$55k–$120k","","https://www.bls.gov/ooh/media-and-communication/news-analysts-reporters-and-journalists.htm","false"
"Social Media Manager","Media & Journalism","Business & Finance, Design & Creative","You craft and schedule posts, respond to followers, and analyze engagement metrics to grow an organization's online presence. Your strategies turn casual scrollers into engaged community members and loyal customers.","Creative,Adaptable,Strategic,Communicative","creative,data,fast,writing,visual,people,systems","$45k–$80k","Marketing + Creative","https://www.onetonline.org/link/summary/27-3031.00","false"
"Documentary Filmmaker","Media & Journalism","Arts & Performance, Social Impact & Nonprofit","You research, film, and edit non-fiction stories that illuminate real-world issues, cultures, and untold histories. Your films can shift public opinion, spark social movements, and preserve important stories for future generations.","Creative,Curious,Patient,Empathetic","creative,visual,storytelling,travel,independent,people,outdoor","$50k–$95k","Film + Social Impact","https://www.bls.gov/ooh/media-and-communication/film-and-video-editors-and-camera-operators.htm","false"
"Audio Description Writer","Media & Journalism","Social Impact & Nonprofit, Arts & Performance","You write narrated descriptions of visual elements in films, TV shows, and theater so blind and visually impaired audiences can fully experience the content. Your words paint vivid mental pictures that make entertainment accessible to everyone.","Empathetic,Observant,Creative,Precise","writing,creative,independent,calm,people,visual,accessibility","$40k–$70k","Accessibility + Media","https://www.onetonline.org/link/summary/27-3043.00","false"
"Closed Captioning Editor","Media & Journalism","Tech & Engineering, Social Impact & Nonprofit","You create accurate captions for live broadcasts, recorded shows, and online videos, ensuring deaf and hard-of-hearing viewers can follow along. Your fast typing and attention to detail make content accessible in real-time.","Detail-oriented,Fast,Focused,Accurate","writing,fast,systems,independent,calm,data,accessibility","$35k–$55k","Accessibility + Tech","https://www.onetonline.org/link/summary/27-3092.00","false"
"Investigative Reporter","Media & Journalism","Law & Government, Social Impact & Nonprofit","You spend months digging into corruption, injustice, and hidden truths by analyzing documents, interviewing sources, and following leads others miss. Your exposés have the power to change laws, topple corrupt officials, and protect the public.","Persistent,Analytical,Courageous,Ethical","research,analytical,writing,independent,people,data,investigative","$45k–$90k","Justice + Media","https://www.bls.gov/ooh/media-and-communication/news-analysts-reporters-and-journalists.htm","false"
"Media Archivist","Media & Journalism","Tech & Engineering, Science & Research","You catalog, preserve, and digitize historical footage, audio recordings, and photographs so they remain accessible for future generations. Your work ensures that important cultural moments aren't lost to deteriorating tapes or forgotten storage rooms.","Organized,Patient,Detail-oriented,Tech-savvy","systems,data,calm,independent,research,visual,preservation","$42k–$72k","History + Tech","https://www.bls.gov/ooh/education-training-and-library/archivists.htm","false"
"News Graphics Designer","Media & Journalism","Design & Creative, Tech & Engineering","You create charts, maps, animations, and visual explainers that help news audiences understand complex data and breaking stories. Your graphics transform dense statistics into compelling visuals that make information click instantly.","Creative,Analytical,Fast,Visual","visual,creative,data,fast,systems,analytical,design","$50k–$85k","Data + Design","https://www.onetonline.org/link/summary/27-1024.00","false"
"Sports Information Director","Media & Journalism","Sports & Fitness, Business & Finance","You manage media relations for college or professional sports teams, writing press releases, compiling statistics, and coordinating interviews between athletes and journalists. Your work shapes how teams are portrayed in the media and builds their public image.","Organized,Communicative,Statistical,Diplomatic","people,writing,data,fast,leadership,sports,systems","$40k–$75k","Sports + Media","https://www.onetonline.org/link/summary/27-3031.00","false"
"Audience Development Analyst","Media & Journalism","Business & Finance, Tech & Engineering","You study reader behavior, subscription data, and engagement metrics to help news organizations grow their audiences strategically. Your insights determine which stories get promoted, when newsletters go out, and how to convert casual readers into subscribers.","Analytical,Strategic,Data-driven,Curious","data,analytical,systems,research,independent,business,strategy","$55k–$95k","Data + Media","https://www.onetonline.org/link/summary/15-2051.00","false"
"Newsroom Developer","Media & Journalism","Tech & Engineering","You build interactive tools, data visualizations, and custom web features that enhance how journalists tell stories online. Your code powers election trackers, investigative databases, and immersive digital experiences that millions of readers use.","Technical,Creative,Problem-solver,Collaborative","data,systems,creative,visual,independent,analytical,coding","$65k–$120k","Tech + Journalism","https://www.bls.gov/ooh/computer-and-information-technology/web-developers.htm","false"
"Foreign Correspondent","Media & Journalism","Law & Government","You live abroad and report on international events, from political upheavals to cultural shifts, bringing distant stories to audiences back home. Your dispatches help people understand how global events affect their daily lives.","Adventurous,Adaptable,Courageous,Culturally-aware","travel,writing,people,independent,fast,outdoor,global","$50k–$110k","","https://www.bls.gov/ooh/media-and-communication/news-analysts-reporters-and-journalists.htm","false"
"Broadcast Meteorologist","Media & Journalism","Science & Research","You analyze weather data and present forecasts on television, radio, or online platforms, helping communities prepare for storms, heat waves, and daily conditions. Your clear explanations during severe weather can literally save lives.","Articulate,Scientific,Calm,Engaging","data,people,visual,science,fast,speaking,analytical","$50k–$100k","Science + Broadcasting","https://www.bls.gov/ooh/life-physical-and-social-science/atmospheric-scientists-including-meteorologists.htm","false"
"Transcriptionist","Media & Journalism","Law & Government","You convert audio and video recordings into accurate written text for news organizations, podcasts, courts, and researchers. Your transcripts become the searchable, quotable records that journalists and historians rely on.","Detail-oriented,Fast,Patient,Accurate","writing,independent,calm,systems,fast,listening,data","$30k–$50k","","https://www.onetonline.org/link/summary/27-3092.00","false"
"Media Researcher","Media & Journalism","Science & Research, Business & Finance","You gather background information, verify facts, and compile data that producers and journalists need to create accurate content. Your research forms the foundation of news segments, documentaries, and in-depth features.","Curious,Thorough,Analytical,Resourceful","research,data,analytical,independent,systems,writing,calm","$40k–$70k","Research + Media","https://www.onetonline.org/link/summary/27-3043.00","false"
"News Photographer","Media & Journalism","Design & Creative","You capture powerful images of breaking news, community events, and human interest stories that accompany print and digital articles. Your photographs often tell the story more powerfully than words ever could.","Observant,Quick-thinking,Creative,Persistent","visual,creative,fast,outdoor,travel,people,independent","$35k–$70k","","https://www.bls.gov/ooh/media-and-communication/photographers.htm","false"
"Multimedia Journalist","Media & Journalism","Tech & Engineering, Design & Creative","You report, shoot video, take photos, and edit your own stories for digital platforms, functioning as a one-person news team. Your versatility allows you to deliver compelling stories across multiple formats from anywhere in the world.","Versatile,Self-sufficient,Creative,Energetic","creative,visual,writing,fast,independent,travel,hands-on","$40k–$75k","","https://www.bls.gov/ooh/media-and-communication/news-analysts-reporters-and-journalists.htm","false"
"Copy Editor","Media & Journalism","","You review articles for grammar, style, accuracy, and clarity before they're published, serving as the last line of defense against errors. Your sharp eye and language expertise ensure that publications maintain credibility and professionalism.","Detail-oriented,Patient,Knowledgeable,Precise","writing,analytical,calm,independent,systems,detail,language","$40k–$70k","","https://www.bls.gov/ooh/media-and-communication/editors.htm","false"
"Legislative Analyst","Law & Government","Business & Finance, Science & Research","You research and analyze proposed laws, writing detailed reports that help legislators understand the potential impact of bills before they vote. Your work shapes policies affecting millions of people, from education funding to environmental regulations.","Analytical,Detail-oriented,Objective,Research-focused","writing,analytical,data,systems,independent,research","$55k–$95k","Policy + Research","https://www.onetonline.org/link/summary/13-1111.00","false"
"Immigration Services Officer","Law & Government","Social Impact & Nonprofit","You interview visa and citizenship applicants, reviewing their documents and backgrounds to make life-changing decisions about who can live and work in the country. Each case involves understanding complex personal stories while applying immigration law fairly.","Empathetic,Detail-oriented,Fair-minded,Culturally-aware","people,analytical,systems,calm,independent,data","$50k–$85k","","https://www.onetonline.org/link/summary/13-1199.01","false"
"Court Reporter","Law & Government","Media & Journalism","You use specialized stenography machines to capture every word spoken in courtrooms, depositions, and legal proceedings at speeds over 200 words per minute. Your transcripts become the official legal record that can determine the outcome of appeals and legal disputes.","Detail-oriented,Focused,Accurate,Patient","writing,fast,calm,independent,systems,technical","$45k–$95k","","https://www.bls.gov/ooh/legal/court-reporters.htm","false"
"Forensic Document Examiner","Law & Government","Science & Research","You analyze handwriting, signatures, and printed documents to detect forgeries and fraud, using microscopes and chemical analysis to uncover alterations. Your expert testimony in court can prove whether a will was forged or a confession was authentic.","Analytical,Meticulous,Objective,Scientific","analytical,data,independent,visual,hands-on,research","$50k–$90k","Science + Law","https://www.onetonline.org/link/summary/19-4092.00","false"
"Urban Planner","Law & Government","Environment & Sustainability, Design & Creative","You design how cities grow by deciding where parks, housing, roads, and businesses should be located to create livable communities. Your plans balance competing needs—affordable housing, green space, traffic flow—to shape neighborhoods for decades to come.","Visionary,Collaborative,Analytical,Creative","creative,analytical,people,systems,visual,leadership","$55k–$95k","Design + Government","https://www.bls.gov/ooh/life-physical-and-social-science/urban-and-regional-planners.htm","false"
"Customs and Border Protection Officer","Law & Government","","You inspect cargo, vehicles, and travelers entering the country at airports and borders, using x-ray machines and databases to stop smuggling and protect national security. Each day brings different situations—intercepting illegal goods, questioning suspicious travelers, or processing legitimate shipments.","Alert,Decisive,Observant,Authoritative","fast,physical,people,systems,analytical,travel","$55k–$105k","","https://www.onetonline.org/link/summary/33-3051.04","false"
"Victim Advocate","Law & Government","Social Impact & Nonprofit, Healthcare & Medicine","You guide crime victims through the overwhelming legal process, explaining court procedures, helping them access resources, and accompanying them to difficult hearings. Your support helps survivors navigate trauma while ensuring their voices are heard in the justice system.","Empathetic,Patient,Supportive,Resilient","people,calm,independent,systems,writing,advocacy","$38k–$60k","Social Work + Law","https://www.onetonline.org/link/summary/21-1099.00","false"
"Patent Examiner","Law & Government","Tech & Engineering, Science & Research","You review invention applications to determine if they're truly new and deserve patent protection, researching existing technologies and scientific literature. Your decisions determine whether inventors can protect their ideas and whether new technologies can enter the market.","Analytical,Technical,Thorough,Objective","analytical,data,independent,research,systems,writing","$70k–$140k","Tech + Law","https://www.onetonline.org/link/summary/23-2099.00","false"
"Emergency Management Director","Law & Government","Healthcare & Medicine","You coordinate community responses to disasters like hurricanes, wildfires, and pandemics, creating emergency plans and leading teams during crises. When disaster strikes, you're in the command center directing evacuations, resource distribution, and recovery efforts.","Decisive,Calm,Strategic,Leadership-oriented","leadership,fast,people,systems,calm,analytical","$65k–$130k","","https://www.bls.gov/ooh/management/emergency-management-directors.htm","false"
"Mediator","Law & Government","Business & Finance, Social Impact & Nonprofit","You help people in conflict—divorcing couples, feuding neighbors, disputing businesses—find solutions without going to court, facilitating conversations and proposing compromises. Your neutrality and communication skills transform bitter disputes into workable agreements.","Empathetic,Neutral,Patient,Persuasive","people,calm,analytical,independent,writing,systems","$50k–$85k","","https://www.bls.gov/ooh/legal/arbitrators-mediators-and-conciliators.htm","false"
"Intelligence Analyst","Law & Government","Tech & Engineering, Science & Research","You piece together information from multiple sources—satellite imagery, intercepted communications, foreign news—to identify threats and brief decision-makers on national security issues. Your analysis helps prevent attacks and guides foreign policy decisions.","Analytical,Discreet,Detail-oriented,Critical-thinking","analytical,data,independent,research,writing,systems","$60k–$110k","Security + Data","https://www.onetonline.org/link/summary/33-3021.06","false"
"Probation Officer","Law & Government","Social Impact & Nonprofit","You supervise people released from jail, checking in regularly, connecting them with job training and counseling, and enforcing court conditions. Your work balances public safety with helping people rebuild their lives and avoid returning to prison.","Firm,Empathetic,Organized,Perceptive","people,systems,independent,analytical,writing,calm","$45k–$75k","","https://www.bls.gov/ooh/community-and-social-service/probation-officers-and-correctional-treatment-specialists.htm","false"
"Environmental Compliance Inspector","Law & Government","Environment & Sustainability, Science & Research","You visit factories, construction sites, and facilities to check if they're following pollution laws, collecting water and air samples and reviewing environmental reports. Your inspections protect communities from contaminated water, toxic air, and illegal dumping.","Observant,Technical,Ethical,Thorough","outdoor,analytical,independent,systems,hands-on,data","$50k–$85k","Environment + Law","https://www.bls.gov/ooh/protective-service/occupational-health-and-safety-specialists.htm","false"
"Title Examiner","Law & Government","Business & Finance","You research property records going back decades to verify legal ownership before homes are sold, hunting through courthouse documents for liens, disputes, or claims. Your detective work in dusty records ensures buyers actually own what they're paying for.","Detail-oriented,Patient,Methodical,Analytical","analytical,data,independent,research,systems,writing","$40k–$70k","Real Estate + Law","https://www.onetonline.org/link/summary/23-2093.00","false"
"Diplomatic Courier","Law & Government","","You transport classified documents and sensitive materials between embassies and government offices worldwide, protecting national secrets during international travel. Your job takes you across borders with diplomatic immunity, responsible for items too sensitive to trust to any other method.","Trustworthy,Alert,Discreet,Adaptable","travel,independent,physical,fast,calm,systems","$45k–$80k","","https://www.onetonline.org/link/summary/43-5021.00","false"
"Compliance Officer","Law & Government","Business & Finance","You ensure organizations follow complex government regulations, developing policies, training employees, and investigating potential violations before regulators do. Your expertise prevents companies from facing massive fines, lawsuits, or criminal charges.","Ethical,Analytical,Thorough,Diplomatic","analytical,systems,writing,people,data,independent","$55k–$110k","Business + Law","https://www.bls.gov/ooh/business-and-financial/compliance-officers.htm","false"
"Forensic Accountant","Law & Government","Business & Finance","You investigate financial crimes by tracing money through complex transactions, uncovering embezzlement, fraud, and hidden assets that criminals try to disguise. Your spreadsheet detective work produces evidence used to prosecute white-collar criminals and recover stolen funds.","Analytical,Persistent,Detail-oriented,Investigative","analytical,data,independent,research,systems,writing","$65k–$125k","Finance + Law","https://www.onetonline.org/link/summary/13-2011.01","false"
"Paralegal","Law & Government","Business & Finance","You research legal precedents, draft documents, and organize case files so lawyers can focus on courtroom strategy and client meetings. Your behind-the-scenes work—interviewing witnesses, preparing exhibits, filing motions—keeps the entire legal process moving.","Organized,Detail-oriented,Analytical,Reliable","writing,analytical,systems,data,independent,research","$45k–$75k","","https://www.bls.gov/ooh/legal/paralegals-and-legal-assistants.htm","false"
"Equal Opportunity Representative","Law & Government","Social Impact & Nonprofit, Business & Finance","You investigate workplace discrimination complaints, interviewing witnesses, reviewing policies, and determining if employers violated civil rights laws. Your findings can result in compensation for victims and force organizations to change discriminatory practices.","Fair-minded,Investigative,Empathetic,Analytical","people,analytical,writing,systems,independent,advocacy","$50k–$90k","Civil Rights + Law","https://www.onetonline.org/link/summary/13-1041.00","false"
"Hearing Officer","Law & Government","Social Impact & Nonprofit","You preside over administrative hearings for disputes involving government benefits, professional licenses, or regulatory violations, acting as both judge and decision-maker. Your rulings determine whether people keep their benefits, licenses, or face penalties—without the formality of a courtroom.","Fair-minded,Analytical,Patient,Decisive","analytical,calm,writing,people,systems,independent","$55k–$100k","","https://www.onetonline.org/link/summary/23-1021.00","false"
"Paleoecologist","Science & Research","Environment & Sustainability","You study ancient ecosystems by analyzing fossils, pollen, and sediment cores to understand how environments changed over millions of years. Your discoveries help scientists predict how current ecosystems might respond to climate change.","Analytical,Patient,Detail-oriented,Curious","data,outdoor,independent,analytical,systems,hands-on","$55k–$95k","","https://www.onetonline.org/link/summary/19-2042.00","false"
"Cryogenic Technician","Science & Research","Tech & Engineering,Healthcare & Medicine","You operate and maintain equipment that reaches temperatures colder than outer space to preserve biological samples, power MRI machines, or support physics experiments. Your precision keeps critical research running and medical technologies functioning.","Technical,Precise,Calm,Safety-conscious","hands-on,systems,data,independent,calm,technical","$45k–$75k","Science + Healthcare","https://www.onetonline.org/link/summary/19-4031.00","false"
"Forensic Anthropologist","Science & Research","Law & Government","You analyze human skeletal remains to help solve crimes, identify disaster victims, or understand historical populations. Your expertise in bone structure and trauma patterns provides crucial evidence for criminal investigations and brings closure to families.","Analytical,Detail-oriented,Objective,Resilient","analytical,data,independent,hands-on,systems,writing","$50k–$85k","Science + Law","https://www.onetonline.org/link/summary/19-3091.01","false"
"Bioacoustician","Science & Research","Environment & Sustainability,Tech & Engineering","You record and analyze animal sounds to study wildlife behavior, track endangered species, and monitor ecosystem health. Your underwater microphones might capture whale songs while your forest sensors detect bird populations declining before anyone sees it.","Creative,Analytical,Patient,Observant","data,outdoor,analytical,creative,independent,systems","$52k–$90k","Science + Tech","https://www.onetonline.org/link/summary/19-1023.00","false"
"Mass Spectrometry Specialist","Science & Research","Healthcare & Medicine","You operate sophisticated instruments that identify molecules by their mass, detecting everything from drugs in blood samples to pollutants in water at parts-per-trillion levels. Your analyses support medical diagnoses, criminal investigations, and environmental protection.","Technical,Precise,Analytical,Methodical","data,analytical,systems,independent,technical,calm","$50k–$85k","","https://www.onetonline.org/link/summary/19-4031.00","false"
"Ethnobotanist","Science & Research","Healthcare & Medicine,Social Impact & Nonprofit","You study how indigenous cultures use plants for medicine, food, and rituals, often leading to discoveries of new pharmaceutical compounds. Your work bridges traditional knowledge and modern science while helping preserve endangered cultural practices.","Curious,Respectful,Adventurous,Observant","outdoor,people,travel,writing,analytical,independent","$48k–$82k","Science + Culture","https://www.onetonline.org/link/summary/19-1013.00","false"
"Planetary Geologist","Science & Research","Tech & Engineering","You study the rocks, surfaces, and geological processes of other planets and moons using satellite imagery and rover data. Your analysis of Martian soil or Europa's ice helps determine where life might exist beyond Earth.","Analytical,Imaginative,Patient,Detail-oriented","data,analytical,visual,systems,independent,writing","$65k–$120k","Science + Space","https://www.onetonline.org/link/summary/19-2042.00","false"
"Computational Biologist","Science & Research","Tech & Engineering,Healthcare & Medicine","You write code and build algorithms to analyze massive biological datasets, finding patterns in DNA sequences or predicting how proteins fold. Your computer models accelerate drug discovery and help unlock the secrets hidden in genetic code.","Analytical,Logical,Creative,Persistent","data,analytical,systems,independent,technical,creative","$70k–$130k","Science + Tech","https://www.onetonline.org/link/summary/19-1029.01","false"
"Science Illustrator","Science & Research","Design & Creative,Education & Coaching","You create detailed drawings, diagrams, and digital renderings that explain complex scientific concepts, from cell structures to surgical procedures. Your artwork appears in textbooks, medical journals, and museum exhibits, making science visible and understandable.","Creative,Detail-oriented,Patient,Curious","visual,creative,independent,hands-on,analytical,artistic","$45k–$75k","Science + Art","https://www.bls.gov/ooh/arts-and-design/craft-and-fine-artists.htm","false"
"Volcanologist","Science & Research","Environment & Sustainability,Law & Government","You monitor active volcanoes using seismographs, gas sensors, and satellite imagery to predict eruptions and protect nearby communities. Your fieldwork on crater rims and analysis of lava samples helps us understand Earth's most powerful geological forces.","Adventurous,Analytical,Brave,Observant","outdoor,travel,data,analytical,physical,independent","$60k–$105k","","https://www.bls.gov/ooh/life-physical-and-social-science/geoscientists.htm","false"
"Research Data Curator","Science & Research","Tech & Engineering","You organize, preserve, and make scientific datasets accessible so other researchers can verify findings and build on discoveries. Your metadata standards and archiving systems ensure that valuable research data remains usable for decades.","Organized,Detail-oriented,Systematic,Collaborative","data,systems,analytical,independent,writing,technical","$50k–$85k","","https://www.onetonline.org/link/summary/15-1299.02","false"
"Neuroscience Lab Manager","Science & Research","Healthcare & Medicine,Business & Finance","You oversee daily operations of a brain research laboratory, managing equipment, training researchers, and ensuring experiments run smoothly. Your organizational skills keep million-dollar equipment maintained and complex research projects on track.","Organized,Leadership,Technical,Communicative","leadership,systems,people,data,technical,calm","$55k–$95k","Science + Management","https://www.onetonline.org/link/summary/11-9121.00","false"
"Astrochemist","Science & Research","Tech & Engineering","You study the chemical makeup of stars, planets, and interstellar space using telescope data and laboratory simulations. Your research on space molecules helps explain how organic compounds—the building blocks of life—form throughout the universe.","Analytical,Curious,Imaginative,Precise","data,analytical,independent,systems,technical,writing","$65k–$115k","Chemistry + Space","https://www.onetonline.org/link/summary/19-2031.00","false"
"Biomechanist","Science & Research","Sports & Fitness,Healthcare & Medicine","You analyze how bodies move using motion-capture technology and force sensors to improve athletic performance or design better prosthetics. Your data helps Olympic athletes shave milliseconds off their times and patients walk naturally again.","Analytical,Technical,Observant,Problem-solver","data,analytical,physical,visual,systems,people","$55k–$95k","Science + Sports","https://www.onetonline.org/link/summary/19-1099.00","false"
"Histotechnologist","Science & Research","Healthcare & Medicine","You prepare ultra-thin slices of tissue samples and stain them with special dyes so pathologists can diagnose diseases under a microscope. Your precise knife work and chemical expertise make cancer cells visible and treatable conditions identifiable.","Precise,Patient,Detail-oriented,Steady","hands-on,analytical,independent,calm,technical,visual","$45k–$75k","","https://www.bls.gov/ooh/healthcare/clinical-laboratory-technologists-and-technicians.htm","false"
"Conservation Geneticist","Science & Research","Environment & Sustainability","You analyze DNA from endangered species to guide breeding programs and prevent inbreeding in small populations. Your genetic maps help zoos coordinate which animals should mate and inform decisions about releasing animals into the wild.","Analytical,Compassionate,Detail-oriented,Strategic","data,analytical,independent,systems,outdoor,writing","$55k–$90k","Science + Conservation","https://www.onetonline.org/link/summary/19-1029.00","false"
"Sensory Scientist","Science & Research","Business & Finance,Hospitality & Events","You design experiments where people taste, smell, and feel products to understand human perception and guide product development. Your research determines why one chip is crunchier or why a new soap smells ""clean"" to consumers.","Creative,Analytical,Curious,Communicative","data,people,analytical,creative,systems,independent","$55k–$95k","Science + Food","https://www.onetonline.org/link/summary/19-1012.00","false"
"Glacier Hydrologist","Science & Research","Environment & Sustainability","You study how glaciers melt and flow, measuring ice thickness and tracking meltwater to predict sea level rise and water supplies. Your expeditions to polar regions and high mountains provide data critical for climate change projections.","Adventurous,Analytical,Resilient,Observant","outdoor,travel,data,analytical,physical,independent","$60k–$100k","","https://www.bls.gov/ooh/life-physical-and-social-science/hydrologists.htm","false"
"Chronobiologist","Science & Research","Healthcare & Medicine","You study biological rhythms—like sleep cycles and seasonal changes in behavior—to understand how timing affects health. Your research on circadian clocks helps develop treatments for jet lag, shift work disorders, and depression.","Analytical,Patient,Curious,Systematic","data,analytical,independent,systems,writing,technical","$58k–$100k","Science + Sleep","https://www.onetonline.org/link/summary/19-1042.00","false"
"Laboratory Animal Caretaker","Science & Research","Healthcare & Medicine","You provide daily care for animals in research facilities, feeding them, cleaning enclosures, and monitoring their health and behavior. Your observations help ensure animal welfare and alert researchers to any changes that might affect study results.","Compassionate,Observant,Responsible,Calm","hands-on,physical,calm,independent,people,animals","$30k–$45k","","https://www.bls.gov/ooh/personal-care-and-service/animal-care-and-service-workers.htm","false"
"Revenue Manager","Hospitality & Events","Business & Finance","You analyze booking patterns, competitor pricing, and market demand to set the perfect room rates that maximize hotel profits. Your data-driven decisions can mean millions in additional revenue during peak seasons or major events.","Analytical,Strategic,Detail-oriented,Decisive","data,analytical,systems,independent,fast,leadership","$55k–$120k","Hospitality + Data","https://www.onetonline.org/link/summary/11-9081.00","false"
"Destination Wedding Planner","Hospitality & Events","Design & Creative,Business & Finance","You coordinate every detail of weddings in exotic locations—from scouting venues in Santorini to managing vendor relationships across time zones. Your calm under pressure transforms couples' dreams into flawless celebrations thousands of miles from home.","Organized,Creative,Empathetic,Adaptable","people,creative,travel,fast,leadership,hands-on","$40k–$85k","Events + Travel","https://www.onetonline.org/link/summary/13-1121.00","false"
"Hotel Sustainability Coordinator","Hospitality & Events","Environment & Sustainability","You implement eco-friendly practices across hotel operations—from reducing water waste to sourcing local food and eliminating single-use plastics. Your initiatives help properties earn green certifications while cutting costs and attracting environmentally conscious travelers.","Innovative,Passionate,Analytical,Persuasive","systems,analytical,people,leadership,independent,data","$45k–$80k","Hospitality + Sustainability","https://www.onetonline.org/link/summary/11-9199.00","false"
"Cruise Director","Hospitality & Events","Arts & Performance","You orchestrate all entertainment and activities aboard cruise ships—from Broadway-style shows to trivia nights and port excursions. Your energy and creativity keep thousands of passengers engaged and having the time of their lives at sea.","Charismatic,Organized,Energetic,Quick-thinking","people,creative,travel,fast,leadership,performance","$50k–$100k","Hospitality + Entertainment","https://www.onetonline.org/link/summary/11-9081.00","false"
"Food Stylist","Hospitality & Events","Design & Creative,Media & Journalism","You arrange and manipulate food to look irresistibly delicious for photo shoots, commercials, and restaurant menus. Your artistic eye and technical tricks—like using tweezers and blowtorches—transform ordinary dishes into visual masterpieces.","Creative,Patient,Detail-oriented,Artistic","creative,visual,hands-on,independent,calm,artistic","$35k–$75k","Food + Design","https://www.onetonline.org/link/summary/27-1029.00","false"
"Convention Services Manager","Hospitality & Events","Business & Finance","You serve as the main contact between hotels and organizations hosting conferences, coordinating everything from room blocks to audiovisual setups. Your ability to juggle multiple large-scale events ensures thousands of attendees have seamless experiences.","Organized,Diplomatic,Multi-tasker,Calm","people,systems,fast,leadership,calm,analytical","$50k–$90k","","https://www.onetonline.org/link/summary/11-9081.00","false"
"Theme Park Experience Designer","Hospitality & Events","Design & Creative,Tech & Engineering","You create immersive attractions and guest experiences that transport visitors into different worlds—from haunted mansions to futuristic galaxies. Your blend of storytelling, psychology, and technology shapes memories that last a lifetime.","Imaginative,Technical,Collaborative,Visionary","creative,visual,systems,people,hands-on,innovative","$55k–$110k","Entertainment + Design","https://www.onetonline.org/link/summary/27-1029.00","false"
"Sommelier","Hospitality & Events","Education & Coaching","You curate wine programs for restaurants, recommend perfect pairings to guests, and train staff on beverage knowledge. Your refined palate and ability to tell the story behind each bottle transforms a meal into an unforgettable experience.","Knowledgeable,Personable,Detail-oriented,Passionate","people,creative,calm,independent,sensory,knowledge","$45k–$100k","","https://www.bls.gov/ooh/food-preparation-and-serving/food-and-beverage-serving-and-related-workers.htm","false"
"Guest Experience Analyst","Hospitality & Events","Tech & Engineering,Business & Finance","You analyze customer feedback, online reviews, and survey data to identify exactly what makes guests happy or frustrated. Your insights drive changes in service, amenities, and policies that measurably improve satisfaction scores.","Analytical,Curious,Empathetic,Detail-oriented","data,analytical,systems,people,independent,writing","$50k–$85k","Hospitality + Data","https://www.onetonline.org/link/summary/13-1161.00","false"
"Resort Recreation Director","Hospitality & Events","Sports & Fitness","You design and oversee all recreational activities at resorts—from poolside yoga and kids' camps to adventure excursions and evening entertainment. Your programming keeps guests of all ages active, engaged, and eager to return.","Energetic,Creative,Organized,People-focused","people,physical,creative,leadership,outdoor,fast","$40k–$75k","Hospitality + Fitness","https://www.onetonline.org/link/summary/11-9072.00","false"
"Corporate Event Producer","Hospitality & Events","Business & Finance,Media & Journalism","You bring company conferences, product launches, and galas to life—managing budgets, coordinating vendors, and directing live productions. Your behind-the-scenes leadership ensures executives look polished and brand messages land perfectly.","Strategic,Calm under pressure,Creative,Authoritative","leadership,fast,creative,people,systems,visual","$55k–$110k","Events + Business","https://www.onetonline.org/link/summary/13-1121.00","false"
"Hotel Digital Marketing Manager","Hospitality & Events","Business & Finance,Media & Journalism","You create social media campaigns, manage online advertising, and optimize hotel websites to drive bookings. Your understanding of travel trends and digital platforms turns browsers into guests and guests into loyal fans.","Creative,Analytical,Trend-savvy,Strategic","creative,data,writing,visual,systems,fast","$50k–$95k","Hospitality + Marketing","https://www.onetonline.org/link/summary/11-2021.00","false"
"Culinary Tour Guide","Hospitality & Events","Education & Coaching","You lead food-focused walking tours through neighborhoods, introducing visitors to hidden restaurants, street vendors, and local culinary traditions. Your storytelling brings each dish's history alive while supporting small businesses.","Personable,Knowledgeable,Storyteller,Enthusiastic","people,travel,creative,outdoor,walking,knowledge","$30k–$55k","Food + Tourism","https://www.onetonline.org/link/summary/39-7012.00","false"
"Banquet Captain","Hospitality & Events","","You lead the service team during weddings, corporate dinners, and large events—ensuring plates hit tables on time and guests receive impeccable attention. Your ability to coordinate dozens of servers creates the seamless elegance clients expect.","Authoritative,Detail-oriented,Quick-thinking,Composed","leadership,people,fast,physical,hands-on,systems","$35k–$60k","","https://www.bls.gov/ooh/food-preparation-and-serving/food-service-managers.htm","false"
"Concierge","Hospitality & Events","","You serve as a guest's personal problem-solver—securing impossible dinner reservations, arranging surprise proposals, and knowing every hidden gem in the city. Your connections and creativity turn ordinary hotel stays into extraordinary experiences.","Resourceful,Personable,Discreet,Knowledgeable","people,calm,independent,knowledge,creative,service","$30k–$55k","","https://www.bls.gov/ooh/personal-care-and-service/concierges.htm","false"
"Event Technology Specialist","Hospitality & Events","Tech & Engineering","You set up and manage the technical backbone of events—from live-streaming keynotes and running registration apps to troubleshooting AV systems in real time. Your tech expertise ensures speakers shine and virtual attendees stay connected.","Technical,Problem-solver,Calm,Adaptable","systems,technical,fast,hands-on,independent,analytical","$45k–$85k","Events + Tech","https://www.onetonline.org/link/summary/27-4011.00","false"
"Spa Director","Hospitality & Events","Fashion & Beauty,Business & Finance","You oversee all operations of hotel or resort spas—hiring therapists, designing treatment menus, and ensuring guests leave deeply relaxed. Your business savvy and wellness expertise create profitable sanctuaries of self-care.","Business-minded,Calm,Detail-oriented,Wellness-focused","leadership,people,calm,creative,systems,beauty","$55k–$100k","Hospitality + Wellness","https://www.onetonline.org/link/summary/11-9081.00","false"
"Catering Sales Manager","Hospitality & Events","Business & Finance","You meet with clients planning weddings, fundraisers, and corporate events to design custom menus and packages that fit their vision and budget. Your persuasion skills and attention to detail turn inquiries into booked events worth thousands.","Persuasive,Organized,Personable,Goal-driven","people,creative,fast,leadership,analytical,sales","$45k–$85k","","https://www.onetonline.org/link/summary/11-2022.00","false"
"Festival Operations Manager","Hospitality & Events","Arts & Performance","You handle the massive logistics behind music festivals and cultural events—coordinating security, vendors, permits, and crowd flow for tens of thousands of attendees. Your planning turns open fields into safe, thriving temporary cities.","Organized,Decisive,Calm under chaos,Strategic","leadership,systems,outdoor,fast,people,physical","$50k–$95k","Events + Entertainment","https://www.onetonline.org/link/summary/13-1121.00","false"
"Lodging Manager","Hospitality & Events","Business & Finance","You run the day-to-day operations of hotels, motels, or bed-and-breakfasts—overseeing staff, handling guest complaints, and monitoring budgets. Your leadership ensures every guest walks in to a clean room and walks out with a great impression.","Leadership-oriented,Problem-solver,Organized,Personable","leadership,people,systems,fast,calm,analytical","$45k–$105k","","https://www.bls.gov/ooh/management/lodging-managers.htm","false"
"Sports Biomechanist","Sports & Fitness","Science & Research, Tech & Engineering","You analyze athletes' movements using motion capture technology and physics principles to help them improve performance and prevent injuries. Your data-driven insights help coaches redesign training programs and help athletes shave seconds off their times or add power to their swings.","Analytical,Detail-oriented,Technical,Patient","data,analytical,systems,independent,technical,research","$50k–$85k","Sports + Science","https://www.onetonline.org/link/summary/19-2099.00","false"
"Athletic Director","Sports & Fitness","Business & Finance, Education & Coaching","You oversee all athletic programs at a school or university, managing budgets, hiring coaches, and ensuring student-athletes succeed both on the field and in the classroom. Your leadership shapes the culture of entire sports programs and impacts hundreds of young athletes' lives.","Leadership,Strategic,Organized,Diplomatic","leadership,people,systems,business,communication,management","$70k–$150k","Sports + Business","https://www.onetonline.org/link/summary/11-9039.00","false"
"Sports Statistician","Sports & Fitness","Tech & Engineering, Science & Research","You collect and analyze game data to find patterns that help teams make smarter decisions about player recruitment, game strategy, and training focus. Your number-crunching work turns raw stats into competitive advantages that can change the outcome of seasons.","Analytical,Detail-oriented,Curious,Methodical","data,analytical,systems,independent,technical,numbers","$55k–$95k","Sports + Data","https://www.onetonline.org/link/summary/15-2041.00","false"
"Sports Psychologist","Sports & Fitness","Healthcare & Medicine, Education & Coaching","You help athletes overcome mental blocks, manage performance anxiety, and build confidence through psychological techniques and counseling. Your work with their minds is often what separates good athletes from champions who perform under pressure.","Empathetic,Patient,Analytical,Supportive","people,calm,analytical,independent,counseling,mental-health","$60k–$100k","Sports + Psychology","https://www.onetonline.org/link/summary/19-3039.02","false"
"Strength and Conditioning Coach","Sports & Fitness","Healthcare & Medicine, Education & Coaching","You design and supervise workout programs that build athletes' strength, speed, and endurance while preventing injuries. Your training regimens transform raw talent into peak physical performance, working closely with athletes through grueling sessions.","Motivating,Disciplined,Knowledgeable,Energetic","physical,people,hands-on,leadership,fitness,coaching","$40k–$75k","","https://www.bls.gov/ooh/personal-care-and-service/fitness-trainers-and-instructors.htm","false"
"Sports Agent","Sports & Fitness","Business & Finance, Law & Government","You represent professional athletes in contract negotiations, endorsement deals, and career decisions, fighting to get them the best possible terms. Your negotiation skills and industry connections directly impact your clients' earnings and long-term financial security.","Persuasive,Strategic,Confident,Relationship-focused","people,business,negotiation,fast,communication,networking","$50k–$200k+","Sports + Business","https://www.onetonline.org/link/summary/13-1011.00","false"
"Athletic Trainer","Sports & Fitness","Healthcare & Medicine","You prevent, diagnose, and treat muscle and bone injuries for athletes, providing immediate care on the sidelines and designing rehabilitation programs. Your quick assessments and treatment decisions often determine whether an athlete can safely return to play.","Calm under pressure,Knowledgeable,Caring,Quick-thinking","people,physical,hands-on,healthcare,fast,problem-solving","$40k–$65k","Sports + Healthcare","https://www.bls.gov/ooh/healthcare/athletic-trainers.htm","false"
"Sports Dietitian","Sports & Fitness","Healthcare & Medicine, Science & Research","You create customized nutrition plans that fuel athletes' training, recovery, and competition performance based on their sport and body composition. Your meal plans and supplement guidance help athletes gain muscle, lose weight, or sustain energy for marathon events.","Detail-oriented,Scientific,Supportive,Practical","people,analytical,science,health,planning,nutrition","$50k–$80k","Sports + Nutrition","https://www.bls.gov/ooh/healthcare/dietitians-and-nutritionists.htm","false"
"Sports Information Director","Sports & Fitness","Media & Journalism, Business & Finance","You manage all communications and media relations for a college or professional sports team, writing press releases, updating statistics, and coordinating with journalists. Your work shapes how fans, media, and recruits perceive your team and its athletes.","Organized,Quick-thinking,Detail-oriented,Communicative","writing,communication,fast,people,media,deadline-driven","$35k–$70k","Sports + Media","https://www.onetonline.org/link/summary/27-3031.00","false"
"Recreation Therapist","Sports & Fitness","Healthcare & Medicine, Social Impact & Nonprofit","You use sports, games, and physical activities to help people recovering from injuries, disabilities, or mental health challenges regain function and confidence. Your creative activity plans turn rehabilitation from a chore into an engaging journey toward independence.","Empathetic,Creative,Patient,Adaptable","people,creative,caring,hands-on,healthcare,adaptive","$40k–$60k","Sports + Healthcare","https://www.bls.gov/ooh/healthcare/recreational-therapists.htm","false"
"Sports Event Coordinator","Sports & Fitness","Hospitality & Events, Business & Finance","You plan and execute sporting events from local tournaments to major championships, handling everything from venue booking to volunteer management. Your behind-the-scenes coordination ensures thousands of athletes and spectators have seamless, memorable experiences.","Organized,Flexible,Detail-oriented,Energetic","people,planning,fast,systems,logistics,events","$45k–$75k","Sports + Events","https://www.bls.gov/ooh/business-and-financial/meeting-convention-and-event-planners.htm","false"
"Groundskeeper (Sports Turf Manager)","Sports & Fitness","Environment & Sustainability, Science & Research","You maintain the playing surfaces at stadiums and athletic fields, managing grass health, drainage, and field markings to professional standards. Your expertise in soil science and turf management creates the perfect conditions for athletes to compete safely.","Detail-oriented,Patient,Practical,Hardworking","outdoor,hands-on,physical,independent,science,nature","$35k–$65k","Sports + Environment","https://www.bls.gov/ooh/building-and-grounds-cleaning/grounds-maintenance-workers.htm","false"
"Sports Equipment Manager","Sports & Fitness","Business & Finance","You organize, maintain, and distribute all the gear and equipment that teams need, from uniforms to protective padding to training tools. Your meticulous inventory management and equipment prep ensure athletes always have exactly what they need to perform.","Organized,Reliable,Detail-oriented,Resourceful","hands-on,systems,organized,physical,logistics,inventory","$30k–$55k","","https://www.onetonline.org/link/summary/39-3091.00","false"
"Sports Physical Therapist","Sports & Fitness","Healthcare & Medicine","You rehabilitate athletes recovering from injuries like torn ligaments, fractures, and muscle strains through targeted exercises and manual therapy. Your treatment plans help athletes return to competition stronger and teach them how to prevent future injuries.","Patient,Analytical,Encouraging,Hands-on","people,hands-on,healthcare,physical,problem-solving,anatomy","$70k–$100k","Sports + Healthcare","https://www.bls.gov/ooh/healthcare/physical-therapists.htm","false"
"Referee/Umpire","Sports & Fitness","","You enforce the rules of the game during athletic competitions, making split-second decisions that impact outcomes while managing player conduct. Your authority and fairness keep games safe, competitive, and true to the spirit of the sport.","Decisive,Fair-minded,Calm under pressure,Authoritative","fast,physical,independent,leadership,decision-making,rules","$30k–$60k","","https://www.bls.gov/ooh/entertainment-and-sports/umpires-referees-and-other-sports-officials.htm","false"
"Exercise Physiologist","Sports & Fitness","Healthcare & Medicine, Science & Research","You study how the body responds to exercise by conducting fitness assessments and designing evidence-based workout programs. Your scientific approach helps athletes optimize their training and helps patients with chronic diseases improve their health through movement.","Scientific,Detail-oriented,Analytical,Patient","science,analytical,data,people,research,health","$45k–$65k","Sports + Science","https://www.bls.gov/ooh/healthcare/exercise-physiologists.htm","false"
"Sports Marketing Manager","Sports & Fitness","Business & Finance, Media & Journalism","You develop campaigns to promote teams, athletes, or sporting events, managing sponsorship deals, social media presence, and fan engagement initiatives. Your creative strategies build passionate fanbases and generate the revenue that keeps sports organizations thriving.","Creative,Strategic,Persuasive,Energetic","creative,business,communication,people,marketing,fast","$55k–$110k","Sports + Marketing","https://www.bls.gov/ooh/management/advertising-promotions-and-marketing-managers.htm","false"
"Adaptive Sports Specialist","Sports & Fitness","Social Impact & Nonprofit, Education & Coaching","You modify sports and recreational activities for people with disabilities, coaching wheelchair basketball, adaptive skiing, or seated volleyball programs. Your work breaks down barriers and proves that everyone deserves the joy and benefits of athletic competition.","Empathetic,Creative,Patient,Adaptable","people,creative,caring,adaptive,coaching,inclusive","$35k–$55k","Sports + Social Impact","https://www.onetonline.org/link/summary/39-9032.00","false"
"Golf Course Superintendent","Sports & Fitness","Environment & Sustainability, Business & Finance","You manage the entire maintenance operation of a golf course, supervising crews and making agronomic decisions about irrigation, pest control, and turf health. Your expertise transforms acres of land into pristine playing conditions that golfers travel miles to experience.","Leadership,Detail-oriented,Scientific,Practical","outdoor,leadership,science,management,nature,systems","$60k–$120k","Sports + Environment","https://www.onetonline.org/link/summary/37-1012.00","false"
"Sports Video Analyst","Sports & Fitness","Tech & Engineering, Media & Journalism","You break down game footage to identify patterns, weaknesses, and opportunities that coaches use to develop winning strategies. Your detailed video reports help teams prepare for opponents and give athletes visual feedback to refine their techniques.","Analytical,Detail-oriented,Patient,Technical","analytical,data,visual,technical,independent,video","$40k–$70k","Sports + Tech","https://www.onetonline.org/link/summary/27-4032.00","false"
"Textile Technologist","Fashion & Beauty","Tech & Engineering, Science & Research","You develop and test new fabrics in labs, experimenting with materials that might be waterproof, fire-resistant, or made from recycled ocean plastic. Your innovations end up in everything from athletic wear to medical bandages.","Analytical,Innovative,Detail-oriented,Curious","hands-on,systems,data,independent,creative,visual","$55k–$95k","Fashion + Science","https://www.onetonline.org/link/summary/19-2032.00","false"
"Fashion Merchandiser","Fashion & Beauty","Business & Finance","You analyze trends and sales data to decide which clothing items stores should stock and how to display them. Your decisions directly impact what millions of shoppers see when they walk into a store or browse online.","Analytical,Trend-savvy,Persuasive,Strategic","data,visual,fast,creative,people,systems","$45k–$85k","Fashion + Business","https://www.onetonline.org/link/summary/13-1022.00","false"
"Cosmetic Chemist","Fashion & Beauty","Science & Research, Healthcare & Medicine","You formulate skincare products, lipsticks, and hair treatments in a lab, balancing chemistry with consumer appeal. You ensure products are safe, effective, and feel luxurious on the skin.","Scientific,Creative,Meticulous,Patient","hands-on,data,independent,creative,systems,analytical","$60k–$110k","Beauty + Science","https://www.onetonline.org/link/summary/19-2031.00","false"
"Costume Designer","Fashion & Beauty","Arts & Performance, Media & Journalism","You research time periods and character personalities to create wardrobes for film, theater, and TV productions. Your designs help actors transform into their characters and transport audiences to different worlds.","Creative,Collaborative,Resourceful,Historical-minded","creative,visual,people,hands-on,independent,fast","$40k–$85k","Fashion + Entertainment","https://www.onetonline.org/link/summary/27-1022.00","false"
"Nail Technician","Fashion & Beauty","","You transform clients' nails into miniature works of art while providing relaxing manicures and pedicures. You build loyal clientele who trust you to help them express their personal style.","Artistic,Steady-handed,Personable,Patient","people,creative,hands-on,visual,calm,independent","$28k–$50k","","https://www.bls.gov/ooh/personal-care-and-service/manicurists-and-pedicurists.htm","false"
"Fashion Photographer","Fashion & Beauty","Design & Creative, Media & Journalism","You capture clothing, accessories, and beauty products in compelling images for magazines, advertisements, and online campaigns. You direct models, choose lighting, and create visual stories that make people want to buy.","Creative,Technical,Directive,Adaptable","creative,visual,people,fast,independent,travel","$35k–$90k","Fashion + Media","https://www.bls.gov/ooh/media-and-communication/photographers.htm","false"
"Pattern Maker","Fashion & Beauty","Design & Creative, Tech & Engineering","You translate designers' sketches into precise technical blueprints that factories use to mass-produce garments. Your mathematical precision ensures that a size medium fits perfectly whether it's made in New York or Vietnam.","Precise,Technical,Spatial-thinker,Detail-oriented","analytical,hands-on,systems,independent,visual,data","$40k–$75k","Fashion + Engineering","https://www.onetonline.org/link/summary/51-6092.00","false"
"Esthetician","Fashion & Beauty","Healthcare & Medicine","You perform facials, chemical peels, and other skin treatments to help clients achieve healthier, clearer skin. You analyze skin conditions and create personalized treatment plans that boost people's confidence.","Caring,Knowledgeable,Gentle,Attentive","people,hands-on,calm,creative,independent,visual","$30k–$60k","","https://www.bls.gov/ooh/personal-care-and-service/skincare-specialists.htm","false"
"Fashion Stylist","Fashion & Beauty","Media & Journalism, Arts & Performance","You select and coordinate outfits for photo shoots, celebrities, or everyday clients looking to refresh their wardrobe. You stay ahead of trends and know how to make anyone look their absolute best.","Creative,Trend-aware,Confident,Personable","creative,people,visual,fast,travel,independent","$35k–$85k","","https://www.onetonline.org/link/summary/27-1026.00","false"
"Footwear Designer","Fashion & Beauty","Design & Creative, Tech & Engineering","You sketch and prototype shoes, balancing aesthetics with comfort, durability, and manufacturing feasibility. Your designs might end up on runways, in athletic competitions, or on millions of everyday feet.","Creative,Technical,Trend-savvy,Problem-solver","creative,visual,hands-on,independent,systems,analytical","$50k–$100k","Fashion + Design","https://www.onetonline.org/link/summary/27-1022.00","false"
"Theatrical Makeup Artist","Fashion & Beauty","Arts & Performance, Media & Journalism","You use prosthetics, special effects, and traditional makeup to transform actors into characters ranging from monsters to historical figures. Your work under hot stage lights requires techniques completely different from everyday beauty.","Artistic,Imaginative,Calm-under-pressure,Collaborative","creative,visual,people,hands-on,fast,independent","$35k–$80k","Beauty + Entertainment","https://www.onetonline.org/link/summary/39-5091.00","false"
"Fashion Buyer","Fashion & Beauty","Business & Finance","You travel to fashion shows and showrooms to select which items your store will carry next season, negotiating prices and quantities. Your trend predictions and business instincts directly affect company profits.","Analytical,Decisive,Trend-savvy,Negotiator","travel,data,people,fast,systems,analytical","$50k–$100k","Fashion + Business","https://www.bls.gov/ooh/business-and-financial/buyers-and-purchasing-agents.htm","false"
"Wig Maker","Fashion & Beauty","Arts & Performance, Healthcare & Medicine","You hand-tie individual strands of hair into custom wigs for theater productions, cancer patients, or anyone experiencing hair loss. Your painstaking craftsmanship helps people feel like themselves again.","Patient,Precise,Empathetic,Artistic","hands-on,calm,independent,creative,people,visual","$30k–$65k","Beauty + Healthcare","https://www.onetonline.org/link/summary/51-9199.00","false"
"Visual Merchandiser","Fashion & Beauty","Design & Creative, Business & Finance","You design eye-catching window displays and store layouts that stop shoppers in their tracks and guide them through retail spaces. Your creative installations turn shopping into an experience.","Creative,Spatial-thinker,Trend-aware,Physical","creative,visual,hands-on,physical,fast,independent","$35k–$65k","Fashion + Design","https://www.onetonline.org/link/summary/27-1026.00","false"
"Fashion Technical Designer","Fashion & Beauty","Tech & Engineering, Design & Creative","You create detailed specification sheets and work with overseas factories to ensure garments are constructed correctly and fit properly. You bridge the gap between creative vision and manufacturing reality.","Detail-oriented,Technical,Communicative,Problem-solver","analytical,systems,data,independent,visual,writing","$55k–$95k","Fashion + Engineering","https://www.onetonline.org/link/summary/27-1022.00","false"
"Color Specialist","Fashion & Beauty","Design & Creative, Science & Research","You predict color trends years in advance and develop the exact dye formulas that factories will use to produce next season's fashions. Your choices influence what colors people will be wearing worldwide.","Visionary,Analytical,Creative,Trend-forecaster","creative,visual,analytical,independent,data,systems","$50k–$90k","Fashion + Science","https://www.onetonline.org/link/summary/27-1021.00","false"
"Hairstylist","Fashion & Beauty","","You cut, color, and style hair to help clients express their personalities and feel confident. You build relationships with regulars while constantly learning new techniques and trends.","Creative,Personable,Trend-aware,Steady-handed","people,creative,hands-on,visual,independent,fast","$28k–$55k","","https://www.bls.gov/ooh/personal-care-and-service/barbers-hairstylists-and-cosmetologists.htm","false"
"Fashion Sustainability Manager","Fashion & Beauty","Environment & Sustainability, Business & Finance","You audit supply chains and develop strategies to reduce fashion brands' environmental impact, from sourcing organic cotton to implementing recycling programs. You're changing an industry notorious for waste.","Strategic,Passionate,Analytical,Persuasive","systems,data,people,analytical,leadership,writing","$60k–$110k","Fashion + Sustainability","https://www.onetonline.org/link/summary/11-9199.00","false"
"Jewelry Designer","Fashion & Beauty","Design & Creative, Entrepreneurship","You sketch and create rings, necklaces, and other adornments using precious metals, gems, and innovative materials. Your pieces might be one-of-a-kind art or mass-produced accessories worn by thousands.","Artistic,Precise,Creative,Business-minded","creative,visual,hands-on,independent,analytical,entrepreneurship","$35k–$75k","","https://www.bls.gov/ooh/production/jewelers-and-precious-stone-and-metal-workers.htm","false"
"Fashion Show Producer","Fashion & Beauty","Hospitality & Events, Media & Journalism","You orchestrate every detail of runway shows, from booking venues and coordinating models to managing lighting, music, and backstage chaos. You create the spectacles that launch trends worldwide.","Organized,Calm-under-pressure,Creative,Leadership","leadership,fast,people,creative,visual,travel","$45k–$95k","Fashion + Events","https://www.onetonline.org/link/summary/13-1121.00","false"
"Franchise Owner","Entrepreneurship","Business & Finance, Hospitality & Events","You own and operate a licensed branch of an established brand, managing staff, finances, and daily operations. You build a local business while following a proven system that reduces startup risk.","Organized,Leadership-driven,Risk-tolerant,People-focused","leadership,systems,people,independent,business,hands-on","$50k–$150k","","https://www.onetonline.org/link/summary/11-1021.00","false"
"E-commerce Entrepreneur","Entrepreneurship","Tech & Engineering, Business & Finance","You build and run online stores, sourcing products, managing inventory, and optimizing digital marketing to drive sales. You analyze customer data to improve shopping experiences and grow your brand across platforms.","Analytical,Self-motivated,Adaptable,Tech-savvy","data,systems,creative,independent,fast,digital","$35k–$200k","Business + Tech","https://www.onetonline.org/link/summary/11-2022.00","false"
"Social Enterprise Founder","Entrepreneurship","Social Impact & Nonprofit, Business & Finance","You launch businesses designed to solve social problems while generating sustainable revenue. You balance mission-driven goals with financial planning to create lasting community impact.","Visionary,Empathetic,Persistent,Strategic","people,leadership,creative,independent,systems,purpose","$40k–$120k","Business + Social Impact","https://www.onetonline.org/link/summary/11-1011.00","false"
"Food Truck Owner","Entrepreneurship","Hospitality & Events","You create menus, prepare food, and drive your mobile restaurant to events, festivals, and busy street corners. You handle everything from cooking to permits to social media marketing to build a loyal customer base.","Creative,Energetic,Resourceful,Customer-focused","hands-on,creative,people,fast,independent,outdoor","$30k–$100k","","https://www.onetonline.org/link/summary/11-9051.00","false"
"Startup Founder","Entrepreneurship","Tech & Engineering, Business & Finance","You identify market gaps, develop innovative products or services, and pitch investors to fund your vision. You wear many hats—from product development to hiring—while navigating the challenges of building something from nothing.","Visionary,Resilient,Risk-tolerant,Persuasive","leadership,creative,fast,independent,systems,analytical","$0–$500k+","","https://www.onetonline.org/link/summary/11-1011.00","false"
"Business Development Manager","Entrepreneurship","Business & Finance","You identify growth opportunities, build strategic partnerships, and negotiate deals that expand a company's reach and revenue. You spend time researching markets, meeting potential clients, and crafting proposals that win new business.","Persuasive,Strategic,Relationship-builder,Ambitious","people,analytical,leadership,fast,systems,travel","$65k–$140k","","https://www.bls.gov/ooh/management/administrative-services-managers.htm","false"
"Venture Capital Analyst","Entrepreneurship","Business & Finance","You evaluate startup pitches, analyze business models, and help decide which companies receive investment funding. You research emerging industries and meet with founders to assess whether their ideas can scale.","Analytical,Curious,Detail-oriented,Strategic","data,analytical,fast,systems,people,research","$70k–$150k","Finance + Tech","https://www.onetonline.org/link/summary/13-2051.00","false"
"Small Business Consultant","Entrepreneurship","Business & Finance, Education & Coaching","You advise entrepreneurs on everything from business plans to marketing strategies to financial management. You help small business owners solve problems, avoid pitfalls, and scale their operations successfully.","Analytical,Supportive,Strategic,Communicative","people,analytical,systems,independent,leadership,teaching","$55k–$100k","","https://www.bls.gov/ooh/business-and-financial/management-analysts.htm","false"
"Product Manager","Entrepreneurship","Tech & Engineering, Design & Creative","You guide a product from concept to launch, coordinating between engineers, designers, and marketers to build something customers love. You prioritize features, analyze user feedback, and make decisions that shape the product roadmap.","Strategic,Collaborative,Decisive,User-focused","leadership,analytical,creative,systems,people,fast","$80k–$160k","Tech + Business","https://www.onetonline.org/link/summary/11-2021.00","false"
"Incubator Program Director","Entrepreneurship","Education & Coaching, Business & Finance","You run programs that help early-stage startups grow, connecting founders with mentors, resources, and funding opportunities. You design curriculum, host pitch events, and build a community of entrepreneurs.","Supportive,Organized,Networker,Strategic","people,leadership,systems,teaching,creative,community","$60k–$120k","Education + Business","https://www.onetonline.org/link/summary/11-9039.00","false"
"Licensing Entrepreneur","Entrepreneurship","Business & Finance, Design & Creative","You create intellectual property—like inventions, characters, or designs—and license them to companies for royalties instead of manufacturing yourself. You negotiate contracts and protect your creations while earning passive income.","Creative,Strategic,Negotiator,Self-motivated","creative,independent,systems,analytical,legal,business","$30k–$200k+","Creative + Business","https://www.onetonline.org/link/summary/41-3031.00","false"
"Growth Hacker","Entrepreneurship","Tech & Engineering, Media & Journalism","You experiment with creative, low-cost marketing tactics to rapidly grow a startup's user base. You run A/B tests, analyze conversion data, and find unconventional channels to acquire customers fast.","Experimental,Analytical,Creative,Fast-thinking","data,creative,fast,analytical,digital,systems","$55k–$130k","Marketing + Tech","https://www.onetonline.org/link/summary/13-1161.00","false"
"Import/Export Business Owner","Entrepreneurship","Business & Finance","You source products from international markets and sell them domestically, or export local goods abroad. You navigate customs regulations, build supplier relationships, and manage logistics across borders.","Detail-oriented,Culturally-aware,Negotiator,Risk-tolerant","travel,systems,analytical,people,independent,global","$45k–$150k","","https://www.onetonline.org/link/summary/11-9199.00","false"
"Subscription Box Creator","Entrepreneurship","Design & Creative, Business & Finance","You curate themed monthly boxes filled with products your subscribers love, handling sourcing, packaging design, and fulfillment. You build community through unboxing experiences and surprise-and-delight moments.","Creative,Organized,Trend-aware,Customer-focused","creative,systems,hands-on,people,visual,independent","$30k–$100k","Creative + Business","https://www.onetonline.org/link/summary/11-2022.00","false"
"Angel Investor","Entrepreneurship","Business & Finance","You invest your own money in early-stage startups in exchange for equity, often providing mentorship alongside funding. You evaluate pitches, negotiate terms, and help founders navigate their first critical growth stages.","Risk-tolerant,Strategic,Experienced,Networked","analytical,people,leadership,independent,systems,research","$0–$500k+ (returns vary)","","https://www.onetonline.org/link/summary/13-2051.00","false"
"Maker/Artisan Business Owner","Entrepreneurship","Design & Creative, Arts & Performance","You handcraft products—like jewelry, furniture, or ceramics—and sell them through markets, online stores, or boutiques. You manage production, pricing, and branding while staying true to your craft.","Creative,Patient,Detail-oriented,Self-motivated","hands-on,creative,visual,independent,artistic,people","$25k–$80k","Creative + Business","https://www.onetonline.org/link/summary/27-1012.00","false"
"Crowdfunding Campaign Manager","Entrepreneurship","Media & Journalism, Business & Finance","You plan and execute campaigns on platforms like Kickstarter or Indiegogo, crafting compelling stories and visuals that convince strangers to fund ideas. You manage backer communications and stretch goals to maximize funding.","Persuasive,Creative,Organized,Communicative","creative,writing,people,digital,systems,visual","$40k–$85k","Marketing + Business","https://www.onetonline.org/link/summary/11-2011.00","false"
"Coworking Space Operator","Entrepreneurship","Hospitality & Events, Business & Finance","You design and manage shared office spaces where freelancers, startups, and remote workers can collaborate. You create community through events, amenities, and a productive atmosphere that keeps members coming back.","Hospitable,Community-builder,Organized,Creative","people,leadership,systems,creative,community,space","$45k–$100k","Hospitality + Business","https://www.onetonline.org/link/summary/11-9081.00","false"
"Pitch Deck Designer","Entrepreneurship","Design & Creative, Business & Finance","You create visually stunning presentations that help startups win over investors. You translate complex business ideas into clear, compelling slides that tell a founder's story and showcase their potential.","Visual,Strategic,Detail-oriented,Collaborative","visual,creative,systems,analytical,digital,independent","$50k–$110k","Design + Business","https://www.onetonline.org/link/summary/27-1024.00","false"
"Dropshipping Entrepreneur","Entrepreneurship","Tech & Engineering, Business & Finance","You run an online store without holding inventory—when customers order, suppliers ship directly to them. You focus on marketing, customer experience, and finding trending products that sell.","Resourceful,Analytical,Self-motivated,Adaptable","data,digital,systems,independent,fast,analytical","$20k–$150k","E-commerce + Marketing","https://www.onetonline.org/link/summary/11-2022.00","false"
"Environmental Compliance Inspector","Environment & Sustainability","Law & Government, Science & Research","You visit factories, construction sites, and facilities to make sure they're following environmental laws and not polluting air, water, or soil. When you find violations, you document evidence and work with companies to fix problems before they harm communities.","Detail-oriented,Analytical,Assertive,Ethical","outdoor,systems,data,independent,travel,hands-on,investigative","$48k–$85k","Environment + Law","https://www.onetonline.org/link/summary/13-1041.01","false"
"Hydrologist","Environment & Sustainability","Science & Research, Tech & Engineering","You study how water moves through Earth's surface and underground, tracking everything from groundwater levels to flood patterns. Your research helps communities prepare for droughts, find clean drinking water, and protect watersheds from contamination.","Analytical,Curious,Patient,Systematic","data,outdoor,analytical,systems,independent,research,writing","$58k–$105k","Environment + Research","https://www.bls.gov/ooh/life-physical-and-social-science/hydrologists.htm","false"
"Solar Photovoltaic Installer","Environment & Sustainability","Tech & Engineering","You climb onto rooftops and open land to install solar panel systems that convert sunlight into electricity. Your hands-on work directly reduces dependence on fossil fuels and helps homeowners slash their energy bills.","Physical,Practical,Safety-conscious,Team-oriented","hands-on,physical,outdoor,systems,fast,team","$37k–$63k","","https://www.bls.gov/ooh/construction-and-extraction/solar-photovoltaic-installers.htm","false"
"Environmental Restoration Planner","Environment & Sustainability","Science & Research, Law & Government","You design detailed plans to bring damaged ecosystems back to life, whether it's a polluted river, abandoned mine, or eroded coastline. You coordinate scientists, contractors, and community members to turn degraded landscapes into thriving habitats again.","Strategic,Collaborative,Patient,Big-picture thinker","systems,leadership,outdoor,analytical,writing,people,data","$55k–$95k","Environment + Planning","https://www.onetonline.org/link/summary/19-2041.02","false"
"Wildlife Biologist","Environment & Sustainability","Science & Research","You track animal populations in forests, wetlands, and oceans to understand how species survive and what threatens them. Your field observations and data analysis shape conservation policies that protect endangered animals and their habitats.","Patient,Observant,Analytical,Adventurous","outdoor,research,data,independent,writing,analytical,physical","$52k–$85k","","https://www.bls.gov/ooh/life-physical-and-social-science/zoologists-and-wildlife-biologists.htm","false"
"Sustainability Consultant","Environment & Sustainability","Business & Finance","You help companies figure out how to reduce waste, cut carbon emissions, and operate more responsibly without hurting their bottom line. Your recommendations transform how businesses source materials, use energy, and treat their environmental footprint.","Persuasive,Analytical,Strategic,Adaptable","people,analytical,systems,data,leadership,writing,creative","$55k–$110k","Environment + Business","https://www.onetonline.org/link/summary/13-1199.05","false"
"Wind Turbine Technician","Environment & Sustainability","Tech & Engineering","You climb hundreds of feet into the air to maintain and repair massive wind turbines that generate clean electricity. Your technical skills keep renewable energy flowing to thousands of homes while working in some of the most dramatic outdoor settings.","Brave,Technical,Physical,Problem-solver","hands-on,physical,outdoor,independent,systems,fast","$46k–$78k","","https://www.bls.gov/ooh/installation-maintenance-and-repair/wind-turbine-technicians.htm","false"
"Urban Forester","Environment & Sustainability","Law & Government, Science & Research","You manage the trees in cities—deciding what to plant, treating diseases, and protecting urban canopy that cools neighborhoods and cleans air. Your work makes concrete jungles greener and more livable for millions of city residents.","Practical,Community-minded,Patient,Scientific","outdoor,systems,people,hands-on,independent,data","$50k–$80k","Environment + Urban Planning","https://www.onetonline.org/link/summary/19-1032.00","false"
"Recycling Coordinator","Environment & Sustainability","Business & Finance, Social Impact & Nonprofit","You design and run recycling programs for cities, schools, or large organizations, figuring out logistics and educating people on what can actually be recycled. Your systems keep tons of materials out of landfills and back into the manufacturing cycle.","Organized,Persuasive,Resourceful,Community-focused","systems,people,leadership,data,creative,analytical","$42k–$70k","Environment + Operations","https://www.onetonline.org/link/summary/11-9199.01","false"
"Environmental Health and Safety Specialist","Environment & Sustainability","Healthcare & Medicine, Tech & Engineering","You protect workers and communities by identifying hazards like toxic chemicals, radiation, or contaminated air at workplaces and public spaces. Your inspections and safety protocols prevent illnesses and environmental disasters before they happen.","Vigilant,Analytical,Ethical,Thorough","systems,data,analytical,people,writing,investigative","$52k–$95k","Environment + Health","https://www.bls.gov/ooh/healthcare/occupational-health-and-safety-specialists.htm","false"
"Climate Data Analyst","Environment & Sustainability","Tech & Engineering, Science & Research","You crunch massive datasets on temperature, precipitation, and atmospheric conditions to identify climate trends and predict future changes. Your analysis informs everything from city planning to corporate climate pledges.","Analytical,Detail-oriented,Patient,Technical","data,analytical,systems,independent,writing,research","$55k–$100k","Environment + Data","https://www.onetonline.org/link/summary/19-2021.00","false"
"Wetland Scientist","Environment & Sustainability","Science & Research","You wade through marshes and swamps collecting samples and mapping boundaries to assess the health of wetland ecosystems. Your findings determine whether construction projects can proceed and how these critical habitats should be protected or restored.","Adventurous,Scientific,Detail-oriented,Independent","outdoor,research,data,hands-on,independent,analytical,writing","$50k–$85k","","https://www.onetonline.org/link/summary/19-1031.01","false"
"Green Building Architect","Environment & Sustainability","Design & Creative, Tech & Engineering","You design buildings that use less energy, harvest rainwater, and incorporate sustainable materials from the ground up. Your blueprints create spaces where people live and work while minimizing environmental impact for decades.","Creative,Technical,Visionary,Detail-oriented","creative,visual,systems,analytical,data,independent","$65k–$130k","Environment + Design","https://www.bls.gov/ooh/architecture-and-engineering/architects.htm","false"
"Marine Debris Specialist","Environment & Sustainability","Science & Research, Social Impact & Nonprofit","You track where ocean trash comes from, organize massive beach cleanups, and develop strategies to stop plastic pollution at its source. Your work protects sea life and keeps microplastics from entering the food chain.","Passionate,Organized,Scientific,Collaborative","outdoor,systems,people,research,hands-on,data,leadership","$45k–$75k","Environment + Marine Science","https://www.onetonline.org/link/summary/19-2041.00","false"
"Carbon Accounting Manager","Environment & Sustainability","Business & Finance","You calculate exactly how much greenhouse gas a company produces across all its operations, from manufacturing to shipping. Your detailed reports help businesses set credible emission reduction targets and prove their climate progress to investors.","Meticulous,Analytical,Strategic,Ethical","data,analytical,systems,writing,independent,leadership","$70k–$125k","Environment + Finance","https://www.onetonline.org/link/summary/13-1199.05","false"
"Brownfield Redevelopment Specialist","Environment & Sustainability","Law & Government, Business & Finance","You transform contaminated industrial sites—old gas stations, factories, dumps—into safe spaces for parks, housing, or businesses. Your expertise navigates complex environmental regulations and cleanup technologies to give polluted land a second life.","Strategic,Patient,Technical,Negotiator","systems,analytical,people,data,writing,leadership","$60k–$100k","Environment + Real Estate","https://www.onetonline.org/link/summary/17-2081.00","false"
"Environmental Educator","Environment & Sustainability","Education & Coaching, Social Impact & Nonprofit","You teach kids and adults about ecosystems, climate change, and conservation through hands-on activities at nature centers, parks, and schools. Your programs spark curiosity and empower people to make choices that protect the planet.","Enthusiastic,Patient,Creative,Communicative","people,creative,outdoor,hands-on,leadership,visual","$35k–$55k","Environment + Education","https://www.onetonline.org/link/summary/25-9045.00","false"
"Geospatial Environmental Analyst","Environment & Sustainability","Tech & Engineering, Science & Research","You use satellite imagery, drones, and mapping software to visualize deforestation, track oil spills, or model flood zones. Your maps and data layers help governments and organizations see environmental problems and solutions from above.","Technical,Visual,Analytical,Detail-oriented","data,visual,analytical,systems,independent,research","$55k–$95k","Environment + Tech","https://www.onetonline.org/link/summary/15-1299.02","false"
"Ecotourism Guide","Environment & Sustainability","Hospitality & Events, Education & Coaching","You lead small groups through rainforests, coral reefs, or wildlife reserves, teaching them about ecosystems while ensuring tourism doesn't damage fragile environments. Your tours create memorable experiences that fund conservation and local communities.","Charismatic,Knowledgeable,Adventurous,Culturally-aware","people,outdoor,travel,physical,hands-on,leadership","$30k–$55k","Environment + Tourism","https://www.onetonline.org/link/summary/39-7012.00","false"
"Hazardous Materials Removal Worker","Environment & Sustainability","Tech & Engineering","You suit up in protective gear to safely remove asbestos, lead paint, radioactive materials, and chemical waste from buildings and contaminated sites. Your dangerous but essential work makes spaces safe for people and prevents toxins from spreading.","Brave,Careful,Physical,Team-oriented","hands-on,physical,systems,team,fast,outdoor","$40k–$75k","","https://www.bls.gov/ooh/construction-and-extraction/hazardous-materials-removal-workers.htm","false"
"Grant Writer","Social Impact & Nonprofit","Business & Finance","You research funding opportunities and write compelling proposals to secure money for nonprofit programs and causes. Your words directly translate into resources that help communities, fund research, or support people in need.","Persuasive,Detail-oriented,Research-driven,Deadline-focused","writing,research,independent,data,systems,calm","$50k–$78k","","https://www.onetonline.org/link/summary/13-1131.00","false"
"Community Health Worker","Social Impact & Nonprofit","Healthcare & Medicine","You serve as a bridge between healthcare systems and underserved communities, helping people access medical care, social services, and health education. You might visit homes, organize health fairs, or help someone navigate insurance paperwork.","Empathetic,Culturally-aware,Patient,Resourceful","people,hands-on,community,travel,leadership,calm","$38k–$56k","Healthcare + Community","https://www.bls.gov/ooh/community-and-social-service/health-education-specialists.htm","false"
"Disaster Relief Coordinator","Social Impact & Nonprofit","Hospitality & Events,Law & Government","You organize emergency response efforts when hurricanes, earthquakes, or other disasters strike, coordinating volunteers, supplies, and shelters. Your quick thinking and logistics skills directly save lives and help communities recover.","Calm under pressure,Organized,Decisive,Adaptable","fast,leadership,people,travel,systems,physical","$45k–$72k","Events + Emergency","https://www.onetonline.org/link/summary/11-9161.00","false"
"Refugee Resettlement Caseworker","Social Impact & Nonprofit","Law & Government","You help refugees rebuild their lives in a new country by connecting them with housing, employment, language classes, and cultural orientation. You become a lifeline for families navigating an entirely unfamiliar system.","Empathetic,Patient,Culturally-sensitive,Problem-solver","people,calm,independent,systems,community","$40k–$55k","","https://www.onetonline.org/link/summary/21-1021.00","false"
"Nonprofit Program Evaluator","Social Impact & Nonprofit","Science & Research,Business & Finance","You measure whether social programs actually work by designing surveys, analyzing data, and reporting on outcomes. Your findings help organizations improve their impact and prove their value to funders.","Analytical,Objective,Detail-oriented,Curious","data,research,systems,analytical,independent,writing","$55k–$85k","Research + Social Good","https://www.onetonline.org/link/summary/19-3011.00","false"
"Youth Development Specialist","Social Impact & Nonprofit","Education & Coaching","You design and run after-school programs, mentorship initiatives, or summer camps that help young people build confidence and life skills. You might coach teens through college applications or lead leadership workshops.","Energetic,Encouraging,Creative,Relatable","people,creative,leadership,hands-on,community","$38k–$52k","","https://www.onetonline.org/link/summary/21-1093.00","false"
"Social Impact Data Analyst","Social Impact & Nonprofit","Tech & Engineering,Business & Finance","You crunch numbers to reveal how nonprofits can maximize their positive impact on communities. Your dashboards and reports help leaders make smarter decisions about where to invest resources.","Analytical,Detail-oriented,Strategic,Tech-savvy","data,systems,analytical,independent,visual","$52k–$80k","Tech + Social Good","https://www.onetonline.org/link/summary/15-2051.00","false"
"Volunteer Coordinator","Social Impact & Nonprofit","Hospitality & Events","You recruit, train, and manage volunteers who power nonprofit programs, matching their skills and passions with meaningful opportunities. You create experiences that keep people coming back to serve.","Personable,Organized,Motivating,Flexible","people,leadership,systems,community,fast","$40k–$58k","","https://www.onetonline.org/link/summary/11-9151.00","false"
"Environmental Justice Advocate","Social Impact & Nonprofit","Environment & Sustainability,Law & Government","You fight for communities disproportionately affected by pollution, toxic waste, or climate change by organizing campaigns and pushing for policy changes. Your work ensures that environmental protection includes everyone.","Passionate,Persistent,Strategic,Courageous","people,leadership,writing,community,outdoor,research","$45k–$70k","Environment + Justice","https://www.onetonline.org/link/summary/13-1041.01","false"
"Microfinance Loan Officer","Social Impact & Nonprofit","Business & Finance,Entrepreneurship","You help low-income entrepreneurs access small loans to start or grow businesses, often in underserved communities around the world. You review applications, provide financial coaching, and watch small investments transform lives.","Empathetic,Business-minded,Trustworthy,Patient","people,data,systems,community,analytical","$42k–$65k","Finance + Social Good","https://www.onetonline.org/link/summary/13-2071.00","false"
"Housing Rights Organizer","Social Impact & Nonprofit","Law & Government","You mobilize tenants and communities to fight for affordable housing, prevent evictions, and advocate for fair housing policies. You train residents to speak at city council meetings and lead their own campaigns.","Passionate,Empowering,Strategic,Resilient","people,leadership,community,fast,writing","$40k–$60k","","https://www.onetonline.org/link/summary/13-1041.01","false"
"Nonprofit Communications Director","Social Impact & Nonprofit","Media & Journalism,Design & Creative","You craft the stories, social media posts, and press releases that help people understand and support a nonprofit's mission. Your messaging turns complex issues into compelling calls to action.","Creative,Strategic,Articulate,Versatile","writing,creative,visual,people,leadership,fast","$55k–$90k","Media + Social Good","https://www.onetonline.org/link/summary/11-2031.00","false"
"Food Bank Operations Manager","Social Impact & Nonprofit","Business & Finance","You oversee the logistics of collecting, storing, and distributing food to thousands of families facing hunger. You manage warehouse operations, coordinate with grocery stores, and ensure nothing goes to waste.","Organized,Practical,Leadership-driven,Efficient","systems,leadership,hands-on,fast,people","$48k–$72k","","https://www.onetonline.org/link/summary/11-1021.00","false"
"Human Rights Researcher","Social Impact & Nonprofit","Science & Research,Law & Government","You investigate and document human rights abuses around the world, interviewing witnesses and gathering evidence that can hold governments accountable. Your reports influence international policy and media coverage.","Meticulous,Courageous,Ethical,Persistent","research,writing,independent,travel,data,analytical","$50k–$80k","Research + Justice","https://www.onetonline.org/link/summary/19-3094.00","false"
"Peer Support Specialist","Social Impact & Nonprofit","Healthcare & Medicine","You use your own lived experience with mental health challenges or addiction recovery to help others on their healing journey. You offer hope, practical guidance, and proof that recovery is possible.","Empathetic,Authentic,Resilient,Supportive","people,calm,community,hands-on,independent","$35k–$50k","","https://www.onetonline.org/link/summary/21-1094.00","false"
"Corporate Social Responsibility Manager","Social Impact & Nonprofit","Business & Finance,Environment & Sustainability","You help companies create positive social and environmental impact through charitable giving, sustainability initiatives, and ethical business practices. You bridge the gap between profit and purpose.","Strategic,Diplomatic,Visionary,Data-driven","leadership,systems,people,data,writing,analytical","$70k–$120k","Business + Social Good","https://www.onetonline.org/link/summary/11-2011.00","false"
"Digital Inclusion Specialist","Social Impact & Nonprofit","Tech & Engineering,Education & Coaching","You work to close the digital divide by helping underserved communities access technology, internet, and digital literacy training. You might set up computer labs, teach seniors to video chat, or advocate for broadband access.","Patient,Tech-savvy,Community-minded,Adaptable","people,hands-on,systems,community,creative","$42k–$65k","Tech + Equity","https://www.onetonline.org/link/summary/15-1232.00","false"
"International Development Project Manager","Social Impact & Nonprofit","Business & Finance,Law & Government","You oversee humanitarian or development projects in other countries, managing budgets, local staff, and partnerships to address poverty, health, or education challenges. You turn funding into real change on the ground.","Culturally-aware,Organized,Adaptable,Strategic","travel,leadership,systems,people,data,fast","$60k–$100k","","https://www.onetonline.org/link/summary/11-9199.00","false"
"Art Therapist for Underserved Youth","Social Impact & Nonprofit","Arts & Performance,Healthcare & Medicine","You use creative expression to help young people process trauma, build confidence, and develop coping skills. Through painting, music, or drama, you unlock healing in ways talk therapy can't reach.","Creative,Empathetic,Patient,Intuitive","creative,people,calm,hands-on,visual","$48k–$72k","Arts + Healing","https://www.onetonline.org/link/summary/29-1125.00","false"
"Social Enterprise Founder","Social Impact & Nonprofit","Entrepreneurship,Business & Finance","You build and run a business designed to solve a social problem while generating sustainable revenue. Your venture might employ formerly incarcerated individuals, fund clean water projects, or upcycle waste into products.","Visionary,Resourceful,Risk-taking,Mission-driven","leadership,creative,systems,independent,fast,people","$45k–$150k","Business + Purpose","https://www.onetonline.org/link/summary/11-1011.00","false"
"Foley Artist","Arts & Performance","Media & Journalism, Tech & Engineering","You create custom sound effects for films, TV shows, and video games by using everyday objects in creative ways—like crunching celery for bone breaks or walking on gravel trays for footsteps. Your work brings scenes to life and makes audiences feel completely immersed in the story.","Creative,Detail-oriented,Resourceful,Patient","creative,hands-on,independent,visual,systems,calm","$35k–$85k","Film + Sound Design","https://www.onetonline.org/link/summary/27-4014.00","false"
"Theatrical Makeup Artist","Arts & Performance","Fashion & Beauty, Media & Journalism","You transform actors into characters using prosthetics, special effects makeup, and theatrical techniques for stage productions, film, and TV. Your artistry helps audiences believe in monsters, aging effects, and fantasy creatures that couldn't exist otherwise.","Creative,Detail-oriented,Collaborative,Adaptable","creative,hands-on,visual,people,fast,physical","$30k–$75k","Theater + Beauty","https://www.onetonline.org/link/summary/39-5091.00","false"
"Art Conservator","Arts & Performance","Science & Research, Education & Coaching","You restore and preserve paintings, sculptures, and historical artifacts using chemistry and specialized techniques to reverse damage from age, light, or accidents. Your work ensures that masterpieces and cultural treasures survive for future generations to experience.","Patient,Analytical,Detail-oriented,Curious","hands-on,analytical,calm,independent,visual,systems","$42k–$85k","Art + Science","https://www.onetonline.org/link/summary/25-4013.00","false"
"Orchestrator","Arts & Performance","Media & Journalism","You take a composer's musical ideas and arrange them for full orchestras, deciding which instruments play which parts and how they blend together. Your arrangements determine whether a film score sounds epic, intimate, or haunting.","Creative,Analytical,Detail-oriented,Collaborative","creative,analytical,independent,systems,calm,visual","$40k–$100k","","https://www.onetonline.org/link/summary/27-2041.00","false"
"Lighting Designer","Arts & Performance","Tech & Engineering, Design & Creative","You design and program lighting systems for theater productions, concerts, and live events to create mood, focus attention, and enhance storytelling. Your work transforms stages from ordinary spaces into magical worlds that audiences remember forever.","Creative,Technical,Collaborative,Adaptable","creative,visual,systems,hands-on,fast,leadership","$38k–$95k","Theater + Tech","https://www.onetonline.org/link/summary/27-1027.00","false"
"Puppeteer","Arts & Performance","Media & Journalism, Education & Coaching","You bring characters to life through hand puppets, marionettes, or animatronics for TV shows, films, theater, and educational programs. Your physical skill and voice acting create beloved characters that entertain and teach audiences of all ages.","Creative,Expressive,Physical,Patient","creative,physical,people,visual,hands-on,independent","$30k–$70k","","https://www.onetonline.org/link/summary/27-2011.00","false"
"Scenic Painter","Arts & Performance","Design & Creative","You paint backdrops, sets, and props for theater, film, and television productions, using techniques like faux finishing to make materials look like marble, wood, or aged surfaces. Your artistry creates the visual world that transports audiences to different times and places.","Creative,Detail-oriented,Physical,Collaborative","creative,hands-on,visual,physical,independent,calm","$32k–$65k","","https://www.onetonline.org/link/summary/27-1013.00","false"
"Voice Actor","Arts & Performance","Media & Journalism, Tech & Engineering","You provide voices for animated characters, video games, audiobooks, commercials, and dubbing projects using vocal range and acting skills. Your voice becomes the personality of characters that millions of people connect with emotionally.","Creative,Expressive,Versatile,Disciplined","creative,independent,fast,people,visual,calm","$35k–$90k","Animation + Acting","https://www.onetonline.org/link/summary/27-2011.00","false"
"Stunt Coordinator","Arts & Performance","Media & Journalism, Sports & Fitness","You design, choreograph, and oversee dangerous action sequences for films and TV shows, ensuring performers execute falls, fights, and vehicle stunts safely. Your expertise makes impossible action scenes look real while protecting everyone involved.","Leadership,Athletic,Detail-oriented,Calm under pressure","physical,leadership,fast,people,hands-on,outdoor","$50k–$150k","Film + Athletics","https://www.onetonline.org/link/summary/27-2011.00","false"
"Costume Designer","Arts & Performance","Fashion & Beauty, Design & Creative","You research, design, and create costumes that define characters for theater, film, TV, and dance productions. Your clothing choices tell audiences about a character's personality, status, and journey before they even speak.","Creative,Research-oriented,Collaborative,Detail-oriented","creative,visual,hands-on,people,systems,independent","$40k–$85k","Theater + Fashion","https://www.bls.gov/ooh/arts-and-design/fashion-designers.htm","false"
"Movement Coach","Arts & Performance","Education & Coaching, Sports & Fitness","You train actors to use their bodies expressively, teaching period-specific movement, character physicality, and stage combat techniques. Your coaching helps performers become completely different people through how they walk, gesture, and hold themselves.","Patient,Observant,Physical,Communicative","people,physical,creative,leadership,calm,independent","$35k–$75k","Acting + Fitness","https://www.onetonline.org/link/summary/27-2012.02","false"
"Props Master","Arts & Performance","Design & Creative","You source, build, and maintain all the objects actors handle during theater, film, and TV productions—from hero swords to breakfast plates. Your attention to detail ensures every prop supports the story and works perfectly during every performance.","Resourceful,Organized,Creative,Detail-oriented","hands-on,creative,systems,independent,visual,calm","$35k–$70k","","https://www.onetonline.org/link/summary/27-1027.00","false"
"Intimacy Coordinator","Arts & Performance","Media & Journalism","You choreograph and oversee romantic and intimate scenes in film, TV, and theater to ensure actors feel safe and performances look authentic. Your work creates clear boundaries and communication protocols that protect performers while serving the story.","Empathetic,Professional,Communicative,Calm under pressure","people,leadership,calm,creative,systems,independent","$45k–$100k","","https://www.onetonline.org/link/summary/27-2012.00","false"
"Music Therapist","Arts & Performance","Healthcare & Medicine, Education & Coaching","You use music interventions to help patients achieve therapeutic goals like reducing anxiety, improving motor skills, or processing trauma. Your sessions might include songwriting, instrument playing, or listening exercises tailored to each person's needs.","Empathetic,Creative,Patient,Analytical","people,creative,calm,analytical,independent,systems","$48k–$77k","Music + Healthcare","https://www.bls.gov/ooh/healthcare/recreational-therapists.htm","false"
"Casting Director","Arts & Performance","Media & Journalism, Business & Finance","You discover and select actors for film, TV, theater, and commercial productions by running auditions and matching performers to roles. Your eye for talent shapes the entire feel of a project—the right casting can make a story unforgettable.","Perceptive,Decisive,Networked,Organized","people,leadership,fast,creative,independent,visual","$45k–$120k","","https://www.onetonline.org/link/summary/27-2012.00","false"
"Dramaturge","Arts & Performance","Education & Coaching, Science & Research","You research historical context, analyze scripts, and advise directors and playwrights to ensure theatrical productions are accurate and meaningful. Your work uncovers the deeper layers of a play that help audiences connect with stories from any era.","Curious,Analytical,Collaborative,Detail-oriented","analytical,writing,creative,independent,calm,systems","$35k–$65k","Theater + Research","https://www.onetonline.org/link/summary/27-2012.00","false"
"Art Handler","Arts & Performance","Hospitality & Events","You pack, transport, install, and de-install valuable artwork for museums, galleries, collectors, and exhibitions with extreme care. Your expertise in handling priceless pieces ensures that million-dollar paintings and fragile sculptures arrive safely.","Careful,Physical,Detail-oriented,Calm under pressure","physical,hands-on,calm,visual,systems,travel","$32k–$55k","","https://www.onetonline.org/link/summary/37-2011.00","false"
"Dance Notator","Arts & Performance","Education & Coaching","You document choreography using specialized notation systems like Labanotation, creating written records that allow dances to be recreated decades later. Your work preserves dance heritage and ensures legendary choreography isn't lost to time.","Analytical,Detail-oriented,Patient,Observant","analytical,visual,independent,calm,systems,writing","$35k–$60k","Dance + Documentation","https://www.onetonline.org/link/summary/27-2031.00","false"
"Audio Describer","Arts & Performance","Media & Journalism, Social Impact & Nonprofit","You write and narrate descriptions of visual elements in films, TV shows, and live performances so blind and visually impaired audiences can enjoy them fully. Your words paint pictures of facial expressions, actions, and settings that others see.","Empathetic,Articulate,Observant,Creative","writing,people,creative,independent,calm,visual","$35k–$65k","Media + Accessibility","https://www.onetonline.org/link/summary/27-3091.00","false"
"Exhibit Designer","Arts & Performance","Design & Creative, Education & Coaching","You design immersive museum exhibits, trade show displays, and visitor experiences that educate and engage audiences through spatial storytelling. Your layouts determine how people move through spaces and what they remember about what they learned.","Creative,Analytical,Collaborative,Visual","creative,visual,systems,people,hands-on,independent","$45k–$85k","Art + Education","https://www.bls.gov/ooh/arts-and-design/set-and-exhibit-designers.htm","false"