id,name,old_source_url,new_source_url,soc_code,occupation,confidence
003c1621-293c-464f-a504-81653794e5dd,Session Musician (Recording Studio),https://www.bls.gov/ooh/entertainment-and-sports/musicians-and-singers.htm,https://www.onetonline.org/link/summary/27-2042.00,27-2042.00,Musicians and Singers,auto
004abf80-e209-4d02-b12b-8027f8671b15,Accounts Payable Manager,https://www.bls.gov/ooh/office-and-administrative-support/bookkeeping-accounting-and-auditing-clerks.htm,https://www.onetonline.org/link/summary/43-3031.00,43-3031.00,"Bookkeeping, Accounting, and Auditing Clerks",auto
009d9f85-84b9-4386-be96-c19106168abd,Grant Journalist,https://www.bls.gov/ooh/media-and-communication/reporters-correspondents-and-broadcast-news-analysts.htm,https://www.onetonline.org/link/summary/27-3023.00,27-3023.00,"News Analysts, Reporters, and Journalists",hand-verified
00cb3107-023f-491b-aefe-c22a5902559c,Food Service Director (Healthcare),https://www.bls.gov/ooh/management/food-service-managers.htm,https://www.onetonline.org/link/summary/11-9051.00,11-9051.00,Food Service Managers,auto
00cf794c-9cbb-4b61-8692-78f384b8f86a,Long-Form Editor,https://www.bls.gov/ooh/media-and-communication/editors.htm,https://www.onetonline.org/link/summary/27-3041.00,27-3041.00,Editors,auto
00def351-0e8f-406d-af66-42050345c764,Defense Attorney,https://www.bls.gov/ooh/legal/lawyers.htm,https://www.onetonline.org/link/summary/23-1011.00,23-1011.00,Lawyers,auto
01635b04-ee65-4226-ad82-d63b678f1e96,Sustainability-Focused Interior Designer,https://www.bls.gov/ooh/arts-and-design/interior-designers.htm,https://www.onetonline.org/link/summary/27-1025.00,27-1025.00,Interior Designers,auto
01998b5e-b01c-4317-9eff-f0f7428f5b03,Chemist (Chemical Research),https://www.bls.gov/ooh/life-physical-and-social-science/chemists-and-materials-scientists.htm,https://www.onetonline.org/link/summary/19-2031.00,19-2031.00,Chemists,auto
01f56853-22ef-432d-8baa-989ea161be47,Copy Editor,https://www.bls.gov/ooh/media-and-communication/editors.htm,https://www.onetonline.org/link/summary/27-3041.00,27-3041.00,Editors,auto
01fe9c88-fc5b-47f9-99c6-49adb38591d8,Biodiversity Consultant,https://www.bls.gov/ooh/life-physical-and-social-science/environmental-scientists-and-specialists.htm,https://www.onetonline.org/link/summary/19-2041.00,19-2041.00,"Environmental Scientists and Specialists, Including Health",auto
02286f51-7976-4598-84f6-7ee89a140fcb,Food and Beverage Director,https://www.bls.gov/ooh/management/food-service-managers.htm,https://www.onetonline.org/link/summary/11-9051.00,11-9051.00,Food Service Managers,auto
02549d8a-8676-485d-9451-2279ed3e87f9,Mathematics Tutor (Secondary),https://www.bls.gov/ooh/education-training-and-library/high-school-teachers.htm,https://www.onetonline.org/link/summary/25-2031.00,25-2031.00,"Secondary School Teachers, Except Special and Career/Technical Education",hand-verified
026daab1-c21e-430c-9c5a-b15e9b3d5b75,Computer Network Architect,https://www.bls.gov/ooh/computer-and-information-technology/network-and-computer-systems-administrators.htm,https://www.onetonline.org/link/summary/15-1244.00,15-1244.00,Network and Computer Systems Administrators,auto
02e3c2d5-87c7-414c-804e-5e5740447cb5,Mine Reclamation Engineer,https://www.bls.gov/ooh/architecture-and-engineering/environmental-engineers.htm,https://www.onetonline.org/link/summary/17-2081.00,17-2081.00,Environmental Engineers,auto
0301c5b6-5f9f-4ca6-95ac-6fe927d4c0d4,Ecosystem Restoration Ecologist,https://www.bls.gov/ooh/life-physical-and-social-science/environmental-scientists-and-specialists.htm,https://www.onetonline.org/link/summary/19-2041.00,19-2041.00,"Environmental Scientists and Specialists, Including Health",auto
038f9275-f1f2-46ec-b939-910443287b53,Adjunct College Professor,https://www.bls.gov/ooh/education-training-and-library/postsecondary-teachers.htm,https://www.onetonline.org/link/summary/25-1199.00,25-1199.00,"Postsecondary Teachers, All Other",auto
03a7fb8f-a21a-4a4e-bfe3-4bb4cb7fdd49,Visual Data Journalist,https://www.bls.gov/ooh/media-and-communication/reporters-correspondents-and-broadcast-news-analysts.htm,https://www.onetonline.org/link/summary/27-3023.00,27-3023.00,"News Analysts, Reporters, and Journalists",hand-verified
03b58e2c-7e89-4860-93a3-17a3d818aa56,Deputy District Attorney,https://www.bls.gov/ooh/legal/lawyers.htm,https://www.onetonline.org/link/summary/23-1011.00,23-1011.00,Lawyers,auto
03fc9c76-f144-4284-aa8b-bb14f270cc7f,Immigrant Rights Attorney,https://www.bls.gov/ooh/legal/lawyers.htm,https://www.onetonline.org/link/summary/23-1011.00,23-1011.00,Lawyers,auto
041e2f8f-fa00-401e-9c7f-f2b708f3980a,Pollution Control Specialist,https://www.bls.gov/ooh/life-physical-and-social-science/environmental-scientists-and-specialists.htm,https://www.onetonline.org/link/summary/19-2041.00,19-2041.00,"Environmental Scientists and Specialists, Including Health",auto
043aabc3-d60c-4ab3-bad1-da2222b34fa1,Copyright Lawyer,https://www.bls.gov/ooh/legal/lawyers.htm,https://www.onetonline.org/link/summary/23-1011.00,23-1011.00,Lawyers,auto
047a06fe-d425-48db-b5de-f07ed58ab7c1,Basketball Coach (Professional),https://www.bls.gov/ooh/entertainment-and-sports/coaches-and-scouts.htm,https://www.onetonline.org/link/summary/27-2022.00,27-2022.00,Coaches and Scouts,auto
04965e20-a499-44cd-9b9c-7103dd8544e3,Public Health Attorney,https://www.bls.gov/ooh/legal/lawyers.htm,https://www.onetonline.org/link/summary/23-1011.00,23-1011.00,Lawyers,auto
04dfa51a-ad8a-4ff5-8851-53221798c335,Hybrid Events Startup Founder,https://www.bls.gov/ooh/management/top-executives.htm,https://www.onetonline.org/link/summary/11-1011.00,11-1011.00,Chief Executives,hand-verified
0534148f-e8f3-46c7-afc2-72c3443ac4fd,Fact-Checking Journalist,https://www.bls.gov/ooh/media-and-communication/reporters-correspondents-and-broadcast-news-analysts.htm,https://www.onetonline.org/link/summary/27-3023.00,27-3023.00,"News Analysts, Reporters, and Journalists",hand-verified
0589b3ae-6d82-4c3e-8b8d-86cfe1225566,Water Treatment Operator,https://www.bls.gov/ooh/production/water-and-wastewater-treatment-plant-and-system-operators.htm,https://www.onetonline.org/link/summary/51-8031.00,51-8031.00,Water and Wastewater Treatment Plant and System Operators,auto
05d000ea-6f11-4b0c-ab8e-20ce49045390,Resale Authentication Startup Founder,https://www.bls.gov/ooh/management/top-executives.htm,https://www.onetonline.org/link/summary/11-1011.00,11-1011.00,Chief Executives,hand-verified
061974b6-85c3-42fb-a6d9-65f0c1c5bfae,Civil Engineer,https://www.bls.gov/ooh/architecture-and-engineering/civil-engineers.htm,https://www.onetonline.org/link/summary/17-2051.00,17-2051.00,Civil Engineers,auto
06dfa212-98be-4fa4-bcd7-3111936f6eea,Sports Physical Therapist,https://www.bls.gov/ooh/healthcare/physical-therapists.htm,https://www.onetonline.org/link/summary/29-1123.00,29-1123.00,Physical Therapists,auto
07678c84-019f-41c1-94da-8d31611beedf,Social Media Content Creator (News),https://www.bls.gov/ooh/media-and-communication/reporters-correspondents-and-broadcast-news-analysts.htm,https://www.onetonline.org/link/summary/27-3023.00,27-3023.00,"News Analysts, Reporters, and Journalists",hand-verified
0774e904-0de5-4240-8294-67b894f922f8,Actuarial Science Consultant,https://www.bls.gov/ooh/math/actuaries.htm,https://www.onetonline.org/link/summary/15-2011.00,15-2011.00,Actuaries,auto
0776498e-ec5c-42d6-851f-1e653118217a,Book Editor (Publishing),https://www.bls.gov/ooh/media-and-communication/editors.htm,https://www.onetonline.org/link/summary/27-3041.00,27-3041.00,Editors,auto
07ea5fd1-52a8-46cc-b5e0-3788fcf0f68e,Data Analyst,https://www.bls.gov/ooh/math/statisticians.htm,https://www.onetonline.org/link/summary/15-2041.00,15-2041.00,Statisticians,auto
083620be-f921-457e-a60d-c38ca45106a6,News Photographer,https://www.bls.gov/ooh/media-and-communication/photographers.htm,https://www.onetonline.org/link/summary/27-4021.00,27-4021.00,Photographers,auto
08931235-d01a-4107-b931-079d2ca9334c,Digital Magazine Editor,https://www.bls.gov/ooh/media-and-communication/editors.htm,https://www.onetonline.org/link/summary/27-3041.00,27-3041.00,Editors,auto
089946f2-1cb8-460a-a01a-4e0c64b1e8e0,Data Journalism Reporter,https://www.bls.gov/ooh/media-and-communication/reporters-correspondents-and-broadcast-news-analysts.htm,https://www.onetonline.org/link/summary/27-3023.00,27-3023.00,"News Analysts, Reporters, and Journalists",hand-verified
08dda6f7-8bfe-416b-8a7c-cf48b5b0688a,Science Writer,https://www.bls.gov/ooh/media-and-communication/writers-and-authors.htm,https://www.onetonline.org/link/summary/27-3043.00,27-3043.00,Writers and Authors,auto
090531aa-7b21-4a22-bb7b-ba98e9ec3ce8,Tour Guide,https://www.bls.gov/ooh/personal-care-and-service/tour-and-travel-guides.htm,https://www.onetonline.org/link/summary/39-7012.00,39-7012.00,Travel Guides,auto
09104511-5ac8-44e1-9c46-e28515cf26cb,Podcast Producer (News),https://www.bls.gov/ooh/media-and-communication/broadcast-and-sound-engineering-technicians.htm,https://www.onetonline.org/link/summary/27-4012.00,27-4012.00,Broadcast Technicians,auto
09130ec2-bb45-4968-80ad-724edd6a37d9,Theater Director,https://www.bls.gov/ooh/entertainment-and-sports/producers-and-directors.htm,https://www.onetonline.org/link/summary/27-2012.00,27-2012.00,Producers and Directors,auto
09257a56-b78f-49c2-a5e1-67d1e9ccd55a,Resort Facilities Manager,https://www.bls.gov/ooh/management/administrative-services-managers.htm,https://www.onetonline.org/link/summary/11-3012.00,11-3012.00,Administrative Services Managers,auto
09bcf50c-9366-4628-82db-8023d2f66f6f,Entertainment Reporter,https://www.bls.gov/ooh/media-and-communication/reporters-correspondents-and-broadcast-news-analysts.htm,https://www.onetonline.org/link/summary/27-3023.00,27-3023.00,"News Analysts, Reporters, and Journalists",hand-verified
09c20fb1-3b21-47bb-af5a-8baca06a386d,Circular Economy Manager,https://www.bls.gov/ooh/business-and-financial/management-analysts.htm,https://www.onetonline.org/link/summary/13-1111.00,13-1111.00,Management Analysts,auto
0a114023-56db-4151-adf6-c895cb603995,Content Editor,https://www.bls.gov/ooh/media-and-communication/reporters-correspondents-and-broadcast-news-analysts.htm,https://www.onetonline.org/link/summary/27-3023.00,27-3023.00,"News Analysts, Reporters, and Journalists",hand-verified
0a361d95-0cea-40e5-aa56-f82c0a21b8b3,Wind Turbine Technician,https://www.bls.gov/ooh/installation-maintenance-and-repair/wind-turbine-technicians.htm,https://www.onetonline.org/link/summary/49-9081.00,49-9081.00,Wind Turbine Service Technicians,auto
0a92a938-9fe3-4c47-a18f-fce4a96110c1,STEM Education Developer,https://www.bls.gov/ooh/education-training-and-library/instructional-coordinators.htm,https://www.onetonline.org/link/summary/25-9031.00,25-9031.00,Instructional Coordinators,auto
0a9cce28-6f5d-4ada-85b6-21eb7e86dd96,Environmental Lawyer,https://www.bls.gov/ooh/legal/lawyers.htm,https://www.onetonline.org/link/summary/23-1011.00,23-1011.00,Lawyers,auto
0ac9e72f-bb1e-43a6-ba11-f014c56c934c,Frontend Developer,https://www.bls.gov/ooh/computer-and-information-technology/web-developers.htm,https://www.onetonline.org/link/summary/15-1254.00,15-1254.00,Web Developers,auto
0b67d2e9-ba65-49e1-a20f-c0302aa7624f,Video Editor,https://www.bls.gov/ooh/media-and-communication/broadcast-and-sound-engineering-technicians.htm,https://www.onetonline.org/link/summary/27-4012.00,27-4012.00,Broadcast Technicians,auto
0b7e2dbc-dc43-4576-8173-6ba80d1c982e,Social Worker (Child Welfare),https://www.bls.gov/ooh/community-and-social-service/social-workers.htm,https://www.onetonline.org/link/summary/21-1029.00,21-1029.00,"Social Workers, All Other",auto
0c028b17-a4a7-43c3-9280-6b7ec404b9c3,Special Education Technician,https://www.bls.gov/ooh/education-training-and-library/special-education-teachers.htm,https://www.onetonline.org/link/summary/25-2059.00,25-2059.00,"Special Education Teachers, All Other",auto
0c20c515-f7a4-4841-8a2b-27d39d5cf5b7,Acting Coach,https://www.bls.gov/ooh/entertainment-and-sports/actors.htm,https://www.onetonline.org/link/summary/27-2011.00,27-2011.00,Actors,auto
0cbd57e2-90fa-4127-b60f-550746664e55,University Instructor (Part-Time),https://www.bls.gov/ooh/education-training-and-library/postsecondary-teachers.htm,https://www.onetonline.org/link/summary/25-1199.00,25-1199.00,"Postsecondary Teachers, All Other",auto
0d23709e-0f2a-468f-a143-19f3fdb99cad,Firmware Engineer,https://www.bls.gov/ooh/computer-and-information-technology/software-developers.htm,https://www.onetonline.org/link/summary/15-1252.00,15-1252.00,Software Developers,auto
0d39586a-311b-4054-b107-6c6e9371d6d4,Antitrust Attorney,https://www.bls.gov/ooh/legal/lawyers.htm,https://www.onetonline.org/link/summary/23-1011.00,23-1011.00,Lawyers,auto
0d48d8e0-65c2-4d97-8718-f8f5cd47f761,Video Game Journalist,https://www.bls.gov/ooh/media-and-communication/reporters-correspondents-and-broadcast-news-analysts.htm,https://www.onetonline.org/link/summary/27-3023.00,27-3023.00,"News Analysts, Reporters, and Journalists",hand-verified
0d6f4900-1b14-47e4-923c-0a80a10fb022,News Operations Director,https://www.bls.gov/ooh/media-and-communication/broadcast-and-sound-engineering-technicians.htm,https://www.onetonline.org/link/summary/27-4012.00,27-4012.00,Broadcast Technicians,auto
0da8aa7c-6128-423f-9408-19983e99a53e,Radiation Therapist,https://www.bls.gov/ooh/healthcare/radiation-therapists.htm,https://www.onetonline.org/link/summary/29-1124.00,29-1124.00,Radiation Therapists,auto
0ddc9066-979c-4fa7-84e7-220ce828da3f,Environmental Attorney,https://www.bls.gov/ooh/legal/lawyers.htm,https://www.onetonline.org/link/summary/23-1011.00,23-1011.00,Lawyers,auto
0df06fc1-66da-440f-8949-3eebb97794e4,Waste Management Engineer,https://www.bls.gov/ooh/architecture-and-engineering/environmental-engineers.htm,https://www.onetonline.org/link/summary/17-2081.00,17-2081.00,Environmental Engineers,auto
0e28f936-5467-4feb-9861-40594edf0abf,Tech Entrepreneur,https://www.bls.gov/ooh/management/top-executives.htm,https://www.onetonline.org/link/summary/11-1011.00,11-1011.00,Chief Executives,hand-verified
0e7002fa-b9ef-45ac-b204-ee738e9ca537,Human Rights Officer,https://www.bls.gov/ooh/legal/lawyers.htm,https://www.onetonline.org/link/summary/23-1011.00,23-1011.00,Lawyers,auto
0eb83a9d-cb38-445d-b7b0-fb9ba8b060f9,Aerospace Engineer,https://www.bls.gov/ooh/architecture-and-engineering/aerospace-engineers.htm,https://www.onetonline.org/link/summary/17-2011.00,17-2011.00,Aerospace Engineers,auto
0f32b7b2-f4d1-4876-b57f-f00ff545591f,Instructional Coordinator,https://www.bls.gov/ooh/education-training-and-library/instructional-coordinators.htm,https://www.onetonline.org/link/summary/25-9031.00,25-9031.00,Instructional Coordinators,auto
0fc6b6e0-877a-4bb4-8077-3589731e172d,Sustainable Dye Chemist,https://www.bls.gov/ooh/life-physical-and-social-science/chemists-and-materials-scientists.htm,https://www.onetonline.org/link/summary/19-2031.00,19-2031.00,Chemists,auto
0fe9c922-6a0e-4cb8-81d5-edb45dd18b13,Tax Attorney,https://www.bls.gov/ooh/legal/lawyers.htm,https://www.onetonline.org/link/summary/23-1011.00,23-1011.00,Lawyers,auto
106f5610-6b70-4a43-95f2-8fca5c870b2a,Rehabilitation Counselor,https://www.bls.gov/ooh/community-and-social-service/rehabilitation-counselors.htm,https://www.onetonline.org/link/summary/21-1015.00,21-1015.00,Rehabilitation Counselors,auto
10a19992-5b7f-4845-9352-8c6b7badb731,Aesthetician,https://www.bls.gov/ooh/personal-care-and-service/skincare-specialists.htm,https://www.onetonline.org/link/summary/39-5094.00,39-5094.00,Skincare Specialists,auto
11229476-7970-4e67-90b4-38e7087649dd,Career Counselor (School),https://www.bls.gov/ooh/community-and-social-service/school-and-career-counselors.htm,https://www.onetonline.org/link/summary/21-1019.00,21-1019.00,"Counselors, All Other",auto
1227633e-1053-42a3-b9ea-d5111f237aa2,Guest Services Manager,https://www.bls.gov/ooh/management/administrative-services-managers.htm,https://www.onetonline.org/link/summary/11-3012.00,11-3012.00,Administrative Services Managers,auto
129996b1-dae7-47c1-bf01-59124bfa14aa,Renewable Energy Installer,https://www.bls.gov/ooh/construction-and-extraction/solar-photovoltaic-installers.htm,https://www.onetonline.org/link/summary/47-2231.00,47-2231.00,Solar Photovoltaic Installers,auto
12e1de8c-f911-4512-811a-4746a82c64f6,Wetlands Scientist,https://www.bls.gov/ooh/life-physical-and-social-science/environmental-scientists-and-specialists.htm,https://www.onetonline.org/link/summary/19-2041.00,19-2041.00,"Environmental Scientists and Specialists, Including Health",auto
13134fa7-2fb5-4ced-9243-c4925c0b90a0,EdTech Venture Founder,https://www.bls.gov/ooh/management/top-executives.htm,https://www.onetonline.org/link/summary/11-1011.00,11-1011.00,Chief Executives,hand-verified
133a7fb1-24d5-41b1-bc3a-173217ff22a2,Contract Attorney,https://www.bls.gov/ooh/legal/lawyers.htm,https://www.onetonline.org/link/summary/23-1011.00,23-1011.00,Lawyers,auto
13421aeb-9f0d-40be-97bb-67870dfe694d,Environmental Remediation Specialist,https://www.bls.gov/ooh/life-physical-and-social-science/environmental-scientists-and-specialists.htm,https://www.onetonline.org/link/summary/19-2041.00,19-2041.00,"Environmental Scientists and Specialists, Including Health",auto
134e8756-7a12-4c9a-980d-44c611b29654,Circus Performer,https://www.bls.gov/ooh/entertainment-and-sports/actors.htm,https://www.onetonline.org/link/summary/27-2011.00,27-2011.00,Actors,auto
13600dd9-a21e-4b60-8793-6e3356a312d9,Language Immersion Coordinator,https://www.bls.gov/ooh/education-training-and-library/instructional-coordinators.htm,https://www.onetonline.org/link/summary/25-9031.00,25-9031.00,Instructional Coordinators,auto
139efc5b-1afd-45c0-8f8c-597e891cbbf6,Healthcare Startup Founder,https://www.bls.gov/ooh/management/top-executives.htm,https://www.onetonline.org/link/summary/11-1011.00,11-1011.00,Chief Executives,hand-verified
13a04493-7098-4108-9c72-9d02e84b0e9a,AI Consulting Startup Founder,https://www.bls.gov/ooh/business-and-financial/management-analysts.htm,https://www.onetonline.org/link/summary/13-1111.00,13-1111.00,Management Analysts,auto
13a7af24-d8b6-4e0d-94c6-baab9a31ab18,Environmental Engineer,https://www.bls.gov/ooh/architecture-and-engineering/environmental-engineers.htm,https://www.onetonline.org/link/summary/17-2081.00,17-2081.00,Environmental Engineers,auto
13b60b43-a2ff-44a9-9b20-cfb804e35fa1,Proptech Startup Founder,https://www.bls.gov/ooh/management/top-executives.htm,https://www.onetonline.org/link/summary/11-1011.00,11-1011.00,Chief Executives,hand-verified
13c03f26-a986-45fc-bde1-979487327120,Consulting Solo Practitioner,https://www.bls.gov/ooh/business-and-financial/management-analysts.htm,https://www.onetonline.org/link/summary/13-1111.00,13-1111.00,Management Analysts,auto
14194f31-358e-40f5-94a7-44a3438ffad1,Corrections Officer,https://www.bls.gov/ooh/protective-service/correctional-officers.htm,https://www.onetonline.org/link/summary/21-1092.00,21-1092.00,Probation Officers and Correctional Treatment Specialists,auto
147e7358-d162-4c0c-ae72-e942d62684eb,Fact Checker (News Outlet),https://www.bls.gov/ooh/media-and-communication/reporters-correspondents-and-broadcast-news-analysts.htm,https://www.onetonline.org/link/summary/27-3023.00,27-3023.00,"News Analysts, Reporters, and Journalists",hand-verified
1539cdc0-bd03-4a49-b0db-b61f321ec79a,Cirque du Soleil Acrobat,https://www.bls.gov/ooh/entertainment-and-sports/dancers-and-choreographers.htm,https://www.onetonline.org/link/summary/27-2031.00,27-2031.00,Dancers,auto
1548f630-7e12-4823-a246-c57cef83a61d,Policy Advisor (Federal),https://www.bls.gov/ooh/business-and-financial/management-analysts.htm,https://www.onetonline.org/link/summary/13-1111.00,13-1111.00,Management Analysts,auto
1557afe6-9f89-4415-bb83-832aee27991b,Wetlands Consultant,https://www.bls.gov/ooh/life-physical-and-social-science/environmental-scientists-and-specialists.htm,https://www.onetonline.org/link/summary/19-2041.00,19-2041.00,"Environmental Scientists and Specialists, Including Health",auto
160a619d-4500-49a2-86c0-ef54cf938546,Intellectual Property Paralegal,https://www.bls.gov/ooh/legal/paralegals-and-legal-assistants.htm,https://www.onetonline.org/link/summary/23-2011.00,23-2011.00,Paralegals and Legal Assistants,auto
16c81c55-3d96-4bd7-adc3-d4b4cf6ebb42,Technical Writer (Science/Tech),https://www.bls.gov/ooh/media-and-communication/technical-writers.htm,https://www.onetonline.org/link/summary/27-3042.00,27-3042.00,Technical Writers,auto
16cb58c5-0afa-4ea1-bfe2-6694672e9648,Robotics Systems Engineer,https://www.bls.gov/ooh/architecture-and-engineering/electrical-and-electronics-engineers.htm,https://www.onetonline.org/link/summary/17-2071.00,17-2071.00,Electrical Engineers,auto
16d82ffc-426a-4872-bcb3-e215feec3d9c,Data Pipeline Engineer,https://www.bls.gov/ooh/computer-and-information-technology/software-developers.htm,https://www.onetonline.org/link/summary/15-1252.00,15-1252.00,Software Developers,auto
16ec6c34-bfae-44e1-bd09-91f766501c5b,English Language Learner (ESL) Teacher,https://www.bls.gov/ooh/education-training-and-library/high-school-teachers.htm,https://www.onetonline.org/link/summary/25-2031.00,25-2031.00,"Secondary School Teachers, Except Special and Career/Technical Education",hand-verified
176faa89-171e-4657-a319-c520d0b3a320,Environmental Compliance Attorney,https://www.bls.gov/ooh/legal/lawyers.htm,https://www.onetonline.org/link/summary/23-1011.00,23-1011.00,Lawyers,auto
17826ec0-e7a0-4490-991e-c9736c5201c3,Coastal Zone Manager,https://www.bls.gov/ooh/life-physical-and-social-science/environmental-scientists-and-specialists.htm,https://www.onetonline.org/link/summary/19-2041.00,19-2041.00,"Environmental Scientists and Specialists, Including Health",auto
1787dd22-62af-4f10-b43d-4dd6be9c0b69,Fact Checker (News Organization),https://www.bls.gov/ooh/media-and-communication/reporters-correspondents-and-broadcast-news-analysts.htm,https://www.onetonline.org/link/summary/27-3023.00,27-3023.00,"News Analysts, Reporters, and Journalists",hand-verified
17c8c85a-4f03-4ad5-a433-f2ef48514dc5,Counterfeiting Investigator,https://www.bls.gov/ooh/protective-service/police-and-detectives.htm,https://www.onetonline.org/link/summary/33-3051.00,33-3051.00,Police and Sheriff's Patrol Officers,hand-verified
1812ee11-d3e0-4042-a7bb-57720b706dd6,SaaS Metrics Specialist Founder,https://www.bls.gov/ooh/business-and-financial/management-analysts.htm,https://www.onetonline.org/link/summary/13-1111.00,13-1111.00,Management Analysts,auto
185d0df4-690d-4714-ab75-fbd2931ea2e4,Fact-Checker (Journalism),https://www.bls.gov/ooh/media-and-communication/reporters-correspondents-and-broadcast-news-analysts.htm,https://www.onetonline.org/link/summary/27-3023.00,27-3023.00,"News Analysts, Reporters, and Journalists",hand-verified
18be9e47-fa5d-4826-9ee7-943236195a2f,Landscape Architect,https://www.bls.gov/ooh/architecture-and-engineering/landscape-architects.htm,https://www.onetonline.org/link/summary/17-1012.00,17-1012.00,Landscape Architects,auto
194c0280-d417-4860-90e2-9f3ab0ac0077,Water Treatment Plant Operator,https://www.bls.gov/ooh/production/water-and-wastewater-treatment-plant-and-system-operators.htm,https://www.onetonline.org/link/summary/51-8031.00,51-8031.00,Water and Wastewater Treatment Plant and System Operators,auto
19961b34-7d19-42b7-bbd2-c4ea9c895c56,Chemist (Organic),https://www.bls.gov/ooh/life-physical-and-social-science/chemists-and-materials-scientists.htm,https://www.onetonline.org/link/summary/19-2031.00,19-2031.00,Chemists,auto
199a1ed2-197b-48b6-9d6f-255447ccb5dd,IT Support Technician,https://www.bls.gov/ooh/computer-and-information-technology/computer-support-specialists.htm,https://www.onetonline.org/link/summary/15-1231.00,15-1231.00,Computer Network Support Specialists,auto
19b6beff-af08-453c-b2d6-65c041f50a7d,Restaurant Entrepreneur,https://www.bls.gov/ooh/management/top-executives.htm,https://www.onetonline.org/link/summary/11-1011.00,11-1011.00,Chief Executives,hand-verified
19fddce2-ec72-4cb6-92a2-adf1633118ea,Physics Researcher,https://www.bls.gov/ooh/life-physical-and-social-science/physicists-and-astronomers.htm,https://www.onetonline.org/link/summary/19-2011.00,19-2011.00,Astronomers,auto
1a04432b-2be1-44df-916b-c57d21689499,Orchestra Conductor,https://www.bls.gov/ooh/entertainment-and-sports/music-directors-and-composers.htm,https://www.onetonline.org/link/summary/27-2041.00,27-2041.00,Music Directors and Composers,auto
1a4f0804-8973-43da-85b1-61e42ff3fd98,Sustainable Materials Engineer,https://www.bls.gov/ooh/architecture-and-engineering/materials-engineers.htm,https://www.onetonline.org/link/summary/17-2131.00,17-2131.00,Materials Engineers,auto
1a5eb0d0-855f-4c7a-8211-9ae6393eb45a,Tax Law Specialist,https://www.bls.gov/ooh/legal/lawyers.htm,https://www.onetonline.org/link/summary/23-1011.00,23-1011.00,Lawyers,auto
1afc299e-dca4-4a04-97ad-ac7948532977,Research Physician,https://www.bls.gov/ooh/life-physical-and-social-science/medical-scientists.htm,https://www.onetonline.org/link/summary/19-1042.00,19-1042.00,"Medical Scientists, Except Epidemiologists",auto
1b385832-7b76-45f0-8238-d100b094f868,Forest Ecologist,https://www.bls.gov/ooh/life-physical-and-social-science/environmental-scientists-and-specialists.htm,https://www.onetonline.org/link/summary/19-2041.00,19-2041.00,"Environmental Scientists and Specialists, Including Health",auto
1b4dad65-5095-48eb-8e0b-5738ebb999c5,Social Media Manager (News Org),https://www.bls.gov/ooh/media-and-communication/reporters-correspondents-and-broadcast-news-analysts.htm,https://www.onetonline.org/link/summary/27-3023.00,27-3023.00,"News Analysts, Reporters, and Journalists",hand-verified
1b941b2f-e048-42d7-9004-8a000f94ed98,Payment Systems Architect,https://www.bls.gov/ooh/computer-and-information-technology/software-developers.htm,https://www.onetonline.org/link/summary/15-1252.00,15-1252.00,Software Developers,auto
1bc141eb-7ffe-403f-9c99-bab1163d839f,Platform Engineer,https://www.bls.gov/ooh/computer-and-information-technology/software-developers.htm,https://www.onetonline.org/link/summary/15-1252.00,15-1252.00,Software Developers,auto
1bc77b02-628c-4652-87db-95af96ad3636,Privacy Counsel (Data Protection),https://www.bls.gov/ooh/legal/lawyers.htm,https://www.onetonline.org/link/summary/23-1011.00,23-1011.00,Lawyers,auto
1bcf8f14-0e12-4cac-825f-4eee7a6546e2,Interactive Reporter (Immersive Journalism),https://www.bls.gov/ooh/media-and-communication/reporters-correspondents-and-broadcast-news-analysts.htm,https://www.onetonline.org/link/summary/27-3023.00,27-3023.00,"News Analysts, Reporters, and Journalists",hand-verified
1c110c3e-b623-4306-b8da-01f0d5be645c,Intellectual Property Examiner,https://www.bls.gov/ooh/legal/judges-and-hearing-officers.htm,https://www.onetonline.org/link/summary/23-1021.00,23-1021.00,"Administrative Law Judges, Adjudicators, and Hearing Officers",auto
1c896db8-9232-4241-8efc-6c5d1883931f,Labor Relations Specialist,https://www.bls.gov/ooh/business-and-financial/human-resources-specialists.htm,https://www.onetonline.org/link/summary/13-1071.00,13-1071.00,Human Resources Specialists,auto
1d3cf0cb-d2ee-48e8-a84c-1dadf698ef98,Regulatory Compliance Attorney,https://www.bls.gov/ooh/legal/lawyers.htm,https://www.onetonline.org/link/summary/23-1011.00,23-1011.00,Lawyers,auto
1d3fb744-9d9b-4a26-a1e3-b2a22e090bcf,Compliance Lawyer,https://www.bls.gov/ooh/legal/lawyers.htm,https://www.onetonline.org/link/summary/23-1011.00,23-1011.00,Lawyers,auto
1d509249-fe4d-4c09-a1b9-809e8607552e,Business Development Manager,https://www.bls.gov/ooh/management/administrative-services-managers.htm,https://www.onetonline.org/link/summary/11-3012.00,11-3012.00,Administrative Services Managers,auto
1daf50ee-fd62-47e0-a99b-5979c2cf63ec,Case Manager,https://www.bls.gov/ooh/community-and-social-service/social-and-human-service-assistants.htm,https://www.onetonline.org/link/summary/21-1093.00,21-1093.00,Social and Human Service Assistants,auto
1dc589ae-921e-4b0d-9180-99af36b75108,Lacrosse Coach,https://www.bls.gov/ooh/entertainment-and-sports/coaches-and-scouts.htm,https://www.onetonline.org/link/summary/27-2022.00,27-2022.00,Coaches and Scouts,auto
1dddff9a-4713-4733-94f7-ed33af882233,UX/UI Designer,https://www.bls.gov/ooh/arts-and-design/graphic-designers.htm,https://www.onetonline.org/link/summary/27-1024.00,27-1024.00,Graphic Designers,auto
1ebd4a35-c3c8-444c-a8fb-a2b05b368187,Zoning Attorney,https://www.bls.gov/ooh/legal/lawyers.htm,https://www.onetonline.org/link/summary/23-1011.00,23-1011.00,Lawyers,auto
1ec793d2-6449-4406-8e11-ef9d7bb39fc0,Private Event Caterer,https://www.bls.gov/ooh/food-preparation-and-serving/chefs-and-head-cooks.htm,https://www.onetonline.org/link/summary/35-1011.00,35-1011.00,Chefs and Head Cooks,auto
1f02feb9-a71f-4294-81a9-b6d9db766701,Social Services Manager,https://www.bls.gov/ooh/management/social-and-community-service-managers.htm,https://www.onetonline.org/link/summary/11-9151.00,11-9151.00,Social and Community Service Managers,auto
1f2d696c-ce27-498a-985c-3793515d4ee4,Actuary,https://www.bls.gov/ooh/math/actuaries.htm,https://www.onetonline.org/link/summary/15-2011.00,15-2011.00,Actuaries,auto
1f676475-8185-447c-86fb-18753b6231c2,Ecological Restoration Specialist,https://www.bls.gov/ooh/life-physical-and-social-science/environmental-scientists-and-specialists.htm,https://www.onetonline.org/link/summary/19-2041.00,19-2041.00,"Environmental Scientists and Specialists, Including Health",auto
1fb69573-c66d-4bc1-af58-e091797e6c67,Quality Control Analyst,https://www.bls.gov/ooh/production/quality-control-inspectors.htm,https://www.onetonline.org/link/summary/51-9061.00,51-9061.00,"Inspectors, Testers, Sorters, Samplers, and Weighers",hand-verified
1fceaed4-8089-442b-b7f6-f8bf4b884cd0,Music Critic,https://www.bls.gov/ooh/media-and-communication/reporters-correspondents-and-broadcast-news-analysts.htm,https://www.onetonline.org/link/summary/27-3023.00,27-3023.00,"News Analysts, Reporters, and Journalists",hand-verified
203d3789-0561-4759-8c8e-3f0f5c18e689,Investment Advisor,https://www.bls.gov/ooh/business-and-financial/personal-financial-advisors.htm,https://www.onetonline.org/link/summary/13-2052.00,13-2052.00,Personal Financial Advisors,auto
2110ac6d-684a-46af-bae2-6e207a8183cd,Regulatory Compliance Counsel,https://www.bls.gov/ooh/legal/lawyers.htm,https://www.onetonline.org/link/summary/23-1011.00,23-1011.00,Lawyers,auto
21251f70-5103-4b0c-b4e0-dc411921f4d4,Arts Critic,https://www.bls.gov/ooh/media-and-communication/reporters-correspondents-and-broadcast-news-analysts.htm,https://www.onetonline.org/link/summary/27-3023.00,27-3023.00,"News Analysts, Reporters, and Journalists",hand-verified
21331d42-7526-4588-8ec6-bb959d9e0ae1,Character Animator,https://www.bls.gov/ooh/arts-and-design/multimedia-artists-and-animators.htm,https://www.onetonline.org/link/summary/27-1014.00,27-1014.00,Special Effects Artists and Animators,hand-verified
21bd7baf-99ae-4ec7-bc04-9dbfbd20bca1,Intimates Designer,https://www.bls.gov/ooh/arts-and-design/fashion-designers.htm,https://www.onetonline.org/link/summary/27-1022.00,27-1022.00,Fashion Designers,auto
21c02058-153a-4cb0-b9a6-5c1db9390900,Indie Game Publisher,https://www.bls.gov/ooh/management/top-executives.htm,https://www.onetonline.org/link/summary/11-1011.00,11-1011.00,Chief Executives,hand-verified
21d3ba3e-7757-4a46-9d6f-2f37e83df6a5,Renewable Energy Transition Consultant,https://www.bls.gov/ooh/business-and-financial/management-analysts.htm,https://www.onetonline.org/link/summary/13-1111.00,13-1111.00,Management Analysts,auto
2204a74d-38dd-439c-9af5-6b27ae343a3c,On-Demand Services App Founder,https://www.bls.gov/ooh/management/top-executives.htm,https://www.onetonline.org/link/summary/11-1011.00,11-1011.00,Chief Executives,hand-verified
22337cc7-556a-4cc9-86f0-5acda8c4c153,Digital Media Producer,https://www.bls.gov/ooh/arts-and-design/multimedia-artists-and-animators.htm,https://www.onetonline.org/link/summary/27-1014.00,27-1014.00,Special Effects Artists and Animators,hand-verified
22b8ac61-dcd2-41ea-ba3f-8e645e020696,Clinical Researcher,https://www.bls.gov/ooh/life-physical-and-social-science/medical-scientists.htm,https://www.onetonline.org/link/summary/19-1042.00,19-1042.00,"Medical Scientists, Except Epidemiologists",auto
236c95cb-4cc7-42e3-801a-318877b67faf,Media Producer (News),https://www.bls.gov/ooh/media-and-communication/reporters-correspondents-and-broadcast-news-analysts.htm,https://www.onetonline.org/link/summary/27-3023.00,27-3023.00,"News Analysts, Reporters, and Journalists",hand-verified
23826a1a-65c1-427c-be7f-7628201bd6ce,Research Programmer,https://www.bls.gov/ooh/computer-and-information-technology/software-developers.htm,https://www.onetonline.org/link/summary/15-1252.00,15-1252.00,Software Developers,auto
23b6847c-cc6f-4653-b81c-952a61b77f7c,Personal Trainer,https://www.bls.gov/ooh/personal-care-and-service/fitness-trainers-and-instructors.htm,https://www.onetonline.org/link/summary/39-9031.00,39-9031.00,Exercise Trainers and Group Fitness Instructors,auto
23fe7308-5780-4087-9dc2-f2d79aad4ac2,Smart Grid Specialist,https://www.bls.gov/ooh/architecture-and-engineering/electrical-and-electronics-engineers.htm,https://www.onetonline.org/link/summary/17-2071.00,17-2071.00,Electrical Engineers,auto
249075fe-4df4-4c1c-a664-0d061c3b6fa1,Orthotist and Prosthetist,https://www.bls.gov/ooh/healthcare/orthotists-and-prosthetists.htm,https://www.onetonline.org/link/summary/29-2091.00,29-2091.00,Orthotists and Prosthetists,auto
24a04d66-1dfa-43a3-8456-76affc5652b5,Web3 Startup Founder,https://www.bls.gov/ooh/management/top-executives.htm,https://www.onetonline.org/link/summary/11-1011.00,11-1011.00,Chief Executives,hand-verified
252f0f21-671e-4dff-b7f6-750b6bacaaec,Municipal Bond Lawyer,https://www.bls.gov/ooh/legal/lawyers.htm,https://www.onetonline.org/link/summary/23-1011.00,23-1011.00,Lawyers,auto
259068de-60c6-4168-acba-050fe8ca52b4,Podcast Network Operator,https://www.bls.gov/ooh/media-and-communication/broadcast-and-sound-engineering-technicians.htm,https://www.onetonline.org/link/summary/27-4012.00,27-4012.00,Broadcast Technicians,auto
260a8a44-daf0-4f20-99df-89b1ab97c6bf,Corporate Compliance Attorney,https://www.bls.gov/ooh/legal/lawyers.htm,https://www.onetonline.org/link/summary/23-1011.00,23-1011.00,Lawyers,auto
2683c9b9-a478-4682-b810-8e067dae6aad,Nuclear Engineer,https://www.bls.gov/ooh/architecture-and-engineering/nuclear-engineers.htm,https://www.onetonline.org/link/summary/17-2161.00,17-2161.00,Nuclear Engineers,auto
2696b473-2a68-45c8-adf2-d379b53ac920,Systems Engineer (Embedded Systems),https://www.bls.gov/ooh/architecture-and-engineering/electrical-and-electronics-engineers.htm,https://www.onetonline.org/link/summary/17-2071.00,17-2071.00,Electrical Engineers,auto
26cc0dbe-0ed4-4967-b004-91ba570683cb,Cannabis Lawyer,https://www.bls.gov/ooh/legal/lawyers.htm,https://www.onetonline.org/link/summary/23-1011.00,23-1011.00,Lawyers,auto
26ce6924-a60c-4987-88a7-5a15d85b21a1,Physicist (Particle),https://www.bls.gov/ooh/life-physical-and-social-science/physicists-and-astronomers.htm,https://www.onetonline.org/link/summary/19-2011.00,19-2011.00,Astronomers,auto
2733a505-97c0-4e85-b7dd-37787e7118c5,Labor and Employment Lawyer,https://www.bls.gov/ooh/legal/lawyers.htm,https://www.onetonline.org/link/summary/23-1011.00,23-1011.00,Lawyers,auto
2772378a-e15a-43dd-92c0-6ec3858d16e6,Investigative Video Journalist,https://www.bls.gov/ooh/media-and-communication/reporters-correspondents-and-broadcast-news-analysts.htm,https://www.onetonline.org/link/summary/27-3023.00,27-3023.00,"News Analysts, Reporters, and Journalists",hand-verified
27869400-5fec-4a1d-a15c-9f767ae7421c,Criminal Defense Attorney,https://www.bls.gov/ooh/legal/lawyers.htm,https://www.onetonline.org/link/summary/23-1011.00,23-1011.00,Lawyers,auto
27b21e74-e292-41a1-8091-6d5d40f2eac4,Policy Counsel (Tech Regulation),https://www.bls.gov/ooh/legal/lawyers.htm,https://www.onetonline.org/link/summary/23-1011.00,23-1011.00,Lawyers,auto
27bacc65-d27d-4b4a-88a0-1d2d519062b2,Full Stack Quantum Developer,https://www.bls.gov/ooh/computer-and-information-technology/software-developers.htm,https://www.onetonline.org/link/summary/15-1252.00,15-1252.00,Software Developers,auto
27e03fc0-3a66-4c6e-8e0b-b80f38299373,Cosmetics Chemist,https://www.bls.gov/ooh/life-physical-and-social-science/chemists-and-materials-scientists.htm,https://www.onetonline.org/link/summary/19-2031.00,19-2031.00,Chemists,auto
28296272-d6ab-4734-8cad-d1a00360f1c8,Video Editor (News),https://www.bls.gov/ooh/arts-and-design/multimedia-artists-and-animators.htm,https://www.onetonline.org/link/summary/27-1014.00,27-1014.00,Special Effects Artists and Animators,hand-verified
282c961e-9bab-4e49-8945-302cb2ee8405,Content Writer (Specialized),https://www.bls.gov/ooh/media-and-communication/writers-and-authors.htm,https://www.onetonline.org/link/summary/27-3043.00,27-3043.00,Writers and Authors,auto
2835bfd8-76d0-49eb-acd7-f46c69023366,Systems Administrator,https://www.bls.gov/ooh/computer-and-information-technology/network-and-computer-systems-administrators.htm,https://www.onetonline.org/link/summary/15-1244.00,15-1244.00,Network and Computer Systems Administrators,auto
2854b5bc-089c-4baf-aa9d-234ee7272306,Biodiversity Startup Founder,https://www.bls.gov/ooh/management/top-executives.htm,https://www.onetonline.org/link/summary/11-1011.00,11-1011.00,Chief Executives,hand-verified
28a52831-1d2e-4d75-afad-e673b3665057,Securities Attorney,https://www.bls.gov/ooh/legal/lawyers.htm,https://www.onetonline.org/link/summary/23-1011.00,23-1011.00,Lawyers,auto
28ae8f72-5006-42af-a07a-6b1bedb4f797,Advanced Placement (AP) Test Coordinator,https://www.bls.gov/ooh/education-training-and-library/instructional-coordinators.htm,https://www.onetonline.org/link/summary/25-9031.00,25-9031.00,Instructional Coordinators,auto
28be90fb-616a-4a0c-82f8-b71287440eb6,Patent Lawyer,https://www.bls.gov/ooh/legal/lawyers.htm,https://www.onetonline.org/link/summary/23-1011.00,23-1011.00,Lawyers,auto
28c669b2-396d-4618-80ff-c9f4284f989c,Broadcasting Director,https://www.bls.gov/ooh/media-and-communication/broadcast-and-sound-engineering-technicians.htm,https://www.onetonline.org/link/summary/27-4012.00,27-4012.00,Broadcast Technicians,auto
292297a8-f0b5-431e-a88a-ea650c994a43,Technical Writer (Software),https://www.bls.gov/ooh/media-and-communication/technical-writers.htm,https://www.onetonline.org/link/summary/27-3042.00,27-3042.00,Technical Writers,auto
294ff40d-c7ec-426c-8f8f-6ddb7aa55a68,Cost Estimator,https://www.bls.gov/ooh/business-and-financial/cost-estimators.htm,https://www.onetonline.org/link/summary/13-1051.00,13-1051.00,Cost Estimators,auto
29b4c72f-69a2-4a21-b819-778bad8de6f4,Live Event Video Director,https://www.bls.gov/ooh/media-and-communication/broadcast-and-sound-engineering-technicians.htm,https://www.onetonline.org/link/summary/27-4012.00,27-4012.00,Broadcast Technicians,auto
29dbbcfe-5b10-4391-ad7b-1cb1b7789752,Cybersecurity Operations Manager,https://www.bls.gov/ooh/computer-and-information-technology/information-security-analysts.htm,https://www.onetonline.org/link/summary/15-1212.00,15-1212.00,Information Security Analysts,auto
29debf99-659d-419f-94d4-13353b75b827,Vulnerability Researcher,https://www.bls.gov/ooh/computer-and-information-technology/information-security-analysts.htm,https://www.onetonline.org/link/summary/15-1212.00,15-1212.00,Information Security Analysts,auto
29f301ac-992c-4f50-a717-dfefc1b0163e,Podcaster,https://www.bls.gov/ooh/media-and-communication/broadcast-and-sound-engineering-technicians.htm,https://www.onetonline.org/link/summary/27-4012.00,27-4012.00,Broadcast Technicians,auto
2a0e4de7-eea7-4da2-b191-475dffb4cd8b,Performance Artist (Dance/Movement),https://www.bls.gov/ooh/entertainment-and-sports/dancers-and-choreographers.htm,https://www.onetonline.org/link/summary/27-2031.00,27-2031.00,Dancers,auto
2a8b3c3a-fe5c-4213-9648-a648f92e6df8,Quality Control Analyst (STEM),https://www.bls.gov/ooh/production/quality-control-inspectors.htm,https://www.onetonline.org/link/summary/51-9061.00,51-9061.00,"Inspectors, Testers, Sorters, Samplers, and Weighers",hand-verified
2a98cf37-9d56-481e-b606-76e04931f671,Photo Journalist,https://www.bls.gov/ooh/media-and-communication/reporters-correspondents-and-broadcast-news-analysts.htm,https://www.onetonline.org/link/summary/27-3023.00,27-3023.00,"News Analysts, Reporters, and Journalists",hand-verified
2b06ccf8-7d6b-4814-861b-8879250f2468,Beauty Editor,https://www.bls.gov/ooh/media-and-communication/editors.htm,https://www.onetonline.org/link/summary/27-3041.00,27-3041.00,Editors,auto
2c24e443-00bd-4e05-9e61-224d59f26e4e,Patent Prosecutor,https://www.bls.gov/ooh/legal/lawyers.htm,https://www.onetonline.org/link/summary/23-1011.00,23-1011.00,Lawyers,auto
2c8dbdf5-546a-4983-afcc-bc24e631d95d,Backend Engineer,https://www.bls.gov/ooh/computer-and-information-technology/software-developers.htm,https://www.onetonline.org/link/summary/15-1252.00,15-1252.00,Software Developers,auto
2c8e2cc6-a59e-4edd-9d5d-e50461309d14,App Developer (Freelance),https://www.bls.gov/ooh/computer-and-information-technology/software-developers.htm,https://www.onetonline.org/link/summary/15-1252.00,15-1252.00,Software Developers,auto
2cb3f8a7-4df0-4dc7-bd7a-37507f56e6ee,Book Reviewer,https://www.bls.gov/ooh/media-and-communication/writers-and-authors.htm,https://www.onetonline.org/link/summary/27-3043.00,27-3043.00,Writers and Authors,auto
2d13ac51-2a80-48bb-9957-31a676dbb941,Pastry Chef (Sous Chef Level),https://www.bls.gov/ooh/food-preparation-and-serving/chefs-and-head-cooks.htm,https://www.onetonline.org/link/summary/35-1011.00,35-1011.00,Chefs and Head Cooks,auto
2d2ddab8-a75e-4dc5-be21-53c8617d3339,Ballet Instructor,https://www.bls.gov/ooh/entertainment-and-sports/dancers-and-choreographers.htm,https://www.onetonline.org/link/summary/27-2031.00,27-2031.00,Dancers,auto
2d56e71b-ceb7-42b9-b91d-c8345afb0137,Sustainable Building Designer,https://www.bls.gov/ooh/architecture-and-engineering/architects.htm,https://www.onetonline.org/link/summary/15-1241.00,15-1241.00,Computer Network Architects,auto
2d7e99e8-d17d-4672-b1b3-db6ca3df9cde,Corporate Trainer,https://www.bls.gov/ooh/business-and-financial/training-and-development-specialists.htm,https://www.onetonline.org/link/summary/13-1151.00,13-1151.00,Training and Development Specialists,auto
2d8b1743-c1fb-48d7-9198-fbda7ac26c2b,Impact Venture Founder,https://www.bls.gov/ooh/management/top-executives.htm,https://www.onetonline.org/link/summary/11-1011.00,11-1011.00,Chief Executives,hand-verified
2d94d89c-a576-4fde-81c8-1395f772ad7a,Parole Officer,https://www.bls.gov/ooh/community-and-social-service/probation-officers-and-correctional-treatment-specialists.htm,https://www.onetonline.org/link/summary/21-1092.00,21-1092.00,Probation Officers and Correctional Treatment Specialists,auto
2dfa4bf0-1def-4878-a8c0-de0913c2c511,Editorial Manager,https://www.bls.gov/ooh/media-and-communication/editors.htm,https://www.onetonline.org/link/summary/27-3041.00,27-3041.00,Editors,auto
2e23adc0-16db-4d93-bafc-ad6812af427c,Sports Broadcast Analyst,https://www.bls.gov/ooh/media-and-communication/broadcast-and-sound-engineering-technicians.htm,https://www.onetonline.org/link/summary/27-4012.00,27-4012.00,Broadcast Technicians,auto
2e611b31-5d57-45a2-911f-0a2b7e7db4ba,Food & Beverage Director (Hotel),https://www.bls.gov/ooh/management/food-service-managers.htm,https://www.onetonline.org/link/summary/11-9051.00,11-9051.00,Food Service Managers,auto
2e765de8-4dd7-4300-bcc1-cbf429e2a8b9,Podcast Journalist,https://www.bls.gov/ooh/media-and-communication/reporters-correspondents-and-broadcast-news-analysts.htm,https://www.onetonline.org/link/summary/27-3023.00,27-3023.00,"News Analysts, Reporters, and Journalists",hand-verified
2e7e1c20-b084-4a37-9611-efc7b357f3d8,Food & Beverage Director (Hospitality),https://www.bls.gov/ooh/management/food-service-managers.htm,https://www.onetonline.org/link/summary/11-9051.00,11-9051.00,Food Service Managers,auto
2f16302c-da55-4121-9544-7e1d54729661,Publishing Editor,https://www.bls.gov/ooh/media-and-communication/editors.htm,https://www.onetonline.org/link/summary/27-3041.00,27-3041.00,Editors,auto
2fba32e4-02c0-49eb-8be4-03bb98efcd86,Cybersecurity Consultant,https://www.bls.gov/ooh/computer-and-information-technology/information-security-analysts.htm,https://www.onetonline.org/link/summary/15-1212.00,15-1212.00,Information Security Analysts,auto
2fef7a85-61a1-4525-a43c-e3ed08596aca,Magazine Editor-in-Chief,https://www.bls.gov/ooh/media-and-communication/editors.htm,https://www.onetonline.org/link/summary/27-3041.00,27-3041.00,Editors,auto
30954727-b10f-45c9-8e6e-dd7c6d59b295,Software Engineer (Full Stack),https://www.bls.gov/ooh/computer-and-information-technology/software-developers.htm,https://www.onetonline.org/link/summary/15-1252.00,15-1252.00,Software Developers,auto
30a0162a-770d-45ac-9162-d6168d43f2d0,Social Services Advocate,https://www.bls.gov/ooh/community-and-social-service/social-workers.htm,https://www.onetonline.org/link/summary/21-1029.00,21-1029.00,"Social Workers, All Other",auto
30a94fcb-3914-4530-b9ea-25fe997015bd,Tutoring Center Manager,https://www.bls.gov/ooh/education-training-and-library/instructional-coordinators.htm,https://www.onetonline.org/link/summary/25-9031.00,25-9031.00,Instructional Coordinators,auto
30d62408-148b-40e2-b326-baa3a1d351ea,Sports Broadcasting Analyst,https://www.bls.gov/ooh/media-and-communication/broadcast-and-sound-engineering-technicians.htm,https://www.onetonline.org/link/summary/27-4012.00,27-4012.00,Broadcast Technicians,auto
30de9ed5-dec5-4f1f-a942-8ebcba8dffa7,Conservation Biologist,https://www.bls.gov/ooh/life-physical-and-social-science/zoologists-and-wildlife-biologists.htm,https://www.onetonline.org/link/summary/19-1023.00,19-1023.00,Zoologists and Wildlife Biologists,auto
30e1774d-8d65-4a66-a1c6-423544e11ea0,Early Childhood Educator,https://www.bls.gov/ooh/education-training-and-library/preschool-teachers.htm,https://www.onetonline.org/link/summary/25-2011.00,25-2011.00,"Preschool Teachers, Except Special Education",auto
30ebdcbb-07ac-441b-b9cb-67afe4216b08,Early Childhood Education Specialist,https://www.bls.gov/ooh/personal-care-and-service/childcare-workers.htm,https://www.onetonline.org/link/summary/39-9011.00,39-9011.00,Childcare Workers,auto
311555bf-c93c-44f2-9e8e-b3e5e11fba9e,Independent Journalist (Self-Employed),https://www.bls.gov/ooh/media-and-communication/reporters-correspondents-and-broadcast-news-analysts.htm,https://www.onetonline.org/link/summary/27-3023.00,27-3023.00,"News Analysts, Reporters, and Journalists",hand-verified
31760410-e1d7-4dba-8fcd-7cf5f2f843b0,Live Streaming Producer (Esports),https://www.bls.gov/ooh/arts-and-design/multimedia-artists-and-animators.htm,https://www.onetonline.org/link/summary/27-1014.00,27-1014.00,Special Effects Artists and Animators,hand-verified
31a91a38-d915-4511-81f5-16f218416150,Materials Science Engineer,https://www.bls.gov/ooh/architecture-and-engineering/materials-engineers.htm,https://www.onetonline.org/link/summary/17-2131.00,17-2131.00,Materials Engineers,auto
31bea414-a39d-4e25-83e5-ab119951639f,Renewable Energy Research Scientist,https://www.bls.gov/ooh/life-physical-and-social-science/physicists-and-astronomers.htm,https://www.onetonline.org/link/summary/19-2011.00,19-2011.00,Astronomers,auto
31d195cd-5558-442a-8f1d-48f6324567f1,Pension Actuary,https://www.bls.gov/ooh/math/actuaries.htm,https://www.onetonline.org/link/summary/15-2011.00,15-2011.00,Actuaries,auto
321dd5ed-7bab-4490-9435-d86381b082be,Special Needs Teaching Assistant,https://www.bls.gov/ooh/education-training-and-library/teacher-assistants.htm,https://www.onetonline.org/link/summary/25-9049.00,25-9049.00,"Teaching Assistants, All Other",hand-verified
328fbb4a-d894-4a8c-94c4-b2f722ff3ffb,Opera Singer,https://www.bls.gov/ooh/entertainment-and-sports/musicians-and-singers.htm,https://www.onetonline.org/link/summary/27-2042.00,27-2042.00,Musicians and Singers,auto
32d5647c-7d21-4f17-bb1b-556d40e2247a,Film Producer,https://www.bls.gov/ooh/entertainment-and-sports/producers-and-directors.htm,https://www.onetonline.org/link/summary/27-2012.00,27-2012.00,Producers and Directors,auto
3300a681-5c81-4b1b-92b5-dd0ff5b8a611,Baker (Specialty/Artisanal),https://www.bls.gov/ooh/production/bakers.htm,https://www.onetonline.org/link/summary/51-3011.00,51-3011.00,Bakers,auto
33339414-d8fd-4081-8767-715adafde615,Early Childhood Education Coordinator,https://www.bls.gov/ooh/personal-care-and-service/childcare-workers.htm,https://www.onetonline.org/link/summary/39-9011.00,39-9011.00,Childcare Workers,auto
335c2bc1-1986-42ee-9a3d-6d596018c16a,Biometric Security Specialist,https://www.bls.gov/ooh/computer-and-information-technology/information-security-analysts.htm,https://www.onetonline.org/link/summary/15-1212.00,15-1212.00,Information Security Analysts,auto
33639ecc-08b5-4f89-b138-eafe9edc1e45,Corporate Tax Attorney,https://www.bls.gov/ooh/legal/lawyers.htm,https://www.onetonline.org/link/summary/23-1011.00,23-1011.00,Lawyers,auto
3383983f-241c-4a36-9cd8-2b5ac20c8098,Tax Prosecutor,https://www.bls.gov/ooh/legal/lawyers.htm,https://www.onetonline.org/link/summary/23-1011.00,23-1011.00,Lawyers,auto
33ad3b6d-08a6-4e5f-a8e8-2b2224a70ca7,Environmental Impact Scientist,https://www.bls.gov/ooh/life-physical-and-social-science/environmental-scientists-and-specialists.htm,https://www.onetonline.org/link/summary/19-2041.00,19-2041.00,"Environmental Scientists and Specialists, Including Health",auto
33bf407c-a9b2-49fb-b18a-56b65835d600,Preschool Director,https://www.bls.gov/ooh/education-training-and-library/preschool-teachers.htm,https://www.onetonline.org/link/summary/25-2011.00,25-2011.00,"Preschool Teachers, Except Special Education",auto
3411325f-2d3b-48fd-8e0e-02217679f6a8,Analytical Chemist,https://www.bls.gov/ooh/life-physical-and-social-science/chemists-and-materials-scientists.htm,https://www.onetonline.org/link/summary/19-2031.00,19-2031.00,Chemists,auto
346c24ac-7b01-4838-8d6d-3aceae67106d,Newsletter Writer (Substack Creator),https://www.bls.gov/ooh/media-and-communication/writers-and-authors.htm,https://www.onetonline.org/link/summary/27-3043.00,27-3043.00,Writers and Authors,auto
34d7cb46-99a5-4585-89a9-1454c71d707f,Fact Checker (Publications),https://www.bls.gov/ooh/media-and-communication/reporters-correspondents-and-broadcast-news-analysts.htm,https://www.onetonline.org/link/summary/27-3023.00,27-3023.00,"News Analysts, Reporters, and Journalists",hand-verified
34eddab7-e324-45e2-b466-1d3a1ed95371,Cybersecurity Architect,https://www.bls.gov/ooh/computer-and-information-technology/information-security-analysts.htm,https://www.onetonline.org/link/summary/15-1212.00,15-1212.00,Information Security Analysts,auto
34f3f07f-0675-405f-919a-e625a6a52ae7,STEM Education Program Director,https://www.bls.gov/ooh/education-training-and-library/instructional-coordinators.htm,https://www.onetonline.org/link/summary/25-9031.00,25-9031.00,Instructional Coordinators,auto
3542a29f-333b-4e13-8b37-2b3a9cb9dbbd,Stormwater Management Specialist,https://www.bls.gov/ooh/architecture-and-engineering/environmental-engineers.htm,https://www.onetonline.org/link/summary/17-2081.00,17-2081.00,Environmental Engineers,auto
359fe0f6-0372-445f-8aac-5deba57d6724,Marine Conservation Researcher,https://www.bls.gov/ooh/life-physical-and-social-science/environmental-scientists-and-specialists.htm,https://www.onetonline.org/link/summary/19-2041.00,19-2041.00,"Environmental Scientists and Specialists, Including Health",auto
35b04169-f1e2-4ba1-9864-98b62f7d7e7a,Credit Analyst,https://www.bls.gov/ooh/business-and-financial/financial-analysts.htm,https://www.onetonline.org/link/summary/13-2051.00,13-2051.00,Financial and Investment Analysts,auto
3627717a-52e4-43c3-9bd4-ba2724533311,Government Technology Officer,https://www.bls.gov/ooh/computer-and-information-technology/information-security-analysts.htm,https://www.onetonline.org/link/summary/15-1212.00,15-1212.00,Information Security Analysts,auto
36361570-b9d9-4a01-9435-c069a2d1d257,Mechanical Design Engineer,https://www.bls.gov/ooh/architecture-and-engineering/mechanical-engineers.htm,https://www.onetonline.org/link/summary/17-2141.00,17-2141.00,Mechanical Engineers,auto
367f83b3-9d86-460e-823c-7411e792147e,Human Services Manager,https://www.bls.gov/ooh/management/social-and-community-service-managers.htm,https://www.onetonline.org/link/summary/11-9151.00,11-9151.00,Social and Community Service Managers,auto
36b1a509-f5ab-49a7-921b-f927e1a8e974,Network Infrastructure Engineer,https://www.bls.gov/ooh/computer-and-information-technology/network-and-computer-systems-administrators.htm,https://www.onetonline.org/link/summary/15-1244.00,15-1244.00,Network and Computer Systems Administrators,auto
36d61545-c9ef-4549-8a93-7292116c927e,Fluid Dynamics Engineer,https://www.bls.gov/ooh/architecture-and-engineering/mechanical-engineers.htm,https://www.onetonline.org/link/summary/17-2141.00,17-2141.00,Mechanical Engineers,auto
36e2173e-faf9-496e-bec7-4538e70d2570,Border Security Supervisor,https://www.bls.gov/ooh/protective-service/police-and-detectives.htm,https://www.onetonline.org/link/summary/33-3051.00,33-3051.00,Police and Sheriff's Patrol Officers,hand-verified
370a3fac-fcdb-4791-9963-0f4710795a87,Conservation Ecologist,https://www.bls.gov/ooh/life-physical-and-social-science/zoologists-and-wildlife-biologists.htm,https://www.onetonline.org/link/summary/19-1023.00,19-1023.00,Zoologists and Wildlife Biologists,auto
3749e336-61ce-457b-a880-c4dc545b01b9,Virtual Reality Experience Startup Founder,https://www.bls.gov/ooh/management/top-executives.htm,https://www.onetonline.org/link/summary/11-1011.00,11-1011.00,Chief Executives,hand-verified
386a345a-a7dd-4058-ae52-7355e4978403,Cloud Solutions Architect,https://www.bls.gov/ooh/computer-and-information-technology/computer-network-architects.htm,https://www.onetonline.org/link/summary/15-1241.00,15-1241.00,Computer Network Architects,auto
38891be1-99a7-46bc-99f0-f29612e1c23f,Juvenile Court Judge,https://www.bls.gov/ooh/legal/judges-and-hearing-officers.htm,https://www.onetonline.org/link/summary/23-1021.00,23-1021.00,"Administrative Law Judges, Adjudicators, and Hearing Officers",auto
39060d06-4881-406d-acd8-05de40de9f0f,Competitive Robotics Coach,https://www.bls.gov/ooh/education-training-and-library/high-school-teachers.htm,https://www.onetonline.org/link/summary/25-2031.00,25-2031.00,"Secondary School Teachers, Except Special and Career/Technical Education",hand-verified
3924a08e-69ea-4902-aa5f-6850f8116632,Network Security Engineer,https://www.bls.gov/ooh/computer-and-information-technology/information-security-analysts.htm,https://www.onetonline.org/link/summary/15-1212.00,15-1212.00,Information Security Analysts,auto
3930ae98-5566-44a0-9381-24b61a27b209,Actuary (Pension Plans),https://www.bls.gov/ooh/math/actuaries.htm,https://www.onetonline.org/link/summary/15-2011.00,15-2011.00,Actuaries,auto
399234d9-14e8-4993-8d91-b9ecad867fcd,ESL Instructor,https://www.bls.gov/ooh/education-training-and-library/high-school-teachers.htm,https://www.onetonline.org/link/summary/25-2031.00,25-2031.00,"Secondary School Teachers, Except Special and Career/Technical Education",hand-verified
3a02a819-5c3d-4163-97b0-d909d2731a00,Social Media Manager (News Organizations),https://www.bls.gov/ooh/media-and-communication/reporters-correspondents-and-broadcast-news-analysts.htm,https://www.onetonline.org/link/summary/27-3023.00,27-3023.00,"News Analysts, Reporters, and Journalists",hand-verified
3a1abf98-529c-4312-a85d-00d3d27b030b,Freelance Writer (Specialized),https://www.bls.gov/ooh/media-and-communication/writers-and-authors.htm,https://www.onetonline.org/link/summary/27-3043.00,27-3043.00,Writers and Authors,auto
3a87a4a6-362b-4f10-97b0-c6ab664cf944,Healthtech Entrepreneur,https://www.bls.gov/ooh/management/top-executives.htm,https://www.onetonline.org/link/summary/11-1011.00,11-1011.00,Chief Executives,hand-verified
3aba9774-2b1d-48ae-bea5-21b7abaab3dd,Fintech App Developer Founder,https://www.bls.gov/ooh/computer-and-information-technology/software-developers.htm,https://www.onetonline.org/link/summary/15-1252.00,15-1252.00,Software Developers,auto
3ac36e38-e0ec-447c-96b4-663ad5f01626,Robotics Software Engineer,https://www.bls.gov/ooh/computer-and-information-technology/software-developers.htm,https://www.onetonline.org/link/summary/15-1252.00,15-1252.00,Software Developers,auto
3b16edbe-8ae8-492c-97c3-ba3988c39cb0,Mergers and Acquisitions Lawyer,https://www.bls.gov/ooh/legal/lawyers.htm,https://www.onetonline.org/link/summary/23-1011.00,23-1011.00,Lawyers,auto
3b2faa11-c7a2-47c4-9c3e-1d1a19e56df8,App Developer (Solo),https://www.bls.gov/ooh/computer-and-information-technology/software-developers.htm,https://www.onetonline.org/link/summary/15-1252.00,15-1252.00,Software Developers,auto
3b4c576f-6c70-4078-bed6-8647bfeb2b68,Academic Decathlon Coach,https://www.bls.gov/ooh/education-training-and-library/high-school-teachers.htm,https://www.onetonline.org/link/summary/25-2031.00,25-2031.00,"Secondary School Teachers, Except Special and Career/Technical Education",hand-verified
3b9343a7-8209-4efb-8d0e-62db92a6f307,Cybersecurity Specialist,https://www.bls.gov/ooh/computer-and-information-technology/information-security-analysts.htm,https://www.onetonline.org/link/summary/15-1212.00,15-1212.00,Information Security Analysts,auto
3b95a19d-1ea7-4670-8290-f6334d0483d8,Cloud Infrastructure Engineer,https://www.bls.gov/ooh/computer-and-information-technology/network-and-computer-systems-administrators.htm,https://www.onetonline.org/link/summary/15-1244.00,15-1244.00,Network and Computer Systems Administrators,auto
3ce79dd1-e058-4d3c-ad46-7dd1e64f7745,Tour Operator,https://www.bls.gov/ooh/sales/travel-agents.htm,https://www.onetonline.org/link/summary/41-3041.00,41-3041.00,Travel Agents,auto
3ce9d562-1a9a-4144-a167-ade1406f87a3,Homeland Security Specialist,https://www.bls.gov/ooh/protective-service/security-guards.htm,https://www.onetonline.org/link/summary/33-9032.00,33-9032.00,Security Guards,auto
3d90420d-73a4-419f-b2e5-726e1922e1f1,Securities Lawyer,https://www.bls.gov/ooh/legal/lawyers.htm,https://www.onetonline.org/link/summary/23-1011.00,23-1011.00,Lawyers,auto
3d92ad9a-131b-4b60-9e16-f1f64964190d,Social Media Content Manager,https://www.bls.gov/ooh/arts-and-design/multimedia-artists-and-animators.htm,https://www.onetonline.org/link/summary/27-1014.00,27-1014.00,Special Effects Artists and Animators,hand-verified
3de0d536-0038-4ca4-a4cf-52589c4ad379,Patent Agent,https://www.bls.gov/ooh/legal/lawyers.htm,https://www.onetonline.org/link/summary/23-1011.00,23-1011.00,Lawyers,auto
3e6ddf24-6cf0-463e-9907-a0397643394a,Founder (SaaS Startup),https://www.bls.gov/ooh/management/top-executives.htm,https://www.onetonline.org/link/summary/11-1011.00,11-1011.00,Chief Executives,hand-verified
3eae0f11-7603-433e-ba99-33ea83bd3f35,Intelligence Analyst (Government),https://www.bls.gov/ooh/protective-service/police-and-detectives.htm,https://www.onetonline.org/link/summary/33-3051.00,33-3051.00,Police and Sheriff's Patrol Officers,hand-verified
3ecad0e3-76ce-4333-80ed-7a7171e90307,Graduate Teaching Assistant,https://www.bls.gov/ooh/education-training-and-library/postsecondary-teachers.htm,https://www.onetonline.org/link/summary/25-1199.00,25-1199.00,"Postsecondary Teachers, All Other",auto
3ed678ed-278f-4309-a50a-3a06b71726e7,Industrial Automation Engineer,https://www.bls.gov/ooh/architecture-and-engineering/electrical-and-electronics-engineers.htm,https://www.onetonline.org/link/summary/17-2071.00,17-2071.00,Electrical Engineers,auto
3f1bfa15-15bc-4948-93e0-5370cfb1c011,Wetlands Restoration Specialist,https://www.bls.gov/ooh/life-physical-and-social-science/environmental-scientists-and-specialists.htm,https://www.onetonline.org/link/summary/19-2041.00,19-2041.00,"Environmental Scientists and Specialists, Including Health",auto
3f230d4a-c3c5-4fc6-b8eb-95a3caafcb63,K-12 School Principal,https://www.bls.gov/ooh/management/elementary-middle-and-high-school-principals.htm,https://www.onetonline.org/link/summary/11-9032.00,11-9032.00,"Education Administrators, Kindergarten through Secondary",hand-verified
3f45fb90-0589-4556-87fa-d0323a7df4a1,Artist-in-Residence Coordinator,https://www.bls.gov/ooh/arts-and-design/art-directors.htm,https://www.onetonline.org/link/summary/27-1011.00,27-1011.00,Art Directors,auto
3fc59dd0-0573-4367-adcd-b70ae63701ea,Municipal Zoning Attorney,https://www.bls.gov/ooh/legal/lawyers.htm,https://www.onetonline.org/link/summary/23-1011.00,23-1011.00,Lawyers,auto
4069a294-f4c1-4413-9cae-8d277cfb1bb0,Speech-Language Pathologist,https://www.bls.gov/ooh/healthcare/speech-language-pathologists.htm,https://www.onetonline.org/link/summary/29-1127.00,29-1127.00,Speech-Language Pathologists,auto
40965a9f-05c8-4a9a-8a69-92860a519c00,Data Security Officer,https://www.bls.gov/ooh/computer-and-information-technology/information-security-analysts.htm,https://www.onetonline.org/link/summary/15-1212.00,15-1212.00,Information Security Analysts,auto
409dd5cd-08f3-4227-acf8-ba86c62b1a5b,Motion Journalist,https://www.bls.gov/ooh/media-and-communication/reporters-correspondents-and-broadcast-news-analysts.htm,https://www.onetonline.org/link/summary/27-3023.00,27-3023.00,"News Analysts, Reporters, and Journalists",hand-verified
40cc6a7e-0f77-4fe8-a057-0b099fb5e134,Government Inspector (Building Safety),https://www.bls.gov/ooh/construction-and-extraction/construction-and-building-inspectors.htm,https://www.onetonline.org/link/summary/47-4011.00,47-4011.00,Construction and Building Inspectors,auto
40eb1ed2-2d4b-4f2a-a727-e35ca6719699,Renewable Energy Contractor,https://www.bls.gov/ooh/construction-and-extraction/solar-photovoltaic-installers.htm,https://www.onetonline.org/link/summary/47-2231.00,47-2231.00,Solar Photovoltaic Installers,auto
413869b1-36a0-4581-bb91-153c27fab860,Security Operations Center (SOC) Analyst,https://www.bls.gov/ooh/computer-and-information-technology/information-security-analysts.htm,https://www.onetonline.org/link/summary/15-1212.00,15-1212.00,Information Security Analysts,auto
41399be9-0a54-45f9-b568-cfb5038e52a2,Cartographer,https://www.bls.gov/ooh/architecture-and-engineering/cartographers-and-photogrammetrists.htm,https://www.onetonline.org/link/summary/17-1021.00,17-1021.00,Cartographers and Photogrammetrists,auto
413c174d-c05c-4b4c-8b9d-cb5a30bbfc00,Tutoring Center Director,https://www.bls.gov/ooh/education-training-and-library/instructional-coordinators.htm,https://www.onetonline.org/link/summary/25-9031.00,25-9031.00,Instructional Coordinators,auto
413fe077-0b84-4fc9-ba68-ad431e00cb64,Bootstrapped Business Owner,https://www.bls.gov/ooh/management/top-executives.htm,https://www.onetonline.org/link/summary/11-1011.00,11-1011.00,Chief Executives,hand-verified
42094529-e108-4676-b8a1-13c1f5c8d803,Environmental Technician,https://www.bls.gov/ooh/life-physical-and-social-science/environmental-science-and-protection-technicians.htm,https://www.onetonline.org/link/summary/19-4042.00,19-4042.00,"Environmental Science and Protection Technicians, Including Health",auto
42179daf-40f9-41d9-ae1a-3755b2c06a99,Green Building Architect,https://www.bls.gov/ooh/architecture-and-engineering/architects.htm,https://www.onetonline.org/link/summary/15-1241.00,15-1241.00,Computer Network Architects,auto
423bde79-4095-4ed5-860b-7b00e24dfcdd,Social Worker (Adult Services),https://www.bls.gov/ooh/community-and-social-service/social-workers.htm,https://www.onetonline.org/link/summary/21-1029.00,21-1029.00,"Social Workers, All Other",auto
4280a22e-36bf-4310-9f68-3ed7715eba4d,Trademark and Copyright Attorney,https://www.bls.gov/ooh/legal/lawyers.htm,https://www.onetonline.org/link/summary/23-1011.00,23-1011.00,Lawyers,auto
4293b4ec-e648-4a86-8c89-e16d343db4c0,Restaurant Chef/Head Chef,https://www.bls.gov/ooh/food-preparation-and-serving/chefs-and-head-cooks.htm,https://www.onetonline.org/link/summary/35-1011.00,35-1011.00,Chefs and Head Cooks,auto
42c6e02a-4a22-4d60-b1f7-af584d8310d3,Wildlife Biologist,https://www.bls.gov/ooh/life-physical-and-social-science/zoologists-and-wildlife-biologists.htm,https://www.onetonline.org/link/summary/19-1023.00,19-1023.00,Zoologists and Wildlife Biologists,auto
42ce14aa-02d8-4cae-9e06-aa70b9561015,Title Attorney (Real Estate),https://www.bls.gov/ooh/legal/lawyers.htm,https://www.onetonline.org/link/summary/23-1011.00,23-1011.00,Lawyers,auto
42e26130-8cc2-4829-bba8-caf301f6059b,Social Media Analyst (Trends),https://www.bls.gov/ooh/media-and-communication/public-relations-specialists.htm,https://www.onetonline.org/link/summary/27-3031.00,27-3031.00,Public Relations Specialists,auto
42eba046-dee2-4f75-b9e9-9903ae442d19,Ecosystems Restoration Technician,https://www.bls.gov/ooh/life-physical-and-social-science/conservation-scientists.htm,https://www.onetonline.org/link/summary/19-1031.00,19-1031.00,Conservation Scientists,auto
43acc14f-9166-4ac6-883a-dce63a359c51,Fitness Class Instructor (Specialty),https://www.bls.gov/ooh/personal-care-and-service/fitness-trainers-and-instructors.htm,https://www.onetonline.org/link/summary/39-9031.00,39-9031.00,Exercise Trainers and Group Fitness Instructors,auto
43cfa17f-fe67-4ed4-8875-87a7b90a1d68,Food Writer,https://www.bls.gov/ooh/media-and-communication/writers-and-authors.htm,https://www.onetonline.org/link/summary/27-3043.00,27-3043.00,Writers and Authors,auto
43e68e1c-e8cf-4843-8c25-07601a05537d,3D Animator,https://www.bls.gov/ooh/arts-and-design/multimedia-artists-and-animators.htm,https://www.onetonline.org/link/summary/27-1014.00,27-1014.00,Special Effects Artists and Animators,hand-verified
43f5aa03-c247-4585-b984-ae9d09ef4648,Chemist (Analytical),https://www.bls.gov/ooh/life-physical-and-social-science/chemists-and-materials-scientists.htm,https://www.onetonline.org/link/summary/19-2031.00,19-2031.00,Chemists,auto
4401778d-14d3-400c-8c1b-cf5790227882,Social Media Strategist (News Organization),https://www.bls.gov/ooh/media-and-communication/public-relations-specialists.htm,https://www.onetonline.org/link/summary/27-3031.00,27-3031.00,Public Relations Specialists,auto
442f7bc1-32e2-45d3-8d5a-a3d4f392517d,Climate Tech Engineer,https://www.bls.gov/ooh/architecture-and-engineering/environmental-engineers.htm,https://www.onetonline.org/link/summary/17-2081.00,17-2081.00,Environmental Engineers,auto
444a399a-f122-4256-bd35-81758421a2a0,Security Operations Analyst,https://www.bls.gov/ooh/computer-and-information-technology/information-security-analysts.htm,https://www.onetonline.org/link/summary/15-1212.00,15-1212.00,Information Security Analysts,auto
4459fd6e-75e8-48a8-bb82-637a1443c2f4,Fashion Designer (Sustainable),https://www.bls.gov/ooh/arts-and-design/fashion-designers.htm,https://www.onetonline.org/link/summary/27-1022.00,27-1022.00,Fashion Designers,auto
44632abe-cab1-45e2-82e2-abb637cf2539,Public Prosecutor,https://www.bls.gov/ooh/legal/lawyers.htm,https://www.onetonline.org/link/summary/23-1011.00,23-1011.00,Lawyers,auto
44714a51-e90e-4fa4-af2f-9cc90866c3ef,Sports Commentator,https://www.bls.gov/ooh/media-and-communication/broadcast-and-sound-engineering-technicians.htm,https://www.onetonline.org/link/summary/27-4012.00,27-4012.00,Broadcast Technicians,auto
4490d5f7-c027-470c-9374-ecce9ec3f96d,AI Startup Founder,https://www.bls.gov/ooh/management/top-executives.htm,https://www.onetonline.org/link/summary/11-1011.00,11-1011.00,Chief Executives,hand-verified
4490f8ba-dc5a-4379-a09d-4864cd0c69c5,Sous Chef,https://www.bls.gov/ooh/food-preparation-and-serving/chefs-and-head-cooks.htm,https://www.onetonline.org/link/summary/35-1011.00,35-1011.00,Chefs and Head Cooks,auto
44a6db57-9af0-4544-81c9-3518da3442d3,Research Epidemiologist,https://www.bls.gov/ooh/life-physical-and-social-science/epidemiologists.htm,https://www.onetonline.org/link/summary/19-1041.00,19-1041.00,Epidemiologists,auto
44edfe44-d0bd-4a26-8ab8-c7c88db26915,Forest Fire Ecologist,https://www.bls.gov/ooh/life-physical-and-social-science/environmental-scientists-and-specialists.htm,https://www.onetonline.org/link/summary/19-2041.00,19-2041.00,"Environmental Scientists and Specialists, Including Health",auto
4551971f-0d2b-4a3c-8778-b7b3ec1a92c1,Wildlife Population Biologist,https://www.bls.gov/ooh/life-physical-and-social-science/zoologists-and-wildlife-biologists.htm,https://www.onetonline.org/link/summary/19-1023.00,19-1023.00,Zoologists and Wildlife Biologists,auto
456f1def-49c1-40d6-af76-9d0d3edf18b0,Court Reporter,https://www.bls.gov/ooh/legal/court-reporters.htm,https://www.onetonline.org/link/summary/27-3092.00,27-3092.00,Court Reporters and Simultaneous Captioners,auto
45b670c9-0fe7-47dd-93e7-da16569ac16c,Threat Intelligence Analyst,https://www.bls.gov/ooh/computer-and-information-technology/information-security-analysts.htm,https://www.onetonline.org/link/summary/15-1212.00,15-1212.00,Information Security Analysts,auto
460f86e2-c110-4eb8-9ffe-b804b50d7e64,Social Services Counselor,https://www.bls.gov/ooh/community-and-social-service/social-and-human-service-assistants.htm,https://www.onetonline.org/link/summary/21-1093.00,21-1093.00,Social and Human Service Assistants,auto
46347e51-516a-4be6-adb5-2d1e79996bfb,Investigative Researcher,https://www.bls.gov/ooh/media-and-communication/reporters-correspondents-and-broadcast-news-analysts.htm,https://www.onetonline.org/link/summary/27-3023.00,27-3023.00,"News Analysts, Reporters, and Journalists",hand-verified
4651a610-6172-4abc-b754-1271f1f8b2ca,Intellectual Property Litigation Attorney,https://www.bls.gov/ooh/legal/lawyers.htm,https://www.onetonline.org/link/summary/23-1011.00,23-1011.00,Lawyers,auto
469f8e8f-a675-45b9-b43e-bc0cbce952d8,Personal Fitness Trainer (Adaptive),https://www.bls.gov/ooh/personal-care-and-service/fitness-trainers-and-instructors.htm,https://www.onetonline.org/link/summary/39-9031.00,39-9031.00,Exercise Trainers and Group Fitness Instructors,auto
46e89e38-3471-4b7e-99b1-1cf7026496e0,Baroque Music Specialist,https://www.bls.gov/ooh/entertainment-and-sports/musicians-and-singers.htm,https://www.onetonline.org/link/summary/27-2042.00,27-2042.00,Musicians and Singers,auto
47f9cfe6-6932-474f-a8e6-037bde005e9c,Fact Checker (Investigative),https://www.bls.gov/ooh/media-and-communication/reporters-correspondents-and-broadcast-news-analysts.htm,https://www.onetonline.org/link/summary/27-3023.00,27-3023.00,"News Analysts, Reporters, and Journalists",hand-verified
483af109-1637-429e-9900-2785731a9737,Investigative Journalist (Deep Reporting),https://www.bls.gov/ooh/media-and-communication/reporters-correspondents-and-broadcast-news-analysts.htm,https://www.onetonline.org/link/summary/27-3023.00,27-3023.00,"News Analysts, Reporters, and Journalists",hand-verified
4854c42c-d806-45a6-ae33-4a212cf1f4c5,Legislative Staff Attorney,https://www.bls.gov/ooh/legal/lawyers.htm,https://www.onetonline.org/link/summary/23-1011.00,23-1011.00,Lawyers,auto
486c8937-aa48-442d-9998-279e3259c044,Equity Research Analyst,https://www.bls.gov/ooh/business-and-financial/financial-analysts.htm,https://www.onetonline.org/link/summary/13-2051.00,13-2051.00,Financial and Investment Analysts,auto
487ef452-1067-4746-9b3b-ebc90613c59c,Fact Checker (Media Organization),https://www.bls.gov/ooh/media-and-communication/reporters-correspondents-and-broadcast-news-analysts.htm,https://www.onetonline.org/link/summary/27-3023.00,27-3023.00,"News Analysts, Reporters, and Journalists",hand-verified
491804ca-ae4d-40ab-becd-5e27275f7cad,Municipal Building Inspector,https://www.bls.gov/ooh/construction-and-extraction/construction-and-building-inspectors.htm,https://www.onetonline.org/link/summary/47-4011.00,47-4011.00,Construction and Building Inspectors,auto
49901fcb-f247-48c7-83e5-dbfb740fc7fb,Real Estate Appraiser,https://www.bls.gov/ooh/business-and-financial/appraisers-and-assessors-of-real-estate.htm,https://www.onetonline.org/link/summary/13-2023.00,13-2023.00,Appraisers and Assessors of Real Estate,auto
49a44361-b4a1-4dfa-987f-e8aa54a829c1,Early Childhood Administrator,https://www.bls.gov/ooh/education-training-and-library/preschool-teachers.htm,https://www.onetonline.org/link/summary/25-2011.00,25-2011.00,"Preschool Teachers, Except Special Education",auto
49bb3a2e-aec7-4825-9cef-bc1dc8732fdc,Data Scientist (Academia),https://www.bls.gov/ooh/math/mathematicians-and-statisticians.htm,https://www.onetonline.org/link/summary/15-2021.00,15-2021.00,Mathematicians,auto
4a753f10-4be1-4758-a2ac-b6335914b56b,Fact Checker (News),https://www.bls.gov/ooh/media-and-communication/reporters-correspondents-and-broadcast-news-analysts.htm,https://www.onetonline.org/link/summary/27-3023.00,27-3023.00,"News Analysts, Reporters, and Journalists",hand-verified
4adc5cad-22e1-44a2-ae86-55ee04ce2d52,Hardware Engineer,https://www.bls.gov/ooh/architecture-and-engineering/electrical-and-electronics-engineers.htm,https://www.onetonline.org/link/summary/17-2071.00,17-2071.00,Electrical Engineers,auto
4b215253-1b87-4d30-ac5d-23113202e0ee,Virtual Events Platform Founder,https://www.bls.gov/ooh/management/top-executives.htm,https://www.onetonline.org/link/summary/11-1011.00,11-1011.00,Chief Executives,hand-verified
4b57890d-7b25-438c-949f-a9af1e799181,Investment Banker,https://www.bls.gov/ooh/business-and-financial/financial-analysts.htm,https://www.onetonline.org/link/summary/13-2051.00,13-2051.00,Financial and Investment Analysts,auto
4b68fb43-19df-4c77-b607-cb103569cd01,Software Engineer Manager,https://www.bls.gov/ooh/computer-and-information-technology/software-developers.htm,https://www.onetonline.org/link/summary/15-1252.00,15-1252.00,Software Developers,auto
4bca9a6e-1a5d-4713-97e2-894ffceca555,Hyperlocal Delivery Startup Founder,https://www.bls.gov/ooh/management/top-executives.htm,https://www.onetonline.org/link/summary/11-1011.00,11-1011.00,Chief Executives,hand-verified
4c02782e-e221-4cf0-b43a-6da4d104b69a,Coast Guard Officer,https://www.bls.gov/ooh/military/military-careers.htm,https://www.onetonline.org/link/summary/55-1019.00,55-1019.00,"Military Officer Special and Tactical Operations Leaders, All Other",hand-verified
4ca0f8f4-bdae-4bc5-b410-114bcc8c5ab0,Food Service Director (Corporate),https://www.bls.gov/ooh/management/food-service-managers.htm,https://www.onetonline.org/link/summary/11-9051.00,11-9051.00,Food Service Managers,auto
4ca6ff89-cfe4-4afe-af50-9d0c26fe335c,Marine Debris Analyst,https://www.bls.gov/ooh/life-physical-and-social-science/environmental-scientists-and-specialists.htm,https://www.onetonline.org/link/summary/19-2041.00,19-2041.00,"Environmental Scientists and Specialists, Including Health",auto
4cb61c5f-b423-41b3-93b2-0580f4a774d6,Deep Tech Founder,https://www.bls.gov/ooh/management/top-executives.htm,https://www.onetonline.org/link/summary/11-1011.00,11-1011.00,Chief Executives,hand-verified
4d6d119f-b9f7-4c2b-a56c-91adf2660f2f,Building Inspector,https://www.bls.gov/ooh/construction-and-extraction/construction-and-building-inspectors.htm,https://www.onetonline.org/link/summary/47-4011.00,47-4011.00,Construction and Building Inspectors,auto
4d84f6be-11b8-4573-8cc2-a2ca0a13bf10,Speech and Debate Instructor,https://www.bls.gov/ooh/education-training-and-library/high-school-teachers.htm,https://www.onetonline.org/link/summary/25-2031.00,25-2031.00,"Secondary School Teachers, Except Special and Career/Technical Education",hand-verified
4db7b97e-9de8-41c7-b095-3b5b6ea50f22,Hairstylist,https://www.bls.gov/ooh/personal-care-and-service/barbers-hairstylists-and-cosmetologists.htm,https://www.onetonline.org/link/summary/39-5011.00,39-5011.00,Barbers,auto
4dcc5782-2bec-4b79-8e9a-30ee7013049c,Franchise Attorney,https://www.bls.gov/ooh/legal/lawyers.htm,https://www.onetonline.org/link/summary/23-1011.00,23-1011.00,Lawyers,auto
4dd09e29-a165-4eba-be86-98ff14d35ef0,Marine Biologist (Conservation),https://www.bls.gov/ooh/life-physical-and-social-science/zoologists-and-wildlife-biologists.htm,https://www.onetonline.org/link/summary/19-1023.00,19-1023.00,Zoologists and Wildlife Biologists,auto
4dd2b167-7b1e-4c89-9266-7a27430471c5,Fact-Checker (Publication),https://www.bls.gov/ooh/media-and-communication/reporters-correspondents-and-broadcast-news-analysts.htm,https://www.onetonline.org/link/summary/27-3023.00,27-3023.00,"News Analysts, Reporters, and Journalists",hand-verified
4e417651-7766-4547-bfe4-382f2567eb21,Toxicologist,https://www.bls.gov/ooh/life-physical-and-social-science/biochemists-and-biophysicists.htm,https://www.onetonline.org/link/summary/19-1021.00,19-1021.00,Biochemists and Biophysicists,auto
4e46f69b-e4f7-405c-bdc8-9070912ccf4e,Film Editor,https://www.bls.gov/ooh/media-and-communication/film-and-video-editors-and-camera-operators.htm,https://www.onetonline.org/link/summary/27-3041.00,27-3041.00,Editors,auto
4e8d7c15-3caf-4af5-b8f6-96bfc9cd6235,Community Reporter,https://www.bls.gov/ooh/media-and-communication/reporters-correspondents-and-broadcast-news-analysts.htm,https://www.onetonline.org/link/summary/27-3023.00,27-3023.00,"News Analysts, Reporters, and Journalists",hand-verified
4e9a9ab9-1e1b-4fa3-894d-12e88b90051e,Research Writer/Communicator,https://www.bls.gov/ooh/media-and-communication/writers-and-authors.htm,https://www.onetonline.org/link/summary/27-3043.00,27-3043.00,Writers and Authors,auto
4ea81d29-1f9f-4d34-9a51-ad2c933ccf17,IT Security Manager,https://www.bls.gov/ooh/computer-and-information-technology/information-security-analysts.htm,https://www.onetonline.org/link/summary/15-1212.00,15-1212.00,Information Security Analysts,auto
4ef515b4-2fca-4948-84a9-43565ab07cbc,Electrical Engineer,https://www.bls.gov/ooh/architecture-and-engineering/electrical-and-electronics-engineers.htm,https://www.onetonline.org/link/summary/17-2071.00,17-2071.00,Electrical Engineers,auto
4efd98f4-62d2-405e-a636-78d1750c5d8d,Software Engineer (Frontend),https://www.bls.gov/ooh/computer-and-information-technology/software-developers.htm,https://www.onetonline.org/link/summary/15-1252.00,15-1252.00,Software Developers,auto
4f177ef4-d436-4ca5-b944-ad6aa65733c1,Social Media Startup Founder,https://www.bls.gov/ooh/management/top-executives.htm,https://www.onetonline.org/link/summary/11-1011.00,11-1011.00,Chief Executives,hand-verified
4f631822-995b-482c-81f1-fd9fab3c6c90,Executive Director (Small Nonprofit),https://www.bls.gov/ooh/management/social-and-community-service-managers.htm,https://www.onetonline.org/link/summary/11-9151.00,11-9151.00,Social and Community Service Managers,auto
4f8c091e-9e83-40e0-a173-e156ce6e9bc0,Motion Graphics Designer,https://www.bls.gov/ooh/arts-and-design/multimedia-artists-and-animators.htm,https://www.onetonline.org/link/summary/27-1014.00,27-1014.00,Special Effects Artists and Animators,hand-verified
501f8cd6-489e-40eb-861a-a38a9e52ac73,Federal Agent (ATF/DEA),https://www.bls.gov/ooh/protective-service/police-and-detectives.htm,https://www.onetonline.org/link/summary/33-3051.00,33-3051.00,Police and Sheriff's Patrol Officers,hand-verified
5057056a-75cb-47f9-9492-254b314fef43,Financial Analyst (Investment Banking),https://www.bls.gov/ooh/business-and-financial/financial-analysts.htm,https://www.onetonline.org/link/summary/13-2051.00,13-2051.00,Financial and Investment Analysts,auto
50612465-a1d6-44c8-8c15-da10ee44d162,Mediator/Arbitrator,https://www.bls.gov/ooh/legal/arbitrators-mediators-and-conciliators.htm,https://www.onetonline.org/link/summary/23-1022.00,23-1022.00,"Arbitrators, Mediators, and Conciliators",auto
506b377a-036e-46cd-b356-6608233d3831,Biostatistician,https://www.bls.gov/ooh/math/statisticians.htm,https://www.onetonline.org/link/summary/15-2041.00,15-2041.00,Statisticians,auto
50ba2f82-c0c8-4db9-8aee-da1c7ea1eee5,Field Archaeologist,https://www.bls.gov/ooh/life-physical-and-social-science/anthropologists-and-archeologists.htm,https://www.onetonline.org/link/summary/19-3091.00,19-3091.00,Anthropologists and Archeologists,auto
50f5d6cf-6571-449a-9409-9d981a48a7c3,Science Lab Coordinator (K-12),https://www.bls.gov/ooh/education-training-and-library/instructional-coordinators.htm,https://www.onetonline.org/link/summary/25-9031.00,25-9031.00,Instructional Coordinators,auto
50f8d50a-05d2-4ea9-8568-1b5ef68b197b,Chemist (Product Development),https://www.bls.gov/ooh/life-physical-and-social-science/chemists-and-materials-scientists.htm,https://www.onetonline.org/link/summary/19-2031.00,19-2031.00,Chemists,auto
510ebbc0-156e-4033-b748-f3be3032c1bd,Restaurant Chef,https://www.bls.gov/ooh/food-preparation-and-serving/chefs-and-head-cooks.htm,https://www.onetonline.org/link/summary/35-1011.00,35-1011.00,Chefs and Head Cooks,auto
5116cd22-2913-4cbe-bf55-ba8a7074056d,Commercial Leasing Agent,https://www.bls.gov/ooh/sales/real-estate-brokers-and-sales-agents.htm,https://www.onetonline.org/link/summary/41-9021.00,41-9021.00,Real Estate Brokers,auto
524f873e-5e2a-415c-92b9-fd2cc5409565,Personal Trainer (Fitness),https://www.bls.gov/ooh/personal-care-and-service/fitness-trainers-and-instructors.htm,https://www.onetonline.org/link/summary/39-9031.00,39-9031.00,Exercise Trainers and Group Fitness Instructors,auto
52acd84e-115b-4c79-a84c-87c49f4dda3a,Laboratory Animal Caretaker,https://www.bls.gov/ooh/personal-care-and-service/animal-care-and-service-workers.htm,https://www.onetonline.org/link/summary/39-9099.00,39-9099.00,"Personal Care and Service Workers, All Other",auto
52d4acde-b5ff-4c26-aec8-72579103e4bc,Water Rights Attorney,https://www.bls.gov/ooh/legal/lawyers.htm,https://www.onetonline.org/link/summary/23-1011.00,23-1011.00,Lawyers,auto
532318a4-fd4d-4f22-bda0-49ea6f29cd68,Laboratory Scientist,https://www.bls.gov/ooh/life-physical-and-social-science/medical-scientists.htm,https://www.onetonline.org/link/summary/19-1042.00,19-1042.00,"Medical Scientists, Except Epidemiologists",auto
53371a1e-23da-4a0d-858f-62ce3fd15d58,Occupational Health and Safety Engineer,https://www.bls.gov/ooh/architecture-and-engineering/health-and-safety-engineers.htm,https://www.onetonline.org/link/summary/17-2111.00,17-2111.00,"Health and Safety Engineers, Except Mining Safety Engineers and Inspectors",auto
533cfe53-f31c-40ec-b77c-52c4a65b5a4e,Secondhand Luxury Reseller,https://www.bls.gov/ooh/sales/retail-sales-workers.htm,https://www.onetonline.org/link/summary/41-1011.00,41-1011.00,First-Line Supervisors of Retail Sales Workers,auto
5361b60a-4745-452e-9902-371ed341fbe9,News Producer,https://www.bls.gov/ooh/media-and-communication/broadcast-and-sound-engineering-technicians.htm,https://www.onetonline.org/link/summary/27-4012.00,27-4012.00,Broadcast Technicians,auto
53718362-e54e-4b2d-a244-e2e9a7c87452,Live Event Composer,https://www.bls.gov/ooh/entertainment-and-sports/musicians-and-singers.htm,https://www.onetonline.org/link/summary/27-2042.00,27-2042.00,Musicians and Singers,auto
53f518a7-c5d6-4f91-a463-dd6446cd4ef3,Compliance Attorney,https://www.bls.gov/ooh/legal/lawyers.htm,https://www.onetonline.org/link/summary/23-1011.00,23-1011.00,Lawyers,auto
53f96cab-c978-4010-845b-68ff7e97123d,Immigration Attorney,https://www.bls.gov/ooh/legal/lawyers.htm,https://www.onetonline.org/link/summary/23-1011.00,23-1011.00,Lawyers,auto
543cb431-c426-4f0c-96eb-f1ee8496a771,Technical Writer (Journalism),https://www.bls.gov/ooh/media-and-communication/reporters-correspondents-and-broadcast-news-analysts.htm,https://www.onetonline.org/link/summary/27-3023.00,27-3023.00,"News Analysts, Reporters, and Journalists",hand-verified
54aaa258-7974-4445-bbb7-a1f2d8e80880,Environmental Health and Safety Specialist,https://www.bls.gov/ooh/healthcare/occupational-health-and-safety-specialists.htm,https://www.onetonline.org/link/summary/19-5011.00,19-5011.00,Occupational Health and Safety Specialists,auto
54ff087b-1076-4857-9425-ce1241eef33f,IT Security Specialist,https://www.bls.gov/ooh/computer-and-information-technology/information-security-analysts.htm,https://www.onetonline.org/link/summary/15-1212.00,15-1212.00,Information Security Analysts,auto
55113eb2-ac0a-4726-bea9-d41ad35a5f4e,Data Scientist (Environmental),https://www.bls.gov/ooh/math/mathematicians-and-statisticians.htm,https://www.onetonline.org/link/summary/15-2021.00,15-2021.00,Mathematicians,auto
556271e8-9773-4419-ab2f-c0d576b50760,Military Intelligence Officer,https://www.bls.gov/ooh/protective-service/police-and-detectives.htm,https://www.onetonline.org/link/summary/33-3051.00,33-3051.00,Police and Sheriff's Patrol Officers,hand-verified
5597cc16-55b5-4de8-a508-25471dae3b00,Quantum Circuits Designer,https://www.bls.gov/ooh/architecture-and-engineering/electrical-and-electronics-engineers.htm,https://www.onetonline.org/link/summary/17-2071.00,17-2071.00,Electrical Engineers,auto
55c49de1-01b6-4ca2-85a6-8974e1f2ebaa,Guest Experience Manager (Hospitality),https://www.bls.gov/ooh/management/lodging-managers.htm,https://www.onetonline.org/link/summary/11-9081.00,11-9081.00,Lodging Managers,auto
55d4beeb-3598-4268-b9ed-dc8484dd51fa,Municipal Planning Attorney,https://www.bls.gov/ooh/legal/lawyers.htm,https://www.onetonline.org/link/summary/23-1011.00,23-1011.00,Lawyers,auto
55e9ed07-c9ab-41fd-be4b-45d83c25e55e,Beauty Counter Manager (Cosmetics Retail),https://www.bls.gov/ooh/sales/retail-sales-workers.htm,https://www.onetonline.org/link/summary/41-1011.00,41-1011.00,First-Line Supervisors of Retail Sales Workers,auto
56c1fd27-8750-4e03-9467-2ac1ed3059d7,Mediation Attorney,https://www.bls.gov/ooh/legal/lawyers.htm,https://www.onetonline.org/link/summary/23-1011.00,23-1011.00,Lawyers,auto
5703f2c1-987a-419b-8c86-ed6574cfbabd,Robotics Competition Coach,https://www.bls.gov/ooh/education-training-and-library/high-school-teachers.htm,https://www.onetonline.org/link/summary/25-2031.00,25-2031.00,"Secondary School Teachers, Except Special and Career/Technical Education",hand-verified
5715b830-f271-49a9-bbac-083e69ff645a,Legal Technician,https://www.bls.gov/ooh/legal/paralegals-and-legal-assistants.htm,https://www.onetonline.org/link/summary/23-2011.00,23-2011.00,Paralegals and Legal Assistants,auto
5749c93c-bfb8-4e27-b344-e140634dc726,Copy Writer,https://www.bls.gov/ooh/media-and-communication/writers-and-authors.htm,https://www.onetonline.org/link/summary/27-3043.00,27-3043.00,Writers and Authors,auto
57763f57-c434-4f52-abc2-861908b074e5,Biotechnology Specialist,https://www.bls.gov/ooh/life-physical-and-social-science/biochemists-and-biophysicists.htm,https://www.onetonline.org/link/summary/19-1021.00,19-1021.00,Biochemists and Biophysicists,auto
5777aebd-abf0-4c1e-8a16-e0fe564d7683,ESL Teacher (English as Second Language),https://www.bls.gov/ooh/education-training-and-library/high-school-teachers.htm,https://www.onetonline.org/link/summary/25-2031.00,25-2031.00,"Secondary School Teachers, Except Special and Career/Technical Education",hand-verified
57923e76-5fd8-4009-b97f-9c96693c6d8a,Movement Choreographer,https://www.bls.gov/ooh/entertainment-and-sports/dancers-and-choreographers.htm,https://www.onetonline.org/link/summary/27-2031.00,27-2031.00,Dancers,auto
5795754d-6267-4d53-bd2d-eb49bf192d57,Mobile App Developer Entrepreneur,https://www.bls.gov/ooh/computer-and-information-technology/software-developers.htm,https://www.onetonline.org/link/summary/15-1252.00,15-1252.00,Software Developers,auto
57a1ca6e-050e-436d-850c-ffbc77a18b95,Performance Artist,https://www.bls.gov/ooh/entertainment-and-sports/actors.htm,https://www.onetonline.org/link/summary/27-2011.00,27-2011.00,Actors,auto
57cb268c-e9f6-494b-8677-aae1dc7422b3,Insurance Technology Developer,https://www.bls.gov/ooh/computer-and-information-technology/software-developers.htm,https://www.onetonline.org/link/summary/15-1252.00,15-1252.00,Software Developers,auto
584d1946-a2b1-4819-883d-a351ae7960a9,Prosecutor,https://www.bls.gov/ooh/legal/lawyers.htm,https://www.onetonline.org/link/summary/23-1011.00,23-1011.00,Lawyers,auto
585c9f04-9925-4855-91bd-8fcdec3696a1,Software Engineer (Backend),https://www.bls.gov/ooh/computer-and-information-technology/software-developers.htm,https://www.onetonline.org/link/summary/15-1252.00,15-1252.00,Software Developers,auto
58fb1118-e003-4667-8f32-acf69f4b41a3,"Tutor (In-Person, Speciality Subject)",https://www.bls.gov/ooh/education-training-and-library/high-school-teachers.htm,https://www.onetonline.org/link/summary/25-2031.00,25-2031.00,"Secondary School Teachers, Except Special and Career/Technical Education",hand-verified
595b05c1-ae0d-4a9f-a2cb-3f10385ca951,Regulatory Affairs Lawyer,https://www.bls.gov/ooh/legal/lawyers.htm,https://www.onetonline.org/link/summary/23-1011.00,23-1011.00,Lawyers,auto
59ad115e-5b1c-4ed0-8578-7f90d39a37a4,Intellectual Property Lawyer,https://www.bls.gov/ooh/legal/lawyers.htm,https://www.onetonline.org/link/summary/23-1011.00,23-1011.00,Lawyers,auto
5a4fa759-b94e-41d8-8c8f-9bf3eeafb82a,License Plate Recognition Software Startup Founder,https://www.bls.gov/ooh/computer-and-information-technology/software-developers.htm,https://www.onetonline.org/link/summary/15-1252.00,15-1252.00,Software Developers,auto
5aa6010e-263a-4b78-a056-bde1159906b5,Compliance Officer,https://www.bls.gov/ooh/business-and-financial/compliance-officers.htm,https://www.onetonline.org/link/summary/13-1041.00,13-1041.00,Compliance Officers,auto
5ad62108-184f-4458-bec4-1c36534fc7e0,Water Conservation Manager,https://www.bls.gov/ooh/life-physical-and-social-science/environmental-scientists-and-specialists.htm,https://www.onetonline.org/link/summary/19-2041.00,19-2041.00,"Environmental Scientists and Specialists, Including Health",auto
5b316ff8-2456-4d8b-88a0-87b8846fe579,Investment Banker (Mergers & Acquisitions),https://www.bls.gov/ooh/business-and-financial/financial-analysts.htm,https://www.onetonline.org/link/summary/13-2051.00,13-2051.00,Financial and Investment Analysts,auto
5b45bc6c-f8c3-4a0d-863a-e24f7d742dda,Elementary School Teacher,https://www.bls.gov/ooh/education-training-and-library/kindergarten-and-elementary-school-teachers.htm,https://www.onetonline.org/link/summary/25-2021.00,25-2021.00,"Elementary School Teachers, Except Special Education",hand-verified
5b60d640-1248-43cb-b3e1-6f7a3382f866,Feature Writer,https://www.bls.gov/ooh/media-and-communication/writers-and-authors.htm,https://www.onetonline.org/link/summary/27-3043.00,27-3043.00,Writers and Authors,auto
5b9628a4-c197-47a8-91ce-f1619d09eb64,STEM Education Manager,https://www.bls.gov/ooh/education-training-and-library/instructional-coordinators.htm,https://www.onetonline.org/link/summary/25-9031.00,25-9031.00,Instructional Coordinators,auto
5c25906c-7da7-4f95-9ebc-e8c39d4ab1ef,Nonprofit Law Attorney,https://www.bls.gov/ooh/legal/lawyers.htm,https://www.onetonline.org/link/summary/23-1011.00,23-1011.00,Lawyers,auto
5c25f5be-6705-4e76-b5b9-5a673561b87f,Mission-Driven Startup Founder,https://www.bls.gov/ooh/management/top-executives.htm,https://www.onetonline.org/link/summary/11-1011.00,11-1011.00,Chief Executives,hand-verified
5c53126f-eb98-4104-b994-555d75e255ff,Legal Aid Attorney,https://www.bls.gov/ooh/legal/lawyers.htm,https://www.onetonline.org/link/summary/23-1011.00,23-1011.00,Lawyers,auto
5cd9b8e6-5bfc-4aa2-a902-60baadb5988b,Newsletter Editor,https://www.bls.gov/ooh/media-and-communication/writers-and-authors.htm,https://www.onetonline.org/link/summary/27-3043.00,27-3043.00,Writers and Authors,auto
5cf46f35-ba4a-4104-87ba-a4c9e718433c,Logistics Analyst,https://www.bls.gov/ooh/business-and-financial/logisticians.htm,https://www.onetonline.org/link/summary/13-1081.00,13-1081.00,Logisticians,auto
5d6e2c74-ee6b-4f58-bbb5-7685d4a06f26,Personal Trainer Certification Specialist,https://www.bls.gov/ooh/personal-care-and-service/fitness-trainers-and-instructors.htm,https://www.onetonline.org/link/summary/39-9031.00,39-9031.00,Exercise Trainers and Group Fitness Instructors,auto
5d75ace1-cd56-495e-8a4c-994e5b80afe2,Science Explainer Video Creator,https://www.bls.gov/ooh/arts-and-design/multimedia-artists-and-animators.htm,https://www.onetonline.org/link/summary/27-1014.00,27-1014.00,Special Effects Artists and Animators,hand-verified
5d9b2151-d8dd-48ce-9517-8188bbba819c,Independent Substack/Newsletter Creator,https://www.bls.gov/ooh/media-and-communication/writers-and-authors.htm,https://www.onetonline.org/link/summary/27-3043.00,27-3043.00,Writers and Authors,auto
5da5c557-6357-4b18-b885-fc80ad56253c,Marine Conservation Officer,https://www.bls.gov/ooh/protective-service/police-and-detectives.htm,https://www.onetonline.org/link/summary/33-3051.00,33-3051.00,Police and Sheriff's Patrol Officers,hand-verified
5e249e0d-82fa-4893-ac21-092e4a29c823,Appellate Attorney,https://www.bls.gov/ooh/legal/lawyers.htm,https://www.onetonline.org/link/summary/23-1011.00,23-1011.00,Lawyers,auto
5e3d86e1-6b84-485f-8ae2-b7ac5fe404d8,Voiceover Actor,https://www.bls.gov/ooh/entertainment-and-sports/actors.htm,https://www.onetonline.org/link/summary/27-2011.00,27-2011.00,Actors,auto
5e3fa746-bbc6-410b-8c32-cf9189a92fb0,Boutique Owner,https://www.bls.gov/ooh/sales/retail-sales-workers.htm,https://www.onetonline.org/link/summary/41-1011.00,41-1011.00,First-Line Supervisors of Retail Sales Workers,auto
5e42dfa2-bfb1-4066-a934-6a8b51b17180,Federal Agent (DEA),https://www.bls.gov/ooh/protective-service/police-and-detectives.htm,https://www.onetonline.org/link/summary/33-3051.00,33-3051.00,Police and Sheriff's Patrol Officers,hand-verified
5eadf6c5-423c-4fbf-90b9-9a2bcc574298,Cross-Training Coach,https://www.bls.gov/ooh/personal-care-and-service/fitness-trainers-and-instructors.htm,https://www.onetonline.org/link/summary/39-9031.00,39-9031.00,Exercise Trainers and Group Fitness Instructors,auto
5ee74b3c-1521-4cad-9e06-14827a83d93d,Cosmetology Salon Owner,https://www.bls.gov/ooh/personal-care-and-service/barbers-hairdressers-and-cosmetologists.htm,https://www.onetonline.org/link/summary/39-5011.00,39-5011.00,Barbers,auto
5f000910-7b7b-4d2a-aaec-93b0e0b47330,Cybersecurity Analyst,https://www.bls.gov/ooh/computer-and-information-technology/information-security-analysts.htm,https://www.onetonline.org/link/summary/15-1212.00,15-1212.00,Information Security Analysts,auto
600f0ef9-319a-4c00-a42f-0651654c307b,Supreme Court Clerk,https://www.bls.gov/ooh/legal/judges-and-hearing-officers.htm,https://www.onetonline.org/link/summary/23-1021.00,23-1021.00,"Administrative Law Judges, Adjudicators, and Hearing Officers",auto
6042a81d-e868-402f-811a-026bdd9164cd,University Professor (Department Chair),https://www.bls.gov/ooh/education-training-and-library/postsecondary-teachers.htm,https://www.onetonline.org/link/summary/25-1199.00,25-1199.00,"Postsecondary Teachers, All Other",auto
6079b1a9-4300-43b4-adc3-dd6cedb8ab86,Police Captain,https://www.bls.gov/ooh/protective-service/police-and-detectives.htm,https://www.onetonline.org/link/summary/33-3051.00,33-3051.00,Police and Sheriff's Patrol Officers,hand-verified
612f69d1-43b3-44de-9229-79a94aa7c2ef,Circular Fashion Designer,https://www.bls.gov/ooh/arts-and-design/fashion-designers.htm,https://www.onetonline.org/link/summary/27-1022.00,27-1022.00,Fashion Designers,auto
62254b50-96be-422d-814b-004c1e9fff47,Data Visualization Journalist,https://www.bls.gov/ooh/media-and-communication/reporters-correspondents-and-broadcast-news-analysts.htm,https://www.onetonline.org/link/summary/27-3023.00,27-3023.00,"News Analysts, Reporters, and Journalists",hand-verified
628b37ee-d5ee-40ed-bda1-bc7a931cab17,Content Producer,https://www.bls.gov/ooh/media-and-communication/reporters-correspondents-and-broadcast-news-analysts.htm,https://www.onetonline.org/link/summary/27-3023.00,27-3023.00,"News Analysts, Reporters, and Journalists",hand-verified
62a7c1b7-a77d-429e-90e1-b433bdfc9590,Probation Officer,https://www.bls.gov/ooh/community-and-social-service/probation-officers-and-correctional-treatment-specialists.htm,https://www.onetonline.org/link/summary/21-1092.00,21-1092.00,Probation Officers and Correctional Treatment Specialists,auto
62b6d2df-fb7f-4d36-9ace-7047a4f65a59,Physicist (Applied),https://www.bls.gov/ooh/life-physical-and-social-science/physicists-and-astronomers.htm,https://www.onetonline.org/link/summary/19-2011.00,19-2011.00,Astronomers,auto
63061e76-7ce1-4d1e-a023-eb4b4e01f38b,Security Software Engineer,https://www.bls.gov/ooh/computer-and-information-technology/information-security-analysts.htm,https://www.onetonline.org/link/summary/15-1212.00,15-1212.00,Information Security Analysts,auto
6316a01a-e7e2-4e83-bc26-4a56877ce014,Strength Trainer,https://www.bls.gov/ooh/personal-care-and-service/fitness-trainers-and-instructors.htm,https://www.onetonline.org/link/summary/39-9031.00,39-9031.00,Exercise Trainers and Group Fitness Instructors,auto
638eda61-4fdd-462b-8dc3-b787fe7f5263,Labor Relations Manager (Government),https://www.bls.gov/ooh/business-and-financial/human-resources-specialists.htm,https://www.onetonline.org/link/summary/13-1071.00,13-1071.00,Human Resources Specialists,auto
63aa3502-8aa1-4c6d-b6e3-91ed0b2358e4,Technical Writer (Documentation),https://www.bls.gov/ooh/media-and-communication/technical-writers.htm,https://www.onetonline.org/link/summary/27-3042.00,27-3042.00,Technical Writers,auto
6464723e-a698-4de9-a191-73bf44d04dfb,Substance Abuse Counselor,https://www.bls.gov/ooh/community-and-social-service/substance-abuse-and-behavioral-disorder-counselors.htm,https://www.onetonline.org/link/summary/21-1011.00,21-1011.00,Substance Abuse and Behavioral Disorder Counselors,auto
64681d2c-ca17-4a66-8073-91f1c9e16845,Financial Advisor (Independent),https://www.bls.gov/ooh/business-and-financial/personal-financial-advisors.htm,https://www.onetonline.org/link/summary/13-2052.00,13-2052.00,Personal Financial Advisors,auto
649e02fa-d9cc-4a3e-977b-3205746356c0,Election Protection Attorney,https://www.bls.gov/ooh/legal/lawyers.htm,https://www.onetonline.org/link/summary/23-1011.00,23-1011.00,Lawyers,auto
64d89d52-941c-44a9-b64a-fe53e99dcf8f,Fact-Checker (News Organization),https://www.bls.gov/ooh/media-and-communication/reporters-correspondents-and-broadcast-news-analysts.htm,https://www.onetonline.org/link/summary/27-3023.00,27-3023.00,"News Analysts, Reporters, and Journalists",hand-verified
64e82fb5-10f9-449a-ac7a-34b3d01510e3,Air Quality Monitoring Technician,https://www.bls.gov/ooh/life-physical-and-social-science/environmental-science-and-protection-technicians.htm,https://www.onetonline.org/link/summary/19-4042.00,19-4042.00,"Environmental Science and Protection Technicians, Including Health",auto
659867c8-c08f-4b17-a66a-e1d904b34a75,Fact Checker (Publication),https://www.bls.gov/ooh/media-and-communication/reporters-correspondents-and-broadcast-news-analysts.htm,https://www.onetonline.org/link/summary/27-3023.00,27-3023.00,"News Analysts, Reporters, and Journalists",hand-verified
65a9cea1-ae03-40d6-9ddf-2ac373e83811,Water Systems Engineer,https://www.bls.gov/ooh/architecture-and-engineering/civil-engineers.htm,https://www.onetonline.org/link/summary/17-2051.00,17-2051.00,Civil Engineers,auto
661a2ad3-a7d0-42bf-b91f-ddba26b49c1c,Intellectual Property Attorney,https://www.bls.gov/ooh/legal/lawyers.htm,https://www.onetonline.org/link/summary/23-1011.00,23-1011.00,Lawyers,auto
66904899-5f0b-4283-a80e-3e4c5e84e031,Housing Authority Director,https://www.bls.gov/ooh/management/administrative-services-managers.htm,https://www.onetonline.org/link/summary/11-3012.00,11-3012.00,Administrative Services Managers,auto
67039974-be72-4568-bbef-b2e8e55366fc,Conservation Law Specialist,https://www.bls.gov/ooh/legal/lawyers.htm,https://www.onetonline.org/link/summary/23-1011.00,23-1011.00,Lawyers,auto
6750aad7-1486-440c-b370-5f37662c4156,Drug Development Scientist,https://www.bls.gov/ooh/life-physical-and-social-science/biochemists-and-biophysicists.htm,https://www.onetonline.org/link/summary/19-1021.00,19-1021.00,Biochemists and Biophysicists,auto
679f81d9-2a29-4890-846f-0b6959aed768,Fitness Class Instructor (Group),https://www.bls.gov/ooh/personal-care-and-service/fitness-trainers-and-instructors.htm,https://www.onetonline.org/link/summary/39-9031.00,39-9031.00,Exercise Trainers and Group Fitness Instructors,auto
686cae86-8151-4baf-bb1f-dfe4c24f9c21,Social Worker (Adult Protective Services),https://www.bls.gov/ooh/community-and-social-service/social-workers.htm,https://www.onetonline.org/link/summary/21-1029.00,21-1029.00,"Social Workers, All Other",auto
687302f1-dc51-487a-b86e-2868f02374aa,Strength & Conditioning Coach (Esports),https://www.bls.gov/ooh/personal-care-and-service/fitness-trainers-and-instructors.htm,https://www.onetonline.org/link/summary/39-9031.00,39-9031.00,Exercise Trainers and Group Fitness Instructors,auto
68c3ca16-2dce-4306-ac42-d8ec990c4186,Performance Artist (Live),https://www.bls.gov/ooh/entertainment-and-sports/actors.htm,https://www.onetonline.org/link/summary/27-2011.00,27-2011.00,Actors,auto
68c5d305-0775-49fc-b43f-0c8105505677,Hazardous Materials Removal Worker,https://www.bls.gov/ooh/construction-and-extraction/hazardous-materials-removal-workers.htm,https://www.onetonline.org/link/summary/47-4041.00,47-4041.00,Hazardous Materials Removal Workers,auto
68dc2d2a-6f9e-4562-9657-ee648ae4c0cf,Music Journalist,https://www.bls.gov/ooh/media-and-communication/reporters-correspondents-and-broadcast-news-analysts.htm,https://www.onetonline.org/link/summary/27-3023.00,27-3023.00,"News Analysts, Reporters, and Journalists",hand-verified
692e50fb-efe9-421d-b8b2-3ba857d6ba57,Backend Infrastructure Engineer,https://www.bls.gov/ooh/computer-and-information-technology/software-developers.htm,https://www.onetonline.org/link/summary/15-1252.00,15-1252.00,Software Developers,auto
69664e1a-c9ee-4624-8d01-c7553efa1dc6,Securities Regulation Lawyer,https://www.bls.gov/ooh/legal/lawyers.htm,https://www.onetonline.org/link/summary/23-1011.00,23-1011.00,Lawyers,auto
699979b2-0ecb-4e11-8ece-92a5ca0ba5bf,Hedge Fund Manager,https://www.bls.gov/ooh/business-and-financial/financial-analysts.htm,https://www.onetonline.org/link/summary/13-2051.00,13-2051.00,Financial and Investment Analysts,auto
699e0b78-7ebb-4279-ac3b-2e41b3123941,Database Architect,https://www.bls.gov/ooh/computer-and-information-technology/database-administrators.htm,https://www.onetonline.org/link/summary/15-1242.00,15-1242.00,Database Administrators,auto
69e0e2a3-20f6-47d0-88c8-c0937bf32f57,Satellite Systems Engineer,https://www.bls.gov/ooh/architecture-and-engineering/aerospace-engineers.htm,https://www.onetonline.org/link/summary/17-2011.00,17-2011.00,Aerospace Engineers,auto
6a5655a3-4bd6-4874-b42a-365a55ba0a44,Backend Software Engineer,https://www.bls.gov/ooh/computer-and-information-technology/software-developers.htm,https://www.onetonline.org/link/summary/15-1252.00,15-1252.00,Software Developers,auto
6aa6ebc6-13d7-4ed6-a894-908d305bfa5d,Brand Identity Designer,https://www.bls.gov/ooh/arts-and-design/graphic-designers.htm,https://www.onetonline.org/link/summary/27-1024.00,27-1024.00,Graphic Designers,auto
6ac810ef-7bfc-4f38-8513-4cacce2bdf9f,Technical Support Engineer,https://www.bls.gov/ooh/computer-and-information-technology/computer-support-specialists.htm,https://www.onetonline.org/link/summary/15-1231.00,15-1231.00,Computer Network Support Specialists,auto
6acecdb4-61a5-4904-a7d2-04fd39b67e2f,Government Lawyer (Federal),https://www.bls.gov/ooh/legal/lawyers.htm,https://www.onetonline.org/link/summary/23-1011.00,23-1011.00,Lawyers,auto
6af142c7-38e4-4a24-b40b-835d780296d0,Clean Water Engineer,https://www.bls.gov/ooh/architecture-and-engineering/environmental-engineers.htm,https://www.onetonline.org/link/summary/17-2081.00,17-2081.00,Environmental Engineers,auto
6af39fcb-def2-414b-be87-a7d41c6bf282,Cosmetologist (Medical-Grade),https://www.bls.gov/ooh/personal-care-and-service/skincare-specialists.htm,https://www.onetonline.org/link/summary/39-5094.00,39-5094.00,Skincare Specialists,auto
6b0f88b5-1c16-419e-a571-0362b9e8b000,Data Visualization Specialist (Research),https://www.bls.gov/ooh/computer-and-information-technology/web-developers.htm,https://www.onetonline.org/link/summary/15-1254.00,15-1254.00,Web Developers,auto
6b165ba3-0245-4faa-ad6c-3f0f1a586fc3,Gymnastics Coach (Artistic),https://www.bls.gov/ooh/personal-care-and-service/fitness-trainers-and-instructors.htm,https://www.onetonline.org/link/summary/39-9031.00,39-9031.00,Exercise Trainers and Group Fitness Instructors,auto
6b2306b2-7dbc-4792-95f2-007404f80d90,App Developer Entrepreneur,https://www.bls.gov/ooh/computer-and-information-technology/software-developers.htm,https://www.onetonline.org/link/summary/15-1252.00,15-1252.00,Software Developers,auto
6b7e5f67-2403-4068-a4e3-37ac07f6a739,Automation Agency Founder,https://www.bls.gov/ooh/business-and-financial/management-analysts.htm,https://www.onetonline.org/link/summary/13-1111.00,13-1111.00,Management Analysts,auto
6b90ba7b-bdd1-4f13-97e6-bb1fe3b9bdc4,Patent Attorney,https://www.bls.gov/ooh/legal/lawyers.htm,https://www.onetonline.org/link/summary/23-1011.00,23-1011.00,Lawyers,auto
6bc29fb9-fc24-482b-b6b1-b177aa8a69e3,Renewable Energy Supply Chain Manager,https://www.bls.gov/ooh/business-and-financial/logisticians.htm,https://www.onetonline.org/link/summary/13-1081.00,13-1081.00,Logisticians,auto
6bcba312-a671-4af9-a557-57ff7ac8576c,Information Security Manager,https://www.bls.gov/ooh/computer-and-information-technology/information-security-analysts.htm,https://www.onetonline.org/link/summary/15-1212.00,15-1212.00,Information Security Analysts,auto
6bcc9421-fe07-40c2-8bcc-446dc443ff1f,Purchasing Manager,https://www.bls.gov/ooh/business-and-financial/purchasing-managers-buyers-and-purchasing-agents.htm,https://www.onetonline.org/link/summary/11-3061.00,11-3061.00,Purchasing Managers,auto
6c237030-252c-4ef2-83b4-7836f5d33b84,ESOL Specialist,https://www.bls.gov/ooh/education-training-and-library/high-school-teachers.htm,https://www.onetonline.org/link/summary/25-2031.00,25-2031.00,"Secondary School Teachers, Except Special and Career/Technical Education",hand-verified
6c257b36-b591-4f93-8f1d-3f872380bf86,Insurance Actuary,https://www.bls.gov/ooh/math/actuaries.htm,https://www.onetonline.org/link/summary/15-2011.00,15-2011.00,Actuaries,auto
6c897a67-d486-4e90-b1cb-4c1774bddbde,Telecommunications Network Engineer,https://www.bls.gov/ooh/computer-and-information-technology/network-and-computer-systems-administrators.htm,https://www.onetonline.org/link/summary/15-1244.00,15-1244.00,Network and Computer Systems Administrators,auto
6cb04170-b9dc-4bbd-9871-2040370f0dfb,Fitness Trainer (Personal),https://www.bls.gov/ooh/personal-care-and-service/fitness-trainers-and-instructors.htm,https://www.onetonline.org/link/summary/39-9031.00,39-9031.00,Exercise Trainers and Group Fitness Instructors,auto
6cd8daaf-9be8-413c-b2ae-c27449fa7daa,Activewear Designer,https://www.bls.gov/ooh/arts-and-design/fashion-designers.htm,https://www.onetonline.org/link/summary/27-1022.00,27-1022.00,Fashion Designers,auto
6e3254b0-d3eb-472d-bfd6-f7ed66766a85,Quality Control Analyst (Manufacturing),https://www.bls.gov/ooh/production/quality-control-inspectors.htm,https://www.onetonline.org/link/summary/51-9061.00,51-9061.00,"Inspectors, Testers, Sorters, Samplers, and Weighers",hand-verified
6eb75d08-8b7b-48c1-aad8-8c2e1d65847c,Water Resource Manager,https://www.bls.gov/ooh/life-physical-and-social-science/environmental-scientists-and-specialists.htm,https://www.onetonline.org/link/summary/19-2041.00,19-2041.00,"Environmental Scientists and Specialists, Including Health",auto
6ebd2cf3-9a46-48e6-b27f-aa71c188048a,Technical Support Specialist,https://www.bls.gov/ooh/computer-and-information-technology/computer-support-specialists.htm,https://www.onetonline.org/link/summary/15-1231.00,15-1231.00,Computer Network Support Specialists,auto
6eec7056-b782-4edc-8412-bf3cc7e384ed,Animal Rights Attorney,https://www.bls.gov/ooh/legal/lawyers.htm,https://www.onetonline.org/link/summary/23-1011.00,23-1011.00,Lawyers,auto
6efe7b92-b676-4c8f-846a-e6b77a2939c7,Nanotechnology Specialist,https://www.bls.gov/ooh/life-physical-and-social-science/physicists-and-astronomers.htm,https://www.onetonline.org/link/summary/19-2011.00,19-2011.00,Astronomers,auto
6f1a58ae-54c0-4745-affc-993b6dd23498,Mediator,https://www.bls.gov/ooh/legal/arbitrators-mediators-and-conciliators.htm,https://www.onetonline.org/link/summary/23-1022.00,23-1022.00,"Arbitrators, Mediators, and Conciliators",auto
6f9ccd6b-5143-4444-8aa5-085299ac9e1e,Fashion Tech Developer,https://www.bls.gov/ooh/computer-and-information-technology/software-developers.htm,https://www.onetonline.org/link/summary/15-1252.00,15-1252.00,Software Developers,auto
6fae6d11-c204-4136-a876-809ed6312505,Documentary Podcast Producer,https://www.bls.gov/ooh/media-and-communication/broadcast-and-sound-engineering-technicians.htm,https://www.onetonline.org/link/summary/27-4012.00,27-4012.00,Broadcast Technicians,auto
6fe8a231-3346-428b-8fb2-beaa28822874,Cruise Ship Chef,https://www.bls.gov/ooh/food-preparation-and-serving/chefs-and-head-cooks.htm,https://www.onetonline.org/link/summary/35-1011.00,35-1011.00,Chefs and Head Cooks,auto
70093634-b5a2-4ae6-af39-9f819628071a,Licensed Esthetician (Advanced),https://www.bls.gov/ooh/personal-care-and-service/skincare-specialists.htm,https://www.onetonline.org/link/summary/39-5094.00,39-5094.00,Skincare Specialists,auto
701b52b5-24fa-4e0d-ab07-d04f81c678a8,Water Conservation Engineer,https://www.bls.gov/ooh/architecture-and-engineering/environmental-engineers.htm,https://www.onetonline.org/link/summary/17-2081.00,17-2081.00,Environmental Engineers,auto
7035d63d-fa55-4059-b482-29f447b196ea,Fact Checker,https://www.bls.gov/ooh/media-and-communication/reporters-correspondents-and-broadcast-news-analysts.htm,https://www.onetonline.org/link/summary/27-3023.00,27-3023.00,"News Analysts, Reporters, and Journalists",hand-verified
704727de-b4a3-4abc-baa4-73905a8ebf89,Research Scientist,https://www.bls.gov/ooh/life-physical-and-social-science/biochemists-and-biophysicists.htm,https://www.onetonline.org/link/summary/19-1021.00,19-1021.00,Biochemists and Biophysicists,auto
70b2cd62-a8f7-417b-a255-20a92cbcdac1,Management Analyst,https://www.bls.gov/ooh/business-and-financial/management-analysts.htm,https://www.onetonline.org/link/summary/13-1111.00,13-1111.00,Management Analysts,auto
70c7201a-6565-4a4d-b8b6-b8ead62c02f1,Municipal Attorney,https://www.bls.gov/ooh/legal/lawyers.htm,https://www.onetonline.org/link/summary/23-1011.00,23-1011.00,Lawyers,auto
70d1b7e0-6e1c-4474-ab82-67f087ad873d,Voice Actor (Animation & Games),https://www.bls.gov/ooh/entertainment-and-sports/actors.htm,https://www.onetonline.org/link/summary/27-2011.00,27-2011.00,Actors,auto
70df0734-3fcd-4634-a27f-f35ad108e3b6,AI/Machine Learning Specialist,https://www.bls.gov/ooh/computer-and-information-technology/computer-programmers.htm,https://www.onetonline.org/link/summary/15-1251.00,15-1251.00,Computer Programmers,auto
70e02f39-760d-4023-b3df-ac9a06270269,Motion Graphics Animator,https://www.bls.gov/ooh/arts-and-design/multimedia-artists-and-animators.htm,https://www.onetonline.org/link/summary/27-1014.00,27-1014.00,Special Effects Artists and Animators,hand-verified
712f0d5b-75f2-4d73-9566-748c94fbfc0b,Policy Advisor (State/Federal),https://www.bls.gov/ooh/business-and-financial/management-analysts.htm,https://www.onetonline.org/link/summary/13-1111.00,13-1111.00,Management Analysts,auto
713b84ca-84c3-4e50-8bb8-a5ffa533b243,Telemedicine Platform Engineer,https://www.bls.gov/ooh/computer-and-information-technology/software-developers.htm,https://www.onetonline.org/link/summary/15-1252.00,15-1252.00,Software Developers,auto
7150660e-6fa0-4dfe-8fbf-0c89672d85f1,Medical Examiner,https://www.bls.gov/ooh/life-physical-and-social-science/forensic-science-technicians.htm,https://www.onetonline.org/link/summary/19-4092.00,19-4092.00,Forensic Science Technicians,auto
719b72ec-e187-4e05-a102-f8c56d46a1aa,Cosmology Researcher,https://www.bls.gov/ooh/life-physical-and-social-science/physicists-and-astronomers.htm,https://www.onetonline.org/link/summary/19-2011.00,19-2011.00,Astronomers,auto
71b1bdd3-7bda-46ff-a632-51002f74b82b,Sports Reporter,https://www.bls.gov/ooh/media-and-communication/reporters-correspondents-and-broadcast-news-analysts.htm,https://www.onetonline.org/link/summary/27-3023.00,27-3023.00,"News Analysts, Reporters, and Journalists",hand-verified
71c61047-03e4-493f-b24b-8d5b00508f74,Pollution Control Engineer,https://www.bls.gov/ooh/architecture-and-engineering/environmental-engineers.htm,https://www.onetonline.org/link/summary/17-2081.00,17-2081.00,Environmental Engineers,auto
71e7be19-d225-4040-9ed4-9fafd08806c8,Behavioral Finance Analyst,https://www.bls.gov/ooh/business-and-financial/financial-analysts.htm,https://www.onetonline.org/link/summary/13-2051.00,13-2051.00,Financial and Investment Analysts,auto
71fa69d9-4bd7-4e5c-acd2-36e18ed90281,Biomedical Equipment Technician,https://www.bls.gov/ooh/installation-maintenance-and-repair/medical-equipment-repairers.htm,https://www.onetonline.org/link/summary/49-9062.00,49-9062.00,Medical Equipment Repairers,auto
72548336-409f-476b-92e6-b26064332e86,Chemist (Materials Science),https://www.bls.gov/ooh/life-physical-and-social-science/chemists-and-materials-scientists.htm,https://www.onetonline.org/link/summary/19-2031.00,19-2031.00,Chemists,auto
7279b085-bfd7-4f15-8991-849fea62d065,Medical Malpractice Attorney,https://www.bls.gov/ooh/legal/lawyers.htm,https://www.onetonline.org/link/summary/23-1011.00,23-1011.00,Lawyers,auto
729e450e-9f46-4b80-a966-52d1a1be7f83,Research Librarian,https://www.bls.gov/ooh/education-training-and-library/librarians.htm,https://www.onetonline.org/link/summary/25-4022.00,25-4022.00,Librarians and Media Collections Specialists,auto
73b3dfc4-f352-4683-a9ca-3f1180797213,Media Critic,https://www.bls.gov/ooh/media-and-communication/reporters-correspondents-and-broadcast-news-analysts.htm,https://www.onetonline.org/link/summary/27-3023.00,27-3023.00,"News Analysts, Reporters, and Journalists",hand-verified
73fc569a-46fa-4e75-8a4e-c49c784f71d0,Environmental Law Specialist,https://www.bls.gov/ooh/legal/lawyers.htm,https://www.onetonline.org/link/summary/23-1011.00,23-1011.00,Lawyers,auto
749de572-c5fc-4c80-acbe-7effe67fb0ea,Special Education Director,https://www.bls.gov/ooh/education-training-and-library/special-education-teachers.htm,https://www.onetonline.org/link/summary/25-2059.00,25-2059.00,"Special Education Teachers, All Other",auto
74bade0c-b724-46a3-8731-c0c85c8bcaf0,Music Director,https://www.bls.gov/ooh/entertainment-and-sports/music-directors-and-composers.htm,https://www.onetonline.org/link/summary/27-2041.00,27-2041.00,Music Directors and Composers,auto
74bdc737-4b08-43c7-be34-65063656d9fd,Fact-Checker (Media Literacy),https://www.bls.gov/ooh/media-and-communication/reporters-correspondents-and-broadcast-news-analysts.htm,https://www.onetonline.org/link/summary/27-3023.00,27-3023.00,"News Analysts, Reporters, and Journalists",hand-verified
74edbcaa-b305-412a-96eb-5e31738b6524,Clinical Psychologist,https://www.bls.gov/ooh/life-physical-and-social-science/psychologists.htm,https://www.onetonline.org/link/summary/19-3039.00,19-3039.00,"Psychologists, All Other",auto
75d8bd15-c844-409e-8a60-f9c4ac140dcf,Edge Computing Engineer,https://www.bls.gov/ooh/computer-and-information-technology/computer-network-architects.htm,https://www.onetonline.org/link/summary/15-1241.00,15-1241.00,Computer Network Architects,auto
75fd8ea4-0d46-4c6f-a424-9a6b8914e4c1,Social Worker (Community),https://www.bls.gov/ooh/community-and-social-service/social-workers.htm,https://www.onetonline.org/link/summary/21-1029.00,21-1029.00,"Social Workers, All Other",auto
76383bd0-4911-42d3-9b4b-592a75de3dc7,Middle School Teacher,https://www.bls.gov/ooh/education-training-and-library/middle-school-teachers.htm,https://www.onetonline.org/link/summary/25-2022.00,25-2022.00,"Middle School Teachers, Except Special and Career/Technical Education",hand-verified
766dd32c-400a-4275-845e-b7b7b6659118,Photojournalist,https://www.bls.gov/ooh/media-and-communication/reporters-correspondents-and-broadcast-news-analysts.htm,https://www.onetonline.org/link/summary/27-3023.00,27-3023.00,"News Analysts, Reporters, and Journalists",hand-verified
769e1e8b-3ebd-4ca8-8d88-cabd6cd6a19b,Wetland Ecologist,https://www.bls.gov/ooh/life-physical-and-social-science/environmental-scientists-and-specialists.htm,https://www.onetonline.org/link/summary/19-2041.00,19-2041.00,"Environmental Scientists and Specialists, Including Health",auto
76d3193a-f2f8-40c1-bcbd-32c89d19b1cf,Federal Prosecutor,https://www.bls.gov/ooh/legal/lawyers.htm,https://www.onetonline.org/link/summary/23-1011.00,23-1011.00,Lawyers,auto
76d471ca-f01b-4075-a7f7-0cdbb1371649,Sustainability Data Analyst,https://www.bls.gov/ooh/math/statisticians.htm,https://www.onetonline.org/link/summary/15-2041.00,15-2041.00,Statisticians,auto
76f86df4-10c7-4d85-b916-0d93fb15e870,Foreign Exchange Trader,https://www.bls.gov/ooh/business-and-financial/financial-analysts.htm,https://www.onetonline.org/link/summary/13-2051.00,13-2051.00,Financial and Investment Analysts,auto
7723d35c-4390-41cf-8500-bd8354a5e420,Corporate Counsel,https://www.bls.gov/ooh/legal/lawyers.htm,https://www.onetonline.org/link/summary/23-1011.00,23-1011.00,Lawyers,auto
778ed806-9390-4737-be80-c2db6b0619bb,Urban Planner,https://www.bls.gov/ooh/life-physical-and-social-science/urban-and-regional-planners.htm,https://www.onetonline.org/link/summary/19-3051.00,19-3051.00,Urban and Regional Planners,auto
77ca43aa-e92f-46b9-bf63-523a10dd38d3,Clinical Psychologist (Research),https://www.bls.gov/ooh/life-physical-and-social-science/psychologists.htm,https://www.onetonline.org/link/summary/19-3039.00,19-3039.00,"Psychologists, All Other",auto
77eeecbe-2705-4f32-8111-ca9d54a23af0,Esthetician,https://www.bls.gov/ooh/personal-care-and-service/skincare-specialists.htm,https://www.onetonline.org/link/summary/39-5094.00,39-5094.00,Skincare Specialists,auto
7889b75d-4deb-4899-a3a8-7b08ae4d6a79,Paralegal (Corporate Law),https://www.bls.gov/ooh/legal/paralegals-and-legal-assistants.htm,https://www.onetonline.org/link/summary/23-2011.00,23-2011.00,Paralegals and Legal Assistants,auto
793da35c-cb01-4f38-8b32-3b3b6b20db3d,Puppetry Performer (Professional Stage),https://www.bls.gov/ooh/entertainment-and-sports/actors.htm,https://www.onetonline.org/link/summary/27-2011.00,27-2011.00,Actors,auto
79434b70-e940-4b1e-98a2-6feaa7fefefa,Video Game Reviewer,https://www.bls.gov/ooh/media-and-communication/reporters-correspondents-and-broadcast-news-analysts.htm,https://www.onetonline.org/link/summary/27-3023.00,27-3023.00,"News Analysts, Reporters, and Journalists",hand-verified
799ea36a-aacb-4072-8558-c1ede4f983a7,Graphic Designer,https://www.bls.gov/ooh/arts-and-design/graphic-designers.htm,https://www.onetonline.org/link/summary/27-1024.00,27-1024.00,Graphic Designers,auto
79ccf4a0-7188-4488-8f3d-ce2892d41e54,Solar Photovoltaic Installer,https://www.bls.gov/ooh/construction-and-extraction/solar-photovoltaic-installers.htm,https://www.onetonline.org/link/summary/47-2231.00,47-2231.00,Solar Photovoltaic Installers,auto
7a0c4821-4412-4af5-b5d7-fd1a00bbbc52,Entertainment Lawyer,https://www.bls.gov/ooh/legal/lawyers.htm,https://www.onetonline.org/link/summary/23-1011.00,23-1011.00,Lawyers,auto
7a167eda-69d4-405a-9e28-ae5b638e8833,Executive Pastry Chef,https://www.bls.gov/ooh/food-preparation-and-serving/chefs-and-head-cooks.htm,https://www.onetonline.org/link/summary/35-1011.00,35-1011.00,Chefs and Head Cooks,auto
7a351fc0-03e9-4d71-82c1-6aaa188ebd69,Environmental Designer,https://www.bls.gov/ooh/architecture-and-engineering/landscape-architects.htm,https://www.onetonline.org/link/summary/17-1012.00,17-1012.00,Landscape Architects,auto
7a5a69eb-e1ee-439c-af9b-c975f4cfdee2,Video Game Critic,https://www.bls.gov/ooh/media-and-communication/reporters-correspondents-and-broadcast-news-analysts.htm,https://www.onetonline.org/link/summary/27-3023.00,27-3023.00,"News Analysts, Reporters, and Journalists",hand-verified
7a93880d-b207-4be8-af69-f7366f90a822,Data Scientist (Academic Research),https://www.bls.gov/ooh/computer-and-information-technology/computer-and-information-research-scientists.htm,https://www.onetonline.org/link/summary/15-1221.00,15-1221.00,Computer and Information Research Scientists,auto
7ac93521-47c9-4f11-b61a-0493cac2ca30,Museum Architect,https://www.bls.gov/ooh/architecture-and-engineering/architects.htm,https://www.onetonline.org/link/summary/15-1241.00,15-1241.00,Computer Network Architects,auto
7b204aa0-e3b4-4b5e-a0e4-2f4d4fd9bf14,Animal Behavior Researcher,https://www.bls.gov/ooh/life-physical-and-social-science/zoologists-and-wildlife-biologists.htm,https://www.onetonline.org/link/summary/19-1023.00,19-1023.00,Zoologists and Wildlife Biologists,auto
7b5aacd2-670b-43e4-9ad9-fe4b6fb3ecd9,Government Contract Negotiator,https://www.bls.gov/ooh/legal/lawyers.htm,https://www.onetonline.org/link/summary/23-1011.00,23-1011.00,Lawyers,auto
7b5bf72e-107b-48eb-8677-4f62735e9d8f,Data Security Engineer,https://www.bls.gov/ooh/computer-and-information-technology/information-security-analysts.htm,https://www.onetonline.org/link/summary/15-1212.00,15-1212.00,Information Security Analysts,auto
7ba91552-ef6e-4527-a38f-c0dd6a15efeb,Civil Rights Advocate (Legal),https://www.bls.gov/ooh/legal/lawyers.htm,https://www.onetonline.org/link/summary/23-1011.00,23-1011.00,Lawyers,auto
7be4dd85-0b5a-4070-86cf-4bba98b504be,Athletic Director (College),https://www.bls.gov/ooh/management/administrative-services-managers.htm,https://www.onetonline.org/link/summary/11-3012.00,11-3012.00,Administrative Services Managers,auto
7bf5ecbf-b288-4ada-8132-3035ec9da1f2,Health Services Administrator,https://www.bls.gov/ooh/management/medical-and-health-services-managers.htm,https://www.onetonline.org/link/summary/11-9111.00,11-9111.00,Medical and Health Services Managers,auto
7c0939ea-4876-451b-a813-2b68a3adce36,Newsroom Developer,https://www.bls.gov/ooh/computer-and-information-technology/web-developers.htm,https://www.onetonline.org/link/summary/15-1254.00,15-1254.00,Web Developers,auto
7c3362a9-5bad-41f3-8230-62935782b1fd,Copywriter (Marketing),https://www.bls.gov/ooh/media-and-communication/writers-and-authors.htm,https://www.onetonline.org/link/summary/27-3043.00,27-3043.00,Writers and Authors,auto
7c8df8e9-ef96-44c4-91c3-2d0c95d61dfe,Commercial Insurance Agent,https://www.bls.gov/ooh/sales/insurance-sales-agents.htm,https://www.onetonline.org/link/summary/41-3021.00,41-3021.00,Insurance Sales Agents,auto
7ca9f898-7f1f-47b1-a277-6533e2af5e86,Fashion Journalist,https://www.bls.gov/ooh/media-and-communication/reporters-correspondents-and-broadcast-news-analysts.htm,https://www.onetonline.org/link/summary/27-3023.00,27-3023.00,"News Analysts, Reporters, and Journalists",hand-verified
7cff4363-1650-4ca0-a043-5025491710c9,Science Communicator,https://www.bls.gov/ooh/media-and-communication/reporters-correspondents-and-broadcast-news-analysts.htm,https://www.onetonline.org/link/summary/27-3023.00,27-3023.00,"News Analysts, Reporters, and Journalists",hand-verified
7d1e3397-a0c2-4e3c-ac39-30c06bf01b51,Paralegal,https://www.bls.gov/ooh/legal/paralegals-and-legal-assistants.htm,https://www.onetonline.org/link/summary/23-2011.00,23-2011.00,Paralegals and Legal Assistants,auto
7e4ef508-660b-4160-ae99-27c04fb2661e,Jewelry Designer,https://www.bls.gov/ooh/production/jewelers-and-precious-stone-and-metal-workers.htm,https://www.onetonline.org/link/summary/51-9071.00,51-9071.00,Jewelers and Precious Stone and Metal Workers,auto
7e96ff76-bd51-4fd1-8580-dd99c1d99364,Sommelier,https://www.bls.gov/ooh/food-preparation-and-serving/food-and-beverage-serving-and-related-workers.htm,https://www.onetonline.org/link/summary/35-9099.00,35-9099.00,"Food Preparation and Serving Related Workers, All Other",auto
7f3384e0-9acf-4148-8226-b0222a36e522,Exhibit Designer,https://www.bls.gov/ooh/arts-and-design/set-and-exhibit-designers.htm,https://www.onetonline.org/link/summary/27-1027.00,27-1027.00,Set and Exhibit Designers,auto
7f5965ea-fe07-48ee-bb74-2cbe41fbab03,Investigative Journalist (Data),https://www.bls.gov/ooh/media-and-communication/reporters-correspondents-and-broadcast-news-analysts.htm,https://www.onetonline.org/link/summary/27-3023.00,27-3023.00,"News Analysts, Reporters, and Journalists",hand-verified
7f8e819b-e3ee-42c7-9a5f-20bf190184d4,Agritech Entrepreneur,https://www.bls.gov/ooh/management/top-executives.htm,https://www.onetonline.org/link/summary/11-1011.00,11-1011.00,Chief Executives,hand-verified
7faaee83-9d94-4691-97e4-f17a67a5108b,Actuarial Scientist,https://www.bls.gov/ooh/math/actuaries.htm,https://www.onetonline.org/link/summary/15-2011.00,15-2011.00,Actuaries,auto
7fcfba4e-86e9-48cb-8788-a851793a9c42,Nonprofit Legal Counsel,https://www.bls.gov/ooh/legal/lawyers.htm,https://www.onetonline.org/link/summary/23-1011.00,23-1011.00,Lawyers,auto
7ff238ad-cbc5-44f2-95e1-1ad90fc21514,Social Worker (Elderly Services),https://www.bls.gov/ooh/community-and-social-service/social-workers.htm,https://www.onetonline.org/link/summary/21-1029.00,21-1029.00,"Social Workers, All Other",auto
803cd14b-67d7-4d80-94b7-040b35b25a27,Biomedical Software Engineer,https://www.bls.gov/ooh/computer-and-information-technology/software-developers.htm,https://www.onetonline.org/link/summary/15-1252.00,15-1252.00,Software Developers,auto
80498cf7-5443-4ad7-9ffb-2acbb06cdd42,Investigative Journalist (Freelance),https://www.bls.gov/ooh/media-and-communication/reporters-correspondents-and-broadcast-news-analysts.htm,https://www.onetonline.org/link/summary/27-3023.00,27-3023.00,"News Analysts, Reporters, and Journalists",hand-verified
8087933f-c0dc-4ac6-81c1-34b588412518,Government Relations Lawyer,https://www.bls.gov/ooh/legal/lawyers.htm,https://www.onetonline.org/link/summary/23-1011.00,23-1011.00,Lawyers,auto
808fe4dc-9f3a-4763-8ab2-04f725f422ef,Water Quality Technician,https://www.bls.gov/ooh/life-physical-and-social-science/environmental-science-and-protection-technicians.htm,https://www.onetonline.org/link/summary/19-4042.00,19-4042.00,"Environmental Science and Protection Technicians, Including Health",auto
80bbe187-9463-4fad-ac20-d9fb5b635bac,Water Sustainability Engineer,https://www.bls.gov/ooh/architecture-and-engineering/environmental-engineers.htm,https://www.onetonline.org/link/summary/17-2081.00,17-2081.00,Environmental Engineers,auto
81180f49-6771-41d5-9146-f382b786dfd9,State Environmental Officer,https://www.bls.gov/ooh/life-physical-and-social-science/environmental-scientists-and-specialists.htm,https://www.onetonline.org/link/summary/19-2041.00,19-2041.00,"Environmental Scientists and Specialists, Including Health",auto
818fb1ed-e2a2-41ae-9327-2d53035be8b3,Career Coach,https://www.bls.gov/ooh/community-and-social-service/school-and-career-counselors.htm,https://www.onetonline.org/link/summary/21-1019.00,21-1019.00,"Counselors, All Other",auto
81ef9e49-7f28-4ad9-9c10-e06b7e5bd2b3,Digital Health Startup Founder,https://www.bls.gov/ooh/management/top-executives.htm,https://www.onetonline.org/link/summary/11-1011.00,11-1011.00,Chief Executives,hand-verified
821e5875-0b90-462e-9136-03c2a3c0b179,Saas Marketplace Founder,https://www.bls.gov/ooh/management/top-executives.htm,https://www.onetonline.org/link/summary/11-1011.00,11-1011.00,Chief Executives,hand-verified
829db556-1120-41b0-b874-e56bdc612546,Ethical Hacker,https://www.bls.gov/ooh/computer-and-information-technology/information-security-analysts.htm,https://www.onetonline.org/link/summary/15-1212.00,15-1212.00,Information Security Analysts,auto
8310942b-7433-4297-9271-c09895c69bb5,Social Worker (Mental Health),https://www.bls.gov/ooh/community-and-social-service/social-workers.htm,https://www.onetonline.org/link/summary/21-1029.00,21-1029.00,"Social Workers, All Other",auto
831af686-ce38-487d-b618-81db4b77b15a,Laboratory Technician (Forensics),https://www.bls.gov/ooh/life-physical-and-social-science/forensic-science-technicians.htm,https://www.onetonline.org/link/summary/19-4092.00,19-4092.00,Forensic Science Technicians,auto
833206ef-fdec-4781-9553-eca91cd4d809,Water Resources Engineer,https://www.bls.gov/ooh/architecture-and-engineering/civil-engineers.htm,https://www.onetonline.org/link/summary/17-2051.00,17-2051.00,Civil Engineers,auto
83a89c3c-22d1-4af2-9547-d14196deb272,Cryptography Engineer,https://www.bls.gov/ooh/computer-and-information-technology/information-security-analysts.htm,https://www.onetonline.org/link/summary/15-1212.00,15-1212.00,Information Security Analysts,auto
83e1ccdc-96e4-47f5-840b-483de50dffe8,Space Systems Engineer (Aerospace),https://www.bls.gov/ooh/architecture-and-engineering/aerospace-engineers.htm,https://www.onetonline.org/link/summary/17-2011.00,17-2011.00,Aerospace Engineers,auto
83f12676-a4b4-45ad-a459-0abbb6d593fa,Municipal Government Manager,https://www.bls.gov/ooh/management/top-executives.htm,https://www.onetonline.org/link/summary/11-1011.00,11-1011.00,Chief Executives,hand-verified
83f83f6b-1ecf-4d4f-934f-ab5a820e7624,Critic (Film/Music/Arts),https://www.bls.gov/ooh/media-and-communication/reporters-correspondents-and-broadcast-news-analysts.htm,https://www.onetonline.org/link/summary/27-3023.00,27-3023.00,"News Analysts, Reporters, and Journalists",hand-verified
8411b9d0-4b4f-4309-845f-68eace61a4cc,Vaccine Development Scientist,https://www.bls.gov/ooh/life-physical-and-social-science/biochemists-and-biophysicists.htm,https://www.onetonline.org/link/summary/19-1021.00,19-1021.00,Biochemists and Biophysicists,auto
84641b3b-6651-44d3-8444-dc09bb5964df,Public Defender,https://www.bls.gov/ooh/legal/lawyers.htm,https://www.onetonline.org/link/summary/23-1011.00,23-1011.00,Lawyers,auto
84cbf27a-06c2-4eff-b003-bbe1df424bac,Real Estate Attorney,https://www.bls.gov/ooh/legal/lawyers.htm,https://www.onetonline.org/link/summary/23-1011.00,23-1011.00,Lawyers,auto
85570164-a5ec-42a8-9575-83854622d5d5,Police Lieutenant,https://www.bls.gov/ooh/protective-service/police-and-detectives.htm,https://www.onetonline.org/link/summary/33-3051.00,33-3051.00,Police and Sheriff's Patrol Officers,hand-verified
8621f068-4dd2-4265-929a-572b6b5f6406,High School Principal,https://www.bls.gov/ooh/management/elementary-middle-and-high-school-principals.htm,https://www.onetonline.org/link/summary/11-9032.00,11-9032.00,"Education Administrators, Kindergarten through Secondary",hand-verified
8627722b-f3c0-4aa1-a46c-47703e379bd8,Social Media Manager (News),https://www.bls.gov/ooh/media-and-communication/public-relations-specialists.htm,https://www.onetonline.org/link/summary/27-3031.00,27-3031.00,Public Relations Specialists,auto
86c450e4-0359-4c48-a3b5-6bfaeb491a0f,Sports Broadcaster/Commentator,https://www.bls.gov/ooh/media-and-communication/announcers.htm,https://www.onetonline.org/link/summary/27-3011.00,27-3011.00,Broadcast Announcers and Radio Disc Jockeys,auto
8721fb74-3f1b-4765-aaf6-de93120a16cf,Genetics Laboratory Technician,https://www.bls.gov/ooh/life-physical-and-social-science/medical-scientists.htm,https://www.onetonline.org/link/summary/19-1042.00,19-1042.00,"Medical Scientists, Except Epidemiologists",auto
872771da-4c4a-47fd-9ba7-06533048ab01,Specialty Coffee Shop Owner,https://www.bls.gov/ooh/management/food-service-managers.htm,https://www.onetonline.org/link/summary/11-9051.00,11-9051.00,Food Service Managers,auto
875350ee-2557-4498-8a80-22b41d59d984,Strength Coach (Powerlifting),https://www.bls.gov/ooh/personal-care-and-service/fitness-trainers-and-instructors.htm,https://www.onetonline.org/link/summary/39-9031.00,39-9031.00,Exercise Trainers and Group Fitness Instructors,auto
87acb053-b962-4d3f-9cc9-7c2f9a1ea38e,Corporate Litigation Attorney,https://www.bls.gov/ooh/legal/lawyers.htm,https://www.onetonline.org/link/summary/23-1011.00,23-1011.00,Lawyers,auto
87e34cc0-8009-47cb-95a1-039dd84ce609,Government Contract Attorney,https://www.bls.gov/ooh/legal/lawyers.htm,https://www.onetonline.org/link/summary/23-1011.00,23-1011.00,Lawyers,auto
882daaa5-5161-4340-8314-2d76b5f21354,Executive Chef,https://www.bls.gov/ooh/food-preparation-and-serving/chefs-and-head-cooks.htm,https://www.onetonline.org/link/summary/35-1011.00,35-1011.00,Chefs and Head Cooks,auto
889563cf-8365-44f4-bc1c-c84e6a4b91d8,Admiralty Lawyer (Maritime Law),https://www.bls.gov/ooh/legal/lawyers.htm,https://www.onetonline.org/link/summary/23-1011.00,23-1011.00,Lawyers,auto
88fa820b-1d18-4fbc-ac65-51940848c692,Building Code Inspector,https://www.bls.gov/ooh/construction-and-extraction/construction-and-building-inspectors.htm,https://www.onetonline.org/link/summary/47-4011.00,47-4011.00,Construction and Building Inspectors,auto
89383af8-0854-413a-9dae-4d7fa297d55a,Blockchain Security Analyst,https://www.bls.gov/ooh/computer-and-information-technology/information-security-analysts.htm,https://www.onetonline.org/link/summary/15-1212.00,15-1212.00,Information Security Analysts,auto
8950128e-50ee-47a8-a898-36588e54b9d6,Literacy Coach (Reading Specialist),https://www.bls.gov/ooh/education-training-and-library/special-education-teachers.htm,https://www.onetonline.org/link/summary/25-2059.00,25-2059.00,"Special Education Teachers, All Other",auto
8964b8ba-4da6-44f8-afe9-dda02600303b,Reseller (Thrift/Vintage),https://www.bls.gov/ooh/sales/retail-sales-workers.htm,https://www.onetonline.org/link/summary/41-1011.00,41-1011.00,First-Line Supervisors of Retail Sales Workers,auto
896fc085-b821-4dc6-a8ea-7355b404f3b5,Fact-Check Journalist,https://www.bls.gov/ooh/media-and-communication/reporters-correspondents-and-broadcast-news-analysts.htm,https://www.onetonline.org/link/summary/27-3023.00,27-3023.00,"News Analysts, Reporters, and Journalists",hand-verified
89c00210-be95-41ee-acb3-73310f93a318,Data Scientist (AI/ML),https://www.bls.gov/ooh/math/mathematicians-and-statisticians.htm,https://www.onetonline.org/link/summary/15-2021.00,15-2021.00,Mathematicians,auto
8aa80063-5feb-464a-b546-91d377e54b90,Histotechnologist,https://www.bls.gov/ooh/healthcare/clinical-laboratory-technologists-and-technicians.htm,https://www.onetonline.org/link/summary/29-2011.00,29-2011.00,Medical and Clinical Laboratory Technologists,auto
8b0132c7-885b-4a14-8a1f-5bba0649cbf8,Chemist (Pharmaceutical Research),https://www.bls.gov/ooh/life-physical-and-social-science/chemists-and-materials-scientists.htm,https://www.onetonline.org/link/summary/19-2031.00,19-2031.00,Chemists,auto
8b380c8b-4085-487f-b2ec-8b2b6dde3369,Climate Fintech Founder,https://www.bls.gov/ooh/management/top-executives.htm,https://www.onetonline.org/link/summary/11-1011.00,11-1011.00,Chief Executives,hand-verified
8bcd1ff9-7f37-42e2-96d1-b331074d9c72,Performance Rights Lawyer,https://www.bls.gov/ooh/legal/lawyers.htm,https://www.onetonline.org/link/summary/23-1011.00,23-1011.00,Lawyers,auto
8bd9a78d-7631-48c0-a6ae-4d8edf00422f,Personal Trainer Specializing in Senior Fitness,https://www.bls.gov/ooh/personal-care-and-service/fitness-trainers-and-instructors.htm,https://www.onetonline.org/link/summary/39-9031.00,39-9031.00,Exercise Trainers and Group Fitness Instructors,auto
8c059de9-2ab2-4a86-bad1-84870947a3ff,Head Chef (Fine Dining),https://www.bls.gov/ooh/food-preparation-and-serving/chefs-and-head-cooks.htm,https://www.onetonline.org/link/summary/35-1011.00,35-1011.00,Chefs and Head Cooks,auto
8c2f1120-54d7-4114-ad4c-6e0027e2749a,AI Tools SaaS Founder,https://www.bls.gov/ooh/management/top-executives.htm,https://www.onetonline.org/link/summary/11-1011.00,11-1011.00,Chief Executives,hand-verified
8c7e2bcd-ac75-4ca5-aa03-2649dc416a44,Research Data Scientist (Life Sciences),https://www.bls.gov/ooh/life-physical-and-social-science/medical-scientists.htm,https://www.onetonline.org/link/summary/19-1042.00,19-1042.00,"Medical Scientists, Except Epidemiologists",auto
8c825d6d-982c-4200-b73c-ddf69d70e235,Independent Newsletter Creator,https://www.bls.gov/ooh/media-and-communication/writers-and-authors.htm,https://www.onetonline.org/link/summary/27-3043.00,27-3043.00,Writers and Authors,auto
8c981ec0-bf6b-4c15-ad00-71567c1a46a9,Research Laboratory Statistician,https://www.bls.gov/ooh/math/statisticians.htm,https://www.onetonline.org/link/summary/15-2041.00,15-2041.00,Statisticians,auto
8ca7d858-5409-460b-b401-2c7aa9031095,Tech Support Specialist (Enterprise),https://www.bls.gov/ooh/computer-and-information-technology/computer-support-specialists.htm,https://www.onetonline.org/link/summary/15-1231.00,15-1231.00,Computer Network Support Specialists,auto
8ceeef36-981d-4fba-941d-1cdaf813de00,Financial Planner (Retirement),https://www.bls.gov/ooh/business-and-financial/personal-financial-advisors.htm,https://www.onetonline.org/link/summary/13-2052.00,13-2052.00,Personal Financial Advisors,auto
8d3052df-59ba-4c34-b277-385bebb3a480,Business Insurance Broker,https://www.bls.gov/ooh/sales/insurance-sales-agents.htm,https://www.onetonline.org/link/summary/41-3021.00,41-3021.00,Insurance Sales Agents,auto
8d95e6e0-438e-4dbc-af2f-e1b4b5f81e18,Experimental Physicist,https://www.bls.gov/ooh/life-physical-and-social-science/physicists-and-astronomers.htm,https://www.onetonline.org/link/summary/19-2011.00,19-2011.00,Astronomers,auto
8dacb71e-358b-450a-8b7b-4fa98c3cceea,Author (Self-Publishing),https://www.bls.gov/ooh/media-and-communication/writers-and-authors.htm,https://www.onetonline.org/link/summary/27-3043.00,27-3043.00,Writers and Authors,auto
8dedc3a9-c2ed-4096-8f68-acf7e7456e8f,Culinary Director (Restaurants),https://www.bls.gov/ooh/food-preparation-and-serving/chefs-and-head-cooks.htm,https://www.onetonline.org/link/summary/35-1011.00,35-1011.00,Chefs and Head Cooks,auto
8e33a119-df1d-42a2-8a3a-7b149d91fe96,Environmental Policy Specialist,https://www.bls.gov/ooh/life-physical-and-social-science/environmental-scientists-and-specialists.htm,https://www.onetonline.org/link/summary/19-2041.00,19-2041.00,"Environmental Scientists and Specialists, Including Health",auto
8e84ebcc-721f-4ba3-8d37-39495d753e49,Information Security Analyst,https://www.bls.gov/ooh/computer-and-information-technology/information-security-analysts.htm,https://www.onetonline.org/link/summary/15-1212.00,15-1212.00,Information Security Analysts,auto
8e93f131-c5c0-4ef9-8f2a-24326e438e2f,Security Operations Center (SOC) Manager,https://www.bls.gov/ooh/computer-and-information-technology/information-security-analysts.htm,https://www.onetonline.org/link/summary/15-1212.00,15-1212.00,Information Security Analysts,auto
8f1f4800-b406-4c33-9a38-88ac53268848,Conservation Technology Developer,https://www.bls.gov/ooh/computer-and-information-technology/software-developers.htm,https://www.onetonline.org/link/summary/15-1252.00,15-1252.00,Software Developers,auto
8fa991a0-960e-4f50-93e3-0bff57b5c6fb,Primatologist,https://www.bls.gov/ooh/life-physical-and-social-science/zoologists-and-wildlife-biologists.htm,https://www.onetonline.org/link/summary/19-1023.00,19-1023.00,Zoologists and Wildlife Biologists,auto
90591b88-a9b5-4f6a-adb8-26f61ef861fb,AI SaaS Founder,https://www.bls.gov/ooh/management/top-executives.htm,https://www.onetonline.org/link/summary/11-1011.00,11-1011.00,Chief Executives,hand-verified
9070ba23-beff-4756-9a30-1caf76325ed4,Budget Analyst,https://www.bls.gov/ooh/business-and-financial/budget-analysts.htm,https://www.onetonline.org/link/summary/13-2031.00,13-2031.00,Budget Analysts,auto
90fe7050-c855-46cf-b676-bedfbcde88f3,Election Law Specialist,https://www.bls.gov/ooh/legal/lawyers.htm,https://www.onetonline.org/link/summary/23-1011.00,23-1011.00,Lawyers,auto
91543ba0-765d-40e2-8574-fee053453ba1,Residential Real Estate Agent,https://www.bls.gov/ooh/sales/real-estate-brokers-and-sales-agents.htm,https://www.onetonline.org/link/summary/41-9021.00,41-9021.00,Real Estate Brokers,auto
9175a960-ff10-4a2e-9b5a-1ebd0a799b69,Nanotechnology Engineer,https://www.bls.gov/ooh/architecture-and-engineering/materials-engineers.htm,https://www.onetonline.org/link/summary/17-2131.00,17-2131.00,Materials Engineers,auto
91922163-6dd1-4ed9-92cd-3195f3a010bc,Elder Law Attorney,https://www.bls.gov/ooh/legal/lawyers.htm,https://www.onetonline.org/link/summary/23-1011.00,23-1011.00,Lawyers,auto
9198d822-115a-4880-94cf-287c549314f6,Tutor for Students with Learning Disabilities,https://www.bls.gov/ooh/education-training-and-library/special-education-teachers.htm,https://www.onetonline.org/link/summary/25-2059.00,25-2059.00,"Special Education Teachers, All Other",auto
9199d754-6370-4c30-a883-1239e532ca78,Podcast Host (News/Politics),https://www.bls.gov/ooh/media-and-communication/broadcast-and-sound-engineering-technicians.htm,https://www.onetonline.org/link/summary/27-4012.00,27-4012.00,Broadcast Technicians,auto
9231a4a3-5c19-42fc-96fc-8c6a5cdcb12e,Financial Technology Engineer,https://www.bls.gov/ooh/computer-and-information-technology/software-developers.htm,https://www.onetonline.org/link/summary/15-1252.00,15-1252.00,Software Developers,auto
92677515-b5a4-4b67-bca0-bc3e625d7945,Montessori Teacher Trainer,https://www.bls.gov/ooh/education-training-and-library/postsecondary-teachers.htm,https://www.onetonline.org/link/summary/25-1199.00,25-1199.00,"Postsecondary Teachers, All Other",auto
928a5b4b-e54f-4015-950a-0ed0140dcd9b,Private Equity Associate,https://www.bls.gov/ooh/business-and-financial/financial-analysts.htm,https://www.onetonline.org/link/summary/13-2051.00,13-2051.00,Financial and Investment Analysts,auto
928eff4e-26ea-4aee-a131-7aab06f99cf0,Financial Planning Analyst,https://www.bls.gov/ooh/business-and-financial/personal-financial-advisors.htm,https://www.onetonline.org/link/summary/13-2052.00,13-2052.00,Personal Financial Advisors,auto
92cf011d-8405-47ea-be77-1d87169447a3,Fitness Director,https://www.bls.gov/ooh/personal-care-and-service/fitness-trainers-and-instructors.htm,https://www.onetonline.org/link/summary/39-9031.00,39-9031.00,Exercise Trainers and Group Fitness Instructors,auto
93c997b1-0cb9-4b5c-a1fc-9bc443de0a08,Geneticist,https://www.bls.gov/ooh/life-physical-and-social-science/medical-scientists.htm,https://www.onetonline.org/link/summary/19-1042.00,19-1042.00,"Medical Scientists, Except Epidemiologists",auto
93e79c50-87c3-4ba5-a933-55e1a5b956f4,Interior Design Consultant,https://www.bls.gov/ooh/arts-and-design/interior-designers.htm,https://www.onetonline.org/link/summary/27-1025.00,27-1025.00,Interior Designers,auto
943ce551-d7b2-4e7c-9580-611c5bc8c071,Personal Training Entrepreneur,https://www.bls.gov/ooh/personal-care-and-service/fitness-trainers-and-instructors.htm,https://www.onetonline.org/link/summary/39-9031.00,39-9031.00,Exercise Trainers and Group Fitness Instructors,auto
945225ec-49ab-454c-8084-87e4710c4f7f,Chef de Cuisine,https://www.bls.gov/ooh/food-preparation-and-serving/chefs-and-head-cooks.htm,https://www.onetonline.org/link/summary/35-1011.00,35-1011.00,Chefs and Head Cooks,auto
94f56993-2af9-4f5e-91f9-087f27b1542f,Cannabis Industry Compliance Attorney,https://www.bls.gov/ooh/legal/lawyers.htm,https://www.onetonline.org/link/summary/23-1011.00,23-1011.00,Lawyers,auto
9523ed5f-11ba-4b6f-a4dd-b19ad1baea88,Financial Advisor (Retirement Planning),https://www.bls.gov/ooh/business-and-financial/personal-financial-advisors.htm,https://www.onetonline.org/link/summary/13-2052.00,13-2052.00,Personal Financial Advisors,auto
95d4cdb3-cff2-444d-a169-d60f483ac926,Genomics Researcher,https://www.bls.gov/ooh/life-physical-and-social-science/biochemists-and-biophysicists.htm,https://www.onetonline.org/link/summary/19-1021.00,19-1021.00,Biochemists and Biophysicists,auto
95e7ff4b-8179-48b6-b43f-5c6113355fab,Climate Policy Analyst,https://www.bls.gov/ooh/life-physical-and-social-science/environmental-scientists-and-specialists.htm,https://www.onetonline.org/link/summary/19-2041.00,19-2041.00,"Environmental Scientists and Specialists, Including Health",auto
9643687d-f457-4be9-bf61-9bea2be0a4e7,Water Treatment Technician,https://www.bls.gov/ooh/production/water-and-wastewater-treatment-plant-and-system-operators.htm,https://www.onetonline.org/link/summary/51-8031.00,51-8031.00,Water and Wastewater Treatment Plant and System Operators,auto
96443379-a980-4a29-bff3-ae46f4b3c31c,Chemist (Research & Development),https://www.bls.gov/ooh/life-physical-and-social-science/chemists-and-materials-scientists.htm,https://www.onetonline.org/link/summary/19-2031.00,19-2031.00,Chemists,auto
967c6a51-3e5d-4ea6-9972-2a14f665fd67,Regulatory Analyst (Government),https://www.bls.gov/ooh/business-and-financial/management-analysts.htm,https://www.onetonline.org/link/summary/13-1111.00,13-1111.00,Management Analysts,auto
9694e82b-ad1f-4c0f-9b6e-4edfb32e0c5d,English Language Learner (ELL) Specialist,https://www.bls.gov/ooh/education-training-and-library/special-education-teachers.htm,https://www.onetonline.org/link/summary/25-2059.00,25-2059.00,"Special Education Teachers, All Other",auto
96ddb0d6-d001-4f10-823a-3b50bb74c0d5,Makeup Artistry Educator,https://www.bls.gov/ooh/education-training-and-library/postsecondary-teachers.htm,https://www.onetonline.org/link/summary/25-1199.00,25-1199.00,"Postsecondary Teachers, All Other",auto
9705287f-ac93-4550-b274-b20d44ca98eb,Stand-Up Comedian,https://www.bls.gov/ooh/entertainment-and-sports/actors.htm,https://www.onetonline.org/link/summary/27-2011.00,27-2011.00,Actors,auto
973e106a-e408-4163-aece-4b4770363224,Resort Activities Director,https://www.bls.gov/ooh/personal-care-and-service/recreation-workers.htm,https://www.onetonline.org/link/summary/39-9032.00,39-9032.00,Recreation Workers,auto
975525b0-f4ea-4054-8a93-a54850e639e1,Landscape Architect (Residential),https://www.bls.gov/ooh/architecture-and-engineering/landscape-architects.htm,https://www.onetonline.org/link/summary/17-1012.00,17-1012.00,Landscape Architects,auto
9765adcc-5ec2-498e-96ef-8b389e05b8bb,Research Physicist,https://www.bls.gov/ooh/life-physical-and-social-science/physicists-and-astronomers.htm,https://www.onetonline.org/link/summary/19-2011.00,19-2011.00,Astronomers,auto
977b4e07-58d4-4b58-8044-d4de7f766e63,Classical Musician (Orchestra),https://www.bls.gov/ooh/entertainment-and-sports/musicians-and-singers.htm,https://www.onetonline.org/link/summary/27-2042.00,27-2042.00,Musicians and Singers,auto
9783e3ff-e6e2-4f82-a513-9e5bd2750973,Digital Wallet Developer,https://www.bls.gov/ooh/computer-and-information-technology/software-developers.htm,https://www.onetonline.org/link/summary/15-1252.00,15-1252.00,Software Developers,auto
97d6af8a-f3d2-4cda-a0c2-220d397a4f11,Beauty Supply Store Owner,https://www.bls.gov/ooh/sales/retail-sales-workers.htm,https://www.onetonline.org/link/summary/41-1011.00,41-1011.00,First-Line Supervisors of Retail Sales Workers,auto
97e2c721-d6c8-4627-b36e-2dc052be8a2c,Biotech Startup Founder,https://www.bls.gov/ooh/management/top-executives.htm,https://www.onetonline.org/link/summary/11-1011.00,11-1011.00,Chief Executives,hand-verified
97e74b58-fa6e-4ffa-b859-66349034d054,Food and Beverage Manager,https://www.bls.gov/ooh/management/food-service-managers.htm,https://www.onetonline.org/link/summary/11-9051.00,11-9051.00,Food Service Managers,auto
9827ad95-dd35-4cf5-8b59-b287a3169e70,Federal Agent (TSA),https://www.bls.gov/ooh/protective-service/security-guards.htm,https://www.onetonline.org/link/summary/33-9032.00,33-9032.00,Security Guards,auto
9828e72a-2112-44c6-8f10-578cde240123,Hardware Support Technician,https://www.bls.gov/ooh/computer-and-information-technology/computer-support-specialists.htm,https://www.onetonline.org/link/summary/15-1231.00,15-1231.00,Computer Network Support Specialists,auto
982c8a3d-649f-474f-8060-185d6fad6c9a,Clinical Research Nurse,https://www.bls.gov/ooh/healthcare/registered-nurses.htm,https://www.onetonline.org/link/summary/29-1141.00,29-1141.00,Registered Nurses,auto
98ad08b3-eaf9-4a85-9759-80ee5be7000d,Private Event Chef,https://www.bls.gov/ooh/food-preparation-and-serving/chefs-and-head-cooks.htm,https://www.onetonline.org/link/summary/35-1011.00,35-1011.00,Chefs and Head Cooks,auto
98db4504-cfe3-47fc-a50c-d2cca2c62f0e,Social Media Manager (News Outlet),https://www.bls.gov/ooh/media-and-communication/public-relations-specialists.htm,https://www.onetonline.org/link/summary/27-3031.00,27-3031.00,Public Relations Specialists,auto
995a7d3b-d62e-45ab-bb6e-908cd6501410,Technical Writer (Science),https://www.bls.gov/ooh/media-and-communication/technical-writers.htm,https://www.onetonline.org/link/summary/27-3042.00,27-3042.00,Technical Writers,auto
996a158a-fb3c-47c0-9cc0-92c9c5a1680a,Financial Advisor (Millennial Focused),https://www.bls.gov/ooh/business-and-financial/personal-financial-advisors.htm,https://www.onetonline.org/link/summary/13-2052.00,13-2052.00,Personal Financial Advisors,auto
99707c7e-aade-464d-929f-b85f09bc6588,Botanical Researcher,https://www.bls.gov/ooh/life-physical-and-social-science/biochemists-and-biophysicists.htm,https://www.onetonline.org/link/summary/19-1021.00,19-1021.00,Biochemists and Biophysicists,auto
99a65443-bbb3-4bdd-b5e5-34163146d260,Cannabis Compliance Attorney,https://www.bls.gov/ooh/legal/lawyers.htm,https://www.onetonline.org/link/summary/23-1011.00,23-1011.00,Lawyers,auto
99cd2c5d-a4df-4df4-813c-7a4e271879da,Regulatory Counsel,https://www.bls.gov/ooh/legal/lawyers.htm,https://www.onetonline.org/link/summary/23-1011.00,23-1011.00,Lawyers,auto
99e211aa-cbac-410c-af39-2e0b28b1c7b1,Merger & Acquisitions Advisor,https://www.bls.gov/ooh/business-and-financial/financial-analysts.htm,https://www.onetonline.org/link/summary/13-2051.00,13-2051.00,Financial and Investment Analysts,auto
99e684c7-8a72-49c2-b76d-1a4c7311528c,Kindergarten Teacher,https://www.bls.gov/ooh/education-training-and-library/preschool-teachers.htm,https://www.onetonline.org/link/summary/25-2011.00,25-2011.00,"Preschool Teachers, Except Special Education",auto
99e9ea8c-4169-490d-ad97-e7d45723d7fe,Environmental Analyst,https://www.bls.gov/ooh/life-physical-and-social-science/environmental-scientists-and-specialists.htm,https://www.onetonline.org/link/summary/19-2041.00,19-2041.00,"Environmental Scientists and Specialists, Including Health",auto
9a01627c-c4a9-4d6a-981b-f4be54c4ffd2,Software Quality Assurance (QA) Engineer,https://www.bls.gov/ooh/computer-and-information-technology/software-developers.htm,https://www.onetonline.org/link/summary/15-1252.00,15-1252.00,Software Developers,auto
9a30aae1-13ae-4532-8016-76458bdcd342,Cybersecurity Analyst (Healthcare),https://www.bls.gov/ooh/computer-and-information-technology/information-security-analysts.htm,https://www.onetonline.org/link/summary/15-1212.00,15-1212.00,Information Security Analysts,auto
9ab795f8-1f64-4273-ae6f-53699f6178db,In-House Counsel,https://www.bls.gov/ooh/legal/lawyers.htm,https://www.onetonline.org/link/summary/23-1011.00,23-1011.00,Lawyers,auto
9b52768b-0e17-4f66-9547-260bc1812cbc,Personal Trainer (Corporate Wellness),https://www.bls.gov/ooh/personal-care-and-service/fitness-trainers-and-instructors.htm,https://www.onetonline.org/link/summary/39-9031.00,39-9031.00,Exercise Trainers and Group Fitness Instructors,auto
9b55268a-9b55-4a1e-b5cd-401ad71a75e3,Basketball Coach (Youth),https://www.bls.gov/ooh/entertainment-and-sports/coaches-and-scouts.htm,https://www.onetonline.org/link/summary/27-2022.00,27-2022.00,Coaches and Scouts,auto
9b6567d7-ec25-490b-8ad1-9550262071bc,Social Justice Lawyer,https://www.bls.gov/ooh/legal/lawyers.htm,https://www.onetonline.org/link/summary/23-1011.00,23-1011.00,Lawyers,auto
9b6a1eb3-7baf-410a-8f6d-7afb06595f7b,Hairstylist (Editorial Fashion),https://www.bls.gov/ooh/personal-care-and-service/barbers-hairdressers-and-cosmetologists.htm,https://www.onetonline.org/link/summary/39-5011.00,39-5011.00,Barbers,auto
9b9e4ed1-761c-4163-94d2-1b931f37ec45,Customer Data Platform Manager,https://www.bls.gov/ooh/computer-and-information-technology/database-administrators.htm,https://www.onetonline.org/link/summary/15-1242.00,15-1242.00,Database Administrators,auto
9baa9c10-2509-4d50-b92c-a1bf585ef90a,Appellate Judge,https://www.bls.gov/ooh/legal/judges-and-hearing-officers.htm,https://www.onetonline.org/link/summary/23-1021.00,23-1021.00,"Administrative Law Judges, Adjudicators, and Hearing Officers",auto
9be87d2e-7ce1-4f03-a50e-61417ca5507c,Nonprofit Counsel,https://www.bls.gov/ooh/legal/lawyers.htm,https://www.onetonline.org/link/summary/23-1011.00,23-1011.00,Lawyers,auto
9bf1bcdb-68fa-4c4a-8e88-c712a1b67975,Archaeological Scientist,https://www.bls.gov/ooh/life-physical-and-social-science/anthropologists-and-archeologists.htm,https://www.onetonline.org/link/summary/19-3091.00,19-3091.00,Anthropologists and Archeologists,auto
9c09aa6a-847b-4059-b1dd-51fbcb111295,Financial Planning Advisor (Fee-Only),https://www.bls.gov/ooh/business-and-financial/personal-financial-advisors.htm,https://www.onetonline.org/link/summary/13-2052.00,13-2052.00,Personal Financial Advisors,auto
9c471afd-e499-4ade-8f1a-2359df114e55,Press Photographer,https://www.bls.gov/ooh/media-and-communication/photographers.htm,https://www.onetonline.org/link/summary/27-4021.00,27-4021.00,Photographers,auto
9c6407a9-e1f0-4b74-b9d8-332d13e9d790,SaaS Founder (Vertical),https://www.bls.gov/ooh/management/top-executives.htm,https://www.onetonline.org/link/summary/11-1011.00,11-1011.00,Chief Executives,hand-verified
9cc6b002-932e-42ed-bdf0-7b5bdf625de5,Educational Program Director,https://www.bls.gov/ooh/education-training-and-library/instructional-coordinators.htm,https://www.onetonline.org/link/summary/25-9031.00,25-9031.00,Instructional Coordinators,auto
9cd03521-29fa-4b89-b965-77a49be539ee,ESL/ESOL Instructor,https://www.bls.gov/ooh/education-training-and-library/high-school-teachers.htm,https://www.onetonline.org/link/summary/25-2031.00,25-2031.00,"Secondary School Teachers, Except Special and Career/Technical Education",hand-verified
9ceaea13-a9cc-493d-b461-2836bfa931ab,Chemist (Laboratory),https://www.bls.gov/ooh/life-physical-and-social-science/chemists-and-materials-scientists.htm,https://www.onetonline.org/link/summary/19-2031.00,19-2031.00,Chemists,auto
9d1dd821-cffc-4f3f-97a9-0cd3c182d96d,Local News Reporter,https://www.bls.gov/ooh/media-and-communication/reporters-correspondents-and-broadcast-news-analysts.htm,https://www.onetonline.org/link/summary/27-3023.00,27-3023.00,"News Analysts, Reporters, and Journalists",hand-verified
9d2aed03-05b6-4716-8b2e-d2c50f049b6e,Digital Strategist (News Organization),https://www.bls.gov/ooh/business-and-financial/market-research-analysts.htm,https://www.onetonline.org/link/summary/13-1161.00,13-1161.00,Market Research Analysts and Marketing Specialists,auto
9d4fb6ea-a278-4b78-b1bd-fbeb076bcceb,Sessional Musician (Orchestral),https://www.bls.gov/ooh/entertainment-and-sports/musicians-and-singers.htm,https://www.onetonline.org/link/summary/27-2042.00,27-2042.00,Musicians and Singers,auto
9d4fbaf0-6940-4d4f-8bfc-a2824269308e,Tutor (Math/Science),https://www.bls.gov/ooh/education-training-and-library/high-school-teachers.htm,https://www.onetonline.org/link/summary/25-2031.00,25-2031.00,"Secondary School Teachers, Except Special and Career/Technical Education",hand-verified
9d74b1f6-61c8-4c15-a1a1-3f63f38ec983,Water Quality Engineer,https://www.bls.gov/ooh/architecture-and-engineering/environmental-engineers.htm,https://www.onetonline.org/link/summary/17-2081.00,17-2081.00,Environmental Engineers,auto
9d885ed9-45d1-4784-8747-3d3ef70122c1,Animal Welfare Attorney,https://www.bls.gov/ooh/legal/lawyers.htm,https://www.onetonline.org/link/summary/23-1011.00,23-1011.00,Lawyers,auto
9de82fff-8387-4e52-8c06-0be3b8becced,Immigration Lawyer,https://www.bls.gov/ooh/legal/lawyers.htm,https://www.onetonline.org/link/summary/23-1011.00,23-1011.00,Lawyers,auto
9dfd17c8-4254-4a66-8ac5-190a7bbe7a2b,Civil Rights Investigator,https://www.bls.gov/ooh/protective-service/private-detectives-and-investigators.htm,https://www.onetonline.org/link/summary/33-9021.00,33-9021.00,Private Detectives and Investigators,auto
9e419408-4ebb-4acc-a08c-9f7cebb0b03e,Debate Team Coach,https://www.bls.gov/ooh/education-training-and-library/high-school-teachers.htm,https://www.onetonline.org/link/summary/25-2031.00,25-2031.00,"Secondary School Teachers, Except Special and Career/Technical Education",hand-verified
9ea2e59b-601c-4e09-b454-cb8a8d43161f,Fact Checker (News Organizations),https://www.bls.gov/ooh/media-and-communication/reporters-correspondents-and-broadcast-news-analysts.htm,https://www.onetonline.org/link/summary/27-3023.00,27-3023.00,"News Analysts, Reporters, and Journalists",hand-verified
9f0444b9-032d-44f8-86fe-dbbc9f52a61a,Ballet Dancer,https://www.bls.gov/ooh/entertainment-and-sports/dancers-and-choreographers.htm,https://www.onetonline.org/link/summary/27-2031.00,27-2031.00,Dancers,auto
9f636777-7ce4-419e-91ab-c0e0ee5edb94,Geothermal Technician,https://www.bls.gov/ooh/installation-maintenance-and-repair/heating-air-conditioning-and-refrigeration-mechanics-and-installers.htm,https://www.onetonline.org/link/summary/49-9021.00,49-9021.00,"Heating, Air Conditioning, and Refrigeration Mechanics and Installers",auto
9f740b13-c56b-4bf9-a68d-e56d0b199291,Trademark Attorney,https://www.bls.gov/ooh/legal/lawyers.htm,https://www.onetonline.org/link/summary/23-1011.00,23-1011.00,Lawyers,auto
9f9631f0-35e0-4e45-9716-ef5f56601a65,Pharmaceutical Researcher (Drug Development),https://www.bls.gov/ooh/life-physical-and-social-science/medical-scientists.htm,https://www.onetonline.org/link/summary/19-1042.00,19-1042.00,"Medical Scientists, Except Epidemiologists",auto
9fcba78e-2b75-44e1-9951-b185a26ef181,Banquet Chef,https://www.bls.gov/ooh/food-preparation-and-serving/chefs-and-head-cooks.htm,https://www.onetonline.org/link/summary/35-1011.00,35-1011.00,Chefs and Head Cooks,auto
9ff4d0ea-7da6-4851-bb7b-cfedc3a684fd,Paralegal (Corporate),https://www.bls.gov/ooh/legal/paralegals-and-legal-assistants.htm,https://www.onetonline.org/link/summary/23-2011.00,23-2011.00,Paralegals and Legal Assistants,auto
9ffd689d-5ac6-4af9-b809-52c2a9d836e6,Puppetry Instructor (Community Arts),https://www.bls.gov/ooh/entertainment-and-sports/actors.htm,https://www.onetonline.org/link/summary/27-2011.00,27-2011.00,Actors,auto
a011b447-109b-44d6-9165-2466d0516c68,Exercise Physiologist,https://www.bls.gov/ooh/healthcare/exercise-physiologists.htm,https://www.onetonline.org/link/summary/29-1128.00,29-1128.00,Exercise Physiologists,auto
a0135d78-2c50-4ce7-a36c-da42e57eb046,Influencer Agency Owner,https://www.bls.gov/ooh/management/advertising-promotions-and-marketing-managers.htm,https://www.onetonline.org/link/summary/11-2011.00,11-2011.00,Advertising and Promotions Managers,auto
a0714d24-8440-4a3f-888e-b0cbe7649896,Technical Writer (Medical/Science),https://www.bls.gov/ooh/media-and-communication/technical-writers.htm,https://www.onetonline.org/link/summary/27-3042.00,27-3042.00,Technical Writers,auto
a0a352f4-2ec7-4485-af30-c05bfdef5410,Research Data Analyst,https://www.bls.gov/ooh/math/statisticians.htm,https://www.onetonline.org/link/summary/15-2041.00,15-2041.00,Statisticians,auto
a0a405ab-00cd-47e5-8efb-3c05509954fb,Interior Designer,https://www.bls.gov/ooh/arts-and-design/interior-designers.htm,https://www.onetonline.org/link/summary/27-1025.00,27-1025.00,Interior Designers,auto
a1c5645e-6c80-43a7-b4d4-f2e986b28faf,Actuary (Life Insurance),https://www.bls.gov/ooh/math/actuaries.htm,https://www.onetonline.org/link/summary/15-2011.00,15-2011.00,Actuaries,auto
a21ab204-c11a-42b0-b8d3-92b749bde90b,Water Reclamation Engineer,https://www.bls.gov/ooh/architecture-and-engineering/environmental-engineers.htm,https://www.onetonline.org/link/summary/17-2081.00,17-2081.00,Environmental Engineers,auto
a22435f7-02f0-41fc-9ca8-0cfa5a5fb69f,Embedded Systems Engineer,https://www.bls.gov/ooh/architecture-and-engineering/electrical-and-electronics-engineers.htm,https://www.onetonline.org/link/summary/17-2071.00,17-2071.00,Electrical Engineers,auto
a2674345-7339-46b8-a901-8e7b42663fda,Social Impact Journalist,https://www.bls.gov/ooh/media-and-communication/reporters-correspondents-and-broadcast-news-analysts.htm,https://www.onetonline.org/link/summary/27-3023.00,27-3023.00,"News Analysts, Reporters, and Journalists",hand-verified
a268014f-f838-487b-903b-f295d6e3a203,Entomologist (Insect Scientist),https://www.bls.gov/ooh/life-physical-and-social-science/zoologists-and-wildlife-biologists.htm,https://www.onetonline.org/link/summary/19-1023.00,19-1023.00,Zoologists and Wildlife Biologists,auto
a283d0de-5492-47d6-a1db-a9b80ba9c84f,Salon Business Owner,https://www.bls.gov/ooh/personal-care-and-service/barbers-hairdressers-and-cosmetologists.htm,https://www.onetonline.org/link/summary/39-5011.00,39-5011.00,Barbers,auto
a2c5c77a-227b-4d16-97b7-0f2045ba35cb,Debate Coach (Competitive Forensics),https://www.bls.gov/ooh/education-training-and-library/high-school-teachers.htm,https://www.onetonline.org/link/summary/25-2031.00,25-2031.00,"Secondary School Teachers, Except Special and Career/Technical Education",hand-verified
a2f0224b-7943-4727-a584-d7eba4e1199f,High School English Teacher,https://www.bls.gov/ooh/education-training-and-library/high-school-teachers.htm,https://www.onetonline.org/link/summary/25-2031.00,25-2031.00,"Secondary School Teachers, Except Special and Career/Technical Education",hand-verified
a3065879-387d-4cf0-b3b6-0c6eaa879cc8,Strength and Conditioning Coach,https://www.bls.gov/ooh/personal-care-and-service/fitness-trainers-and-instructors.htm,https://www.onetonline.org/link/summary/39-9031.00,39-9031.00,Exercise Trainers and Group Fitness Instructors,auto
a32b835e-539b-41c6-98bb-707573772cb4,Social Media Manager (Newsroom),https://www.bls.gov/ooh/media-and-communication/public-relations-specialists.htm,https://www.onetonline.org/link/summary/27-3031.00,27-3031.00,Public Relations Specialists,auto
a32ef9a7-e4aa-4d85-8109-996414c3e614,Biotechnology Research Technician,https://www.bls.gov/ooh/life-physical-and-social-science/biochemists-and-biophysicists.htm,https://www.onetonline.org/link/summary/19-1021.00,19-1021.00,Biochemists and Biophysicists,auto
a3696b74-dd59-4315-8cda-8e963602181a,Occupational Health and Safety Specialist,https://www.bls.gov/ooh/healthcare/occupational-health-and-safety-specialists.htm,https://www.onetonline.org/link/summary/19-5011.00,19-5011.00,Occupational Health and Safety Specialists,auto
a396fae1-7f0b-49fa-a5cc-c24a25dfb6f8,Police Officer,https://www.bls.gov/ooh/protective-service/police-and-detectives.htm,https://www.onetonline.org/link/summary/33-3051.00,33-3051.00,Police and Sheriff's Patrol Officers,hand-verified
a39b6aa4-d286-4bd7-aa51-9aaaf9daa931,Montessori School Director,https://www.bls.gov/ooh/education-training-and-library/kindergarten-and-elementary-school-teachers.htm,https://www.onetonline.org/link/summary/25-2021.00,25-2021.00,"Elementary School Teachers, Except Special Education",hand-verified
a406679d-1b3b-4bc4-9f42-afca0ca68ca6,School Counselor,https://www.bls.gov/ooh/community-and-social-service/school-and-career-counselors.htm,https://www.onetonline.org/link/summary/21-1019.00,21-1019.00,"Counselors, All Other",auto
a4076024-3edf-4253-9109-51b6aa7d0cdb,SaaS Business Consultant,https://www.bls.gov/ooh/business-and-financial/management-analysts.htm,https://www.onetonline.org/link/summary/13-1111.00,13-1111.00,Management Analysts,auto
a423ba7c-665f-42eb-878a-1b358f7a45cd,Homeland Security Official,https://www.bls.gov/ooh/protective-service/police-and-detectives.htm,https://www.onetonline.org/link/summary/33-3051.00,33-3051.00,Police and Sheriff's Patrol Officers,hand-verified
a471a4b5-a097-43ed-a933-b032e6365a04,Sports Law Attorney,https://www.bls.gov/ooh/legal/lawyers.htm,https://www.onetonline.org/link/summary/23-1011.00,23-1011.00,Lawyers,auto
a49a31a7-16be-42b9-aace-44df6e3c183f,Artificial Intelligence Engineer,https://www.bls.gov/ooh/computer-and-information-technology/computer-programmers.htm,https://www.onetonline.org/link/summary/15-1251.00,15-1251.00,Computer Programmers,auto
a4a5f8e2-b18f-483e-94aa-ed0b3ee3ac5e,Fundraising Manager,https://www.bls.gov/ooh/management/administrative-services-managers.htm,https://www.onetonline.org/link/summary/11-3012.00,11-3012.00,Administrative Services Managers,auto
a4c0c1f5-3fbf-4008-b568-2006cf9722c5,Franchise Attorney Startup Specialist,https://www.bls.gov/ooh/legal/lawyers.htm,https://www.onetonline.org/link/summary/23-1011.00,23-1011.00,Lawyers,auto
a4d915ce-a598-4016-b3c2-0335cc331ba7,Consulting Firm Owner,https://www.bls.gov/ooh/business-and-financial/management-analysts.htm,https://www.onetonline.org/link/summary/13-1111.00,13-1111.00,Management Analysts,auto
a4db2cb3-53e5-438a-a98f-5b11e94678ac,Financial Planner (Fee-Only),https://www.bls.gov/ooh/business-and-financial/personal-financial-advisors.htm,https://www.onetonline.org/link/summary/13-2052.00,13-2052.00,Personal Financial Advisors,auto
a5033969-7db4-4475-8926-2e78b1dc7d59,Fashion Buyer,https://www.bls.gov/ooh/business-and-financial/buyers-and-purchasing-agents.htm,https://www.onetonline.org/link/summary/13-1021.00,13-1021.00,"Buyers and Purchasing Agents, Farm Products",auto
a5ecac3d-da25-4497-9504-bfad758907af,Paralegal Specialist,https://www.bls.gov/ooh/legal/paralegals-and-legal-assistants.htm,https://www.onetonline.org/link/summary/23-2011.00,23-2011.00,Paralegals and Legal Assistants,auto
a5ff5926-543d-4f0e-949b-07c3fc42797d,Environmental Compliance Officer,https://www.bls.gov/ooh/life-physical-and-social-science/environmental-scientists-and-specialists.htm,https://www.onetonline.org/link/summary/19-2041.00,19-2041.00,"Environmental Scientists and Specialists, Including Health",auto
a6ae196b-cad0-4d18-836c-a6fab9f19a3e,Environmental Remediation Entrepreneur,https://www.bls.gov/ooh/architecture-and-engineering/environmental-engineers.htm,https://www.onetonline.org/link/summary/17-2081.00,17-2081.00,Environmental Engineers,auto
a6b85c22-0551-4ce1-9762-4b64fe821c1b,Social Justice Attorney,https://www.bls.gov/ooh/legal/lawyers.htm,https://www.onetonline.org/link/summary/23-1011.00,23-1011.00,Lawyers,auto
a6cac919-81f6-4976-b07e-6e77409ee71e,Mediation and Arbitration Specialist,https://www.bls.gov/ooh/legal/arbitrators-mediators-and-conciliators.htm,https://www.onetonline.org/link/summary/23-1022.00,23-1022.00,"Arbitrators, Mediators, and Conciliators",auto
a73a8ba4-5374-4c66-a475-81b0585c52c4,Government Data Analyst,https://www.bls.gov/ooh/math/statisticians.htm,https://www.onetonline.org/link/summary/15-2041.00,15-2041.00,Statisticians,auto
a7974165-97a1-421b-9d83-690757a20daa,Ocean Engineer,https://www.bls.gov/ooh/architecture-and-engineering/civil-engineers.htm,https://www.onetonline.org/link/summary/17-2051.00,17-2051.00,Civil Engineers,auto
a8037472-24c4-48b3-aefa-eb4ac4299140,Municipal Planning Director,https://www.bls.gov/ooh/management/construction-managers.htm,https://www.onetonline.org/link/summary/11-9021.00,11-9021.00,Construction Managers,auto
a832e33c-ad56-47ab-8b3b-d30023a8546a,User Interface Designer,https://www.bls.gov/ooh/arts-and-design/graphic-designers.htm,https://www.onetonline.org/link/summary/27-1024.00,27-1024.00,Graphic Designers,auto
a884e63f-dc43-43dd-8bd7-c04f103d2b0b,Chemical Engineer,https://www.bls.gov/ooh/architecture-and-engineering/chemical-engineers.htm,https://www.onetonline.org/link/summary/17-2041.00,17-2041.00,Chemical Engineers,auto
a89394ca-5902-4cba-a45f-c6d31ed42dc3,Constitutional Law Attorney,https://www.bls.gov/ooh/legal/lawyers.htm,https://www.onetonline.org/link/summary/23-1011.00,23-1011.00,Lawyers,auto
a89843e1-d0cf-4e51-9b92-06d7914a722c,Newsletter Editor (Substack Model),https://www.bls.gov/ooh/media-and-communication/writers-and-authors.htm,https://www.onetonline.org/link/summary/27-3043.00,27-3043.00,Writers and Authors,auto
a9bf8809-fa97-4cd7-944c-e5f2104863c5,Physics Lab Researcher,https://www.bls.gov/ooh/life-physical-and-social-science/physicists-and-astronomers.htm,https://www.onetonline.org/link/summary/19-2011.00,19-2011.00,Astronomers,auto
aab5f0f5-3078-4b89-a7fd-48cd74050968,Statistician (Data Science),https://www.bls.gov/ooh/math/statisticians.htm,https://www.onetonline.org/link/summary/15-2041.00,15-2041.00,Statisticians,auto
aac1511a-c76d-498e-aa36-8afacdb1340e,Audiologist,https://www.bls.gov/ooh/healthcare/audiologists.htm,https://www.onetonline.org/link/summary/29-1181.00,29-1181.00,Audiologists,auto
aae8a4fa-b140-49ce-aeaa-0a4ffe7bc08c,Municipal Lawyer,https://www.bls.gov/ooh/legal/lawyers.htm,https://www.onetonline.org/link/summary/23-1011.00,23-1011.00,Lawyers,auto
aae9d029-88b3-446c-b842-37a3821d6000,Social Media Manager (Political),https://www.bls.gov/ooh/media-and-communication/public-relations-specialists.htm,https://www.onetonline.org/link/summary/27-3031.00,27-3031.00,Public Relations Specialists,auto
abe97caa-2aff-4b61-a193-f71e4927246c,Ghost Kitchen Operator,https://www.bls.gov/ooh/management/food-service-managers.htm,https://www.onetonline.org/link/summary/11-9051.00,11-9051.00,Food Service Managers,auto
ac3d259d-3444-41e7-9bde-2e14c7e684c1,Gallery Owner,https://www.bls.gov/ooh/sales/retail-sales-workers.htm,https://www.onetonline.org/link/summary/41-1011.00,41-1011.00,First-Line Supervisors of Retail Sales Workers,auto
ac8f3253-764f-48d5-9e7a-e5d278b8c6f9,Federal Agent (FBI/ATF),https://www.bls.gov/ooh/protective-service/police-and-detectives.htm,https://www.onetonline.org/link/summary/33-3051.00,33-3051.00,Police and Sheriff's Patrol Officers,hand-verified
acc67dce-f5de-42cd-84c5-ab2d1fa9d5db,Fashion Blogger,https://www.bls.gov/ooh/arts-and-design/multimedia-artists-and-animators.htm,https://www.onetonline.org/link/summary/27-1014.00,27-1014.00,Special Effects Artists and Animators,hand-verified
acc8f8d7-a86e-43b7-a797-430f6f82ce63,IT Infrastructure Manager,https://www.bls.gov/ooh/computer-and-information-technology/network-and-computer-systems-administrators.htm,https://www.onetonline.org/link/summary/15-1244.00,15-1244.00,Network and Computer Systems Administrators,auto
accb6213-4d61-4b20-99c1-ac234b21016d,Municipal Bonds Attorney,https://www.bls.gov/ooh/legal/lawyers.htm,https://www.onetonline.org/link/summary/23-1011.00,23-1011.00,Lawyers,auto
acd53164-80d6-42f1-8878-2846dc758da2,International Trade Attorney,https://www.bls.gov/ooh/legal/lawyers.htm,https://www.onetonline.org/link/summary/23-1011.00,23-1011.00,Lawyers,auto
ace4367d-3852-4bb1-8054-441eb4b85955,Software Engineer (AI/ML),https://www.bls.gov/ooh/computer-and-information-technology/software-developers.htm,https://www.onetonline.org/link/summary/15-1252.00,15-1252.00,Software Developers,auto
ace4ae61-60cf-46b2-8cd3-ed0e4d3660f0,Hairstylist Educator,https://www.bls.gov/ooh/education-training-and-library/postsecondary-teachers.htm,https://www.onetonline.org/link/summary/25-1199.00,25-1199.00,"Postsecondary Teachers, All Other",auto
ae3fefd4-9889-4632-b0dc-09733ddd81e9,Real Estate Transaction Attorney,https://www.bls.gov/ooh/legal/lawyers.htm,https://www.onetonline.org/link/summary/23-1011.00,23-1011.00,Lawyers,auto
ae69907f-534f-4714-9287-40c0efec8d7f,Park Ranger (Law Enforcement),https://www.bls.gov/ooh/protective-service/police-and-detectives.htm,https://www.onetonline.org/link/summary/33-3051.00,33-3051.00,Police and Sheriff's Patrol Officers,hand-verified
ae77b31c-871d-4254-9d1f-3f24833ae322,Network Security Administrator,https://www.bls.gov/ooh/computer-and-information-technology/information-security-analysts.htm,https://www.onetonline.org/link/summary/15-1212.00,15-1212.00,Information Security Analysts,auto
ae9baf0f-8c99-4b4b-a249-4ca2b1bd146e,Data Scientist (Physics Research),https://www.bls.gov/ooh/math/mathematicians-and-statisticians.htm,https://www.onetonline.org/link/summary/15-2021.00,15-2021.00,Mathematicians,auto
af0701a8-4f6f-4b5f-ae39-cff489b4ed70,Chemist (Pharmaceuticals),https://www.bls.gov/ooh/life-physical-and-social-science/chemists-and-materials-scientists.htm,https://www.onetonline.org/link/summary/19-2031.00,19-2031.00,Chemists,auto
af122fb3-36a7-44b2-b6dd-ef888851d97e,Forensic Science Technician,https://www.bls.gov/ooh/life-physical-and-social-science/forensic-science-technicians.htm,https://www.onetonline.org/link/summary/19-4092.00,19-4092.00,Forensic Science Technicians,auto
af4ed3da-2dd0-4c4d-99af-2d8d82a88e00,Neuroscience Researcher,https://www.bls.gov/ooh/life-physical-and-social-science/medical-scientists.htm,https://www.onetonline.org/link/summary/19-1042.00,19-1042.00,"Medical Scientists, Except Epidemiologists",auto
af530cbe-59e3-4506-b91d-37f0e94922d2,Constitutional Law Professor,https://www.bls.gov/ooh/education-training-and-library/postsecondary-teachers.htm,https://www.onetonline.org/link/summary/25-1199.00,25-1199.00,"Postsecondary Teachers, All Other",auto
af612217-c050-4cef-9c62-60864b809db5,Municipal Court Judge,https://www.bls.gov/ooh/legal/judges-and-hearing-officers.htm,https://www.onetonline.org/link/summary/23-1021.00,23-1021.00,"Administrative Law Judges, Adjudicators, and Hearing Officers",auto
af83a428-fb96-4822-8cf6-bf6f40523683,Financial Advisor (Wealth Management),https://www.bls.gov/ooh/business-and-financial/personal-financial-advisors.htm,https://www.onetonline.org/link/summary/13-2052.00,13-2052.00,Personal Financial Advisors,auto
afe345fd-fd54-4fae-9364-47f229e53a8c,Food and Beverage Critic,https://www.bls.gov/ooh/media-and-communication/reporters-correspondents-and-broadcast-news-analysts.htm,https://www.onetonline.org/link/summary/27-3023.00,27-3023.00,"News Analysts, Reporters, and Journalists",hand-verified
b003a683-3ee5-47cf-b1bf-f6d2779bb1d7,Commercial Real Estate Broker,https://www.bls.gov/ooh/sales/real-estate-brokers-and-sales-agents.htm,https://www.onetonline.org/link/summary/41-9021.00,41-9021.00,Real Estate Brokers,auto
b00fcb03-37fe-49bb-a9ff-0267e0d9a20d,Makeup Educator,https://www.bls.gov/ooh/personal-care-and-service/skincare-specialists.htm,https://www.onetonline.org/link/summary/39-5094.00,39-5094.00,Skincare Specialists,auto
b03f60af-c4fe-45ba-aa55-85334ba0ff88,Research Analyst (Environmental Science),https://www.bls.gov/ooh/life-physical-and-social-science/environmental-scientists-and-specialists.htm,https://www.onetonline.org/link/summary/19-2041.00,19-2041.00,"Environmental Scientists and Specialists, Including Health",auto
b04b2d40-b35e-4323-beb7-7529dd03d270,Epidemiologist,https://www.bls.gov/ooh/life-physical-and-social-science/epidemiologists.htm,https://www.onetonline.org/link/summary/19-1041.00,19-1041.00,Epidemiologists,auto
b061f220-ff0e-452b-b33f-19b57705ee67,Marriage and Family Therapist,https://www.bls.gov/ooh/community-and-social-service/marriage-and-family-therapists.htm,https://www.onetonline.org/link/summary/21-1013.00,21-1013.00,Marriage and Family Therapists,auto
b0a380ca-ec99-418e-b775-14fc85791a9c,Software Architect,https://www.bls.gov/ooh/computer-and-information-technology/software-developers.htm,https://www.onetonline.org/link/summary/15-1252.00,15-1252.00,Software Developers,auto
b0adda71-7c10-4430-8314-49e981f5cb9b,Personal Trainer Specialist (Adaptive),https://www.bls.gov/ooh/personal-care-and-service/fitness-trainers-and-instructors.htm,https://www.onetonline.org/link/summary/39-9031.00,39-9031.00,Exercise Trainers and Group Fitness Instructors,auto
b11e6232-8c43-4a01-96fe-e9152b3fcb1c,Surgical Technologist,https://www.bls.gov/ooh/healthcare/surgical-technologists.htm,https://www.onetonline.org/link/summary/29-2055.00,29-2055.00,Surgical Technologists,auto
b16762b4-e8e6-4576-bedf-21612ed253fa,Business Analyst,https://www.bls.gov/ooh/business-and-financial/management-analysts.htm,https://www.onetonline.org/link/summary/13-1111.00,13-1111.00,Management Analysts,auto
b1b343c3-3c7a-41be-8764-ab1800584abf,Entomologist,https://www.bls.gov/ooh/life-physical-and-social-science/zoologists-and-wildlife-biologists.htm,https://www.onetonline.org/link/summary/19-1023.00,19-1023.00,Zoologists and Wildlife Biologists,auto
b1d0042b-7543-46a8-bf3b-27ccaeb1a12a,API-as-a-Service Founder,https://www.bls.gov/ooh/management/top-executives.htm,https://www.onetonline.org/link/summary/11-1011.00,11-1011.00,Chief Executives,hand-verified
b1e047b1-214f-499e-b574-71a9c3a3480d,Freelance Writer,https://www.bls.gov/ooh/media-and-communication/writers-and-authors.htm,https://www.onetonline.org/link/summary/27-3043.00,27-3043.00,Writers and Authors,auto
b20a28d7-0925-46d1-9b0d-266a608d03c8,Social Media Strategist (News Organizations),https://www.bls.gov/ooh/media-and-communication/public-relations-specialists.htm,https://www.onetonline.org/link/summary/27-3031.00,27-3031.00,Public Relations Specialists,auto
b2758d9e-051e-40f9-87c2-ce3271071e49,Revenue Operations Consultant,https://www.bls.gov/ooh/business-and-financial/management-analysts.htm,https://www.onetonline.org/link/summary/13-1111.00,13-1111.00,Management Analysts,auto
b2f6cadc-9576-47b7-81c5-9bb83c0fe07e,Pharmacological Researcher,https://www.bls.gov/ooh/life-physical-and-social-science/biochemists-and-biophysicists.htm,https://www.onetonline.org/link/summary/19-1021.00,19-1021.00,Biochemists and Biophysicists,auto
b2f9c034-fb46-4f52-a4cf-a0e7b5e80792,Backend Developer (Python/Java),https://www.bls.gov/ooh/computer-and-information-technology/software-developers.htm,https://www.onetonline.org/link/summary/15-1252.00,15-1252.00,Software Developers,auto
b3370223-df60-4fd5-9d1a-aebc84849b29,Research Hospital Scientist,https://www.bls.gov/ooh/life-physical-and-social-science/medical-scientists.htm,https://www.onetonline.org/link/summary/19-1042.00,19-1042.00,"Medical Scientists, Except Epidemiologists",auto
b34e47a2-9a43-414c-a910-944fbc4df99c,Custom Software Development Founder,https://www.bls.gov/ooh/computer-and-information-technology/software-developers.htm,https://www.onetonline.org/link/summary/15-1252.00,15-1252.00,Software Developers,auto
b35d6631-0bd7-43f7-97ad-3a3f6a9717d6,Sports Marketing Manager,https://www.bls.gov/ooh/management/advertising-promotions-and-marketing-managers.htm,https://www.onetonline.org/link/summary/11-2011.00,11-2011.00,Advertising and Promotions Managers,auto
b3774557-b3d5-4493-aecc-996c8443c63a,Mathematics Interventionist,https://www.bls.gov/ooh/education-training-and-library/special-education-teachers.htm,https://www.onetonline.org/link/summary/25-2059.00,25-2059.00,"Special Education Teachers, All Other",auto
b3e7e1f1-4d35-4dfe-bf09-24c71e2fce63,Environmental DNA Researcher,https://www.bls.gov/ooh/life-physical-and-social-science/biochemists-and-biophysicists.htm,https://www.onetonline.org/link/summary/19-1021.00,19-1021.00,Biochemists and Biophysicists,auto
b4077c66-7953-4d98-99e8-733117b0c5aa,Nonprofit Executive Director,https://www.bls.gov/ooh/management/administrative-services-managers.htm,https://www.onetonline.org/link/summary/11-3012.00,11-3012.00,Administrative Services Managers,auto
b4512e5e-2b4e-4c1c-8827-932c13f5a6e4,Infrastructure Engineer,https://www.bls.gov/ooh/computer-and-information-technology/network-and-computer-systems-administrators.htm,https://www.onetonline.org/link/summary/15-1244.00,15-1244.00,Network and Computer Systems Administrators,auto
b47fb459-875c-4dab-b717-96598ca3ca9c,Constitutional Law Advocate,https://www.bls.gov/ooh/legal/lawyers.htm,https://www.onetonline.org/link/summary/23-1011.00,23-1011.00,Lawyers,auto
b49f4109-ac4a-4cb0-aa1a-6e56b2f0938e,Live Streaming Producer,https://www.bls.gov/ooh/media-and-communication/broadcast-and-sound-engineering-technicians.htm,https://www.onetonline.org/link/summary/27-4012.00,27-4012.00,Broadcast Technicians,auto
b4bc3fde-8ada-42b5-b012-9a0ddd8bc1bb,Diplomatic Aide (U.S. State Department),https://www.bls.gov/ooh/business-and-financial/management-analysts.htm,https://www.onetonline.org/link/summary/13-1111.00,13-1111.00,Management Analysts,auto
b5196790-2fe1-4c80-8866-bbb0b8705045,API Developer,https://www.bls.gov/ooh/computer-and-information-technology/software-developers.htm,https://www.onetonline.org/link/summary/15-1252.00,15-1252.00,Software Developers,auto
b56872e4-3cb6-4cfd-be36-4f73f2eaf453,AI Tool Startup Founder,https://www.bls.gov/ooh/management/top-executives.htm,https://www.onetonline.org/link/summary/11-1011.00,11-1011.00,Chief Executives,hand-verified
b5947c91-231b-4a18-a42a-8d39a8c27449,Sports Event Coordinator,https://www.bls.gov/ooh/business-and-financial/meeting-convention-and-event-planners.htm,https://www.onetonline.org/link/summary/13-1121.00,13-1121.00,"Meeting, Convention, and Event Planners",auto
b5d095b0-1bd3-4cf8-b6fa-a24d1f3f84e3,Event Security Manager,https://www.bls.gov/ooh/protective-service/security-guards.htm,https://www.onetonline.org/link/summary/33-9032.00,33-9032.00,Security Guards,auto
b62d7ad4-6247-459f-9899-fdcb3b9b073e,Kitchen Manager (Restaurant),https://www.bls.gov/ooh/food-preparation-and-serving/cooks.htm,https://www.onetonline.org/link/summary/35-2019.00,35-2019.00,"Cooks, All Other",auto
b633ce90-c192-46d7-a550-856204b148dd,Beauty Counter Associate Manager,https://www.bls.gov/ooh/sales/retail-sales-workers.htm,https://www.onetonline.org/link/summary/41-1011.00,41-1011.00,First-Line Supervisors of Retail Sales Workers,auto
b68bb151-9353-4d3b-af39-fed105215f03,Certified Personal Trainer (Online),https://www.bls.gov/ooh/personal-care-and-service/fitness-trainers-and-instructors.htm,https://www.onetonline.org/link/summary/39-9031.00,39-9031.00,Exercise Trainers and Group Fitness Instructors,auto
b69cba49-b0d2-4751-b92c-b912c57c232c,State Environmental Policy Director,https://www.bls.gov/ooh/legal/lawyers.htm,https://www.onetonline.org/link/summary/23-1011.00,23-1011.00,Lawyers,auto
b6c7e000-1d1e-4c62-b6c4-c8d7ba6aac61,Sign Language Interpreter,https://www.bls.gov/ooh/media-and-communication/interpreters-and-translators.htm,https://www.onetonline.org/link/summary/27-3091.00,27-3091.00,Interpreters and Translators,auto
b7416571-cd5a-4d9f-9fb4-b8f537f8be6a,IT Help Desk Technician,https://www.bls.gov/ooh/computer-and-information-technology/computer-support-specialists.htm,https://www.onetonline.org/link/summary/15-1231.00,15-1231.00,Computer Network Support Specialists,auto
b814a04f-88ec-4c5e-ab90-a09bbcc4741f,Recreational Therapist,https://www.bls.gov/ooh/healthcare/recreational-therapists.htm,https://www.onetonline.org/link/summary/29-1125.00,29-1125.00,Recreational Therapists,auto
b81738f9-8cf0-424e-a4e3-475af805e426,Air Quality Engineer,https://www.bls.gov/ooh/architecture-and-engineering/environmental-engineers.htm,https://www.onetonline.org/link/summary/17-2081.00,17-2081.00,Environmental Engineers,auto
b8790739-db13-4b86-bc5c-bd9efdf7fc33,Lodging Manager,https://www.bls.gov/ooh/management/lodging-managers.htm,https://www.onetonline.org/link/summary/11-9081.00,11-9081.00,Lodging Managers,auto
b8ae1654-fc17-4a4e-9eef-12f61deed676,Restaurant GM,https://www.bls.gov/ooh/management/food-service-managers.htm,https://www.onetonline.org/link/summary/11-9051.00,11-9051.00,Food Service Managers,auto
b8bb8c8e-2618-4f89-9bbb-b4c5d7405e23,Financial Planning Advisor,https://www.bls.gov/ooh/business-and-financial/personal-financial-advisors.htm,https://www.onetonline.org/link/summary/13-2052.00,13-2052.00,Personal Financial Advisors,auto
b912fc5d-7085-43c7-97d2-d84de58eb0a8,Regulatory Attorney,https://www.bls.gov/ooh/legal/lawyers.htm,https://www.onetonline.org/link/summary/23-1011.00,23-1011.00,Lawyers,auto
b95bd204-7cb6-4281-97bb-7a5a077aa498,Insurance Defense Attorney,https://www.bls.gov/ooh/legal/lawyers.htm,https://www.onetonline.org/link/summary/23-1011.00,23-1011.00,Lawyers,auto
ba514328-caa8-4cf2-9dc5-4011f3224752,Software Developer,https://www.bls.gov/ooh/computer-and-information-technology/software-developers.htm,https://www.onetonline.org/link/summary/15-1252.00,15-1252.00,Software Developers,auto
ba78e112-df75-4ef0-9982-b4eed1c66e97,Chef (Restaurant Owner),https://www.bls.gov/ooh/food-preparation-and-serving/chefs-and-head-cooks.htm,https://www.onetonline.org/link/summary/35-1011.00,35-1011.00,Chefs and Head Cooks,auto
bb1dea68-a472-418f-baa5-62aa8043a572,Electrical Engineer (Power Systems),https://www.bls.gov/ooh/architecture-and-engineering/electrical-and-electronics-engineers.htm,https://www.onetonline.org/link/summary/17-2071.00,17-2071.00,Electrical Engineers,auto
bb3a2b48-75a2-4323-a3fb-cc1b9ca3ac32,Salon Owner (Hair & Nail),https://www.bls.gov/ooh/personal-care-and-service/barbers-hairstylists-and-cosmetologists.htm,https://www.onetonline.org/link/summary/39-5011.00,39-5011.00,Barbers,auto
bbbf5f41-0138-40f9-b3ee-f587885beea9,App Developer (Mobile Startup),https://www.bls.gov/ooh/computer-and-information-technology/software-developers.htm,https://www.onetonline.org/link/summary/15-1252.00,15-1252.00,Software Developers,auto
bbc2ad2e-02b1-454f-9a2a-2582e807527e,Newsletter Editor (Substack),https://www.bls.gov/ooh/media-and-communication/writers-and-authors.htm,https://www.onetonline.org/link/summary/27-3043.00,27-3043.00,Writers and Authors,auto
bc2edeb3-0a52-46a7-8fe9-52ece8003ad4,Housing Rights Attorney,https://www.bls.gov/ooh/legal/lawyers.htm,https://www.onetonline.org/link/summary/23-1011.00,23-1011.00,Lawyers,auto
bc3ae27a-99e6-42b7-98cf-0577d09b8c0e,Magazine Editor,https://www.bls.gov/ooh/media-and-communication/editors.htm,https://www.onetonline.org/link/summary/27-3041.00,27-3041.00,Editors,auto
bcf1129e-1a52-4cf2-aad1-4346dc57f5a3,Healthcare Policy Attorney,https://www.bls.gov/ooh/legal/lawyers.htm,https://www.onetonline.org/link/summary/23-1011.00,23-1011.00,Lawyers,auto
bd040f2a-f065-4bb9-b3af-efc118d646c5,Small Business Consultant,https://www.bls.gov/ooh/business-and-financial/management-analysts.htm,https://www.onetonline.org/link/summary/13-1111.00,13-1111.00,Management Analysts,auto
bd35318a-815f-495c-b9b1-d3fafaa13c42,Tour Guide (Specialized),https://www.bls.gov/ooh/personal-care-and-service/tour-and-travel-guides.htm,https://www.onetonline.org/link/summary/39-7012.00,39-7012.00,Travel Guides,auto
bd3e0907-990c-4da8-a62e-3ea257808ca0,Commercial Lines Insurance Agent,https://www.bls.gov/ooh/sales/insurance-sales-agents.htm,https://www.onetonline.org/link/summary/41-3021.00,41-3021.00,Insurance Sales Agents,auto
bd48b39d-92f8-4442-adb1-4900191b3e56,Personalized Learning Specialist,https://www.bls.gov/ooh/education-training-and-library/special-education-teachers.htm,https://www.onetonline.org/link/summary/25-2059.00,25-2059.00,"Special Education Teachers, All Other",auto
bd90c588-05f4-4323-9fbe-6e5cc24c3e46,Municipal Clerk,https://www.bls.gov/ooh/office-and-administrative-support/secretaries-and-administrative-assistants.htm,https://www.onetonline.org/link/summary/43-6011.00,43-6011.00,Executive Secretaries and Executive Administrative Assistants,auto
bd9245fe-fd29-4323-b4d1-b0420e6017bb,Personal Trainer (Certification Specialist),https://www.bls.gov/ooh/personal-care-and-service/fitness-trainers-and-instructors.htm,https://www.onetonline.org/link/summary/39-9031.00,39-9031.00,Exercise Trainers and Group Fitness Instructors,auto
be646b99-890d-4ef7-9374-5ec9b42402d2,Environmental Impact Assessor,https://www.bls.gov/ooh/life-physical-and-social-science/environmental-scientists-and-specialists.htm,https://www.onetonline.org/link/summary/19-2041.00,19-2041.00,"Environmental Scientists and Specialists, Including Health",auto
be69a788-b3a4-4301-a436-9d188fe03bbd,Patent Litigation Attorney,https://www.bls.gov/ooh/legal/lawyers.htm,https://www.onetonline.org/link/summary/23-1011.00,23-1011.00,Lawyers,auto
bed6c1af-5d4f-41ab-b955-bfcb39c9d05d,Prosecutor (District Attorney),https://www.bls.gov/ooh/legal/lawyers.htm,https://www.onetonline.org/link/summary/23-1011.00,23-1011.00,Lawyers,auto
bf34c61a-e491-44aa-b7f5-25a749588088,Pharmaceutical Research Scientist,https://www.bls.gov/ooh/life-physical-and-social-science/medical-scientists.htm,https://www.onetonline.org/link/summary/19-1042.00,19-1042.00,"Medical Scientists, Except Epidemiologists",auto
bf619474-9359-45e3-b8d8-76f0c302c9ef,Sports Dietitian,https://www.bls.gov/ooh/healthcare/dietitians-and-nutritionists.htm,https://www.onetonline.org/link/summary/29-1031.00,29-1031.00,Dietitians and Nutritionists,auto
bfa68e95-f7d2-4514-8632-4cd7117211b0,Software Security Engineer,https://www.bls.gov/ooh/computer-and-information-technology/information-security-analysts.htm,https://www.onetonline.org/link/summary/15-1212.00,15-1212.00,Information Security Analysts,auto
c012fff5-1b8d-4a20-b36a-aa1156ca080c,Puppetry Performer (Professional Theatre),https://www.bls.gov/ooh/entertainment-and-sports/actors.htm,https://www.onetonline.org/link/summary/27-2011.00,27-2011.00,Actors,auto
c0149eb6-51c0-4650-bb2f-3faa684ce66b,Sports Broadcaster,https://www.bls.gov/ooh/media-and-communication/broadcast-and-sound-engineering-technicians.htm,https://www.onetonline.org/link/summary/27-4012.00,27-4012.00,Broadcast Technicians,auto
c01f6088-5a86-4e2d-88ba-cca5cfc4125b,Telecommunications Line Installer,https://www.bls.gov/ooh/installation-maintenance-and-repair/line-installers-and-repairers.htm,https://www.onetonline.org/link/summary/49-1011.00,49-1011.00,"First-Line Supervisors of Mechanics, Installers, and Repairers",auto
c0c15d09-5c58-4d75-9892-6e68259fdc94,Web Content Producer,https://www.bls.gov/ooh/media-and-communication/reporters-correspondents-and-broadcast-news-analysts.htm,https://www.onetonline.org/link/summary/27-3023.00,27-3023.00,"News Analysts, Reporters, and Journalists",hand-verified
c10a88d4-ba53-49b7-9420-4cdec41893bb,Medical Writer (Pharma),https://www.bls.gov/ooh/media-and-communication/technical-writers.htm,https://www.onetonline.org/link/summary/27-3042.00,27-3042.00,Technical Writers,auto
c17ff155-47cd-42ad-a87a-0ec8752e9482,Marine Biologist (Ocean Conservation),https://www.bls.gov/ooh/life-physical-and-social-science/zoologists-and-wildlife-biologists.htm,https://www.onetonline.org/link/summary/19-1023.00,19-1023.00,Zoologists and Wildlife Biologists,auto
c1e03b37-dee4-4d53-afcb-d433f5cff9e7,Network Security Specialist,https://www.bls.gov/ooh/computer-and-information-technology/information-security-analysts.htm,https://www.onetonline.org/link/summary/15-1212.00,15-1212.00,Information Security Analysts,auto
c210bf05-a15f-44a4-bba1-17e1cd17a37b,Financial Analyst,https://www.bls.gov/ooh/business-and-financial/financial-analysts.htm,https://www.onetonline.org/link/summary/13-2051.00,13-2051.00,Financial and Investment Analysts,auto
c2390fb8-4c7c-4e5e-ab3b-f784fd7f2a09,Customs Attorney,https://www.bls.gov/ooh/legal/lawyers.htm,https://www.onetonline.org/link/summary/23-1011.00,23-1011.00,Lawyers,auto
c24c2834-e216-4cd4-839b-36462d124a9e,Real Estate Litigation Attorney,https://www.bls.gov/ooh/legal/lawyers.htm,https://www.onetonline.org/link/summary/23-1011.00,23-1011.00,Lawyers,auto
c2bf4aea-a2f0-4aed-94b4-d42f114c7a0b,Geotechnical Engineer,https://www.bls.gov/ooh/architecture-and-engineering/civil-engineers.htm,https://www.onetonline.org/link/summary/17-2051.00,17-2051.00,Civil Engineers,auto
c2f65487-c303-4eb4-a2e2-1b24e929425a,Education Nonprofit Director,https://www.bls.gov/ooh/management/social-and-community-service-managers.htm,https://www.onetonline.org/link/summary/11-9151.00,11-9151.00,Social and Community Service Managers,auto
c3124216-7db1-4c9c-8cc9-94ba67fdfe5d,Backend Developer,https://www.bls.gov/ooh/computer-and-information-technology/software-developers.htm,https://www.onetonline.org/link/summary/15-1252.00,15-1252.00,Software Developers,auto
c38c4ec2-9969-4cb2-ad86-22cbdc57a2e9,Nonprofit Tech Startup Founder,https://www.bls.gov/ooh/management/top-executives.htm,https://www.onetonline.org/link/summary/11-1011.00,11-1011.00,Chief Executives,hand-verified
c3c25ad5-ba07-47a7-8866-d2ff5dfcf64a,Compensation and Benefits Manager,https://www.bls.gov/ooh/management/compensation-and-benefits-managers.htm,https://www.onetonline.org/link/summary/11-3111.00,11-3111.00,Compensation and Benefits Managers,auto
c3ed03a0-d280-4daf-bca0-9828c1b4a373,Green Infrastructure Specialist,https://www.bls.gov/ooh/architecture-and-engineering/environmental-engineers.htm,https://www.onetonline.org/link/summary/17-2081.00,17-2081.00,Environmental Engineers,auto
c4326e7a-cc5c-4d76-b56f-27c33609aadf,Front-End Developer,https://www.bls.gov/ooh/computer-and-information-technology/web-developers.htm,https://www.onetonline.org/link/summary/15-1254.00,15-1254.00,Web Developers,auto
c48806d9-0a2f-497b-8204-913f6efe282d,Animal Behavior Scientist (Ethologist),https://www.bls.gov/ooh/life-physical-and-social-science/zoologists-and-wildlife-biologists.htm,https://www.onetonline.org/link/summary/19-1023.00,19-1023.00,Zoologists and Wildlife Biologists,auto
c51c5fcf-1eb2-470e-af3c-afbf423c7ba2,Fine Dining Chef,https://www.bls.gov/ooh/food-preparation-and-serving/chefs-and-head-cooks.htm,https://www.onetonline.org/link/summary/35-1011.00,35-1011.00,Chefs and Head Cooks,auto
c53a98a0-f887-476d-b7b7-7e2b0e44b6ea,Network Engineer,https://www.bls.gov/ooh/computer-and-information-technology/network-and-computer-systems-administrators.htm,https://www.onetonline.org/link/summary/15-1244.00,15-1244.00,Network and Computer Systems Administrators,auto
c54077f3-433e-4538-bb4c-99500d6cdc57,Insurance Broker (Commercial),https://www.bls.gov/ooh/sales/insurance-sales-agents.htm,https://www.onetonline.org/link/summary/41-3021.00,41-3021.00,Insurance Sales Agents,auto
c5544836-89bf-4495-b867-b703abfd87c7,Colorist (Hair Specialist),https://www.bls.gov/ooh/personal-care-and-service/barbers-hairdressers-and-cosmetologists.htm,https://www.onetonline.org/link/summary/39-5011.00,39-5011.00,Barbers,auto
c593ebbb-0059-4a89-af67-d91381e99ed2,Content Strategist,https://www.bls.gov/ooh/media-and-communication/public-relations-specialists.htm,https://www.onetonline.org/link/summary/27-3031.00,27-3031.00,Public Relations Specialists,auto
c59c7f77-fcd9-4bb0-9ec6-10a3a820bdbc,CFO (Chief Financial Officer),https://www.bls.gov/ooh/management/financial-managers.htm,https://www.onetonline.org/link/summary/11-3031.00,11-3031.00,Financial Managers,auto
c5ad06e0-1de6-4deb-a616-67b7f83f4271,Chemist (Organic Chemistry),https://www.bls.gov/ooh/life-physical-and-social-science/chemists-and-materials-scientists.htm,https://www.onetonline.org/link/summary/19-2031.00,19-2031.00,Chemists,auto
c5ccc63b-44e3-41ee-bd3c-8e1009dcd88c,Consulting Startup Owner,https://www.bls.gov/ooh/business-and-financial/management-analysts.htm,https://www.onetonline.org/link/summary/13-1111.00,13-1111.00,Management Analysts,auto
c607b90c-0f50-42df-a7a4-b780da8c1b85,Athletic Trainer,https://www.bls.gov/ooh/healthcare/athletic-trainers.htm,https://www.onetonline.org/link/summary/29-9091.00,29-9091.00,Athletic Trainers,auto
c62d5bd2-2501-40ad-8e2e-1c6dff7a679b,Drone Service Startup Founder,https://www.bls.gov/ooh/management/top-executives.htm,https://www.onetonline.org/link/summary/11-1011.00,11-1011.00,Chief Executives,hand-verified
c68b1546-2bbe-4923-abeb-6a8b82388510,Social Services Coordinator,https://www.bls.gov/ooh/community-and-social-service/social-and-human-service-assistants.htm,https://www.onetonline.org/link/summary/21-1093.00,21-1093.00,Social and Human Service Assistants,auto
c6ffe11b-349a-4dbb-9790-a4df8d7d9b3f,Biophysicist,https://www.bls.gov/ooh/life-physical-and-social-science/physicists-and-astronomers.htm,https://www.onetonline.org/link/summary/19-2011.00,19-2011.00,Astronomers,auto
c79d9bb0-6160-4990-8fe9-24764ca2ec62,Inspector General (State Level),https://www.bls.gov/ooh/protective-service/police-and-detectives.htm,https://www.onetonline.org/link/summary/33-3051.00,33-3051.00,Police and Sheriff's Patrol Officers,hand-verified
c7bd6149-76b5-4131-a985-bbf213aacb54,Cosmetics Counter Manager,https://www.bls.gov/ooh/sales/retail-sales-workers.htm,https://www.onetonline.org/link/summary/41-1011.00,41-1011.00,First-Line Supervisors of Retail Sales Workers,auto
c7ceb9db-e63c-48ee-bea8-3256f37810ad,Labor and Employment Attorney,https://www.bls.gov/ooh/legal/lawyers.htm,https://www.onetonline.org/link/summary/23-1011.00,23-1011.00,Lawyers,auto
c834dcc2-c365-4229-990b-188fc7392133,Intellectual Property Attorney (Patent),https://www.bls.gov/ooh/legal/lawyers.htm,https://www.onetonline.org/link/summary/23-1011.00,23-1011.00,Lawyers,auto
c855ee3e-e983-4d6b-8f59-0354f4e9a2c4,Marketplace Analytics Founder,https://www.bls.gov/ooh/business-and-financial/management-analysts.htm,https://www.onetonline.org/link/summary/13-1111.00,13-1111.00,Management Analysts,auto
c873cec6-6190-4041-9520-333db060bc2d,Group Fitness Instructor,https://www.bls.gov/ooh/personal-care-and-service/fitness-trainers-and-instructors.htm,https://www.onetonline.org/link/summary/39-9031.00,39-9031.00,Exercise Trainers and Group Fitness Instructors,auto
c8f399df-9ffd-4ca3-b31d-0086dbe816f5,Field Data Scientist,https://www.bls.gov/ooh/life-physical-and-social-science/environmental-scientists-and-specialists.htm,https://www.onetonline.org/link/summary/19-2041.00,19-2041.00,"Environmental Scientists and Specialists, Including Health",auto
c913a23d-8c1f-48f4-844d-33a1763b7cb3,Financial Planner (Wealth Management),https://www.bls.gov/ooh/business-and-financial/personal-financial-advisors.htm,https://www.onetonline.org/link/summary/13-2052.00,13-2052.00,Personal Financial Advisors,auto
c95af0a4-8eaf-40c7-85f0-116361089f57,Hospital Chief Medical Officer,https://www.bls.gov/ooh/management/medical-and-health-services-managers.htm,https://www.onetonline.org/link/summary/11-9111.00,11-9111.00,Medical and Health Services Managers,auto
c97cf31a-b040-44ea-951c-0b13eecf213a,IT Help Desk Specialist,https://www.bls.gov/ooh/computer-and-information-technology/computer-support-specialists.htm,https://www.onetonline.org/link/summary/15-1231.00,15-1231.00,Computer Network Support Specialists,auto
ca8f0c81-3f5d-4f52-9283-eb9077dff4fb,Genetic Researcher (Medical),https://www.bls.gov/ooh/life-physical-and-social-science/medical-scientists.htm,https://www.onetonline.org/link/summary/19-1042.00,19-1042.00,"Medical Scientists, Except Epidemiologists",auto
cabc1e87-1322-45ee-9b4c-72982b42a61a,Healthcare IT Startup Founder,https://www.bls.gov/ooh/management/top-executives.htm,https://www.onetonline.org/link/summary/11-1011.00,11-1011.00,Chief Executives,hand-verified
cb322631-3927-41f5-b4d6-09b1945a0c35,Environmental Scientist,https://www.bls.gov/ooh/life-physical-and-social-science/environmental-scientists-and-specialists.htm,https://www.onetonline.org/link/summary/19-2041.00,19-2041.00,"Environmental Scientists and Specialists, Including Health",auto
cb3e9ee4-966f-4e00-ad18-4b68dd101a94,Personal Training Specialist,https://www.bls.gov/ooh/personal-care-and-service/fitness-trainers-and-instructors.htm,https://www.onetonline.org/link/summary/39-9031.00,39-9031.00,Exercise Trainers and Group Fitness Instructors,auto
cb71d474-f03c-4f03-b890-bb28663d6631,Data Scientist,https://www.bls.gov/ooh/math/mathematicians-and-statisticians.htm,https://www.onetonline.org/link/summary/15-2021.00,15-2021.00,Mathematicians,auto
cb96d20d-4ff8-4826-b3b6-223171d211c3,Immigration Litigation Attorney,https://www.bls.gov/ooh/legal/lawyers.htm,https://www.onetonline.org/link/summary/23-1011.00,23-1011.00,Lawyers,auto
cbe4fbde-8462-4ce4-b9b7-f2c16774cbd3,Optical Engineer,https://www.bls.gov/ooh/architecture-and-engineering/electrical-and-electronics-engineers.htm,https://www.onetonline.org/link/summary/17-2071.00,17-2071.00,Electrical Engineers,auto
cbfb113d-d5d5-41c9-a016-27727bd26878,Metallurgist,https://www.bls.gov/ooh/architecture-and-engineering/materials-engineers.htm,https://www.onetonline.org/link/summary/17-2131.00,17-2131.00,Materials Engineers,auto
cc1a6b6c-dcfc-4f6c-999d-31b2a395501a,Frontend Engineer,https://www.bls.gov/ooh/computer-and-information-technology/web-developers.htm,https://www.onetonline.org/link/summary/15-1254.00,15-1254.00,Web Developers,auto
cc28d9b1-855e-4208-9f23-9ce2fd13215e,Criminal Defense Lawyer,https://www.bls.gov/ooh/legal/lawyers.htm,https://www.onetonline.org/link/summary/23-1011.00,23-1011.00,Lawyers,auto
cc919176-47ee-46cb-bafc-10edea1b7017,Ecological Engineer,https://www.bls.gov/ooh/architecture-and-engineering/environmental-engineers.htm,https://www.onetonline.org/link/summary/17-2081.00,17-2081.00,Environmental Engineers,auto
cccd6e67-c920-4ed1-b79a-0e0d20d0e013,Corporate Secretary,https://www.bls.gov/ooh/office-and-administrative-support/secretaries-and-administrative-assistants.htm,https://www.onetonline.org/link/summary/43-6011.00,43-6011.00,Executive Secretaries and Executive Administrative Assistants,auto
ccff2f25-f571-49cc-8b42-10a45af91395,Sustainability-Focused Brand Designer,https://www.bls.gov/ooh/arts-and-design/graphic-designers.htm,https://www.onetonline.org/link/summary/27-1024.00,27-1024.00,Graphic Designers,auto
cd21f272-2e50-4511-a17b-be2ce74d7bd1,Video Journalist (Online News Platform),https://www.bls.gov/ooh/media-and-communication/reporters-correspondents-and-broadcast-news-analysts.htm,https://www.onetonline.org/link/summary/27-3023.00,27-3023.00,"News Analysts, Reporters, and Journalists",hand-verified
cd3d082d-7bfe-4a21-b8b6-e409afdf0657,Green Building Project Manager,https://www.bls.gov/ooh/management/construction-managers.htm,https://www.onetonline.org/link/summary/11-9021.00,11-9021.00,Construction Managers,auto
cd6df5de-2be5-48f5-a82d-c9cd0f9e63e7,IT Security Analyst,https://www.bls.gov/ooh/computer-and-information-technology/information-security-analysts.htm,https://www.onetonline.org/link/summary/15-1212.00,15-1212.00,Information Security Analysts,auto
ce0ff0ff-2cf0-4c1b-ac3d-13bb7b910727,Sheriffs Deputy,https://www.bls.gov/ooh/protective-service/police-and-detectives.htm,https://www.onetonline.org/link/summary/33-3051.00,33-3051.00,Police and Sheriff's Patrol Officers,hand-verified
ce4ebf0a-5373-4593-897d-2acdf9b561b2,Healthcare Tech Startup Founder,https://www.bls.gov/ooh/management/top-executives.htm,https://www.onetonline.org/link/summary/11-1011.00,11-1011.00,Chief Executives,hand-verified
ce853cac-a5f7-4aff-91cb-298173cc03c5,Renewable Energy Site Manager,https://www.bls.gov/ooh/management/industrial-production-managers.htm,https://www.onetonline.org/link/summary/11-3051.00,11-3051.00,Industrial Production Managers,auto
ceb37cf1-9459-4386-8a0e-2171a4ac82cc,Pharmaceutical Research Technician,https://www.bls.gov/ooh/life-physical-and-social-science/biochemists-and-biophysicists.htm,https://www.onetonline.org/link/summary/19-1021.00,19-1021.00,Biochemists and Biophysicists,auto
cf4a77bc-cc41-4cf4-9964-b091cd857fff,Admiralty Law Attorney,https://www.bls.gov/ooh/legal/lawyers.htm,https://www.onetonline.org/link/summary/23-1011.00,23-1011.00,Lawyers,auto
cfda151e-7289-4541-b272-398000bb8644,Data Journalist,https://www.bls.gov/ooh/media-and-communication/reporters-correspondents-and-broadcast-news-analysts.htm,https://www.onetonline.org/link/summary/27-3023.00,27-3023.00,"News Analysts, Reporters, and Journalists",hand-verified
d01c8706-9705-437c-b7df-2f22fa5c4be3,Hostage Negotiator,https://www.bls.gov/ooh/protective-service/police-and-detectives.htm,https://www.onetonline.org/link/summary/33-3051.00,33-3051.00,Police and Sheriff's Patrol Officers,hand-verified
d051cea2-0518-45aa-b270-50d1d36f95db,Beauty Influencer,https://www.bls.gov/ooh/media-and-communication/public-relations-specialists.htm,https://www.onetonline.org/link/summary/27-3031.00,27-3031.00,Public Relations Specialists,auto
d05b9370-6cf3-4e8d-8065-29c195aa7093,Investigative Data Journalist,https://www.bls.gov/ooh/media-and-communication/reporters-correspondents-and-broadcast-news-analysts.htm,https://www.onetonline.org/link/summary/27-3023.00,27-3023.00,"News Analysts, Reporters, and Journalists",hand-verified
d07a2f21-da3c-4753-b57f-3cdf5b679aed,Trademark Examiner,https://www.bls.gov/ooh/legal/paralegals-and-legal-assistants.htm,https://www.onetonline.org/link/summary/23-2011.00,23-2011.00,Paralegals and Legal Assistants,auto
d08812ca-9f22-4b0f-b8db-56fe011a4cae,Artificial Intelligence Startup Founder,https://www.bls.gov/ooh/management/top-executives.htm,https://www.onetonline.org/link/summary/11-1011.00,11-1011.00,Chief Executives,hand-verified
d0bafaa2-ffbf-4ba6-9da3-c05a7ccc38f4,Title Insurance Attorney,https://www.bls.gov/ooh/legal/lawyers.htm,https://www.onetonline.org/link/summary/23-1011.00,23-1011.00,Lawyers,auto
d0e63976-d1bc-4e36-9f3f-27f090b86cbe,Chemist (Research),https://www.bls.gov/ooh/life-physical-and-social-science/chemists-and-materials-scientists.htm,https://www.onetonline.org/link/summary/19-2031.00,19-2031.00,Chemists,auto
d0f0a5c1-2ac1-4a94-81a0-5bc96e30ac0e,TikTok Content Strategist,https://www.bls.gov/ooh/media-and-communication/public-relations-specialists.htm,https://www.onetonline.org/link/summary/27-3031.00,27-3031.00,Public Relations Specialists,auto
d1328eaf-3a35-4e47-a95d-199f68a20914,Social Worker,https://www.bls.gov/ooh/community-and-social-service/social-workers.htm,https://www.onetonline.org/link/summary/21-1029.00,21-1029.00,"Social Workers, All Other",auto
d16dfe52-28d8-4831-8e5d-fc099d762b2d,Professor (Higher Education),https://www.bls.gov/ooh/education-training-and-library/postsecondary-teachers.htm,https://www.onetonline.org/link/summary/25-1199.00,25-1199.00,"Postsecondary Teachers, All Other",auto
d177347c-50d3-46bd-84fc-21fe3af24da3,Groundskeeper (Sports Turf Manager),https://www.bls.gov/ooh/building-and-grounds-cleaning/grounds-maintenance-workers.htm,https://www.onetonline.org/link/summary/37-3019.00,37-3019.00,"Grounds Maintenance Workers, All Other",auto
d1b5f452-15a4-473f-9664-fc76f8a8eebc,Government Technology Policy Advisor,https://www.bls.gov/ooh/business-and-financial/management-analysts.htm,https://www.onetonline.org/link/summary/13-1111.00,13-1111.00,Management Analysts,auto
d1f4f76b-7c0b-43f9-b846-da4ef8f7e985,Space Systems Engineer,https://www.bls.gov/ooh/architecture-and-engineering/aerospace-engineers.htm,https://www.onetonline.org/link/summary/17-2011.00,17-2011.00,Aerospace Engineers,auto
d206076f-cb37-41ce-8ff6-39fd052785ab,Laboratory Scientist (Clinical),https://www.bls.gov/ooh/life-physical-and-social-science/medical-scientists.htm,https://www.onetonline.org/link/summary/19-1042.00,19-1042.00,"Medical Scientists, Except Epidemiologists",auto
d24f47b1-a1a5-43e0-ab4e-53dd38d29117,Fact-Checker (Media Organization),https://www.bls.gov/ooh/media-and-communication/reporters-correspondents-and-broadcast-news-analysts.htm,https://www.onetonline.org/link/summary/27-3023.00,27-3023.00,"News Analysts, Reporters, and Journalists",hand-verified
d29302fb-ca0c-41d6-a589-46ab53393d3d,Storyteller/Narrative Producer,https://www.bls.gov/ooh/media-and-communication/writers-and-authors.htm,https://www.onetonline.org/link/summary/27-3043.00,27-3043.00,Writers and Authors,auto
d2df88bf-3121-459b-a9ea-3fcce4b7720e,Makeup Counter Manager (Department Store),https://www.bls.gov/ooh/sales/retail-sales-workers.htm,https://www.onetonline.org/link/summary/41-1011.00,41-1011.00,First-Line Supervisors of Retail Sales Workers,auto
d2e01a4a-dc00-4a10-862f-9a75f3e47960,Forensic Scientist,https://www.bls.gov/ooh/life-physical-and-social-science/forensic-science-technicians.htm,https://www.onetonline.org/link/summary/19-4092.00,19-4092.00,Forensic Science Technicians,auto
d2e5e0b3-0110-40b1-b554-33247923aeb6,Marine Biologist,https://www.bls.gov/ooh/life-physical-and-social-science/zoologists-and-wildlife-biologists.htm,https://www.onetonline.org/link/summary/19-1023.00,19-1023.00,Zoologists and Wildlife Biologists,auto
d2f760e5-6be7-4781-8146-ff1020d13fe6,Investigative Producer (TV),https://www.bls.gov/ooh/media-and-communication/reporters-correspondents-and-broadcast-news-analysts.htm,https://www.onetonline.org/link/summary/27-3023.00,27-3023.00,"News Analysts, Reporters, and Journalists",hand-verified
d305242b-af93-4c21-b44c-a8176d1d0f06,Investigative Journalist (Podcaster),https://www.bls.gov/ooh/media-and-communication/reporters-correspondents-and-broadcast-news-analysts.htm,https://www.onetonline.org/link/summary/27-3023.00,27-3023.00,"News Analysts, Reporters, and Journalists",hand-verified
d33d3e76-cae9-4295-9848-c981b2abad2f,Business Development Manager (Startups),https://www.bls.gov/ooh/business-and-financial/management-analysts.htm,https://www.onetonline.org/link/summary/13-1111.00,13-1111.00,Management Analysts,auto
d36003f1-a98f-4695-8eeb-92c925f6ba73,Software Engineer (Mobile Apps),https://www.bls.gov/ooh/computer-and-information-technology/software-developers.htm,https://www.onetonline.org/link/summary/15-1252.00,15-1252.00,Software Developers,auto
d380c6fb-ef89-4bd0-9b77-92e295f2805e,Environmental Health Officer,https://www.bls.gov/ooh/life-physical-and-social-science/environmental-scientists-and-specialists.htm,https://www.onetonline.org/link/summary/19-2041.00,19-2041.00,"Environmental Scientists and Specialists, Including Health",auto
d3c298ab-0c50-4be5-8c87-a5971172027a,Robotics Engineer,https://www.bls.gov/ooh/architecture-and-engineering/electrical-and-electronics-engineers.htm,https://www.onetonline.org/link/summary/17-2071.00,17-2071.00,Electrical Engineers,auto
d41b3dd3-a1cc-4044-a64f-d506291afd1a,Personal Athletic Trainer,https://www.bls.gov/ooh/personal-care-and-service/fitness-trainers-and-instructors.htm,https://www.onetonline.org/link/summary/39-9031.00,39-9031.00,Exercise Trainers and Group Fitness Instructors,auto
d444d9b4-e944-4634-a576-e3428f479741,Licensed Esthetician,https://www.bls.gov/ooh/personal-care-and-service/skincare-specialists.htm,https://www.onetonline.org/link/summary/39-5094.00,39-5094.00,Skincare Specialists,auto
d4d366ec-c7f1-4074-9ad2-12e06fd2aa42,Niche Consulting Firm Owner,https://www.bls.gov/ooh/business-and-financial/management-analysts.htm,https://www.onetonline.org/link/summary/13-1111.00,13-1111.00,Management Analysts,auto
d50679b3-e99a-4184-bab3-711fb924e8a0,Pet Tech Startup Founder,https://www.bls.gov/ooh/management/top-executives.htm,https://www.onetonline.org/link/summary/11-1011.00,11-1011.00,Chief Executives,hand-verified
d5346fe0-51e5-43e5-94da-262db23bf53e,Content Strategist (Editorial),https://www.bls.gov/ooh/media-and-communication/public-relations-specialists.htm,https://www.onetonline.org/link/summary/27-3031.00,27-3031.00,Public Relations Specialists,auto
d54da44c-8e89-4517-bc67-3288bb85a308,Intellectual Property (IP) Lawyer,https://www.bls.gov/ooh/legal/lawyers.htm,https://www.onetonline.org/link/summary/23-1011.00,23-1011.00,Lawyers,auto
d6457813-6901-451c-bbd8-5c18a63abb45,Insurance Risk Modeler,https://www.bls.gov/ooh/math/actuaries.htm,https://www.onetonline.org/link/summary/15-2011.00,15-2011.00,Actuaries,auto
d64c4100-3914-4a61-b8d7-c77dddb1fcfb,Physicist,https://www.bls.gov/ooh/life-physical-and-social-science/physicists-and-astronomers.htm,https://www.onetonline.org/link/summary/19-2011.00,19-2011.00,Astronomers,auto
d6870ca3-95d1-471f-a770-50a40b0a81ab,Television Producer,https://www.bls.gov/ooh/entertainment-and-sports/producers-and-directors.htm,https://www.onetonline.org/link/summary/27-2012.00,27-2012.00,Producers and Directors,auto
d6a28f12-236c-4034-b25e-025ad2858049,Nonprofit Law Specialist,https://www.bls.gov/ooh/legal/lawyers.htm,https://www.onetonline.org/link/summary/23-1011.00,23-1011.00,Lawyers,auto
d70d16c6-eddf-4fc8-8415-a9fe39673766,Patent Examiner (USPTO),https://www.bls.gov/ooh/legal/lawyers.htm,https://www.onetonline.org/link/summary/23-1011.00,23-1011.00,Lawyers,auto
d722276e-7c05-4731-b639-c408a6209a13,Industrial Chemist,https://www.bls.gov/ooh/life-physical-and-social-science/chemists-and-materials-scientists.htm,https://www.onetonline.org/link/summary/19-2031.00,19-2031.00,Chemists,auto
d78e3f7b-8bd8-4c0a-8c50-612206b2248a,Biotechnology Analyst,https://www.bls.gov/ooh/life-physical-and-social-science/biochemists-and-biophysicists.htm,https://www.onetonline.org/link/summary/19-1021.00,19-1021.00,Biochemists and Biophysicists,auto
d7c5a10c-2501-4bd8-9f44-33d406248a19,Chemist,https://www.bls.gov/ooh/life-physical-and-social-science/chemists-and-materials-scientists.htm,https://www.onetonline.org/link/summary/19-2031.00,19-2031.00,Chemists,auto
d83f6c11-dc83-4d6d-adc7-176ee2d65190,FBI Cybercrime Investigator,https://www.bls.gov/ooh/protective-service/police-and-detectives.htm,https://www.onetonline.org/link/summary/33-3051.00,33-3051.00,Police and Sheriff's Patrol Officers,hand-verified
d8dfcf62-8473-45aa-b115-d2ee8796e9f7,Police Chief,https://www.bls.gov/ooh/protective-service/police-and-detectives.htm,https://www.onetonline.org/link/summary/33-3051.00,33-3051.00,Police and Sheriff's Patrol Officers,hand-verified
d955c258-2267-4fc8-b201-99d170807880,Augmented Reality Developer,https://www.bls.gov/ooh/computer-and-information-technology/software-developers.htm,https://www.onetonline.org/link/summary/15-1252.00,15-1252.00,Software Developers,auto
d95789cd-4898-4447-afd4-550c2a49fc1d,Documentary Filmmaker,https://www.bls.gov/ooh/media-and-communication/film-and-video-editors-and-camera-operators.htm,https://www.onetonline.org/link/summary/27-3041.00,27-3041.00,Editors,auto
d96db51d-6112-4024-9615-fee94a453142,Parks and Recreation Director,https://www.bls.gov/ooh/management/administrative-services-managers.htm,https://www.onetonline.org/link/summary/11-3012.00,11-3012.00,Administrative Services Managers,auto
d98f8c13-a336-45b9-9d93-ca0f2b4828f1,Jazz Musician,https://www.bls.gov/ooh/entertainment-and-sports/musicians-and-singers.htm,https://www.onetonline.org/link/summary/27-2042.00,27-2042.00,Musicians and Singers,auto
d9b4efa4-57b2-48e6-90b5-dc0df58004df,Renewable Energy Engineer,https://www.bls.gov/ooh/architecture-and-engineering/electrical-and-electronics-engineers.htm,https://www.onetonline.org/link/summary/17-2071.00,17-2071.00,Electrical Engineers,auto
d9b5af79-f36a-41d6-850f-6800605607fb,Financial Planner (Millennial-Focused),https://www.bls.gov/ooh/business-and-financial/personal-financial-advisors.htm,https://www.onetonline.org/link/summary/13-2052.00,13-2052.00,Personal Financial Advisors,auto
da10ceab-4efd-4d36-8308-a32c6aa33d94,Water Conservation Analyst,https://www.bls.gov/ooh/life-physical-and-social-science/environmental-scientists-and-specialists.htm,https://www.onetonline.org/link/summary/19-2041.00,19-2041.00,"Environmental Scientists and Specialists, Including Health",auto
da403941-5334-4841-855b-0aaa6a8db46b,Medical Device Quality Inspector,https://www.bls.gov/ooh/production/quality-control-inspectors.htm,https://www.onetonline.org/link/summary/51-9061.00,51-9061.00,"Inspectors, Testers, Sorters, Samplers, and Weighers",hand-verified
dab480e8-d956-4138-89e5-060b66528b9f,ESL (English as Second Language) Instructor,https://www.bls.gov/ooh/education-training-and-library/high-school-teachers.htm,https://www.onetonline.org/link/summary/25-2031.00,25-2031.00,"Secondary School Teachers, Except Special and Career/Technical Education",hand-verified
daddbf03-87c1-4106-86dc-0a5615db9bff,Pet Sitting Service Founder,https://www.bls.gov/ooh/personal-care-and-service/animal-care-and-service-workers.htm,https://www.onetonline.org/link/summary/39-9099.00,39-9099.00,"Personal Care and Service Workers, All Other",auto
db2d0c44-9dda-4044-a85e-a957ff02d8de,School Librarian,https://www.bls.gov/ooh/education-training-and-library/librarians.htm,https://www.onetonline.org/link/summary/25-4022.00,25-4022.00,Librarians and Media Collections Specialists,auto
dbc5c26e-c223-41e0-9f83-0f8e87c595e2,Broadcast Camera Operator,https://www.bls.gov/ooh/media-and-communication/broadcast-and-sound-engineering-technicians.htm,https://www.onetonline.org/link/summary/27-4012.00,27-4012.00,Broadcast Technicians,auto
dc0e9815-6005-4a5d-a0b0-0a4ebc552711,Sustainability-Focused Graphic Designer,https://www.bls.gov/ooh/arts-and-design/graphic-designers.htm,https://www.onetonline.org/link/summary/27-1024.00,27-1024.00,Graphic Designers,auto
dc79e979-a041-4341-8663-5aa10dcb19a0,Virtual Reality Creator,https://www.bls.gov/ooh/arts-and-design/multimedia-artists-and-animators.htm,https://www.onetonline.org/link/summary/27-1014.00,27-1014.00,Special Effects Artists and Animators,hand-verified
dcbea90b-03dd-45f1-b293-49e61f280bc5,State Senator,https://www.bls.gov/ooh/management/top-executives.htm,https://www.onetonline.org/link/summary/11-1011.00,11-1011.00,Chief Executives,hand-verified
dcce8a96-58bc-4995-a712-c58cd3cedc01,Impact Startup Founder,https://www.bls.gov/ooh/management/top-executives.htm,https://www.onetonline.org/link/summary/11-1011.00,11-1011.00,Chief Executives,hand-verified
dcf6f285-2ba1-433e-8a25-fe60fbf49364,Literacy Coach (K-12),https://www.bls.gov/ooh/education-training-and-library/special-education-teachers.htm,https://www.onetonline.org/link/summary/25-2059.00,25-2059.00,"Special Education Teachers, All Other",auto
dcfa7d38-dcf5-4175-b0c1-8d1c755c47a9,Financial Planner (Certified),https://www.bls.gov/ooh/business-and-financial/personal-financial-advisors.htm,https://www.onetonline.org/link/summary/13-2052.00,13-2052.00,Personal Financial Advisors,auto
dd3a60b5-0fec-490b-a41d-e87e37124ea4,Digital Storyteller,https://www.bls.gov/ooh/arts-and-design/multimedia-artists-and-animators.htm,https://www.onetonline.org/link/summary/27-1014.00,27-1014.00,Special Effects Artists and Animators,hand-verified
dd4e4089-cb77-4057-a91f-323cd1d4f378,Policy Analyst,https://www.bls.gov/ooh/life-physical-and-social-science/political-scientists.htm,https://www.onetonline.org/link/summary/19-3094.00,19-3094.00,Political Scientists,auto
dd5ce343-9284-4777-95e0-5e075d8b70ff,Quantum Software Developer,https://www.bls.gov/ooh/computer-and-information-technology/software-developers.htm,https://www.onetonline.org/link/summary/15-1252.00,15-1252.00,Software Developers,auto
dda21f6b-a2d7-4d39-87f9-a5e6a2b72929,Judge Advocate (Military),https://www.bls.gov/ooh/legal/lawyers.htm,https://www.onetonline.org/link/summary/23-1011.00,23-1011.00,Lawyers,auto
ddc91fb4-c0cf-43f8-aea1-542fc0facaa4,Early Childhood Director,https://www.bls.gov/ooh/personal-care-and-service/childcare-workers.htm,https://www.onetonline.org/link/summary/39-9011.00,39-9011.00,Childcare Workers,auto
ddc934d7-12a8-425a-bb86-5c1f63eae865,Hospital Administrator,https://www.bls.gov/ooh/management/medical-and-health-services-managers.htm,https://www.onetonline.org/link/summary/11-9111.00,11-9111.00,Medical and Health Services Managers,auto
de055334-8bd3-45c2-b458-76bdb3ba71d5,Nonprofit Attorney,https://www.bls.gov/ooh/legal/lawyers.htm,https://www.onetonline.org/link/summary/23-1011.00,23-1011.00,Lawyers,auto
de0d75a5-77a0-4ce3-9cc2-7c222f8baa1e,Cross-Fit Coach,https://www.bls.gov/ooh/personal-care-and-service/fitness-trainers-and-instructors.htm,https://www.onetonline.org/link/summary/39-9031.00,39-9031.00,Exercise Trainers and Group Fitness Instructors,auto
de3408d2-fac6-4b8f-bdac-ea91e783d878,Estate Planning Attorney,https://www.bls.gov/ooh/legal/lawyers.htm,https://www.onetonline.org/link/summary/23-1011.00,23-1011.00,Lawyers,auto
de6b216a-5e82-44c5-9e09-9c1ae4284933,Corporate Lawyer,https://www.bls.gov/ooh/legal/lawyers.htm,https://www.onetonline.org/link/summary/23-1011.00,23-1011.00,Lawyers,auto
deaff63e-c527-48de-9cbe-f42ccf0775ac,On-Demand Services Platform Founder,https://www.bls.gov/ooh/management/top-executives.htm,https://www.onetonline.org/link/summary/11-1011.00,11-1011.00,Chief Executives,hand-verified
deb63f7b-5767-4923-95a9-706196c321ae,Civil Rights Attorney,https://www.bls.gov/ooh/legal/lawyers.htm,https://www.onetonline.org/link/summary/23-1011.00,23-1011.00,Lawyers,auto
dec3ee9b-d40d-4c90-8946-ca9a7b55058d,Skincare Formulator,https://www.bls.gov/ooh/life-physical-and-social-science/chemists-and-materials-scientists.htm,https://www.onetonline.org/link/summary/19-2031.00,19-2031.00,Chemists,auto
def15e92-0206-4b10-a619-9cd8db591683,Carbon Offset Project Manager,https://www.bls.gov/ooh/business-and-financial/management-analysts.htm,https://www.onetonline.org/link/summary/13-1111.00,13-1111.00,Management Analysts,auto
df1898c5-668c-4ba5-9ec7-de21e0d09a6b,Research Statistician,https://www.bls.gov/ooh/math/statisticians.htm,https://www.onetonline.org/link/summary/15-2041.00,15-2041.00,Statisticians,auto
df544bd2-c2d7-4775-a94d-9d57ec150032,Audio Engineer,https://www.bls.gov/ooh/media-and-communication/broadcast-and-sound-engineering-technicians.htm,https://www.onetonline.org/link/summary/27-4012.00,27-4012.00,Broadcast Technicians,auto
dfcbb2e6-cc88-426a-840a-3b956f220250,Reforestation Project Manager,https://www.bls.gov/ooh/management/industrial-production-managers.htm,https://www.onetonline.org/link/summary/11-3051.00,11-3051.00,Industrial Production Managers,auto
dfe1a859-c764-4954-9ce3-b86d3a9088b9,Biotechnology Researcher,https://www.bls.gov/ooh/life-physical-and-social-science/biochemists-and-biophysicists.htm,https://www.onetonline.org/link/summary/19-1021.00,19-1021.00,Biochemists and Biophysicists,auto
dfe3cbf6-cb27-47ab-8366-f76a4ed7137b,Cyber Law Specialist,https://www.bls.gov/ooh/legal/lawyers.htm,https://www.onetonline.org/link/summary/23-1011.00,23-1011.00,Lawyers,auto
dfe56d97-c539-4238-8eb3-91add71fb34f,Electronics Engineer,https://www.bls.gov/ooh/architecture-and-engineering/electrical-and-electronics-engineers.htm,https://www.onetonline.org/link/summary/17-2071.00,17-2071.00,Electrical Engineers,auto
e00d19ab-35f8-42cf-bc96-55cdfb46dbf7,Tax Lawyer,https://www.bls.gov/ooh/legal/lawyers.htm,https://www.onetonline.org/link/summary/23-1011.00,23-1011.00,Lawyers,auto
e016c8a5-8e90-418c-8f7f-a8817cab470d,Strength Trainer (Personal Training),https://www.bls.gov/ooh/personal-care-and-service/fitness-trainers-and-instructors.htm,https://www.onetonline.org/link/summary/39-9031.00,39-9031.00,Exercise Trainers and Group Fitness Instructors,auto
e050b3c5-740f-4be2-ac75-06667523d9e3,International Trade Lawyer,https://www.bls.gov/ooh/legal/lawyers.htm,https://www.onetonline.org/link/summary/23-1011.00,23-1011.00,Lawyers,auto
e0851e23-f7f1-4b1f-aad9-c29f8d9644d8,Cybersecurity Engineer,https://www.bls.gov/ooh/computer-and-information-technology/information-security-analysts.htm,https://www.onetonline.org/link/summary/15-1212.00,15-1212.00,Information Security Analysts,auto
e0988a61-f113-4cac-bcbd-8b39e6a30c28,Book Editor (Publishing House),https://www.bls.gov/ooh/media-and-communication/editors.htm,https://www.onetonline.org/link/summary/27-3041.00,27-3041.00,Editors,auto
e0b4ceae-30dd-4577-b694-e03c00e12a96,Emergency Response Coordinator,https://www.bls.gov/ooh/protective-service/police-and-detectives.htm,https://www.onetonline.org/link/summary/33-3051.00,33-3051.00,Police and Sheriff's Patrol Officers,hand-verified
e0e64d3f-0adf-4125-bbd4-c895d024bbcd,Synthetic Biologist,https://www.bls.gov/ooh/life-physical-and-social-science/biochemists-and-biophysicists.htm,https://www.onetonline.org/link/summary/19-1021.00,19-1021.00,Biochemists and Biophysicists,auto
e0ebf060-11ac-4490-89c4-2e0808329bc7,Referee/Umpire,https://www.bls.gov/ooh/entertainment-and-sports/umpires-referees-and-other-sports-officials.htm,https://www.onetonline.org/link/summary/27-2023.00,27-2023.00,"Umpires, Referees, and Other Sports Officials",auto
e12c479e-fc71-4f78-9d7f-88523712a5ef,STEM Education Director,https://www.bls.gov/ooh/education-training-and-library/instructional-coordinators.htm,https://www.onetonline.org/link/summary/25-9031.00,25-9031.00,Instructional Coordinators,auto
e1fd18fb-2b7b-48d0-ac2e-4902ee4fc148,Biomechanics Engineer,https://www.bls.gov/ooh/architecture-and-engineering/biomedical-engineers.htm,https://www.onetonline.org/link/summary/17-2031.00,17-2031.00,Bioengineers and Biomedical Engineers,auto
e21ba8ab-eb8c-4b03-912f-16e24e4992f9,Medical Device Engineer,https://www.bls.gov/ooh/architecture-and-engineering/biomedical-engineers.htm,https://www.onetonline.org/link/summary/17-2031.00,17-2031.00,Bioengineers and Biomedical Engineers,auto
e21bcf6a-4a0e-4ce8-9616-17ae70479347,Food Service Director,https://www.bls.gov/ooh/management/food-service-managers.htm,https://www.onetonline.org/link/summary/11-9051.00,11-9051.00,Food Service Managers,auto
e2384eb2-633b-45fc-bf13-e8d299045cdc,Social Worker (Medical),https://www.bls.gov/ooh/community-and-social-service/social-workers.htm,https://www.onetonline.org/link/summary/21-1029.00,21-1029.00,"Social Workers, All Other",auto
e2f23898-d48a-4485-98be-5d0c0e175cdb,STEM Bootcamp Instructor,https://www.bls.gov/ooh/education-training-and-library/high-school-teachers.htm,https://www.onetonline.org/link/summary/25-2031.00,25-2031.00,"Secondary School Teachers, Except Special and Career/Technical Education",hand-verified
e334a4bd-0fa5-410b-8e9c-cd2d7d059fcc,Recruitment Tech Startup Founder,https://www.bls.gov/ooh/management/top-executives.htm,https://www.onetonline.org/link/summary/11-1011.00,11-1011.00,Chief Executives,hand-verified
e34dbe9e-2907-42df-aec2-6b7c6f98b938,Personal Trainer (Certified),https://www.bls.gov/ooh/personal-care-and-service/fitness-trainers-and-instructors.htm,https://www.onetonline.org/link/summary/39-9031.00,39-9031.00,Exercise Trainers and Group Fitness Instructors,auto
e36e0030-bce9-4b89-8b44-ab38fedc6905,Corporate Trainer (Leadership Development),https://www.bls.gov/ooh/business-and-financial/training-and-development-specialists.htm,https://www.onetonline.org/link/summary/13-1151.00,13-1151.00,Training and Development Specialists,auto
e36f2132-e7f4-4b92-97fc-7d20d75be45c,Youth Court Judge,https://www.bls.gov/ooh/legal/judges-and-hearing-officers.htm,https://www.onetonline.org/link/summary/23-1021.00,23-1021.00,"Administrative Law Judges, Adjudicators, and Hearing Officers",auto
e3722bc7-ab3a-40f1-9651-8f3f8eafafd9,Energy Systems Engineer,https://www.bls.gov/ooh/architecture-and-engineering/electrical-and-electronics-engineers.htm,https://www.onetonline.org/link/summary/17-2071.00,17-2071.00,Electrical Engineers,auto
e37c4147-4632-4b9d-b54e-697c3c22030c,Land Use Attorney,https://www.bls.gov/ooh/legal/lawyers.htm,https://www.onetonline.org/link/summary/23-1011.00,23-1011.00,Lawyers,auto
e3bea7e9-8547-4b28-9e39-c9fbce24348e,Nonprofit Data Analyst,https://www.bls.gov/ooh/math/statisticians.htm,https://www.onetonline.org/link/summary/15-2041.00,15-2041.00,Statisticians,auto
e3d6d797-044a-4192-a809-f3b2fba782fb,Influencer Management Agency Founder,https://www.bls.gov/ooh/business-and-financial/management-analysts.htm,https://www.onetonline.org/link/summary/13-1111.00,13-1111.00,Management Analysts,auto
e41b629e-b80c-4bcb-a1d9-2f06cc950b58,International Law Specialist,https://www.bls.gov/ooh/legal/lawyers.htm,https://www.onetonline.org/link/summary/23-1011.00,23-1011.00,Lawyers,auto
e49258f3-ea83-4180-8ecc-088afd8844ab,Hospital Social Worker,https://www.bls.gov/ooh/community-and-social-service/social-workers.htm,https://www.onetonline.org/link/summary/21-1029.00,21-1029.00,"Social Workers, All Other",auto
e4ab63eb-419e-4d46-b88c-81d7b6808f03,Virtual Learning Coordinator,https://www.bls.gov/ooh/education-training-and-library/instructional-coordinators.htm,https://www.onetonline.org/link/summary/25-9031.00,25-9031.00,Instructional Coordinators,auto
e5098e13-28ed-4a64-91e6-55ef18e7147f,Arts Lawyer,https://www.bls.gov/ooh/legal/lawyers.htm,https://www.onetonline.org/link/summary/23-1011.00,23-1011.00,Lawyers,auto
e5896b31-859f-462d-811c-bb9390b933a7,Fact Checker (Digital News Organization),https://www.bls.gov/ooh/media-and-communication/reporters-correspondents-and-broadcast-news-analysts.htm,https://www.onetonline.org/link/summary/27-3023.00,27-3023.00,"News Analysts, Reporters, and Journalists",hand-verified
e71551e7-b512-44c2-b0c5-017e21178a60,Investment Banker (Corporate Finance),https://www.bls.gov/ooh/business-and-financial/financial-analysts.htm,https://www.onetonline.org/link/summary/13-2051.00,13-2051.00,Financial and Investment Analysts,auto
e7495886-f28b-4ca6-b8b7-bbb0676f5de9,Insurance Underwriter,https://www.bls.gov/ooh/business-and-financial/insurance-underwriters.htm,https://www.onetonline.org/link/summary/13-2053.00,13-2053.00,Insurance Underwriters,auto
e762e773-8edb-476a-a278-ad012c4e004e,Recreation Therapist,https://www.bls.gov/ooh/healthcare/recreational-therapists.htm,https://www.onetonline.org/link/summary/29-1125.00,29-1125.00,Recreational Therapists,auto
e795338b-d01b-4697-82cf-012a9fad4519,Renewable Energy Project Developer,https://www.bls.gov/ooh/business-and-financial/project-management-specialists.htm,https://www.onetonline.org/link/summary/13-1082.00,13-1082.00,Project Management Specialists,auto
e798972c-638e-434f-a250-b90b50b5a2ed,Emergency Management Director,https://www.bls.gov/ooh/management/emergency-management-directors.htm,https://www.onetonline.org/link/summary/11-9161.00,11-9161.00,Emergency Management Directors,auto
e7d2953b-ffc2-4a6f-be16-71737be4b729,Plus-Size Fashion Designer,https://www.bls.gov/ooh/arts-and-design/fashion-designers.htm,https://www.onetonline.org/link/summary/27-1022.00,27-1022.00,Fashion Designers,auto
e7d75bf3-4d70-48c5-b247-af4991dd87d4,Investment Banking Analyst,https://www.bls.gov/ooh/business-and-financial/financial-analysts.htm,https://www.onetonline.org/link/summary/13-2051.00,13-2051.00,Financial and Investment Analysts,auto
e800d86b-604a-4a03-a053-27b785523778,Corporate Attorney,https://www.bls.gov/ooh/legal/lawyers.htm,https://www.onetonline.org/link/summary/23-1011.00,23-1011.00,Lawyers,auto
e87d1636-ed71-4210-b58a-0941511337b2,Security Engineer,https://www.bls.gov/ooh/computer-and-information-technology/information-security-analysts.htm,https://www.onetonline.org/link/summary/15-1212.00,15-1212.00,Information Security Analysts,auto
ea4d4fb4-3b3e-4f49-9091-134a6a2fad28,Restaurant Owner/Operator,https://www.bls.gov/ooh/management/food-service-managers.htm,https://www.onetonline.org/link/summary/11-9051.00,11-9051.00,Food Service Managers,auto
ea81ad8f-c984-4354-a293-7e8ae9737039,Corporate Compliance Counsel,https://www.bls.gov/ooh/legal/lawyers.htm,https://www.onetonline.org/link/summary/23-1011.00,23-1011.00,Lawyers,auto
ea8f62f3-4bda-42d8-b395-23e761fb9abc,Environmental Microbiologist,https://www.bls.gov/ooh/life-physical-and-social-science/microbiologists.htm,https://www.onetonline.org/link/summary/19-1022.00,19-1022.00,Microbiologists,auto
eae2e918-f014-4ba2-88f1-c930f509869a,Menswear Designer,https://www.bls.gov/ooh/arts-and-design/fashion-designers.htm,https://www.onetonline.org/link/summary/27-1022.00,27-1022.00,Fashion Designers,auto
eb0307b7-74a4-4ca2-921f-667c6a9ad127,Water Reclamation Specialist,https://www.bls.gov/ooh/architecture-and-engineering/environmental-engineers.htm,https://www.onetonline.org/link/summary/17-2081.00,17-2081.00,Environmental Engineers,auto
eb3c8236-57eb-47ee-9caf-1ff79e823f63,Editorial Director,https://www.bls.gov/ooh/media-and-communication/editors.htm,https://www.onetonline.org/link/summary/27-3041.00,27-3041.00,Editors,auto
eb601eb3-cc92-4af5-adca-6501545a7e8e,Paralegal (Intellectual Property),https://www.bls.gov/ooh/legal/paralegals-and-legal-assistants.htm,https://www.onetonline.org/link/summary/23-2011.00,23-2011.00,Paralegals and Legal Assistants,auto
eb8e9780-e3cb-443e-8569-cb3513a80dbd,Credit Union Manager,https://www.bls.gov/ooh/management/financial-managers.htm,https://www.onetonline.org/link/summary/11-3031.00,11-3031.00,Financial Managers,auto
ebc40dce-b162-44d9-bf0f-88c930a1facf,Research Analyst (Social Science),https://www.bls.gov/ooh/life-physical-and-social-science/sociologists.htm,https://www.onetonline.org/link/summary/19-3041.00,19-3041.00,Sociologists,auto
ebd9753d-ed21-4dbe-ad04-3d5fa664515e,Academic Librarian,https://www.bls.gov/ooh/education-training-and-library/librarians.htm,https://www.onetonline.org/link/summary/25-4022.00,25-4022.00,Librarians and Media Collections Specialists,auto
ebf3b98c-ca6c-4262-a8bf-0db6e6710c5e,Risk Management Consultant,https://www.bls.gov/ooh/business-and-financial/management-analysts.htm,https://www.onetonline.org/link/summary/13-1111.00,13-1111.00,Management Analysts,auto
ec091b3f-bf6b-477f-9d2c-f92337b98ec6,Bridge Engineer,https://www.bls.gov/ooh/architecture-and-engineering/civil-engineers.htm,https://www.onetonline.org/link/summary/17-2051.00,17-2051.00,Civil Engineers,auto
ec0f3a5c-94bb-4b75-9c46-df41477b18c1,Research Psychologist,https://www.bls.gov/ooh/life-physical-and-social-science/psychologists.htm,https://www.onetonline.org/link/summary/19-3039.00,19-3039.00,"Psychologists, All Other",auto
ec3756f8-41c6-4813-a22c-5dc3b7693fbd,IT Support Specialist,https://www.bls.gov/ooh/computer-and-information-technology/computer-support-specialists.htm,https://www.onetonline.org/link/summary/15-1231.00,15-1231.00,Computer Network Support Specialists,auto
ec5f3bf8-1c80-41ac-b8de-714d635b9d05,Environmental Law Attorney,https://www.bls.gov/ooh/legal/lawyers.htm,https://www.onetonline.org/link/summary/23-1011.00,23-1011.00,Lawyers,auto
ecea3410-79d8-49ec-aa24-5635981adb48,Fashion Designer,https://www.bls.gov/ooh/arts-and-design/fashion-designers.htm,https://www.onetonline.org/link/summary/27-1022.00,27-1022.00,Fashion Designers,auto
ecf7c38b-77b6-4ba2-b2ef-9df2083d871c,Sports Injury Researcher,https://www.bls.gov/ooh/life-physical-and-social-science/medical-scientists.htm,https://www.onetonline.org/link/summary/19-1042.00,19-1042.00,"Medical Scientists, Except Epidemiologists",auto
ed719a28-9cf2-4476-877d-d8cb1eedd6e5,Media Strategist,https://www.bls.gov/ooh/business-and-financial/market-research-analysts.htm,https://www.onetonline.org/link/summary/13-1161.00,13-1161.00,Market Research Analysts and Marketing Specialists,auto
ed78d79b-2167-4ed5-8c18-3d9a87536580,Startup Founder (Tech Hardware),https://www.bls.gov/ooh/management/top-executives.htm,https://www.onetonline.org/link/summary/11-1011.00,11-1011.00,Chief Executives,hand-verified
ed9a1549-4304-4ff8-9616-7a785ae194b9,Arbitrator,https://www.bls.gov/ooh/legal/arbitrators-mediators-and-conciliators.htm,https://www.onetonline.org/link/summary/23-1022.00,23-1022.00,"Arbitrators, Mediators, and Conciliators",auto
edb1307f-094b-475e-8f9a-266a7ff82ba4,Actuarial Analyst,https://www.bls.gov/ooh/math/actuaries.htm,https://www.onetonline.org/link/summary/15-2011.00,15-2011.00,Actuaries,auto
ee29f7e7-7f95-4e65-8248-2a8ebce1e8e3,Software Engineer (Healthcare),https://www.bls.gov/ooh/computer-and-information-technology/software-developers.htm,https://www.onetonline.org/link/summary/15-1252.00,15-1252.00,Software Developers,auto
ee48c897-a901-4d09-9e2f-861757af94f0,Actuarial Data Scientist,https://www.bls.gov/ooh/math/actuaries.htm,https://www.onetonline.org/link/summary/15-2011.00,15-2011.00,Actuaries,auto
ee7dd5f1-27d2-4c34-adc9-b364e6e9e7ca,Health Tech SaaS Founder,https://www.bls.gov/ooh/management/top-executives.htm,https://www.onetonline.org/link/summary/11-1011.00,11-1011.00,Chief Executives,hand-verified
eedd72c1-4a8d-4fce-90b5-a1574fcc0535,Child Advocacy Attorney,https://www.bls.gov/ooh/legal/lawyers.htm,https://www.onetonline.org/link/summary/23-1011.00,23-1011.00,Lawyers,auto
eee3a941-2a7a-40fd-a5e2-e3c78050f417,Gifted Education Coordinator,https://www.bls.gov/ooh/education-training-and-library/instructional-coordinators.htm,https://www.onetonline.org/link/summary/25-9031.00,25-9031.00,Instructional Coordinators,auto
ef3a6ff5-88ca-452f-8abb-f13bc76bd8ac,City Prosecutor,https://www.bls.gov/ooh/legal/lawyers.htm,https://www.onetonline.org/link/summary/23-1011.00,23-1011.00,Lawyers,auto
ef6b5b9a-13b1-4ddf-90e0-fec4a0e100a8,Industrial Designer,https://www.bls.gov/ooh/arts-and-design/industrial-designers.htm,https://www.onetonline.org/link/summary/27-1021.00,27-1021.00,Commercial and Industrial Designers,auto
efa6ff45-7a2c-4807-a59c-74501aea6194,Medical Science Writer,https://www.bls.gov/ooh/media-and-communication/technical-writers.htm,https://www.onetonline.org/link/summary/27-3042.00,27-3042.00,Technical Writers,auto
efd65312-1ce9-4102-8631-ca104dbb3b09,Intellectual Property Specialist,https://www.bls.gov/ooh/legal/lawyers.htm,https://www.onetonline.org/link/summary/23-1011.00,23-1011.00,Lawyers,auto
efdefbec-f841-4cee-94c1-f574cce3c764,Wellness App Developer (Entrepreneur),https://www.bls.gov/ooh/computer-and-information-technology/software-developers.htm,https://www.onetonline.org/link/summary/15-1252.00,15-1252.00,Software Developers,auto
efe97572-5e34-4e60-8ce3-b2bbf04e19f0,Social Media Strategist (News),https://www.bls.gov/ooh/media-and-communication/reporters-correspondents-and-broadcast-news-analysts.htm,https://www.onetonline.org/link/summary/27-3023.00,27-3023.00,"News Analysts, Reporters, and Journalists",hand-verified
f012204d-544d-44b2-8736-b95aa184cfaa,Synthetic Biology Researcher,https://www.bls.gov/ooh/life-physical-and-social-science/biochemists-and-biophysicists.htm,https://www.onetonline.org/link/summary/19-1021.00,19-1021.00,Biochemists and Biophysicists,auto
f01ec1e8-6967-4498-aac3-217655364fcd,Labor Attorney,https://www.bls.gov/ooh/legal/lawyers.htm,https://www.onetonline.org/link/summary/23-1011.00,23-1011.00,Lawyers,auto
f06be77a-0ece-4dbf-86ef-d928ab8b78dd,Geothermal Energy Technician,https://www.bls.gov/ooh/installation-maintenance-and-repair/heating-air-conditioning-and-refrigeration-mechanics-and-installers.htm,https://www.onetonline.org/link/summary/49-9021.00,49-9021.00,"Heating, Air Conditioning, and Refrigeration Mechanics and Installers",auto
f0863f8a-b881-4d5d-aef7-ad3a17b274de,Niche SaaS Founder,https://www.bls.gov/ooh/management/top-executives.htm,https://www.onetonline.org/link/summary/11-1011.00,11-1011.00,Chief Executives,hand-verified
f09972ff-c290-4520-9761-6b63eca0888b,Environmental Compliance Specialist,https://www.bls.gov/ooh/life-physical-and-social-science/environmental-scientists-and-specialists.htm,https://www.onetonline.org/link/summary/19-2041.00,19-2041.00,"Environmental Scientists and Specialists, Including Health",auto
f0a68bf6-5a1b-4ef1-990f-95dfc908854f,Coaching App Developer,https://www.bls.gov/ooh/computer-and-information-technology/software-developers.htm,https://www.onetonline.org/link/summary/15-1252.00,15-1252.00,Software Developers,auto
f0b08c9b-43af-48e0-b6b3-0cdf135d9539,Mobile Application Developer,https://www.bls.gov/ooh/computer-and-information-technology/software-developers.htm,https://www.onetonline.org/link/summary/15-1252.00,15-1252.00,Software Developers,auto
f1022267-d7e4-42f8-a70a-8c25fc33a63b,Chef de Partie (Line Cook Supervisor),https://www.bls.gov/ooh/food-preparation-and-serving/cooks.htm,https://www.onetonline.org/link/summary/35-2019.00,35-2019.00,"Cooks, All Other",auto
f1a745a8-fcfc-4ac4-a7d1-f1fb8482b1b7,Biomedical Engineer,https://www.bls.gov/ooh/architecture-and-engineering/biomedical-engineers.htm,https://www.onetonline.org/link/summary/17-2031.00,17-2031.00,Bioengineers and Biomedical Engineers,auto
f1c6ec33-6285-4709-82e0-3fc2056c8c01,Technical Support Specialist (Enterprise),https://www.bls.gov/ooh/computer-and-information-technology/computer-support-specialists.htm,https://www.onetonline.org/link/summary/15-1231.00,15-1231.00,Computer Network Support Specialists,auto
f2c0e75e-e5d8-41e7-8aef-8ba9e4fa093e,International Law Attorney,https://www.bls.gov/ooh/legal/lawyers.htm,https://www.onetonline.org/link/summary/23-1011.00,23-1011.00,Lawyers,auto
f371ccc3-b8cd-46e7-9c0b-f91e63e80e07,Print Designer (Publishing),https://www.bls.gov/ooh/arts-and-design/graphic-designers.htm,https://www.onetonline.org/link/summary/27-1024.00,27-1024.00,Graphic Designers,auto
f3bce724-7698-4627-8266-75f73e4b2cb6,Biotechnology Technician,https://www.bls.gov/ooh/life-physical-and-social-science/biochemists-and-biophysicists.htm,https://www.onetonline.org/link/summary/19-1021.00,19-1021.00,Biochemists and Biophysicists,auto
f3cca934-9834-47b5-81f4-f393a9c32cf2,Constitutional Attorney,https://www.bls.gov/ooh/legal/lawyers.htm,https://www.onetonline.org/link/summary/23-1011.00,23-1011.00,Lawyers,auto
f3dd4c3f-a3be-4d07-a94c-19d335b5cef6,Wildlife Rehabilitation Manager,https://www.bls.gov/ooh/life-physical-and-social-science/zoologists-and-wildlife-biologists.htm,https://www.onetonline.org/link/summary/19-1023.00,19-1023.00,Zoologists and Wildlife Biologists,auto
f3df3f3e-d5df-45a6-aab8-1b68be37ad49,Cybersecurity Policy Analyst,https://www.bls.gov/ooh/computer-and-information-technology/information-security-analysts.htm,https://www.onetonline.org/link/summary/15-1212.00,15-1212.00,Information Security Analysts,auto
f3f67c98-6e48-4efc-9dbb-1b7b10b1656d,Chef (Executive),https://www.bls.gov/ooh/food-preparation-and-serving/chefs-and-head-cooks.htm,https://www.onetonline.org/link/summary/35-1011.00,35-1011.00,Chefs and Head Cooks,auto
f4567526-1874-4ed8-9edd-cb135a85bba9,Security Analyst,https://www.bls.gov/ooh/computer-and-information-technology/information-security-analysts.htm,https://www.onetonline.org/link/summary/15-1212.00,15-1212.00,Information Security Analysts,auto
f4dadb9b-1f6f-4693-b924-60483f753dd5,IoT (Internet of Things) Engineer,https://www.bls.gov/ooh/architecture-and-engineering/electrical-and-electronics-engineers.htm,https://www.onetonline.org/link/summary/17-2071.00,17-2071.00,Electrical Engineers,auto
f50858a3-01ea-4706-95e7-513e63772d85,Entertainment Attorney,https://www.bls.gov/ooh/legal/lawyers.htm,https://www.onetonline.org/link/summary/23-1011.00,23-1011.00,Lawyers,auto
f59e707c-698d-4682-9753-a7b847a301fd,Fashion Photographer,https://www.bls.gov/ooh/media-and-communication/photographers.htm,https://www.onetonline.org/link/summary/27-4021.00,27-4021.00,Photographers,auto
f5fdfb5f-f23c-4248-ab2e-3e144d1ba693,Astronomy Researcher,https://www.bls.gov/ooh/life-physical-and-social-science/physicists-and-astronomers.htm,https://www.onetonline.org/link/summary/19-2011.00,19-2011.00,Astronomers,auto
f64dbd2b-3794-49ab-aa12-6ae09528711d,Sports Agent (Entertainment Law),https://www.bls.gov/ooh/legal/lawyers.htm,https://www.onetonline.org/link/summary/23-1011.00,23-1011.00,Lawyers,auto
f696694e-03a6-44df-ae88-02a2880d764c,Family Law Attorney,https://www.bls.gov/ooh/legal/lawyers.htm,https://www.onetonline.org/link/summary/23-1011.00,23-1011.00,Lawyers,auto
f6bff285-0b20-4810-9744-42ff95b8970e,Cybersecurity Legal Advisor,https://www.bls.gov/ooh/legal/lawyers.htm,https://www.onetonline.org/link/summary/23-1011.00,23-1011.00,Lawyers,auto
f6eb051f-1a81-429c-96fb-3f7cc9427ed3,Shipping and Logistics Startup Founder,https://www.bls.gov/ooh/management/top-executives.htm,https://www.onetonline.org/link/summary/11-1011.00,11-1011.00,Chief Executives,hand-verified
f70fbae2-d55f-4672-b85c-06fa62f5af26,Laboratory Microbiologist,https://www.bls.gov/ooh/life-physical-and-social-science/microbiologists.htm,https://www.onetonline.org/link/summary/19-1022.00,19-1022.00,Microbiologists,auto
f73ae9d1-d879-454d-ba23-4ebe5e625d5b,Environmental Law Advocate,https://www.bls.gov/ooh/legal/lawyers.htm,https://www.onetonline.org/link/summary/23-1011.00,23-1011.00,Lawyers,auto
f7629a82-9e89-4d26-a0e1-e58f120e0299,Sports Broadcasting Play-by-Play Announcer,https://www.bls.gov/ooh/media-and-communication/broadcast-and-sound-engineering-technicians.htm,https://www.onetonline.org/link/summary/27-4012.00,27-4012.00,Broadcast Technicians,auto
f7d6be25-7b65-4f94-9612-73a117e2a6f9,Petroleum Engineer,https://www.bls.gov/ooh/architecture-and-engineering/petroleum-engineers.htm,https://www.onetonline.org/link/summary/17-2171.00,17-2171.00,Petroleum Engineers,auto
f83fd63d-5698-40bc-86ef-b6a04eb4fb42,Nail Technician,https://www.bls.gov/ooh/personal-care-and-service/manicurists-and-pedicurists.htm,https://www.onetonline.org/link/summary/39-5092.00,39-5092.00,Manicurists and Pedicurists,auto
f87f4c82-c227-4cd9-b641-ae8c57fc531e,Structural Biologist,https://www.bls.gov/ooh/life-physical-and-social-science/biochemists-and-biophysicists.htm,https://www.onetonline.org/link/summary/19-1021.00,19-1021.00,Biochemists and Biophysicists,auto
f8b9a181-a458-4354-8443-07804cf71be6,Elevator Installer and Repairer,https://www.bls.gov/ooh/construction-and-extraction/elevator-installers-and-repairers.htm,https://www.onetonline.org/link/summary/47-4021.00,47-4021.00,Elevator and Escalator Installers and Repairers,auto
f8be7841-5eda-41d0-ae55-c50c231ef74f,Real Estate Developer,https://www.bls.gov/ooh/management/property-real-estate-and-community-association-managers.htm,https://www.onetonline.org/link/summary/11-9141.00,11-9141.00,"Property, Real Estate, and Community Association Managers",auto
f8bef1df-bae2-4a90-9f7d-cacc0eb0a1f8,Science Illustrator,https://www.bls.gov/ooh/arts-and-design/craft-and-fine-artists.htm,https://www.onetonline.org/link/summary/27-1012.00,27-1012.00,Craft Artists,auto
f8d63ffd-3b97-45ff-b1f1-1dbe1baafaea,Fact-Checker (Online Publications),https://www.bls.gov/ooh/media-and-communication/reporters-correspondents-and-broadcast-news-analysts.htm,https://www.onetonline.org/link/summary/27-3023.00,27-3023.00,"News Analysts, Reporters, and Journalists",hand-verified
f9040c9e-4c87-47cd-9732-199c00b46260,Montessori Instructor,https://www.bls.gov/ooh/education-training-and-library/preschool-teachers.htm,https://www.onetonline.org/link/summary/25-2011.00,25-2011.00,"Preschool Teachers, Except Special Education",auto
f9078d1c-0fdf-4a96-9f24-28c108316256,Biochemist,https://www.bls.gov/ooh/life-physical-and-social-science/biochemists-and-biophysicists.htm,https://www.onetonline.org/link/summary/19-1021.00,19-1021.00,Biochemists and Biophysicists,auto
f915041a-33c5-453c-9a74-c8cdc681a650,Fragrance Sales Specialist,https://www.bls.gov/ooh/sales/retail-sales-workers.htm,https://www.onetonline.org/link/summary/41-1011.00,41-1011.00,First-Line Supervisors of Retail Sales Workers,auto
f959659b-6351-44af-a0b0-683928d68ddc,Local Services Marketplace Founder,https://www.bls.gov/ooh/management/top-executives.htm,https://www.onetonline.org/link/summary/11-1011.00,11-1011.00,Chief Executives,hand-verified
f96849dd-7e2c-471e-a89c-f23565f3f81f,User Experience Researcher,https://www.bls.gov/ooh/arts-and-design/graphic-designers.htm,https://www.onetonline.org/link/summary/27-1024.00,27-1024.00,Graphic Designers,auto
f998c3f5-3466-4fbd-a77f-cd4009692586,Intellectual Property Counsel,https://www.bls.gov/ooh/legal/lawyers.htm,https://www.onetonline.org/link/summary/23-1011.00,23-1011.00,Lawyers,auto
f9ef6365-388b-4821-8c9e-43a4f35abc88,Sensor Network Engineer,https://www.bls.gov/ooh/architecture-and-engineering/electrical-and-electronics-engineers.htm,https://www.onetonline.org/link/summary/17-2071.00,17-2071.00,Electrical Engineers,auto
fa301714-17de-46ab-880d-a7309856b172,Language Arts Coach (Reading Intervention),https://www.bls.gov/ooh/education-training-and-library/special-education-teachers.htm,https://www.onetonline.org/link/summary/25-2059.00,25-2059.00,"Special Education Teachers, All Other",auto
fa43e888-2e83-403d-8981-64672fac2b9e,Financial Examiner,https://www.bls.gov/ooh/business-and-financial/financial-examiners.htm,https://www.onetonline.org/link/summary/13-2061.00,13-2061.00,Financial Examiners,auto
faa40dee-fb63-491e-a1a1-1ede86d7fac4,Bankruptcy Attorney,https://www.bls.gov/ooh/legal/lawyers.htm,https://www.onetonline.org/link/summary/23-1011.00,23-1011.00,Lawyers,auto
faec4966-31db-4090-bca5-61c95d82b726,Book Critic,https://www.bls.gov/ooh/media-and-communication/writers-and-authors.htm,https://www.onetonline.org/link/summary/27-3043.00,27-3043.00,Writers and Authors,auto
fb2279c3-dd8e-49bd-9c30-14214f04453d,Water Infrastructure Planner,https://www.bls.gov/ooh/architecture-and-engineering/civil-engineers.htm,https://www.onetonline.org/link/summary/17-2051.00,17-2051.00,Civil Engineers,auto
fb295ee7-d389-4a69-af73-45f213cb9768,Applied Mathematician,https://www.bls.gov/ooh/math/mathematicians-and-statisticians.htm,https://www.onetonline.org/link/summary/15-2021.00,15-2021.00,Mathematicians,auto
fb910e43-c218-44c9-a1d3-cef543db480e,Orchestral Conductor,https://www.bls.gov/ooh/entertainment-and-sports/music-directors-and-composers.htm,https://www.onetonline.org/link/summary/27-2041.00,27-2041.00,Music Directors and Composers,auto
fbb8aceb-3b81-4be0-88b0-6e3376337089,Software Engineer,https://www.bls.gov/ooh/computer-and-information-technology/software-developers.htm,https://www.onetonline.org/link/summary/15-1252.00,15-1252.00,Software Developers,auto
fc039799-6dd1-403e-8afe-b730343281ee,Hardware Engineer (Consumer Electronics),https://www.bls.gov/ooh/architecture-and-engineering/electrical-and-electronics-engineers.htm,https://www.onetonline.org/link/summary/17-2071.00,17-2071.00,Electrical Engineers,auto
fc039843-5cb4-4d7c-ae36-4bed755e4d02,Reporter (Local News),https://www.bls.gov/ooh/media-and-communication/reporters-correspondents-and-broadcast-news-analysts.htm,https://www.onetonline.org/link/summary/27-3023.00,27-3023.00,"News Analysts, Reporters, and Journalists",hand-verified
fc405513-fd28-41b9-a8e2-9a2eb63247ac,Data Security Analyst,https://www.bls.gov/ooh/computer-and-information-technology/information-security-analysts.htm,https://www.onetonline.org/link/summary/15-1212.00,15-1212.00,Information Security Analysts,auto
fc427a67-f191-4d8d-91c4-33d1637e5c67,Medical Researcher,https://www.bls.gov/ooh/life-physical-and-social-science/medical-scientists.htm,https://www.onetonline.org/link/summary/19-1042.00,19-1042.00,"Medical Scientists, Except Epidemiologists",auto
fc495914-7347-4463-b0d6-f4803e6e2297,Network Administrator,https://www.bls.gov/ooh/computer-and-information-technology/network-and-computer-systems-administrators.htm,https://www.onetonline.org/link/summary/15-1244.00,15-1244.00,Network and Computer Systems Administrators,auto
fc53dc0d-0883-4e8d-aced-70c27a05750b,Graphic Design Director,https://www.bls.gov/ooh/arts-and-design/art-directors.htm,https://www.onetonline.org/link/summary/27-1011.00,27-1011.00,Art Directors,auto
fc70f722-76df-4c05-9bbd-a5a18ad39f49,Pharmaceutical Researcher,https://www.bls.gov/ooh/life-physical-and-social-science/biochemists-and-biophysicists.htm,https://www.onetonline.org/link/summary/19-1021.00,19-1021.00,Biochemists and Biophysicists,auto
fc946614-8316-47be-bf30-ef5901dcedda,Land Surveyor,https://www.bls.gov/ooh/architecture-and-engineering/surveyors.htm,https://www.onetonline.org/link/summary/17-1022.00,17-1022.00,Surveyors,auto
fd2d952c-6f64-4fa1-baaa-558c2413c4d0,Social Services Case Manager,https://www.bls.gov/ooh/community-and-social-service/social-and-human-service-assistants.htm,https://www.onetonline.org/link/summary/21-1093.00,21-1093.00,Social and Human Service Assistants,auto
fd770d7b-5ffd-4270-be70-8af192982e3b,Astrobiologist,https://www.bls.gov/ooh/life-physical-and-social-science/biochemists-and-biophysicists.htm,https://www.onetonline.org/link/summary/19-1021.00,19-1021.00,Biochemists and Biophysicists,auto
fdcd6ea8-3a72-4e09-bb7f-9f56269ce6ce,Chef de Cuisine (Hotel),https://www.bls.gov/ooh/food-preparation-and-serving/chefs-and-head-cooks.htm,https://www.onetonline.org/link/summary/35-1011.00,35-1011.00,Chefs and Head Cooks,auto
fdfb63da-723e-41f4-9471-2ea2b390fa1f,Meal Kit Delivery Entrepreneur,https://www.bls.gov/ooh/management/top-executives.htm,https://www.onetonline.org/link/summary/11-1011.00,11-1011.00,Chief Executives,hand-verified
fe383e30-82ec-4e79-a71f-3027e5ffa593,Mental Health App Developer (Startup),https://www.bls.gov/ooh/computer-and-information-technology/software-developers.htm,https://www.onetonline.org/link/summary/15-1252.00,15-1252.00,Software Developers,auto
fe5aeb9f-fab6-47c3-8c07-30cdb305955d,Geological Engineer,https://www.bls.gov/ooh/architecture-and-engineering/mining-and-geological-engineers.htm,https://www.onetonline.org/link/summary/17-2151.00,17-2151.00,"Mining and Geological Engineers, Including Mining Safety Engineers",auto
fe8455b6-bbf7-4a26-8015-06723bf2e2eb,Concierge,https://www.bls.gov/ooh/personal-care-and-service/concierges.htm,https://www.onetonline.org/link/summary/39-6012.00,39-6012.00,Concierges,auto
fecf3415-a09b-459c-b7c3-1974a3d1801d,Human Rights Attorney,https://www.bls.gov/ooh/legal/lawyers.htm,https://www.onetonline.org/link/summary/23-1011.00,23-1011.00,Lawyers,auto
feeb2a2b-c2d7-40ff-a517-dd2edc1871b5,Municipal Bond Attorney,https://www.bls.gov/ooh/legal/lawyers.htm,https://www.onetonline.org/link/summary/23-1011.00,23-1011.00,Lawyers,auto
ffb2d806-24a9-421f-ba5e-9a170c5b0c2e,Technical Writer,https://www.bls.gov/ooh/media-and-communication/technical-writers.htm,https://www.onetonline.org/link/summary/27-3042.00,27-3042.00,Technical Writers,auto
