rarity_score,shared_title_terms,desc_similarity,career_a,primary_a,secondary_a,career_b,primary_b,secondary_b,salary_a,salary_b
30.07,english esl language second teacher,0.276,English as Second Language (ESL) Teacher,Education & Coaching,"Social Impact & Nonprofit,Media & Journalism",ESL (English as Second Language) Teacher,Environment & Sustainability,"Science & Research,Law & Government,Architecture & Urban Planning",$35k–$65k,$35k–$65k
30.07,english esl language second teacher,0.2,ESL Teacher (English as Second Language),Education & Coaching,"Social Impact & Nonprofit,Business & Finance",ESL (English as Second Language) Teacher,Environment & Sustainability,"Science & Research,Law & Government,Architecture & Urban Planning",$35k–$65k,$35k–$65k
27.49,license plate recognition startup,0.205,License Plate Recognition Software Startup Founder,Entrepreneurship,"Tech & Engineering,Business & Finance",License Plate Recognition Startup Founder,Cybersecurity,"Tech & Engineering,Law & Government,Science & Research",$0–$500k+,$0–$500k+
25.43,english esl language second,0.118,English as a Second Language (ESL) Instructor,Education & Coaching,"Social Impact & Nonprofit,Business & Finance",ESL (English as Second Language) Teacher,Environment & Sustainability,"Science & Research,Law & Government,Architecture & Urban Planning",$35k–$65k,$35k–$65k
25.43,english esl language second,0.393,ESL (English as Second Language) Teacher,Environment & Sustainability,"Science & Research,Law & Government,Architecture & Urban Planning",ESL (English as Second Language) Instructor,Education & Coaching,"Social Impact & Nonprofit,Tech & Engineering,Architecture & Urban Planning",$35k–$65k,$35k–$65k
23.82,content creator tiktok youtube,0.194,Content Creator (YouTube/TikTok),Gaming & Esports,"Tech & Engineering,Marketing & Communications,Science & Research",Beauty Content Creator (TikTok/YouTube),Fashion & Beauty,"Entrepreneurship,Media & Journalism",$30k–$200k+,$20k–$150k
22.82,english esl language teacher,0.111,English Language Learner (ESL) Teacher,Education & Coaching,"Social Impact & Nonprofit,Business & Finance",ESL (English as Second Language) Teacher,Environment & Sustainability,"Science & Research,Law & Government,Architecture & Urban Planning",$35k–$65k,$35k–$65k
22.1,athletic college high school,0.026,Athletic Director (High School/College),Gaming & Esports,"Tech & Engineering,Marketing & Communications,Science & Research",Athletic Trainer (High School/College),Sports & Fitness,"Healthcare & Medicine,Education & Coaching",$45k–$85k,$35k–$65k
21.41,app developer indie mobile,0.4,Mobile App Developer (Indie),Marketing & Communications,"Business & Finance,Design & Creative,Architecture & Urban Planning",Mobile App Indie Developer,Entrepreneurship,"Tech & Engineering,Design & Creative",$20k–$150k,$20k–$150k
20.84,bureau convention visitors,0.292,Convention & Visitors Bureau Director,Gaming & Esports,"Tech & Engineering,Marketing & Communications,Science & Research",Convention and Visitors Bureau Director,Hospitality & Events,"Business & Finance,Media & Journalism",$45k–$75k,$45k–$75k
20.84,bureau convention visitors,0.333,Convention & Visitors Bureau Director,Gaming & Esports,"Tech & Engineering,Marketing & Communications,Science & Research",Convention & Visitors Bureau Manager,Hospitality & Events,"Business & Finance,Law & Government",$45k–$75k,$45k–$75k
20.56,bureau convention visitor,0.2,Convention and Visitor Bureau Manager,Marketing & Communications,"Business & Finance,Design & Creative,Science & Research",Convention & Visitor Bureau Manager,Hospitality & Events,"Business & Finance,Media & Journalism",$45k–$75k,$45k–$75k
20.56,bureau convention visitor,0.138,Convention and Visitor Bureau Manager,Marketing & Communications,"Business & Finance,Design & Creative,Science & Research",Convention & Visitor Bureau Director,Hospitality & Events,"Business & Finance,Media & Journalism",$45k–$75k,$45k–$75k
20.26,aid humanitarian worker,0.226,International Humanitarian Aid Worker,Food & Culinary,"Hospitality & Events,Business & Finance,Science & Research",Humanitarian Aid Worker,Social Impact & Nonprofit,"Healthcare & Medicine,Law & Government",$35k–$65k,$35k–$65k
19.57,goods handmade seller,0.346,Handmade Goods Seller (Etsy/Amazon),Entrepreneurship,"Design & Creative,Business & Finance",Handmade Goods Seller,Marketing & Communications,"Business & Finance,Design & Creative,Media & Journalism",$25k–$80k,$25k–$80k
19.57,goods handmade seller,0.346,Handmade Goods Seller (Marketplace),Entrepreneurship,"Design & Creative,Business & Finance",Handmade Goods Seller,Marketing & Communications,"Business & Finance,Design & Creative,Media & Journalism",$25k–$80k,$25k–$80k
19.38,human prevention trafficking,0.273,Human Trafficking Prevention Specialist,Social Impact & Nonprofit,"Law & Government,Healthcare & Medicine",Human Trafficking Prevention Coordinator,Gaming & Esports,"Tech & Engineering,Marketing & Communications,Cybersecurity",$42k–$65k,$40k–$65k
19.34,checker digital fact media,0.28,Fact Checker (Digital Media),Science & Research,"Healthcare & Medicine,Tech & Engineering,Architecture & Urban Planning",Fact-Checker (Digital Media),Media & Journalism,"Tech & Engineering,Law & Government",$45k–$75k,$45k–$75k
18.78,humanitarian international worker,0.118,International Humanitarian Aid Worker,Food & Culinary,"Hospitality & Events,Business & Finance,Science & Research",International Humanitarian Worker,Social Impact & Nonprofit,"Education & Coaching,Law & Government",$35k–$65k,$40k–$65k
18.78,aid international worker,0.094,International Humanitarian Aid Worker,Food & Culinary,"Hospitality & Events,Business & Finance,Science & Research",International Aid Worker,Social Impact & Nonprofit,"Healthcare & Medicine,Education & Coaching",$35k–$65k,$40k–$65k
18.69,operations park theme,0.739,Theme Park Operations Manager,Supply Chain & Operations,"Business & Finance,Tech & Engineering,Science & Research",Theme Park Operations Director,Hospitality & Events,"Business & Finance,Entrepreneurship",$48k–$77k,$50k–$85k
18.56,documentation technical writer,0.409,Technical Writer (Documentation),Science & Research,"Healthcare & Medicine,Tech & Engineering",Technical Writer (Software Documentation),Media & Journalism,"Tech & Engineering,Education & Coaching",$55k–$85k,$55k–$85k
18.54,based community faith,0.067,Faith-Based Community Outreach Director,Gaming & Esports,"Tech & Engineering,Marketing & Communications,Science & Research",Faith-Based Community Organizer,Social Impact & Nonprofit,"Law & Government,Education & Coaching",$38k–$58k,$35k–$60k
18.45,carbon offset project,0.281,Carbon Offset Project Developer,Environment & Sustainability,"Science & Research,Business & Finance",Carbon Offset Project Manager,Supply Chain & Operations,"Business & Finance,Tech & Engineering,Science & Research",$60k–$95k,$58k–$95k
17.75,elementary school teacher,0.054,Elementary School Teacher (STEM),Education & Coaching,"Science & Research,Design & Creative",Elementary School Teacher,Gaming & Esports,"Tech & Engineering,Marketing & Communications,Architecture & Urban Planning",$42k–$65k,$42k–$65k
17.75,elementary school teacher,0.051,Elementary School Teacher,Gaming & Esports,"Tech & Engineering,Marketing & Communications,Architecture & Urban Planning",Elementary School Teacher (Science),Education & Coaching,"Science & Research,Social Impact & Nonprofit",$42k–$65k,$42k–$70k
17.72,entrepreneur influencer media social,0.407,Social Media Influencer Entrepreneur,Marketing & Communications,"Business & Finance,Design & Creative,Media & Journalism",Social Media Entrepreneur (Influencer),Entrepreneurship,"Design & Creative,Media & Journalism",$0–$500k+,$30k–$200k+
17.55,disabilities learning tutor,0.333,Tutor for Students with Learning Disabilities,Education & Coaching,"Social Impact & Nonprofit,Tech & Engineering,Architecture & Urban Planning",Tutor for Learning Disabilities,Sports & Fitness,"Healthcare & Medicine,Marketing & Communications,Architecture & Urban Planning",$30k–$55k,$30k–$55k
17.55,disabilities learning tutor,0.233,Tutor for Learning Disabilities,Sports & Fitness,"Healthcare & Medicine,Marketing & Communications,Architecture & Urban Planning",Tutor (Specialized Learning Disabilities),Education & Coaching,"Healthcare & Medicine,Social Impact & Nonprofit",$30k–$55k,$35k–$65k
17.54,fashion fit model,0.054,Fashion Fit Model Coordinator,Fashion & Beauty,"Hospitality & Events,Design & Creative",Fashion Fit Model,Marketing & Communications,"Business & Finance,Design & Creative,Science & Research",$35k–$65k,$25k–$80k
17.54,fashion fit model,0.079,Fashion Fit Model Coordinator,Fashion & Beauty,"Hospitality & Events,Design & Creative",Fashion Fit Model Consultant,Marketing & Communications,"Business & Finance,Design & Creative,Science & Research",$35k–$65k,$35k–$65k
17.42,decorator film set,0.125,Set Decorator (Film & TV),Supply Chain & Operations,"Business & Finance,Tech & Engineering,Architecture & Urban Planning",Set Decorator (Film & Television),Design & Creative,"Arts & Performance,Hospitality & Events",$40k–$75k,$35k–$75k
17.39,assurance quality tester,0.029,Quality Assurance Automation Tester,Tech & Engineering,"Business & Finance,Science & Research",Cosmetics Quality Assurance Tester,Fashion & Beauty,"Science & Research,Healthcare & Medicine",$60k–$95k,$42k–$70k
17.39,assurance quality tester,0.029,Cosmetics Quality Assurance Tester,Fashion & Beauty,"Science & Research,Healthcare & Medicine",Quality Assurance Tester (Software),Tech & Engineering,"Business & Finance,Science & Research",$42k–$70k,$55k–$90k
17.39,assurance quality tester,0.079,Cosmetics Quality Assurance Tester,Fashion & Beauty,"Science & Research,Healthcare & Medicine",Quality Assurance Tester,Gaming & Esports,"Tech & Engineering,Marketing & Communications,Science & Research",$42k–$70k,$45k–$85k
17.37,authenticator goods luxury,0.219,Luxury Goods Authenticator,Marketing & Communications,"Business & Finance,Design & Creative,Science & Research",Luxury Goods Authenticator (Business),Entrepreneurship,"Fashion & Beauty,Business & Finance",$45k–$75k,$45k–$95k
17.07,book editor publishing,0.13,Book Editor (Publishing),Media & Journalism,"Education & Coaching,Design & Creative",Book Editor (Trade Publishing),Science & Research,"Healthcare & Medicine,Tech & Engineering",$45k–$75k,$45k–$70k
17.07,book editor publishing,0.421,Book Editor (Trade Publishing),Science & Research,"Healthcare & Medicine,Tech & Engineering",Book Editor (Publishing House),Media & Journalism,"Design & Creative,Education & Coaching",$45k–$70k,$45k–$75k
17.0,dietitian registered sports,0.294,Registered Dietitian (Sports Nutrition),Healthcare & Medicine,"Sports & Fitness,Education & Coaching",Sports Registered Dietitian,Food & Culinary,"Hospitality & Events,Business & Finance,Science & Research",$48k–$77k,$45k–$75k
17.0,dietitian registered sports,0.312,Sports Nutrition Registered Dietitian,Healthcare & Medicine,"Sports & Fitness,Education & Coaching",Sports Registered Dietitian,Food & Culinary,"Hospitality & Events,Business & Finance,Science & Research",$58k–$95k,$45k–$75k
16.98,biologist conservation marine,0.233,Marine Biologist (Conservation),Cybersecurity,"Tech & Engineering,Law & Government,Science & Research",Marine Biologist (Ocean Conservation),Environment & Sustainability,"Science & Research,Law & Government",$45k–$75k,$45k–$75k
16.86,company destination management,0.25,Destination Management Company Manager,Hospitality & Events,"Business & Finance,Entrepreneurship",Destination Management Company Owner,Supply Chain & Operations,"Business & Finance,Tech & Engineering,Science & Research",$42k–$70k,$45k–$85k
16.86,company destination management,0.762,Destination Management Company Operator,Hospitality & Events,"Business & Finance,Entrepreneurship",Destination Management Company Owner,Supply Chain & Operations,"Business & Finance,Tech & Engineering,Science & Research",$45k–$75k,$45k–$85k
16.86,company destination management,0.182,Destination Management Company Owner,Supply Chain & Operations,"Business & Finance,Tech & Engineering,Science & Research",Destination Management Company (DMC) Owner,Hospitality & Events,"Business & Finance,Entrepreneurship",$45k–$85k,$45k–$85k
16.86,company destination management,0.583,Destination Management Company Owner,Supply Chain & Operations,"Business & Finance,Tech & Engineering,Science & Research",Destination Management Company Director,Hospitality & Events,"Business & Finance,Entrepreneurship",$45k–$85k,$48k–$77k
16.67,college high school,0.026,Volleyball Coach (College/High School),Sports & Fitness,"Education & Coaching,Social Impact & Nonprofit",Athletic Director (High School/College),Gaming & Esports,"Tech & Engineering,Marketing & Communications,Science & Research",$35k–$70k,$45k–$85k
16.64,health occupational safety,0.105,Occupational Health and Safety Engineer,Tech & Engineering,"Law & Government,Science & Research",Occupational Health and Safety Specialist,Hospitality & Events,"Food & Culinary,Marketing & Communications,Science & Research",$60k–$105k,$62k–$98k
16.64,health occupational safety,0.143,Occupational Health and Safety Specialist,Hospitality & Events,"Food & Culinary,Marketing & Communications,Science & Research",Occupational Health & Safety Specialist,Tech & Engineering,"Law & Government,Healthcare & Medicine",$62k–$98k,$62k–$98k
16.64,athletic high school,0.026,Athletic Director (High School/College),Gaming & Esports,"Tech & Engineering,Marketing & Communications,Science & Research",Athletic Trainer (High School),Sports & Fitness,"Education & Coaching,Healthcare & Medicine",$45k–$85k,$35k–$55k
16.59,agent estate real,0.059,Title Agent (Real Estate Legal Services),Law & Government,Business & Finance,Residential Real Estate Agent,Entrepreneurship,"Business & Finance,Tech & Engineering",$45k–$75k,$45k–$105k
16.47,commercial estate real,0.091,Commercial Real Estate Lender,Business & Finance,"Entrepreneurship,Law & Government",Commercial Real Estate Appraiser,Science & Research,"Healthcare & Medicine,Tech & Engineering,Architecture & Urban Planning",$65k–$120k,$52k–$95k
16.47,commercial estate real,0.143,Commercial Real Estate Lender,Business & Finance,"Entrepreneurship,Law & Government",Commercial Real Estate Analyst,Fashion & Beauty,"Design & Creative,Marketing & Communications,Science & Research",$65k–$120k,$60k–$95k
16.47,commercial estate real,0.027,Commercial Real Estate Appraiser,Science & Research,"Healthcare & Medicine,Tech & Engineering,Architecture & Urban Planning",Commercial Real Estate Leasing Agent,Business & Finance,"Entrepreneurship,Law & Government",$52k–$95k,$50k–$95k
16.47,commercial estate real,0.049,Commercial Real Estate Appraiser,Science & Research,"Healthcare & Medicine,Tech & Engineering,Architecture & Urban Planning",Loan Officer (Commercial Real Estate),Business & Finance,"Law & Government,Entrepreneurship",$52k–$95k,$65k–$120k
16.47,commercial estate real,0.056,Commercial Real Estate Leasing Agent,Business & Finance,"Entrepreneurship,Law & Government",Commercial Real Estate Analyst,Fashion & Beauty,"Design & Creative,Marketing & Communications,Science & Research",$50k–$95k,$60k–$95k
16.47,commercial estate real,0.162,Loan Officer (Commercial Real Estate),Business & Finance,"Law & Government,Entrepreneurship",Commercial Real Estate Analyst,Fashion & Beauty,"Design & Creative,Marketing & Communications,Science & Research",$65k–$120k,$60k–$95k
16.47,commercial estate real,0.0,Commercial Real Estate Analyst,Fashion & Beauty,"Design & Creative,Marketing & Communications,Science & Research",Commercial Real Estate Broker,Tech & Engineering,"Business & Finance,Design & Creative,Architecture & Urban Planning",$60k–$95k,$65k–$150k
16.44,class fitness instructor,0.267,Fitness Class Instructor (Specialty),Sports & Fitness,"Education & Coaching,Hospitality & Events",Fitness Class Instructor,Gaming & Esports,"Tech & Engineering,Marketing & Communications,Architecture & Urban Planning",$35k–$65k,$35k–$65k
16.44,class fitness instructor,0.31,Fitness Class Instructor (Group),Sports & Fitness,"Education & Coaching,Hospitality & Events",Fitness Class Instructor,Gaming & Esports,"Tech & Engineering,Marketing & Communications,Architecture & Urban Planning",$28k–$55k,$35k–$65k
16.44,class fitness instructor,0.3,Fitness Class Instructor,Gaming & Esports,"Tech & Engineering,Marketing & Communications,Architecture & Urban Planning",Fitness Class Instructor (Specialized),Sports & Fitness,"Education & Coaching,Healthcare & Medicine",$35k–$65k,$35k–$65k
16.44,athletic certified trainer,0.276,Certified Athletic Trainer,Environment & Sustainability,"Science & Research,Law & Government,Tech & Engineering",Athletic Trainer (Certified),Sports & Fitness,"Healthcare & Medicine,Education & Coaching",$32k–$65k,$48k–$77k
16.43,brand builder influencer,0.333,Niche Influencer Brand Builder,Gaming & Esports,"Tech & Engineering,Marketing & Communications,Media & Journalism",Micro-Influencer Brand Builder,Entrepreneurship,"Media & Journalism,Design & Creative",$20k–$150k,$35k–$85k
16.35,content creator youtube,0.182,Content Creator (YouTube),Marketing & Communications,"Business & Finance,Design & Creative,Science & Research",Beauty Content Creator (TikTok/YouTube),Fashion & Beauty,"Entrepreneurship,Media & Journalism",$20k–$150k,$20k–$150k
16.35,content creator tiktok,0.296,TikTok Content Creator,Media & Journalism,"Design & Creative,Entrepreneurship",Content Creator (YouTube/TikTok),Gaming & Esports,"Tech & Engineering,Marketing & Communications,Science & Research",$0–$500k+,$30k–$200k+
16.33,diligence due,0.147,Due Diligence Analyst,Arts & Performance,"Media & Journalism,Design & Creative,Science & Research",Environmental Due Diligence Specialist,Environment & Sustainability,"Science & Research,Law & Government,Tech & Engineering",$60k–$95k,$65k–$110k
16.33,bed breakfast,0.448,Bed and Breakfast Owner,Entrepreneurship,"Business & Finance,Tech & Engineering,Architecture & Urban Planning",Bed & Breakfast Owner,Hospitality & Events,"Food & Culinary,Marketing & Communications,Science & Research",$35k–$75k,$35k–$75k
16.22,device medical sales,0.29,Medical Device Sales Engineer,Healthcare & Medicine,"Business & Finance,Tech & Engineering",Medical Device Sales Representative,Entrepreneurship,"Business & Finance,Tech & Engineering,Architecture & Urban Planning",$60k–$120k,$45k–$120k
16.22,device medical sales,0.222,Medical Device Sales Rep,Healthcare & Medicine,"Business & Finance,Science & Research",Medical Device Sales Representative,Entrepreneurship,"Business & Finance,Tech & Engineering,Architecture & Urban Planning",$55k–$120k,$45k–$120k
16.22,device medical sales,0.652,Medical Device Sales Representative,Entrepreneurship,"Business & Finance,Tech & Engineering,Architecture & Urban Planning",Medical Device Sales Specialist,Healthcare & Medicine,"Business & Finance,Science & Research",$45k–$120k,$45k–$120k
16.09,career counselor school,0.28,Career Counselor (School),Sports & Fitness,"Healthcare & Medicine,Marketing & Communications,Social Impact & Nonprofit",High School Career Counselor,Education & Coaching,"Social Impact & Nonprofit,Business & Finance",$37k–$63k,$45k–$70k
16.03,learning machine operations,0.56,AI/Machine Learning Operations Manager,Tech & Engineering,"Business & Finance,Science & Research",Machine Learning Operations Engineer,Fashion & Beauty,"Design & Creative,Marketing & Communications,Science & Research",$80k–$160k,$85k–$150k
16.03,learning machine operations,0.727,Machine Learning Operations Manager,Tech & Engineering,"Business & Finance,Science & Research",Machine Learning Operations Engineer,Fashion & Beauty,"Design & Creative,Marketing & Communications,Science & Research",$85k–$150k,$85k–$150k
16.03,chain supply sustainable,0.083,Sustainable Fashion Supply Chain Manager,Supply Chain & Operations,"Business & Finance,Tech & Engineering,Science & Research",Sustainable Supply Chain Startup Founder,Entrepreneurship,"Environment & Sustainability,Tech & Engineering",$60k–$95k,$45k–$150k
16.03,chain supply sustainable,0.1,Sustainable Supply Chain Manager,Supply Chain & Operations,"Business & Finance,Tech & Engineering,Science & Research",Sustainable Supply Chain Startup Founder,Entrepreneurship,"Environment & Sustainability,Tech & Engineering",$60k–$95k,$45k–$150k
15.92,inspector quality textile,0.667,Textile Quality Inspector,Marketing & Communications,"Business & Finance,Design & Creative,Media & Journalism",Textile Quality Control Inspector,Fashion & Beauty,"Science & Research,Tech & Engineering",$30k–$45k,$30k–$45k
15.92,inspector quality textile,0.44,Textile Quality Assurance Inspector,Marketing & Communications,"Business & Finance,Design & Creative,Science & Research",Textile Quality Control Inspector,Fashion & Beauty,"Science & Research,Tech & Engineering",$32k–$52k,$30k–$45k
15.9,live production streaming,0.184,Live Streaming Production Coordinator,Arts & Performance,"Tech & Engineering,Hospitality & Events",Live Streaming Production Manager,Gaming & Esports,"Tech & Engineering,Marketing & Communications,Science & Research",$35k–$65k,$45k–$75k
15.85,fashion maker pattern,0.065,Fashion Pattern Maker (Grading),Fashion & Beauty,"Design & Creative,Tech & Engineering",Fashion Pattern Maker,Marketing & Communications,"Business & Finance,Design & Creative,Science & Research",$45k–$75k,$45k–$75k
15.85,fashion maker pattern,0.057,Sustainable Fashion Pattern Maker,Fashion & Beauty,"Design & Creative,Environment & Sustainability",Fashion Pattern Maker,Marketing & Communications,"Business & Finance,Design & Creative,Science & Research",$45k–$75k,$45k–$75k
15.85,fashion maker pattern,0.391,Fashion Pattern Maker,Marketing & Communications,"Business & Finance,Design & Creative,Science & Research",Pattern Maker (Fashion),Fashion & Beauty,"Design & Creative,Entrepreneurship",$45k–$75k,$45k–$75k
15.8,chain startup supply,0.061,Supply Chain Startup Founder,Supply Chain & Operations,"Business & Finance,Tech & Engineering,Science & Research",Sustainable Supply Chain Startup Founder,Entrepreneurship,"Environment & Sustainability,Tech & Engineering",$45k–$120k,$45k–$150k
15.63,disease infectious,0.032,Infectious Disease Epidemiologist,Healthcare & Medicine,"Science & Research,Law & Government",Infectious Disease Specialist,Hospitality & Events,"Food & Culinary,Marketing & Communications,Science & Research",$65k–$110k,$100k–$200k
15.54,mentorship program youth,0.2,Youth Mentorship Program Director,Social Impact & Nonprofit,"Education & Coaching,Law & Government",Youth Mentorship Program Manager,Gaming & Esports,"Tech & Engineering,Marketing & Communications,Architecture & Urban Planning",$37k–$63k,$37k–$63k
15.52,software technical writer,0.36,Technical Writer (Software),Science & Research,"Healthcare & Medicine,Tech & Engineering",Technical Writer (Software Documentation),Media & Journalism,"Tech & Engineering,Education & Coaching",$60k–$95k,$55k–$85k
15.52,artist capture performance,0.219,Performance Capture Cleanup Artist,Arts & Performance,"Tech & Engineering,Design & Creative",Performance Capture Artist,Gaming & Esports,"Tech & Engineering,Marketing & Communications,Media & Journalism",$45k–$75k,$45k–$85k
15.51,growth hacker,0.167,Startup Growth Hacker,Entrepreneurship,"Tech & Engineering,Business & Finance",Growth Hacker,Cybersecurity,"Tech & Engineering,Law & Government,Science & Research",$45k–$120k,$55k–$130k
15.51,pricing transfer,0.162,Transfer Pricing Specialist,Arts & Performance,"Media & Journalism,Design & Creative,Science & Research",Transfer Pricing Analyst,Business & Finance,"Law & Government,Entrepreneurship",$70k–$150k,$65k–$110k
15.51,license plate,0.056,License Plate Recognition Software Startup Founder,Entrepreneurship,"Tech & Engineering,Business & Finance",License Plate Business Owner,Marketing & Communications,"Business & Finance,Design & Creative,Architecture & Urban Planning",$0–$500k+,$40k–$120k
15.51,license plate,0.114,License Plate Business Owner,Marketing & Communications,"Business & Finance,Design & Creative,Architecture & Urban Planning",License Plate Recognition Startup Founder,Cybersecurity,"Tech & Engineering,Law & Government,Science & Research",$40k–$120k,$0–$500k+
15.38,agency digital marketing,0.152,Digital Marketing Agency Founder,Entrepreneurship,"Business & Finance,Tech & Engineering",Digital Marketing Agency Owner,Marketing & Communications,"Business & Finance,Design & Creative,Science & Research",$45k–$150k,$45k–$120k
15.38,agency digital marketing,0.161,Digital Marketing Agency Owner,Marketing & Communications,"Business & Finance,Design & Creative,Science & Research",Agency Owner (Digital Marketing),Entrepreneurship,"Design & Creative,Business & Finance",$45k–$120k,$45k–$150k
15.36,medicine physician sports,0.348,Orthopedic Sports Medicine Physician,Sports & Fitness,"Healthcare & Medicine,Education & Coaching",Sports Medicine Physician,Gaming & Esports,"Tech & Engineering,Marketing & Communications,Media & Journalism",$0–$500k+,$100k–$200k
15.36,medicine physician sports,0.45,Orthopedic Sports Medicine Physician,Sports & Fitness,"Healthcare & Medicine,Education & Coaching",Occupational Sports Medicine Physician,Gaming & Esports,"Tech & Engineering,Marketing & Communications,Media & Journalism",$0–$500k+,$100k–$200k
15.36,medicine physician sports,0.737,Sports Medicine Physician,Gaming & Esports,"Tech & Engineering,Marketing & Communications,Media & Journalism",Sports Medicine Physician Assistant,Sports & Fitness,"Healthcare & Medicine,Education & Coaching",$100k–$200k,$95k–$150k
15.36,medicine physician sports,0.409,Occupational Sports Medicine Physician,Gaming & Esports,"Tech & Engineering,Marketing & Communications,Media & Journalism",Sports Medicine Physician Assistant,Sports & Fitness,"Healthcare & Medicine,Education & Coaching",$100k–$200k,$95k–$150k
15.32,app developer indie,0.219,Mobile App Developer (Indie),Marketing & Communications,"Business & Finance,Design & Creative,Architecture & Urban Planning",Indie App Developer,Entrepreneurship,"Tech & Engineering,Design & Creative",$20k–$150k,$20k–$150k
15.32,app developer indie,0.37,Mobile App Developer (Indie),Marketing & Communications,"Business & Finance,Design & Creative,Architecture & Urban Planning",App Developer (Indie),Entrepreneurship,"Business & Finance,Tech & Engineering,Architecture & Urban Planning",$20k–$150k,$20k–$150k
15.27,checker digital fact,0.172,Fact Checker (Digital Media),Science & Research,"Healthcare & Medicine,Tech & Engineering,Architecture & Urban Planning",Fact-Checker (Digital News),Media & Journalism,"Law & Government,Tech & Engineering",$45k–$75k,$48k–$77k
15.23,counselor health mental,0.088,Mental Health Counselor,Aviation & Transportation,"Tech & Engineering,Science & Research,Healthcare & Medicine",Mental Health Crisis Counselor,Social Impact & Nonprofit,"Healthcare & Medicine,Education & Coaching",$48k–$72k,$30k–$50k
15.23,counselor health mental,0.265,Mental Health Counselor,Aviation & Transportation,"Tech & Engineering,Science & Research,Healthcare & Medicine",Youth Mental Health Counselor,Education & Coaching,"Healthcare & Medicine,Social Impact & Nonprofit",$48k–$72k,$35k–$55k
15.23,counselor health mental,0.075,Mental Health Counselor,Aviation & Transportation,"Tech & Engineering,Science & Research,Healthcare & Medicine",Counselor (Mental Health),Social Impact & Nonprofit,"Healthcare & Medicine,Education & Coaching",$48k–$72k,$48k–$77k
15.23,reliability site,0.22,Site Reliability Engineer (SRE),Tech & Engineering,"Business & Finance,Science & Research",Site Reliability Engineer,Hospitality & Events,"Food & Culinary,Marketing & Communications,Science & Research",$120k–$175k,$95k–$165k
15.23,amazon seller,0.061,Handmade Goods Seller (Etsy/Amazon),Entrepreneurship,"Design & Creative,Business & Finance",Amazon FBA Seller,Supply Chain & Operations,"Business & Finance,Tech & Engineering,Science & Research",$25k–$80k,$20k–$150k
15.21,physical sports therapist,0.103,Sports Physical Therapist,Gaming & Esports,"Tech & Engineering,Marketing & Communications,Science & Research",Sports Medicine Physical Therapist,Sports & Fitness,"Healthcare & Medicine,Education & Coaching",$70k–$100k,$60k–$95k
15.21,physical sports therapist,0.108,Sports Physical Therapist,Gaming & Esports,"Tech & Engineering,Marketing & Communications,Science & Research",Physical Therapist (Sports),Sports & Fitness,"Healthcare & Medicine,Education & Coaching",$70k–$100k,$60k–$95k
15.2,app entrepreneur mobile,0.3,Mobile App Developer Entrepreneur,Entrepreneurship,"Business & Finance,Tech & Engineering,Architecture & Urban Planning",Mobile App Entrepreneur,Marketing & Communications,"Business & Finance,Design & Creative,Architecture & Urban Planning",$50k–$150k,$20k–$150k
15.06,food franchise operator,0.333,Franchise Operator (Food Service),Entrepreneurship,"Business & Finance,Hospitality & Events",Franchise Operator (Food & Beverage),Marketing & Communications,"Business & Finance,Design & Creative,Science & Research",$45k–$120k,$50k–$150k
15.06,saas service software,0.077,Software as a Service (SaaS) Developer,Entrepreneurship,"Business & Finance,Tech & Engineering,Science & Research",Software-as-a-Service (SaaS) Consultant,Arts & Performance,"Media & Journalism,Design & Creative,Architecture & Urban Planning",$70k–$150k,$65k–$120k
15.04,app developer mobile,0.172,Mobile App Developer (Indie),Marketing & Communications,"Business & Finance,Design & Creative,Architecture & Urban Planning",Mobile App Developer (iOS),Tech & Engineering,"Design & Creative,Business & Finance",$20k–$150k,$70k–$130k
15.04,app developer mobile,0.5,Mobile App Developer (Indie),Marketing & Communications,"Business & Finance,Design & Creative,Architecture & Urban Planning",Mobile App Developer Entrepreneur,Entrepreneurship,"Business & Finance,Tech & Engineering,Architecture & Urban Planning",$20k–$150k,$50k–$150k
15.04,app developer mobile,0.121,Mobile App Developer (Indie),Marketing & Communications,"Business & Finance,Design & Creative,Architecture & Urban Planning",Mobile App Developer (Health & Fitness),Tech & Engineering,"Healthcare & Medicine,Sports & Fitness",$20k–$150k,$70k–$130k
15.04,app developer mobile,0.182,Mobile App Developer (Indie),Marketing & Communications,"Business & Finance,Design & Creative,Architecture & Urban Planning",Mobile App Developer,Science & Research,"Healthcare & Medicine,Tech & Engineering,Architecture & Urban Planning",$20k–$150k,$70k–$130k
15.04,app developer mobile,0.444,Mobile App Developer (Indie),Marketing & Communications,"Business & Finance,Design & Creative,Architecture & Urban Planning",App Developer (Mobile Startup),Entrepreneurship,"Tech & Engineering,Design & Creative",$20k–$150k,$60k–$120k
15.04,app developer mobile,0.161,Mobile App Developer (Indie),Marketing & Communications,"Business & Finance,Design & Creative,Architecture & Urban Planning",Mobile App Developer (iOS/Android),Aviation & Transportation,"Tech & Engineering,Science & Research,Architecture & Urban Planning",$20k–$150k,$70k–$150k
15.04,app developer mobile,0.111,Mobile App Developer (Indie),Marketing & Communications,"Business & Finance,Design & Creative,Architecture & Urban Planning",Mobile App Developer (Native),Tech & Engineering,"Design & Creative,Entrepreneurship",$20k–$150k,$70k–$150k
15.04,app developer mobile,0.2,Mobile App Indie Developer,Entrepreneurship,"Tech & Engineering,Design & Creative",Mobile App Developer,Science & Research,"Healthcare & Medicine,Tech & Engineering,Architecture & Urban Planning",$20k–$150k,$70k–$130k
15.04,app developer mobile,0.179,Mobile App Indie Developer,Entrepreneurship,"Tech & Engineering,Design & Creative",Mobile App Developer (iOS/Android),Aviation & Transportation,"Tech & Engineering,Science & Research,Architecture & Urban Planning",$20k–$150k,$70k–$150k
15.04,app developer mobile,0.176,Mobile App Developer Entrepreneur,Entrepreneurship,"Business & Finance,Tech & Engineering,Architecture & Urban Planning",Mobile App Developer,Science & Research,"Healthcare & Medicine,Tech & Engineering,Architecture & Urban Planning",$50k–$150k,$70k–$130k
15.04,app developer mobile,0.156,Mobile App Developer Entrepreneur,Entrepreneurship,"Business & Finance,Tech & Engineering,Architecture & Urban Planning",Mobile App Developer (iOS/Android),Aviation & Transportation,"Tech & Engineering,Science & Research,Architecture & Urban Planning",$50k–$150k,$70k–$150k
15.04,app developer mobile,0.212,Mobile App Developer,Science & Research,"Healthcare & Medicine,Tech & Engineering,Architecture & Urban Planning",App Developer (Mobile Startup),Entrepreneurship,"Tech & Engineering,Design & Creative",$70k–$130k,$60k–$120k
15.04,app developer mobile,0.194,App Developer (Mobile Startup),Entrepreneurship,"Tech & Engineering,Design & Creative",Mobile App Developer (iOS/Android),Aviation & Transportation,"Tech & Engineering,Science & Research,Architecture & Urban Planning",$60k–$120k,$70k–$150k
15.03,artist effects makeup,0.091,Makeup Effects Artist,Hospitality & Events,"Food & Culinary,Marketing & Communications,Architecture & Urban Planning",Makeup Effects Artist (Non-Theater),Fashion & Beauty,"Media & Journalism,Design & Creative",$35k–$85k,$35k–$75k
15.03,artist effects makeup,0.241,Makeup Effects Artist,Hospitality & Events,"Food & Culinary,Marketing & Communications,Architecture & Urban Planning",Makeup Artist (Special Effects),Fashion & Beauty,"Arts & Performance,Media & Journalism",$35k–$85k,$35k–$75k
15.03,artist effects makeup,0.167,Makeup Effects Artist,Hospitality & Events,"Food & Culinary,Marketing & Communications,Architecture & Urban Planning",Makeup Effects Artist (SFX),Fashion & Beauty,"Arts & Performance,Media & Journalism",$35k–$85k,$35k–$75k
15.03,artist effects makeup,0.167,Makeup Effects Artist,Hospitality & Events,"Food & Culinary,Marketing & Communications,Architecture & Urban Planning",Makeup Effects Artist (Theater/Film),Fashion & Beauty,"Arts & Performance,Design & Creative",$35k–$85k,$35k–$75k
15.03,artist effects makeup,0.226,Makeup Effects Artist,Hospitality & Events,"Food & Culinary,Marketing & Communications,Architecture & Urban Planning",Makeup Effects Artist (Theater & Film),Fashion & Beauty,"Arts & Performance,Design & Creative",$35k–$85k,$35k–$75k
15.03,artist effects makeup,0.133,Makeup Effects Artist,Hospitality & Events,"Food & Culinary,Marketing & Communications,Architecture & Urban Planning",Makeup Effects Artist (Film),Fashion & Beauty,"Arts & Performance,Design & Creative",$35k–$85k,$40k–$85k
15.03,artist effects makeup,0.259,Makeup Effects Artist,Hospitality & Events,"Food & Culinary,Marketing & Communications,Architecture & Urban Planning",Makeup Effects Artist (Film/TV),Fashion & Beauty,"Arts & Performance,Design & Creative",$35k–$85k,$35k–$75k
15.03,artist effects makeup,0.333,Makeup Effects Artist,Hospitality & Events,"Food & Culinary,Marketing & Communications,Architecture & Urban Planning",Makeup Effects Artist (Special FX),Fashion & Beauty,"Arts & Performance,Design & Creative",$35k–$85k,$35k–$75k
15.03,artist effects makeup,0.44,Makeup Effects Artist,Hospitality & Events,"Food & Culinary,Marketing & Communications,Architecture & Urban Planning",Special Effects Makeup Artist,Fashion & Beauty,"Design & Creative,Marketing & Communications,Arts & Performance",$35k–$85k,$35k–$75k
15.0,orthotist prosthetist,0.235,Orthotist and Prosthetist,Design & Creative,"Marketing & Communications,Tech & Engineering,Science & Research",Orthotist-Prosthetist,Healthcare & Medicine,"Science & Research,Tech & Engineering,Architecture & Urban Planning",$75k–$98k,$55k–$85k
15.0,orthotist prosthetist,0.292,Orthotist/Prosthetist,Design & Creative,"Marketing & Communications,Tech & Engineering,Science & Research",Orthotist-Prosthetist,Healthcare & Medicine,"Science & Research,Tech & Engineering,Architecture & Urban Planning",$55k–$85k,$55k–$85k
14.99,community health worker,0.132,Community Health Worker,Gaming & Esports,"Tech & Engineering,Marketing & Communications,Science & Research",Community Health Worker (Paid),Social Impact & Nonprofit,"Healthcare & Medicine,Education & Coaching",$38k–$56k,$30k–$45k
14.99,community health worker,0.132,Community Health Worker,Gaming & Esports,"Tech & Engineering,Marketing & Communications,Science & Research",Community Health Worker Trainer,Social Impact & Nonprofit,"Healthcare & Medicine,Education & Coaching",$38k–$56k,$42k–$65k
14.99,community health worker,0.114,Community Health Worker,Gaming & Esports,"Tech & Engineering,Marketing & Communications,Science & Research",Community Health Worker Supervisor,Social Impact & Nonprofit,"Healthcare & Medicine,Law & Government",$38k–$56k,$42k–$65k
14.99,community health worker,0.132,Community Health Worker,Gaming & Esports,"Tech & Engineering,Marketing & Communications,Science & Research",Community Health Worker Coordinator,Social Impact & Nonprofit,"Healthcare & Medicine,Education & Coaching",$38k–$56k,$38k–$58k
14.9,experience reality virtual,0.281,Virtual Reality Experience Operator,Entrepreneurship,"Tech & Engineering,Design & Creative",Virtual Reality Experience Artist,Arts & Performance,"Design & Creative,Tech & Engineering",$45k–$75k,$50k–$85k
14.9,experience reality virtual,0.212,Virtual Reality Experience Operator,Entrepreneurship,"Tech & Engineering,Design & Creative",Virtual Reality Experience Designer (Arts),Arts & Performance,"Design & Creative,Tech & Engineering",$45k–$75k,$55k–$95k
14.9,experience reality virtual,0.25,Virtual Reality Experience Operator,Entrepreneurship,"Tech & Engineering,Design & Creative",Virtual Reality Experience Curator,Arts & Performance,"Design & Creative,Tech & Engineering",$45k–$75k,$50k–$85k
14.9,experience reality virtual,0.25,Virtual Reality Experience Operator,Entrepreneurship,"Tech & Engineering,Design & Creative",Virtual Reality Experience Designer,Arts & Performance,"Design & Creative,Tech & Engineering",$45k–$75k,$60k–$95k
14.9,experience reality virtual,0.29,Virtual Reality Experience Startup Founder,Entrepreneurship,"Tech & Engineering,Design & Creative",Virtual Reality Experience Artist,Arts & Performance,"Design & Creative,Tech & Engineering",$45k–$150k,$50k–$85k
14.9,experience reality virtual,0.219,Virtual Reality Experience Startup Founder,Entrepreneurship,"Tech & Engineering,Design & Creative",Virtual Reality Experience Designer (Arts),Arts & Performance,"Design & Creative,Tech & Engineering",$45k–$150k,$55k–$95k
14.9,experience reality virtual,0.219,Virtual Reality Experience Startup Founder,Entrepreneurship,"Tech & Engineering,Design & Creative",Virtual Reality Experience Curator,Arts & Performance,"Design & Creative,Tech & Engineering",$45k–$150k,$50k–$85k
14.9,experience reality virtual,0.3,Virtual Reality Experience Startup Founder,Entrepreneurship,"Tech & Engineering,Design & Creative",Virtual Reality Experience Designer,Arts & Performance,"Design & Creative,Tech & Engineering",$45k–$150k,$60k–$95k
14.9,experience reality virtual,0.52,Virtual Reality Experience Artist,Arts & Performance,"Design & Creative,Tech & Engineering",Virtual Reality Experience Creator,Entrepreneurship,"Business & Finance,Tech & Engineering,Architecture & Urban Planning",$50k–$85k,$45k–$120k
14.9,experience reality virtual,0.233,Virtual Reality Experience Designer (Arts),Arts & Performance,"Design & Creative,Tech & Engineering",Virtual Reality Experience Creator,Entrepreneurship,"Business & Finance,Tech & Engineering,Architecture & Urban Planning",$55k–$95k,$45k–$120k
14.9,experience reality virtual,0.48,Virtual Reality Experience Creator,Entrepreneurship,"Business & Finance,Tech & Engineering,Architecture & Urban Planning",Virtual Reality Experience Curator,Arts & Performance,"Design & Creative,Tech & Engineering",$45k–$120k,$50k–$85k
14.9,experience reality virtual,0.48,Virtual Reality Experience Creator,Entrepreneurship,"Business & Finance,Tech & Engineering,Architecture & Urban Planning",Virtual Reality Experience Designer,Arts & Performance,"Design & Creative,Tech & Engineering",$45k–$120k,$60k–$95k
14.75,creator reality virtual,0.241,Virtual Reality Content Creator,Tech & Engineering,"Design & Creative,Arts & Performance",Virtual Reality Creator,Environment & Sustainability,"Science & Research,Law & Government,Architecture & Urban Planning",$55k–$95k,$60k–$120k
14.75,creator reality virtual,0.276,Virtual Reality Experience Creator,Entrepreneurship,"Business & Finance,Tech & Engineering,Architecture & Urban Planning",Virtual Reality Theater Creator,Arts & Performance,"Tech & Engineering,Design & Creative",$45k–$120k,$50k–$85k
14.75,creator reality virtual,0.286,Virtual Reality Experience Creator,Entrepreneurship,"Business & Finance,Tech & Engineering,Architecture & Urban Planning",Virtual Reality Creator,Environment & Sustainability,"Science & Research,Law & Government,Architecture & Urban Planning",$45k–$120k,$60k–$120k
14.75,creator reality virtual,0.233,Virtual Reality Theater Creator,Arts & Performance,"Tech & Engineering,Design & Creative",Virtual Reality Creator,Environment & Sustainability,"Science & Research,Law & Government,Architecture & Urban Planning",$50k–$85k,$60k–$120k
14.75,advocate justice social,0.0,Policy Advocate (Social Justice),Social Impact & Nonprofit,"Law & Government,Media & Journalism",Social Justice Advocate,Gaming & Esports,"Tech & Engineering,Marketing & Communications,Science & Research",$45k–$75k,$40k–$65k
14.7,checker fact media,0.941,Fact Checker (Digital Media),Science & Research,"Healthcare & Medicine,Tech & Engineering,Architecture & Urban Planning",Fact-Checker (Media Literacy),Media & Journalism,"Education & Coaching,Law & Government",$45k–$75k,$45k–$75k
14.7,checker fact media,0.28,Fact Checker (Digital Media),Science & Research,"Healthcare & Medicine,Tech & Engineering,Architecture & Urban Planning",Fact Checker (Media Verification),Media & Journalism,"Law & Government,Tech & Engineering",$45k–$75k,$45k–$75k
14.7,checker fact media,0.107,Fact Checker (Digital Media),Science & Research,"Healthcare & Medicine,Tech & Engineering,Architecture & Urban Planning",Fact-Checker (Media Organization),Media & Journalism,"Law & Government,Education & Coaching",$45k–$75k,$48k–$77k
14.67,employed self,0.0,Independent Journalist (Self-Employed),Media & Journalism,"Business & Finance,Social Impact & Nonprofit",Notary Public (Self-Employed),Law & Government,"Business & Finance,Entrepreneurship",$35k–$75k,$45k–$75k
14.67,cruise ship,0.128,Cruise Ship Director,Supply Chain & Operations,"Business & Finance,Tech & Engineering,Science & Research",Cruise Ship Chef,Food & Culinary,"Hospitality & Events,Business & Finance,Science & Research",$35k–$65k,$28k–$55k
14.67,cruise ship,0.024,Cruise Ship Director,Supply Chain & Operations,"Business & Finance,Tech & Engineering,Science & Research",Cruise Ship Chaplain,Hospitality & Events,"Social Impact & Nonprofit,Healthcare & Medicine",$35k–$65k,$35k–$55k
14.64,experience researcher user,0.2,UX Researcher (User Experience),Design & Creative,"Tech & Engineering,Business & Finance",User Experience Researcher,Science & Research,"Healthcare & Medicine,Tech & Engineering,Architecture & Urban Planning",$60k–$95k,$65k–$110k
14.46,developer energy renewable,0.222,Renewable Energy Developer,Environment & Sustainability,"Science & Research,Law & Government,Tech & Engineering",Renewable Energy Project Developer,Supply Chain & Operations,"Business & Finance,Tech & Engineering,Science & Research",$65k–$110k,$65k–$110k
14.42,arts grant writer,0.194,Grant Writer (Arts),Arts & Performance,"Business & Finance,Social Impact & Nonprofit",Grant Writer (Media Arts),Media & Journalism,"Design & Creative,Social Impact & Nonprofit",$45k–$75k,$45k–$70k
14.42,arts grant writer,0.226,Grant Writer (Arts),Arts & Performance,"Business & Finance,Social Impact & Nonprofit",Grant Writer (Media/Arts),Media & Journalism,"Social Impact & Nonprofit,Business & Finance",$45k–$75k,$45k–$70k
14.42,arts grant writer,0.152,Performing Arts Grant Writer,Arts & Performance,"Social Impact & Nonprofit,Business & Finance",Grant Writer (Media Arts),Media & Journalism,"Design & Creative,Social Impact & Nonprofit",$45k–$75k,$45k–$70k
14.42,arts grant writer,0.182,Performing Arts Grant Writer,Arts & Performance,"Social Impact & Nonprofit,Business & Finance",Grant Writer (Media/Arts),Media & Journalism,"Social Impact & Nonprofit,Business & Finance",$45k–$75k,$45k–$70k
14.32,commerce entrepreneur social,0.407,Social Commerce Entrepreneur,Marketing & Communications,"Business & Finance,Design & Creative,Media & Journalism",Social Media Commerce Entrepreneur,Supply Chain & Operations,"Business & Finance,Tech & Engineering,Science & Research",$45k–$150k,$40k–$120k
14.31,brewery craft,0.292,Craft Beer Brewery Owner,Entrepreneurship,"Business & Finance,Hospitality & Events",Craft Brewery Owner,Marketing & Communications,"Business & Finance,Design & Creative,Media & Journalism",$45k–$120k,$45k–$120k
14.22,space working,0.25,Co-working Space Operator,Entrepreneurship,"Business & Finance,Hospitality & Events",Co-working Space Developer,Gaming & Esports,"Tech & Engineering,Marketing & Communications,Science & Research",$45k–$75k,$60k–$110k
14.18,entrepreneur niche product,0.057,Niche Product Entrepreneur (Sustainable Goods),Entrepreneurship,"Environment & Sustainability,Design & Creative",Niche Product Entrepreneur,Marketing & Communications,"Business & Finance,Design & Creative",$45k–$150k,$20k–$150k
14.16,conductor orchestra,0.161,Orchestra Conductor,Sports & Fitness,"Healthcare & Medicine,Marketing & Communications,Arts & Performance",Conductor (Chamber Orchestra),Supply Chain & Operations,"Business & Finance,Tech & Engineering,Arts & Performance",$38k–$95k,$35k–$85k
14.16,extension lash,0.28,Lash Extension Technician,Arts & Performance,"Media & Journalism,Design & Creative,Architecture & Urban Planning",Lash Extension Artist,Fashion & Beauty,"Entrepreneurship,Design & Creative",$30k–$65k,$30k–$65k
14.16,extension lash,0.296,Lash Extension Technician,Arts & Performance,"Media & Journalism,Design & Creative,Architecture & Urban Planning",Lash Extension Specialist,Fashion & Beauty,"Entrepreneurship,Hospitality & Events",$30k–$65k,$30k–$65k
14.13,fund hedge,0.143,Hedge Fund Analyst,Fashion & Beauty,"Design & Creative,Marketing & Communications,Science & Research",Hedge Fund Manager,Business & Finance,"Entrepreneurship,Tech & Engineering,Science & Research",$100k–$200k,$0–$500k+
14.13,fund hedge,0.075,Hedge Fund Analyst,Fashion & Beauty,"Design & Creative,Marketing & Communications,Science & Research",Hedge Fund Operations Manager,Business & Finance,"Law & Government,Entrepreneurship",$100k–$200k,$70k–$150k
14.13,chaplain hospital,0.379,Hospital Chaplain,Gaming & Esports,"Tech & Engineering,Marketing & Communications,Science & Research",Chaplain (Hospital/Military),Social Impact & Nonprofit,"Healthcare & Medicine,Law & Government",$35k–$55k,$35k–$65k
14.05,beauty content creator,0.128,Beauty Content Creator,Marketing & Communications,"Business & Finance,Design & Creative,Media & Journalism",Beauty Content Creator (TikTok/YouTube),Fashion & Beauty,"Entrepreneurship,Media & Journalism",$45k–$150k,$20k–$150k
14.04,justice program social,0.357,Social Justice Program Director,Gaming & Esports,"Tech & Engineering,Marketing & Communications,Architecture & Urban Planning",Social Justice Program Coordinator,Social Impact & Nonprofit,"Education & Coaching,Law & Government",$45k–$75k,$40k–$65k
14.04,justice program social,0.333,Social Justice Program Director,Gaming & Esports,"Tech & Engineering,Marketing & Communications,Architecture & Urban Planning",Social Justice Program Officer,Social Impact & Nonprofit,"Law & Government,Education & Coaching",$45k–$75k,$45k–$70k
14.04,justice program social,0.609,Social Justice Program Director,Gaming & Esports,"Tech & Engineering,Marketing & Communications,Architecture & Urban Planning",Social Justice Program Manager,Social Impact & Nonprofit,"Education & Coaching,Law & Government",$45k–$75k,$45k–$70k
14.02,signage wayfinding,0.333,Signage and Wayfinding Specialist,Design & Creative,Hospitality & Events,Signage and Wayfinding Designer,Healthcare & Medicine,"Science & Research,Tech & Engineering,Architecture & Urban Planning",$50k–$85k,$50k–$85k
14.02,plan retirement,0.214,Retirement Plan Consultant,Design & Creative,"Marketing & Communications,Tech & Engineering,Science & Research",Retirement Plan Advisor,Business & Finance,"Law & Government,Education & Coaching",$65k–$120k,$65k–$120k
14.02,cfo fractional,0.242,Fractional CFO,Arts & Performance,"Media & Journalism,Design & Creative",Fractional CFO (Small Business),Business & Finance,Entrepreneurship,$80k–$150k,$70k–$150k
13.91,activities resort,0.241,Resort Activities Director,Hospitality & Events,"Food & Culinary,Marketing & Communications,Science & Research",Resort Activities Coordinator,Gaming & Esports,"Tech & Engineering,Marketing & Communications,Science & Research",$30k–$45k,$30k–$45k
13.91,waste zero,0.176,Zero Waste Consultant,Environment & Sustainability,"Science & Research,Law & Government,Tech & Engineering",Zero-Waste Program Manager,Gaming & Esports,"Tech & Engineering,Marketing & Communications,Science & Research",$48k–$77k,$48k–$77k
13.91,waste zero,0.086,Zero Waste Consultant,Environment & Sustainability,"Science & Research,Law & Government,Tech & Engineering",Zero Waste Program Manager,Gaming & Esports,"Tech & Engineering,Marketing & Communications,Science & Research",$48k–$77k,$48k–$72k
13.91,waste zero,0.379,Zero Waste Manager,Environment & Sustainability,"Science & Research,Business & Finance",Zero-Waste Program Manager,Gaming & Esports,"Tech & Engineering,Marketing & Communications,Science & Research",$50k–$85k,$48k–$77k
13.91,waste zero,0.31,Zero Waste Manager,Environment & Sustainability,"Science & Research,Business & Finance",Zero Waste Program Manager,Gaming & Esports,"Tech & Engineering,Marketing & Communications,Science & Research",$50k–$85k,$48k–$72k
13.91,referee umpire,0.061,Referee and Umpire Coordinator,Gaming & Esports,"Tech & Engineering,Marketing & Communications,Science & Research",Umpire/Referee (Professional),Sports & Fitness,"Education & Coaching,Law & Government",$35k–$65k,$35k–$85k
13.91,referee umpire,0.088,Referee and Umpire Coordinator,Gaming & Esports,"Tech & Engineering,Marketing & Communications,Science & Research",Umpire/Referee,Sports & Fitness,"Education & Coaching,Law & Government",$35k–$65k,$30k–$65k
13.91,referee umpire,0.121,Referee and Umpire Coordinator,Gaming & Esports,"Tech & Engineering,Marketing & Communications,Science & Research",Referee/Umpire (Professional),Sports & Fitness,"Education & Coaching,Hospitality & Events",$35k–$65k,$30k–$75k
13.91,referee umpire,0.143,Umpire/Referee (Professional),Sports & Fitness,"Education & Coaching,Law & Government",Referee/Umpire,Gaming & Esports,"Tech & Engineering,Marketing & Communications,Science & Research",$35k–$85k,$30k–$60k
13.91,referee umpire,0.312,Umpire/Referee,Sports & Fitness,"Education & Coaching,Law & Government",Referee/Umpire,Gaming & Esports,"Tech & Engineering,Marketing & Communications,Science & Research",$30k–$65k,$30k–$60k
13.91,referee umpire,0.312,Referee/Umpire (Professional),Sports & Fitness,"Education & Coaching,Hospitality & Events",Referee/Umpire,Gaming & Esports,"Tech & Engineering,Marketing & Communications,Science & Research",$30k–$75k,$30k–$60k
13.84,diversity inclusion,0.103,"DEI (Diversity, Equity, Inclusion) Consultant",Social Impact & Nonprofit,"Law & Government,Education & Coaching",Diversity and Inclusion Manager,Gaming & Esports,"Tech & Engineering,Marketing & Communications,Science & Research",$50k–$85k,$52k–$85k
13.84,diversity inclusion,0.476,Diversity and Inclusion Officer,Social Impact & Nonprofit,"Education & Coaching,Law & Government",Diversity and Inclusion Manager,Gaming & Esports,"Tech & Engineering,Marketing & Communications,Science & Research",$52k–$85k,$52k–$85k
13.84,diversity inclusion,0.292,Diversity and Inclusion Officer (Nonprofit),Social Impact & Nonprofit,"Education & Coaching,Law & Government",Diversity and Inclusion Manager,Gaming & Esports,"Tech & Engineering,Marketing & Communications,Science & Research",$50k–$75k,$52k–$85k
13.84,diversity inclusion,0.2,Diversity and Inclusion Manager,Gaming & Esports,"Tech & Engineering,Marketing & Communications,Science & Research",Diversity & Inclusion Officer,Social Impact & Nonprofit,"Education & Coaching,Law & Government",$52k–$85k,$50k–$85k
13.84,parks recreation,0.423,Parks and Recreation Administrator,Law & Government,"Social Impact & Nonprofit,Sports & Fitness",Parks and Recreation Director,Gaming & Esports,"Tech & Engineering,Marketing & Communications,Architecture & Urban Planning",$45k–$75k,$45k–$75k
13.84,parks recreation,0.241,Parks and Recreation Director,Gaming & Esports,"Tech & Engineering,Marketing & Communications,Architecture & Urban Planning",Parks and Recreation Manager,Law & Government,"Social Impact & Nonprofit,Hospitality & Events",$45k–$75k,$45k–$75k
13.84,parks recreation,0.31,Parks and Recreation Director,Gaming & Esports,"Tech & Engineering,Marketing & Communications,Architecture & Urban Planning",Parks & Recreation Director,Law & Government,"Social Impact & Nonprofit,Hospitality & Events",$45k–$75k,$45k–$75k
13.8,farming vertical,0.212,Vertical Farming Startup Founder,Entrepreneurship,"Environment & Sustainability,Tech & Engineering",Vertical Farming Entrepreneur,Gaming & Esports,"Tech & Engineering,Marketing & Communications,Science & Research",$45k–$150k,$45k–$150k
13.8,farming vertical,0.312,Vertical Farming Entrepreneur,Gaming & Esports,"Tech & Engineering,Marketing & Communications,Science & Research",Vertical Farming Startup Owner,Entrepreneurship,"Environment & Sustainability,Tech & Engineering",$45k–$150k,$45k–$150k
13.8,farming vertical,0.158,Vertical Farming Entrepreneur,Gaming & Esports,"Tech & Engineering,Marketing & Communications,Science & Research",Vertical Farming Operator,Environment & Sustainability,"Tech & Engineering,Science & Research",$45k–$150k,$35k–$65k
13.77,corporate program wellness,0.229,Fitness Program Director (Corporate Wellness),Sports & Fitness,"Business & Finance,Healthcare & Medicine",Corporate Wellness Program Manager,Education & Coaching,"Healthcare & Medicine,Business & Finance",$45k–$75k,$45k–$75k
13.76,based faith,0.088,Faith-Based Organization Director,Gaming & Esports,"Tech & Engineering,Marketing & Communications,Science & Research",Faith-Based Community Organizer,Social Impact & Nonprofit,"Law & Government,Education & Coaching",$45k–$75k,$35k–$60k
13.76,based faith,0.129,Faith-Based Nonprofit Director,Gaming & Esports,"Tech & Engineering,Marketing & Communications,Science & Research",Faith-Based Community Organizer,Social Impact & Nonprofit,"Law & Government,Education & Coaching",$50k–$85k,$35k–$60k
13.72,refugee resettlement,0.214,Refugee Resettlement Counselor,Social Impact & Nonprofit,"Education & Coaching,Law & Government",Refugee Resettlement Coordinator,Gaming & Esports,"Tech & Engineering,Marketing & Communications,Architecture & Urban Planning",$30k–$50k,$35k–$55k
13.72,refugee resettlement,0.222,Refugee Resettlement Services Coordinator,Social Impact & Nonprofit,"Law & Government,Education & Coaching",Refugee Resettlement Coordinator,Gaming & Esports,"Tech & Engineering,Marketing & Communications,Architecture & Urban Planning",$35k–$55k,$35k–$55k
13.72,refugee resettlement,0.133,Refugee Resettlement Coordinator,Gaming & Esports,"Tech & Engineering,Marketing & Communications,Architecture & Urban Planning",Refugee Resettlement Specialist,Social Impact & Nonprofit,"Law & Government,Education & Coaching",$35k–$55k,$35k–$55k
13.72,refugee resettlement,0.143,Refugee Resettlement Coordinator,Gaming & Esports,"Tech & Engineering,Marketing & Communications,Architecture & Urban Planning",Refugee Resettlement Services Manager,Social Impact & Nonprofit,"Law & Government,Education & Coaching",$35k–$55k,$42k–$65k
13.7,debt restructuring,0.308,Debt Restructuring Specialist,Business & Finance,Law & Government,Corporate Debt Restructuring Advisor,Fashion & Beauty,"Design & Creative,Marketing & Communications,Science & Research",$30k–$45k,$85k–$175k
13.7,debt restructuring,0.241,Debt Restructuring Specialist,Business & Finance,Law & Government,Debt Restructuring Advisor,Media & Journalism,"Marketing & Communications,Arts & Performance",$30k–$45k,$60k–$105k
13.7,debt restructuring,0.067,Corporate Debt Restructuring Advisor,Fashion & Beauty,"Design & Creative,Marketing & Communications,Science & Research",Debt Restructuring Advisor,Media & Journalism,"Marketing & Communications,Arts & Performance",$85k–$175k,$60k–$105k
13.69,resources water,0.219,Water Resources Manager,Supply Chain & Operations,"Business & Finance,Tech & Engineering,Science & Research",Water Resources Engineer,Environment & Sustainability,"Science & Research,Law & Government",$55k–$85k,$60k–$105k
13.69,content creator fitness,0.344,Fitness Content Creator,Sports & Fitness,"Media & Journalism,Entrepreneurship",Fitness Influencer and Content Creator,Gaming & Esports,"Tech & Engineering,Marketing & Communications,Science & Research",$40k–$120k,$45k–$150k
13.69,board liaison,0.333,Board Liaison,Social Impact & Nonprofit,"Education & Coaching,Law & Government,Science & Research",Nonprofit Board Liaison,Gaming & Esports,"Tech & Engineering,Marketing & Communications,Science & Research",$50k–$75k,$45k–$70k
13.69,forecaster trend,0.189,Color and Trend Forecaster,Fashion & Beauty,"Design & Creative,Business & Finance",Trend Forecaster,Marketing & Communications,"Business & Finance,Design & Creative,Science & Research",$50k–$85k,$50k–$85k
13.69,forecaster trend,0.281,Trend Forecaster (Fashion),Fashion & Beauty,"Media & Journalism,Business & Finance",Trend Forecaster,Marketing & Communications,"Business & Finance,Design & Creative,Science & Research",$50k–$85k,$50k–$85k
13.69,forecaster trend,0.075,Color Trend Forecaster,Fashion & Beauty,"Design & Creative,Business & Finance",Trend Forecaster,Marketing & Communications,"Business & Finance,Design & Creative,Science & Research",$48k–$85k,$50k–$85k
13.69,forecaster trend,0.15,Trend Forecaster,Marketing & Communications,"Business & Finance,Design & Creative,Science & Research",Color & Trend Forecaster,Fashion & Beauty,"Design & Creative,Business & Finance",$50k–$85k,$50k–$85k
13.69,park theme,0.105,Theme Park Operations Manager,Supply Chain & Operations,"Business & Finance,Tech & Engineering,Science & Research",Theme Park Experience Designer,Sports & Fitness,"Healthcare & Medicine,Marketing & Communications,Architecture & Urban Planning",$48k–$77k,$55k–$110k
13.69,park theme,0.387,Theme Park Operations Manager,Supply Chain & Operations,"Business & Finance,Tech & Engineering,Science & Research",Theme Park Manager,Hospitality & Events,"Food & Culinary,Marketing & Communications,Science & Research",$48k–$77k,$50k–$85k
13.69,park theme,0.081,Theme Park Operations Director,Hospitality & Events,"Business & Finance,Entrepreneurship",Theme Park Experience Designer,Sports & Fitness,"Healthcare & Medicine,Marketing & Communications,Architecture & Urban Planning",$50k–$85k,$55k–$110k
13.69,park theme,0.024,Theme Park Experience Designer,Sports & Fitness,"Healthcare & Medicine,Marketing & Communications,Architecture & Urban Planning",Theme Park Manager,Hospitality & Events,"Food & Culinary,Marketing & Communications,Science & Research",$55k–$110k,$50k–$85k
13.62,artisan craft,0.057,Heritage Craft Artisan,Arts & Performance,"Education & Coaching,Design & Creative",Artisan Craft Business Owner,Marketing & Communications,"Business & Finance,Design & Creative,Architecture & Urban Planning",$35k–$65k,$35k–$85k
13.62,artisan craft,0.0,Heritage Craft Artisan,Arts & Performance,"Education & Coaching,Design & Creative",Artisan Craft Marketplace Founder,Entrepreneurship,"Design & Creative,Business & Finance",$35k–$65k,$40k–$120k
13.62,artisan craft,0.033,Artisan Craft Business Owner,Marketing & Communications,"Business & Finance,Design & Creative,Architecture & Urban Planning",Artisan Craft Marketplace Founder,Entrepreneurship,"Design & Creative,Business & Finance",$35k–$85k,$40k–$120k
13.62,organizer tournament,0.088,E-sports Tournament Organizer,Entrepreneurship,"Media & Journalism,Tech & Engineering",Esports Tournament Organizer,Gaming & Esports,"Tech & Engineering,Marketing & Communications,Media & Journalism",$45k–$120k,$45k–$85k
13.62,dropshipping store,0.2,Dropshipping Store Manager,Marketing & Communications,"Business & Finance,Design & Creative",Dropshipping Store Operator,Entrepreneurship,"Business & Finance,Tech & Engineering",$30k–$100k,$40k–$120k
13.62,dropshipping store,0.194,Dropshipping Store Owner,Marketing & Communications,"Business & Finance,Design & Creative",Dropshipping Store Operator,Entrepreneurship,"Business & Finance,Tech & Engineering",$20k–$150k,$40k–$120k
13.6,artist film makeup,0.176,Makeup Artist (TV & Film),Fashion & Beauty,"Arts & Performance,Design & Creative",Makeup Artist (Film & TV),Gaming & Esports,"Tech & Engineering,Marketing & Communications,Media & Journalism",$35k–$75k,$35k–$75k
13.6,artist film makeup,0.296,Makeup Artist (Theater/Film),Fashion & Beauty,"Arts & Performance,Design & Creative",Makeup Artist (Film & TV),Gaming & Esports,"Tech & Engineering,Marketing & Communications,Media & Journalism",$35k–$75k,$35k–$75k
13.6,artist film makeup,0.37,Makeup Artist for Film and Television,Fashion & Beauty,"Design & Creative,Marketing & Communications,Arts & Performance",Makeup Artist (Film & TV),Gaming & Esports,"Tech & Engineering,Marketing & Communications,Media & Journalism",$35k–$85k,$35k–$75k
13.6,artist film makeup,0.296,Makeup Artist (Film/Theater),Fashion & Beauty,"Arts & Performance,Design & Creative",Makeup Artist (Film & TV),Gaming & Esports,"Tech & Engineering,Marketing & Communications,Media & Journalism",$35k–$75k,$35k–$75k
13.6,artist film makeup,0.161,Makeup Artist (Film & Theater),Fashion & Beauty,"Arts & Performance,Design & Creative",Makeup Artist (Film & TV),Gaming & Esports,"Tech & Engineering,Marketing & Communications,Media & Journalism",$32k–$65k,$35k–$75k
13.6,artist film makeup,0.233,Makeup Artist (Film & TV),Gaming & Esports,"Tech & Engineering,Marketing & Communications,Media & Journalism",Makeup Effects Artist (Theater/Film),Fashion & Beauty,"Arts & Performance,Design & Creative",$35k–$75k,$35k–$75k
13.6,artist film makeup,0.29,Makeup Artist (Film & TV),Gaming & Esports,"Tech & Engineering,Marketing & Communications,Media & Journalism",Makeup Effects Artist (Theater & Film),Fashion & Beauty,"Arts & Performance,Design & Creative",$35k–$75k,$35k–$75k
13.6,artist film makeup,0.333,Makeup Artist (Film & TV),Gaming & Esports,"Tech & Engineering,Marketing & Communications,Media & Journalism",Makeup Effects Artist (Film),Fashion & Beauty,"Arts & Performance,Design & Creative",$35k–$75k,$40k–$85k
13.6,artist film makeup,0.333,Makeup Artist (Film & TV),Gaming & Esports,"Tech & Engineering,Marketing & Communications,Media & Journalism",Makeup Artist (Film & Television),Fashion & Beauty,"Arts & Performance,Design & Creative",$35k–$75k,$35k–$85k
13.6,artist film makeup,0.727,Makeup Artist (Film & TV),Gaming & Esports,"Tech & Engineering,Marketing & Communications,Media & Journalism",Makeup Artist (Film/TV),Fashion & Beauty,"Design & Creative,Marketing & Communications,Arts & Performance",$35k–$75k,$35k–$75k
13.6,artist film makeup,0.429,Makeup Artist (Film & TV),Gaming & Esports,"Tech & Engineering,Marketing & Communications,Media & Journalism",Custom Makeup Artist (Film/TV),Fashion & Beauty,"Arts & Performance,Design & Creative",$35k–$75k,$45k–$85k
13.6,artist film makeup,0.286,Makeup Artist (Film & TV),Gaming & Esports,"Tech & Engineering,Marketing & Communications,Media & Journalism",Makeup Effects Artist (Film/TV),Fashion & Beauty,"Arts & Performance,Design & Creative",$35k–$75k,$35k–$75k
13.6,artist film makeup,0.385,Makeup Artist (Film & TV),Gaming & Esports,"Tech & Engineering,Marketing & Communications,Media & Journalism",Makeup Artist for Film,Fashion & Beauty,"Design & Creative,Marketing & Communications,Science & Research",$35k–$75k,$35k–$75k
13.6,artist film makeup,0.323,Makeup Artist (Film & TV),Gaming & Esports,"Tech & Engineering,Marketing & Communications,Media & Journalism",Makeup Artist for Film & Television,Fashion & Beauty,"Arts & Performance,Design & Creative",$35k–$75k,$35k–$85k
13.6,artist film makeup,0.481,Makeup Artist (Film & TV),Gaming & Esports,"Tech & Engineering,Marketing & Communications,Media & Journalism",Makeup Artist for Theater & Film,Fashion & Beauty,"Arts & Performance,Design & Creative",$35k–$75k,$35k–$75k
13.57,animator character,0.258,Character Animator,Design & Creative,"Media & Journalism,Tech & Engineering",3D Animator (Character),Gaming & Esports,"Tech & Engineering,Marketing & Communications,Media & Journalism",$50k–$95k,$55k–$95k
13.57,animator character,0.219,3D Animator (Character),Gaming & Esports,"Tech & Engineering,Marketing & Communications,Media & Journalism",Character Animator (Film & TV),Arts & Performance,"Design & Creative,Tech & Engineering",$55k–$95k,$50k–$95k
13.55,iot solutions,0.321,IoT Solutions Engineer,Tech & Engineering,"Business & Finance,Science & Research",IoT Solutions Architect,Architecture & Urban Planning,"Design & Creative,Environment & Sustainability,Cybersecurity",$65k–$120k,$75k–$140k
13.52,care wound,0.448,Wound Care Specialist Nurse,Healthcare & Medicine,"Science & Research,Education & Coaching",Wound Care Specialist,Hospitality & Events,"Food & Culinary,Marketing & Communications",$60k–$85k,$45k–$75k
13.52,care wound,0.323,Wound Care Nurse Specialist,Healthcare & Medicine,"Education & Coaching,Science & Research",Wound Care Specialist,Hospitality & Events,"Food & Culinary,Marketing & Communications",$30k–$45k,$45k–$75k
13.52,artificial intelligence,0.029,Artificial Intelligence Researcher,Aviation & Transportation,"Tech & Engineering,Science & Research,Cybersecurity",Artificial Intelligence Startup Founder,Entrepreneurship,"Tech & Engineering,Business & Finance",$80k–$160k,$0–$500k+
13.49,control pollution,0.231,Pollution Control Specialist,Supply Chain & Operations,"Business & Finance,Tech & Engineering,Science & Research",Pollution Control Engineer,Environment & Sustainability,"Science & Research,Law & Government,Tech & Engineering",$48k–$77k,$60k–$105k
13.47,influencer media social,0.357,Social Media Influencer Entrepreneur,Marketing & Communications,"Business & Finance,Design & Creative,Media & Journalism",Niche Social Media Creator (Micro-Influencer),Entrepreneurship,"Media & Journalism,Design & Creative",$0–$500k+,$20k–$150k
13.46,pop shop,0.147,Pop-Up Shop Operator,Supply Chain & Operations,"Business & Finance,Tech & Engineering,Science & Research",Pop-Up Shop Creator,Entrepreneurship,"Design & Creative,Hospitality & Events",$35k–$75k,$35k–$85k
13.46,pop shop,0.258,Pop-Up Shop Operator,Supply Chain & Operations,"Business & Finance,Tech & Engineering,Science & Research",Pop-up Shop Curator,Entrepreneurship,"Design & Creative,Hospitality & Events",$35k–$75k,$45k–$75k
13.46,pop shop,0.333,Pop-Up Shop Operator,Supply Chain & Operations,"Business & Finance,Tech & Engineering,Science & Research",Pop-Up Shop Entrepreneur,Entrepreneurship,"Design & Creative,Fashion & Beauty",$35k–$75k,$20k–$150k
13.46,etsy store,0.323,Etsy Store Optimizer (E-Commerce Consultant),Entrepreneurship,"Business & Finance,Design & Creative",Etsy Store Scale-Up Specialist,Marketing & Communications,"Business & Finance,Design & Creative,Science & Research",$45k–$85k,$45k–$85k
13.44,cloud solutions,0.114,Cloud Solutions Engineer,Tech & Engineering,"Business & Finance,Science & Research",Cloud Solutions Architect,Architecture & Urban Planning,"Design & Creative,Environment & Sustainability",$75k–$140k,$30k–$45k
13.37,casino host,0.207,Casino Host Manager,Hospitality & Events,"Business & Finance,Law & Government",Casino Host,Gaming & Esports,"Tech & Engineering,Marketing & Communications,Science & Research",$35k–$65k,$30k–$45k
13.36,media niche social,0.216,Niche Social Media Brand Owner,Gaming & Esports,"Tech & Engineering,Marketing & Communications,Science & Research",Niche Social Media Creator (Micro-Influencer),Entrepreneurship,"Media & Journalism,Design & Creative",$20k–$150k,$20k–$150k
13.36,emergency room,0.028,Emergency Room Nurse,Healthcare & Medicine,"Education & Coaching,Social Impact & Nonprofit",Emergency Room Physician,Cybersecurity,"Tech & Engineering,Law & Government,Science & Research",$55k–$85k,$100k–$200k
13.36,emergency room,0.083,Emergency Room Physician,Cybersecurity,"Tech & Engineering,Law & Government,Science & Research",Emergency Room Technician,Healthcare & Medicine,"Science & Research,Social Impact & Nonprofit",$100k–$200k,$30k–$50k
13.36,goods leather,0.179,Luxury Leather Goods Designer,Fashion & Beauty,"Design & Creative,Entrepreneurship",Leather Goods Designer,Science & Research,"Healthcare & Medicine,Tech & Engineering,Architecture & Urban Planning",$50k–$95k,$45k–$75k
13.36,goods leather,0.222,Leather Goods Craftsperson,Fashion & Beauty,"Design & Creative,Entrepreneurship",Leather Goods Designer,Science & Research,"Healthcare & Medicine,Tech & Engineering,Architecture & Urban Planning",$32k–$65k,$45k–$75k
13.33,agency media social,0.182,Social Media Manager (Agency),Media & Journalism,"Design & Creative,Business & Finance",Social Media Agency Owner,Marketing & Communications,"Business & Finance,Design & Creative,Science & Research",$45k–$75k,$45k–$120k
13.33,agency media social,0.296,Social Media Agency Owner,Marketing & Communications,"Business & Finance,Design & Creative,Science & Research",Social Media Management Agency Owner,Entrepreneurship,"Media & Journalism,Design & Creative",$45k–$120k,$45k–$120k
13.33,agency media social,0.179,Social Media Agency Owner,Marketing & Communications,"Business & Finance,Design & Creative,Science & Research",Social Media Management Agency Founder,Entrepreneurship,"Media & Journalism,Design & Creative",$45k–$120k,$45k–$120k
13.33,cannabis licensed,0.48,Licensed Cannabis Operator,Entrepreneurship,"Business & Finance,Law & Government",Licensed Cannabis Producer,Marketing & Communications,"Business & Finance,Design & Creative,Law & Government",$50k–$150k,$65k–$150k
13.28,actor voice,0.081,Voice Actor (Animation & Games),Arts & Performance,"Media & Journalism,Tech & Engineering",Voice Actor,Gaming & Esports,"Tech & Engineering,Marketing & Communications,Media & Journalism",$35k–$85k,$35k–$90k
13.28,actor voice,0.176,Voice Actor (Animation),Arts & Performance,"Media & Journalism,Design & Creative",Voice Actor,Gaming & Esports,"Tech & Engineering,Marketing & Communications,Media & Journalism",$45k–$85k,$35k–$90k
13.21,department state,0.148,State Department Diplomat,Law & Government,"Business & Finance,Education & Coaching",Diplomatic Aide (U.S. State Department),Hospitality & Events,"Food & Culinary,Marketing & Communications,Science & Research",$55k–$120k,$35k–$65k
13.21,consulting firm,0.121,Niche Consulting Firm Founder,Entrepreneurship,"Business & Finance,Design & Creative",Consulting Firm Owner,Hospitality & Events,"Food & Culinary,Marketing & Communications,Architecture & Urban Planning",$50k–$150k,$50k–$200k+
13.21,consulting firm,0.207,Consulting Firm Owner,Hospitality & Events,"Food & Culinary,Marketing & Communications,Architecture & Urban Planning",Consulting Firm Founder,Entrepreneurship,"Business & Finance,Tech & Engineering",$50k–$200k+,$70k–$150k
13.21,consulting firm,0.118,Consulting Firm Owner,Hospitality & Events,"Food & Culinary,Marketing & Communications,Architecture & Urban Planning",Niche Consulting Firm Owner,Entrepreneurship,"Business & Finance,Design & Creative",$50k–$200k+,$65k–$150k
13.19,art handler,0.171,Art Handler (Museum/Gallery),Arts & Performance,"Hospitality & Events,Education & Coaching",Art Handler,Sports & Fitness,"Healthcare & Medicine,Marketing & Communications,Science & Research",$28k–$50k,$32k–$55k
13.19,bond municipal,0.171,Municipal Bond Lawyer,Law & Government,"Business & Finance,Social Impact & Nonprofit",Municipal Bond Trader,Education & Coaching,"Social Impact & Nonprofit,Tech & Engineering,Science & Research",$85k–$175k,$30k–$45k
13.19,bond municipal,0.321,Municipal Bond Advisor,Business & Finance,"Law & Government,Entrepreneurship",Municipal Bond Trader,Education & Coaching,"Social Impact & Nonprofit,Tech & Engineering,Science & Research",$60k–$120k,$30k–$45k
13.19,bond municipal,0.176,Municipal Bond Advisor,Business & Finance,"Law & Government,Entrepreneurship",Municipal Bond Attorney,Education & Coaching,"Social Impact & Nonprofit,Tech & Engineering,Law & Government",$60k–$120k,$85k–$175k
13.15,restorer vintage,0.435,Vintage Clothing Restorer,Supply Chain & Operations,"Business & Finance,Tech & Engineering,Science & Research",Vintage Fashion Restorer,Fashion & Beauty,"Design & Creative,Arts & Performance",$28k–$55k,$32k–$55k
13.13,etsy shop,0.121,Etsy Vintage Shop Owner,Gaming & Esports,"Tech & Engineering,Marketing & Communications,Social Impact & Nonprofit",Etsy Shop Owner (Handmade),Entrepreneurship,"Design & Creative,Fashion & Beauty",$25k–$80k,$25k–$80k
13.13,etsy shop,0.3,Etsy Shop Owner,Marketing & Communications,"Business & Finance,Design & Creative,Media & Journalism",Etsy Shop Owner (Handmade),Entrepreneurship,"Design & Creative,Fashion & Beauty",$25k–$80k,$25k–$80k
13.11,access advocate,0.161,Healthcare Access Advocate,Social Impact & Nonprofit,"Law & Government,Education & Coaching",Education Access Advocate,Gaming & Esports,"Tech & Engineering,Marketing & Communications,Architecture & Urban Planning",$42k–$70k,$45k–$75k
13.09,human trafficking,0.391,Human Trafficking Advocate,Social Impact & Nonprofit,"Law & Government,Healthcare & Medicine",Human Trafficking Prevention Coordinator,Gaming & Esports,"Tech & Engineering,Marketing & Communications,Cybersecurity",$45k–$75k,$40k–$65k
13.09,human trafficking,0.24,Human Trafficking Prevention Coordinator,Gaming & Esports,"Tech & Engineering,Marketing & Communications,Cybersecurity",Anti-Human Trafficking Advocate,Social Impact & Nonprofit,"Law & Government,Education & Coaching",$40k–$65k,$45k–$75k
13.09,human trafficking,0.133,Human Trafficking Prevention Coordinator,Gaming & Esports,"Tech & Engineering,Marketing & Communications,Cybersecurity",Human Trafficking Survivor Advocate,Social Impact & Nonprofit,"Law & Government,Healthcare & Medicine",$40k–$65k,$35k–$55k
13.09,bureau convention,0.364,Convention & Visitors Bureau Director,Gaming & Esports,"Tech & Engineering,Marketing & Communications,Science & Research",Convention & Visitor Bureau Manager,Hospitality & Events,"Business & Finance,Media & Journalism",$45k–$75k,$45k–$75k
13.09,bureau convention,0.32,Convention & Visitors Bureau Director,Gaming & Esports,"Tech & Engineering,Marketing & Communications,Science & Research",Convention & Visitor Bureau Director,Hospitality & Events,"Business & Finance,Media & Journalism",$45k–$75k,$45k–$75k
13.09,bureau convention,0.148,Convention and Visitors Bureau Director,Hospitality & Events,"Business & Finance,Media & Journalism",Convention and Visitor Bureau Manager,Marketing & Communications,"Business & Finance,Design & Creative,Science & Research",$45k–$75k,$45k–$75k
13.09,bureau convention,0.185,Convention & Visitors Bureau Manager,Hospitality & Events,"Business & Finance,Law & Government",Convention and Visitor Bureau Manager,Marketing & Communications,"Business & Finance,Design & Creative,Science & Research",$45k–$75k,$45k–$75k
13.07,deal licensing,0.333,Licensing Deal Specialist,Entrepreneurship,"Business & Finance,Design & Creative",Licensing Deal Broker,Marketing & Communications,"Business & Finance,Design & Creative,Media & Journalism",$60k–$110k,$65k–$120k
13.07,deal licensing,0.25,Licensing Deal Negotiator,Entrepreneurship,"Business & Finance,Law & Government",Licensing Deal Broker,Marketing & Communications,"Business & Finance,Design & Creative,Media & Journalism",$65k–$125k,$65k–$120k
13.07,deal licensing,0.3,Licensing Deal Broker,Marketing & Communications,"Business & Finance,Design & Creative,Media & Journalism",Licensing Deal Manager,Entrepreneurship,"Business & Finance,Media & Journalism",$65k–$120k,$60k–$95k
13.06,debris marine,0.073,Marine Debris Removal Specialist,Environment & Sustainability,"Science & Research,Social Impact & Nonprofit",Marine Debris Specialist,Supply Chain & Operations,"Business & Finance,Tech & Engineering,Science & Research",$40k–$65k,$45k–$75k
13.06,debris marine,0.056,Marine Debris Management Specialist,Environment & Sustainability,"Science & Research,Social Impact & Nonprofit",Marine Debris Specialist,Supply Chain & Operations,"Business & Finance,Tech & Engineering,Science & Research",$45k–$75k,$45k–$75k
13.06,debris marine,0.105,Marine Debris Analyst,Environment & Sustainability,"Science & Research,Social Impact & Nonprofit",Marine Debris Specialist,Supply Chain & Operations,"Business & Finance,Tech & Engineering,Science & Research",$45k–$75k,$45k–$75k
13.06,debris marine,0.079,Marine Debris Researcher,Environment & Sustainability,"Science & Research,Law & Government",Marine Debris Specialist,Supply Chain & Operations,"Business & Finance,Tech & Engineering,Science & Research",$45k–$75k,$45k–$75k
13.03,decorator set,0.32,Set Decorator,Supply Chain & Operations,"Business & Finance,Tech & Engineering,Architecture & Urban Planning",Set Decorator (Film & Television),Design & Creative,"Arts & Performance,Hospitality & Events",$35k–$65k,$35k–$75k
13.01,dietitian registered,0.367,Registered Dietitian Nutritionist,Healthcare & Medicine,"Education & Coaching,Science & Research",Registered Dietitian,Food & Culinary,"Hospitality & Events,Business & Finance,Arts & Performance",$60k–$85k,$45k–$68k
13.01,dietitian registered,0.075,Registered Dietitian Nutritionist,Healthcare & Medicine,"Education & Coaching,Science & Research",Sports Registered Dietitian,Food & Culinary,"Hospitality & Events,Business & Finance,Science & Research",$60k–$85k,$45k–$75k
13.01,dietitian registered,0.077,Registered Dietitian (Sports Nutrition),Healthcare & Medicine,"Sports & Fitness,Education & Coaching",Registered Dietitian,Food & Culinary,"Hospitality & Events,Business & Finance,Arts & Performance",$48k–$77k,$45k–$68k
13.01,dietitian registered,0.081,Sports Nutrition Registered Dietitian,Healthcare & Medicine,"Sports & Fitness,Education & Coaching",Registered Dietitian,Food & Culinary,"Hospitality & Events,Business & Finance,Arts & Performance",$58k–$95k,$45k–$68k
13.01,dietitian registered,0.2,Registered Dietitian,Food & Culinary,"Hospitality & Events,Business & Finance,Arts & Performance",Nutritionist (Registered Dietitian),Healthcare & Medicine,"Education & Coaching,Sports & Fitness",$45k–$68k,$60k–$85k
13.01,dietitian registered,0.1,Nutritionist (Registered Dietitian),Healthcare & Medicine,"Education & Coaching,Sports & Fitness",Sports Registered Dietitian,Food & Culinary,"Hospitality & Events,Business & Finance,Science & Research",$60k–$85k,$45k–$75k
13.01,augmented reality,0.226,Augmented Reality Experience Designer,Design & Creative,"Tech & Engineering,Media & Journalism",Augmented Reality (AR) Designer,Gaming & Esports,"Tech & Engineering,Marketing & Communications,Science & Research",$60k–$110k,$65k–$120k
13.01,augmented reality,0.219,Augmented Reality Experience Designer,Design & Creative,"Tech & Engineering,Media & Journalism",Augmented Reality Developer,Hospitality & Events,"Food & Culinary,Marketing & Communications,Architecture & Urban Planning",$60k–$110k,$70k–$130k
13.01,augmented reality,0.182,Augmented Reality (AR) Designer,Gaming & Esports,"Tech & Engineering,Marketing & Communications,Science & Research",Augmented Reality Designer,Design & Creative,"Tech & Engineering,Media & Journalism",$65k–$120k,$60k–$95k
13.01,augmented reality,0.423,Augmented Reality (AR) Designer,Gaming & Esports,"Tech & Engineering,Marketing & Communications,Science & Research",Augmented Reality Developer,Hospitality & Events,"Food & Culinary,Marketing & Communications,Architecture & Urban Planning",$65k–$120k,$70k–$130k
13.01,augmented reality,0.176,Augmented Reality Designer,Design & Creative,"Tech & Engineering,Media & Journalism",Augmented Reality Developer,Hospitality & Events,"Food & Culinary,Marketing & Communications,Architecture & Urban Planning",$60k–$95k,$70k–$130k
13.01,augmented reality,0.162,Augmented Reality Developer,Hospitality & Events,"Food & Culinary,Marketing & Communications,Architecture & Urban Planning",Augmented Reality Engineer,Tech & Engineering,"Design & Creative,Media & Journalism",$70k–$130k,$70k–$130k
12.99,esports tournament,0.088,Esports Coach (Tournament Strategy),Education & Coaching,"Sports & Fitness,Tech & Engineering",Esports Tournament Organizer,Gaming & Esports,"Tech & Engineering,Marketing & Communications,Media & Journalism",$45k–$85k,$45k–$85k
12.99,authenticator vintage,0.276,Vintage Apparel Authenticator,Fashion & Beauty,"Design & Creative,Entrepreneurship",Vintage Fashion Authenticator,Supply Chain & Operations,"Business & Finance,Tech & Engineering,Science & Research",$45k–$75k,$45k–$75k
12.99,authenticator vintage,0.152,Vintage Clothing Authenticator,Fashion & Beauty,"Design & Creative,Entrepreneurship",Vintage Fashion Authenticator,Supply Chain & Operations,"Business & Finance,Tech & Engineering,Science & Research",$45k–$75k,$45k–$75k
12.98,box subscription,0.077,Niche Subscription Box Entrepreneur,Entrepreneurship,"Design & Creative,Business & Finance",Subscription Box Creator,Gaming & Esports,"Tech & Engineering,Marketing & Communications,Architecture & Urban Planning",$40k–$120k,$30k–$100k
12.98,box subscription,0.31,Subscription Box Creator,Gaming & Esports,"Tech & Engineering,Marketing & Communications,Architecture & Urban Planning",Subscription Box Entrepreneur,Entrepreneurship,"Design & Creative,Business & Finance",$30k–$100k,$40k–$120k
12.96,media news social,0.25,Social Media Editor (News Organization),Media & Journalism,"Design & Creative,Tech & Engineering",Social Media Manager (News),Marketing & Communications,"Business & Finance,Design & Creative,Science & Research",$40k–$65k,$40k–$65k
12.96,media news social,0.235,Social Media Content Creator (News),Media & Journalism,"Design & Creative,Tech & Engineering",Social Media Manager (News),Marketing & Communications,"Business & Finance,Design & Creative,Science & Research",$35k–$65k,$40k–$65k
12.96,media news social,0.206,Social Media Analyst (News),Media & Journalism,"Tech & Engineering,Business & Finance",Social Media Manager (News),Marketing & Communications,"Business & Finance,Design & Creative,Science & Research",$45k–$75k,$40k–$65k
12.96,media news social,0.593,Social Media Manager (News Org),Media & Journalism,"Design & Creative,Business & Finance",Social Media Manager (News),Marketing & Communications,"Business & Finance,Design & Creative,Science & Research",$35k–$65k,$40k–$65k
12.96,media news social,0.367,Social Media Manager (News Organizations),Media & Journalism,"Design & Creative,Business & Finance",Social Media Manager (News),Marketing & Communications,"Business & Finance,Design & Creative,Science & Research",$40k–$65k,$40k–$65k
12.96,media news social,0.242,Social Media Manager (News Organization),Media & Journalism,"Tech & Engineering,Design & Creative",Social Media Manager (News),Marketing & Communications,"Business & Finance,Design & Creative,Science & Research",$40k–$65k,$40k–$65k
12.96,media news social,0.355,Social Media Strategist (News Organization),Media & Journalism,"Business & Finance,Design & Creative",Social Media Manager (News),Marketing & Communications,"Business & Finance,Design & Creative,Science & Research",$45k–$75k,$40k–$65k
12.96,media news social,0.179,Social Media Strategist (News Org),Media & Journalism,"Tech & Engineering,Business & Finance",Social Media Manager (News),Marketing & Communications,"Business & Finance,Design & Creative,Science & Research",$45k–$75k,$40k–$65k
12.96,media news social,0.235,Social Media Manager (News),Marketing & Communications,"Business & Finance,Design & Creative,Science & Research",Social Media Manager (News Outlet),Media & Journalism,"Design & Creative,Business & Finance",$40k–$65k,$40k–$65k
12.96,media news social,0.171,Social Media Manager (News),Marketing & Communications,"Business & Finance,Design & Creative,Science & Research",Social Media Strategist (News Organizations),Media & Journalism,"Design & Creative,Tech & Engineering",$40k–$65k,$45k–$75k
12.96,media news social,0.344,Social Media Manager (News),Marketing & Communications,"Business & Finance,Design & Creative,Science & Research",Social Media Strategist (News),Media & Journalism,"Business & Finance,Design & Creative",$40k–$65k,$45k–$75k
12.92,advertising copywriter,0.242,Copywriter (Advertising Agency),Media & Journalism,"Design & Creative,Business & Finance",Copywriter (Advertising),Marketing & Communications,"Business & Finance,Design & Creative,Science & Research",$45k–$85k,$45k–$85k
12.88,brand fashion sustainable,0.25,Sustainable Fashion Brand Manager,Fashion & Beauty,"Entrepreneurship,Environment & Sustainability",Sustainable Fashion Brand Founder,Marketing & Communications,"Business & Finance,Design & Creative,Science & Research",$50k–$85k,$45k–$150k
12.88,brand fashion sustainable,0.071,Sustainable Fashion Brand Strategist,Fashion & Beauty,"Entrepreneurship,Environment & Sustainability",Sustainable Fashion Brand Founder,Marketing & Communications,"Business & Finance,Design & Creative,Science & Research",$58k–$95k,$45k–$150k
12.88,brand fashion sustainable,0.108,Sustainable Fashion Brand Consultant,Fashion & Beauty,"Environment & Sustainability,Business & Finance",Sustainable Fashion Brand Founder,Marketing & Communications,"Business & Finance,Design & Creative,Science & Research",$60k–$95k,$45k–$150k
12.88,brand fashion sustainable,0.167,Sustainable Fashion Brand Developer,Fashion & Beauty,"Entrepreneurship,Environment & Sustainability",Sustainable Fashion Brand Founder,Marketing & Communications,"Business & Finance,Design & Creative,Science & Research",$50k–$85k,$45k–$150k
12.88,brand fashion sustainable,0.222,Sustainable Fashion Brand Founder,Marketing & Communications,"Business & Finance,Design & Creative,Science & Research",Sustainable Fashion Brand Owner,Fashion & Beauty,"Entrepreneurship,Design & Creative",$45k–$150k,$45k–$120k
12.84,editor media social,0.216,Social Media Editor (News Organization),Media & Journalism,"Design & Creative,Tech & Engineering",Social Media Editor,Marketing & Communications,"Business & Finance,Design & Creative,Science & Research",$40k–$65k,$40k–$65k
12.81,environment game,0.286,Game Environment Designer,Design & Creative,"Tech & Engineering,Arts & Performance",Game Environment Artist,Gaming & Esports,"Tech & Engineering,Marketing & Communications,Science & Research",$55k–$95k,$55k–$95k
12.77,animal veterinarian,0.059,Large Animal Veterinarian,Hospitality & Events,"Food & Culinary,Marketing & Communications",Lab Animal Veterinarian,Science & Research,"Healthcare & Medicine,Education & Coaching",$78k–$126k,$45k–$75k
12.77,animal veterinarian,0.088,Large Animal Veterinarian,Hospitality & Events,"Food & Culinary,Marketing & Communications",Laboratory Animal Veterinarian,Science & Research,"Healthcare & Medicine,Education & Coaching",$78k–$126k,$60k–$95k
12.76,bank food,0.212,Food Bank Operations Manager,Supply Chain & Operations,"Business & Finance,Tech & Engineering,Food & Culinary",Food Bank Director,Social Impact & Nonprofit,"Education & Coaching,Law & Government",$48k–$72k,$45k–$70k
12.76,food truck,0.108,Food Truck Owner,Marketing & Communications,"Business & Finance,Design & Creative,Media & Journalism",Food Truck Owner (Specialty Cuisine),Entrepreneurship,"Hospitality & Events,Business & Finance",$30k–$100k,$35k–$75k
12.76,food truck,0.2,Food Truck Owner (Specialty Cuisine),Entrepreneurship,"Hospitality & Events,Business & Finance",Food Truck Operator,Marketing & Communications,"Business & Finance,Design & Creative,Media & Journalism",$35k–$75k,$35k–$75k
12.74,aide state,0.12,State Representative Aide,Law & Government,"Media & Journalism,Social Impact & Nonprofit",Diplomatic Aide (U.S. State Department),Hospitality & Events,"Food & Culinary,Marketing & Communications,Science & Research",$32k–$55k,$35k–$65k
12.74,aide state,0.062,Diplomatic Aide (U.S. State Department),Hospitality & Events,"Food & Culinary,Marketing & Communications,Science & Research",State Representative Legislative Aide,Law & Government,"Media & Journalism,Business & Finance",$35k–$65k,$35k–$55k
12.74,clothing vintage,0.059,Vintage Clothing Authenticator,Fashion & Beauty,"Design & Creative,Entrepreneurship",Vintage Clothing Restorer,Supply Chain & Operations,"Business & Finance,Tech & Engineering,Science & Research",$45k–$75k,$28k–$55k
12.74,clothing vintage,0.029,Vintage Clothing Restorer,Supply Chain & Operations,"Business & Finance,Tech & Engineering,Science & Research",Vintage Clothing Authentication Specialist,Fashion & Beauty,"Business & Finance,Design & Creative",$28k–$55k,$45k–$75k
12.74,agriculture regenerative,0.333,Regenerative Agriculture Manager,Environment & Sustainability,"Science & Research,Education & Coaching",Regenerative Agriculture Specialist,Gaming & Esports,"Tech & Engineering,Marketing & Communications,Science & Research",$50k–$85k,$45k–$75k
12.74,agriculture regenerative,0.296,Regenerative Agriculture Manager,Environment & Sustainability,"Science & Research,Education & Coaching",Regenerative Agriculture Farmer,Food & Culinary,"Hospitality & Events,Business & Finance,Science & Research",$50k–$85k,$35k–$75k
12.74,agriculture regenerative,0.458,Regenerative Agriculture Coordinator,Environment & Sustainability,"Science & Research,Education & Coaching",Regenerative Agriculture Specialist,Gaming & Esports,"Tech & Engineering,Marketing & Communications,Science & Research",$45k–$75k,$45k–$75k
12.74,agriculture regenerative,0.259,Regenerative Agriculture Coordinator,Environment & Sustainability,"Science & Research,Education & Coaching",Regenerative Agriculture Farmer,Food & Culinary,"Hospitality & Events,Business & Finance,Science & Research",$45k–$75k,$35k–$75k
12.74,agriculture regenerative,0.111,Regenerative Agriculture Advisor,Environment & Sustainability,"Science & Research,Education & Coaching",Regenerative Agriculture Specialist,Gaming & Esports,"Tech & Engineering,Marketing & Communications,Science & Research",$45k–$75k,$45k–$75k
12.74,agriculture regenerative,0.083,Regenerative Agriculture Advisor,Environment & Sustainability,"Science & Research,Education & Coaching",Regenerative Agriculture Farmer,Food & Culinary,"Hospitality & Events,Business & Finance,Science & Research",$45k–$75k,$35k–$75k
12.74,agriculture regenerative,0.139,Regenerative Agriculture Technician,Environment & Sustainability,"Education & Coaching,Science & Research",Regenerative Agriculture Specialist,Gaming & Esports,"Tech & Engineering,Marketing & Communications,Science & Research",$35k–$55k,$45k–$75k
12.74,agriculture regenerative,0.081,Regenerative Agriculture Technician,Environment & Sustainability,"Education & Coaching,Science & Research",Regenerative Agriculture Farmer,Food & Culinary,"Hospitality & Events,Business & Finance,Science & Research",$35k–$55k,$35k–$75k
12.74,agriculture regenerative,0.133,Regenerative Agriculture Business Owner,Entrepreneurship,"Environment & Sustainability,Business & Finance",Regenerative Agriculture Specialist,Gaming & Esports,"Tech & Engineering,Marketing & Communications,Science & Research",$45k–$120k,$45k–$75k
12.74,agriculture regenerative,0.1,Regenerative Agriculture Business Owner,Entrepreneurship,"Environment & Sustainability,Business & Finance",Regenerative Agriculture Farmer,Food & Culinary,"Hospitality & Events,Business & Finance,Science & Research",$45k–$120k,$35k–$75k
12.74,agriculture regenerative,0.172,Regenerative Agriculture Consultant,Environment & Sustainability,"Science & Research,Law & Government,Tech & Engineering",Regenerative Agriculture Specialist,Gaming & Esports,"Tech & Engineering,Marketing & Communications,Science & Research",$50k–$85k,$45k–$75k
12.74,agriculture regenerative,0.138,Regenerative Agriculture Consultant,Environment & Sustainability,"Science & Research,Law & Government,Tech & Engineering",Regenerative Agriculture Farmer,Food & Culinary,"Hospitality & Events,Business & Finance,Science & Research",$50k–$85k,$35k–$75k
12.74,agriculture regenerative,0.231,Regenerative Agriculture Specialist,Gaming & Esports,"Tech & Engineering,Marketing & Communications,Science & Research",Regenerative Agriculture Entrepreneur,Environment & Sustainability,"Business & Finance,Science & Research",$45k–$75k,$45k–$120k
12.74,agriculture regenerative,0.346,Regenerative Agriculture Specialist,Gaming & Esports,"Tech & Engineering,Marketing & Communications,Science & Research",Regenerative Agriculture Farmer,Food & Culinary,"Hospitality & Events,Business & Finance,Science & Research",$45k–$75k,$35k–$75k
12.74,agriculture regenerative,0.24,Regenerative Agriculture Entrepreneur,Environment & Sustainability,"Business & Finance,Science & Research",Regenerative Agriculture Farmer,Food & Culinary,"Hospitality & Events,Business & Finance,Science & Research",$45k–$120k,$35k–$75k
12.72,painter scenic,0.175,Scenic Painter (Film & TV),Arts & Performance,"Design & Creative,Hospitality & Events",Scenic Painter,Sports & Fitness,"Healthcare & Medicine,Marketing & Communications,Science & Research",$35k–$65k,$32k–$65k
12.72,painter scenic,0.093,Scenic Painter (Theater),Arts & Performance,"Design & Creative,Hospitality & Events",Scenic Painter,Sports & Fitness,"Healthcare & Medicine,Marketing & Communications,Science & Research",$32k–$65k,$32k–$65k
12.72,painter scenic,0.122,Scenic Painter (Theater & Film),Arts & Performance,"Design & Creative,Hospitality & Events",Scenic Painter,Sports & Fitness,"Healthcare & Medicine,Marketing & Communications,Science & Research",$35k–$65k,$32k–$65k
12.69,carbon offset,0.171,Carbon Offset Marketplace Founder,Entrepreneurship,"Environment & Sustainability,Business & Finance",Carbon Offset Project Manager,Supply Chain & Operations,"Business & Finance,Tech & Engineering,Science & Research",$45k–$150k,$58k–$95k
12.69,carbon offset,0.143,Forest Carbon Offset Manager,Environment & Sustainability,"Science & Research,Business & Finance",Carbon Offset Project Manager,Supply Chain & Operations,"Business & Finance,Tech & Engineering,Science & Research",$52k–$85k,$58k–$95k
12.69,carbon offset,0.194,Carbon Offset Developer,Environment & Sustainability,"Business & Finance,Science & Research",Carbon Offset Project Manager,Supply Chain & Operations,"Business & Finance,Tech & Engineering,Science & Research",$58k–$95k,$58k–$95k
12.69,carbon offset,0.114,Carbon Offset Auditor,Environment & Sustainability,"Business & Finance,Law & Government",Carbon Offset Project Manager,Supply Chain & Operations,"Business & Finance,Tech & Engineering,Science & Research",$55k–$90k,$58k–$95k
12.69,carbon offset,0.083,Carbon Offset Project Manager,Supply Chain & Operations,"Business & Finance,Tech & Engineering,Science & Research",Carbon Offset Platform Founder,Environment & Sustainability,"Tech & Engineering,Business & Finance",$58k–$95k,$65k–$150k
12.69,carbon offset,0.219,Carbon Offset Project Manager,Supply Chain & Operations,"Business & Finance,Tech & Engineering,Science & Research",Carbon Offset Program Manager,Environment & Sustainability,"Business & Finance,Law & Government",$58k–$95k,$58k–$95k
12.67,practice private,0.1,Health & Wellness Coach (Private Practice),Entrepreneurship,"Healthcare & Medicine,Sports & Fitness",Tutor (Private Practice),Education & Coaching,"Business & Finance,Science & Research",$45k–$85k,$30k–$75k
12.67,robotics team,0.233,Robotics Team Coach,Sports & Fitness,"Healthcare & Medicine,Marketing & Communications,Architecture & Urban Planning",Robotics Team Mentor,Education & Coaching,"Tech & Engineering,Science & Research",$35k–$65k,$35k–$65k
12.66,life skills,0.152,Life Skills Coach (Vocational),Education & Coaching,"Social Impact & Nonprofit,Healthcare & Medicine",Life Skills Coach,Sports & Fitness,"Healthcare & Medicine,Marketing & Communications",$35k–$55k,$35k–$65k
12.66,life skills,0.121,Life Skills Instructor,Education & Coaching,"Social Impact & Nonprofit,Healthcare & Medicine",Life Skills Coach,Sports & Fitness,"Healthcare & Medicine,Marketing & Communications",$32k–$55k,$35k–$65k
12.66,agent talent,0.143,Talent Agent,Marketing & Communications,"Business & Finance,Design & Creative,Science & Research",Talent Agent (Performing Arts),Arts & Performance,"Business & Finance,Entrepreneurship",$45k–$120k,$45k–$120k
12.62,content media social,0.103,Social Media Content Creator (News),Media & Journalism,"Design & Creative,Tech & Engineering",Social Media Content Manager,Marketing & Communications,"Business & Finance,Design & Creative,Science & Research",$35k–$65k,$48k–$77k
12.62,content media social,0.114,Social Media Content Manager,Marketing & Communications,"Business & Finance,Design & Creative,Science & Research",Social Media Content Strategist (Media),Media & Journalism,"Design & Creative,Business & Finance",$48k–$77k,$45k–$75k
12.62,content media social,0.158,Social Media Content Manager,Marketing & Communications,"Business & Finance,Design & Creative,Science & Research",Social Media Content Strategist,Media & Journalism,"Design & Creative,Business & Finance",$48k–$77k,$45k–$75k
12.62,content media social,0.079,Social Media Content Manager,Marketing & Communications,"Business & Finance,Design & Creative,Science & Research",Social Media Manager (Content Creator),Media & Journalism,"Design & Creative,Business & Finance",$48k–$77k,$35k–$75k
12.62,content media social,0.242,Social Media Content Manager,Marketing & Communications,"Business & Finance,Design & Creative,Science & Research",Social Media Manager (Content),Media & Journalism,"Design & Creative,Business & Finance",$48k–$77k,$35k–$65k
12.62,game narrative,0.739,Game Narrative Designer,Design & Creative,"Media & Journalism,Tech & Engineering",Video Game Narrative Designer,Gaming & Esports,"Tech & Engineering,Marketing & Communications,Media & Journalism",$65k–$110k,$60k–$95k
12.59,colorist hair,0.259,Hair Colorist Specialist,Fashion & Beauty,"Design & Creative,Entrepreneurship",Hair Colorist,Supply Chain & Operations,"Business & Finance,Tech & Engineering,Science & Research",$30k–$65k,$30k–$65k
12.59,colorist hair,0.28,Colorist (Hair),Fashion & Beauty,"Design & Creative,Entrepreneurship",Hair Colorist,Supply Chain & Operations,"Business & Finance,Tech & Engineering,Science & Research",$28k–$55k,$30k–$65k
12.59,colorist hair,0.28,Hair Colorist,Supply Chain & Operations,"Business & Finance,Tech & Engineering,Science & Research",Colorist (Hair Specialist),Fashion & Beauty,"Design & Creative,Entrepreneurship",$30k–$65k,$30k–$65k
12.58,commerce store,0.147,E-commerce Store Owner,Marketing & Communications,"Business & Finance,Design & Creative,Science & Research",Etsy Store Optimizer (E-Commerce Consultant),Entrepreneurship,"Business & Finance,Design & Creative",$45k–$150k,$45k–$85k
12.55,capture motion,0.583,Motion Capture Designer,Gaming & Esports,"Tech & Engineering,Marketing & Communications,Media & Journalism",Motion Capture Specialist,Design & Creative,"Tech & Engineering,Media & Journalism",$50k–$85k,$50k–$85k
12.55,graphics motion,0.25,Motion Graphics Designer,Gaming & Esports,"Tech & Engineering,Marketing & Communications,Media & Journalism",Motion Graphics Animator,Design & Creative,"Media & Journalism,Tech & Engineering",$30k–$45k,$52k–$95k
12.55,graphics motion,0.233,Motion Graphics Designer,Gaming & Esports,"Tech & Engineering,Marketing & Communications,Media & Journalism",Motion Graphics Art Director,Design & Creative,"Media & Journalism,Tech & Engineering",$30k–$45k,$65k–$120k
12.54,community paid,0.028,Community Health Worker (Paid),Social Impact & Nonprofit,"Healthcare & Medicine,Education & Coaching",Online Community Manager (Paid),Gaming & Esports,"Tech & Engineering,Marketing & Communications,Science & Research",$30k–$45k,$32k–$55k
12.54,guide tour,0.057,Tour Guide,Hospitality & Events,"Food & Culinary,Marketing & Communications",Museum Tour Guide,Education & Coaching,"Social Impact & Nonprofit,Tech & Engineering,Arts & Performance",$28k–$50k,$30k–$45k
12.54,guide tour,0.027,Tour Guide Company Owner,Hospitality & Events,"Business & Finance,Entrepreneurship",Museum Tour Guide,Education & Coaching,"Social Impact & Nonprofit,Tech & Engineering,Arts & Performance",$45k–$85k,$30k–$45k
12.54,guide tour,0.049,Museum Tour Guide,Education & Coaching,"Social Impact & Nonprofit,Tech & Engineering,Arts & Performance",Culinary Tour Guide,Food & Culinary,"Hospitality & Events,Business & Finance,Marketing & Communications",$30k–$45k,$30k–$55k
12.53,brand media social,0.189,Social Media Entrepreneur (Personal Brand),Entrepreneurship,"Media & Journalism,Design & Creative",Niche Social Media Brand Owner,Gaming & Esports,"Tech & Engineering,Marketing & Communications,Science & Research",$30k–$200k+,$20k–$150k
12.53,brand media social,0.026,Niche Social Media Brand Owner,Gaming & Esports,"Tech & Engineering,Marketing & Communications,Science & Research",Social Media Manager (Brand),Media & Journalism,"Design & Creative,Business & Finance",$20k–$150k,$45k–$75k
12.52,data research scientist,0.286,Research Data Scientist,Environment & Sustainability,"Science & Research,Law & Government,Tech & Engineering",Data Scientist (Research),Fashion & Beauty,"Design & Creative,Marketing & Communications,Science & Research",$70k–$120k,$65k–$120k
12.51,needs special,0.051,Special Needs Teacher,Environment & Sustainability,"Science & Research,Law & Government,Education & Coaching",Puppeteering Therapist (Special Needs),Arts & Performance,"Healthcare & Medicine,Education & Coaching",$42k–$70k,$35k–$60k
12.51,goods handmade,0.172,Handmade Goods Business Owner (Etsy),Entrepreneurship,"Design & Creative,Business & Finance",Handmade Goods Seller,Marketing & Communications,"Business & Finance,Design & Creative,Media & Journalism",$25k–$80k,$25k–$80k
12.51,goods handmade,0.129,Niche Marketplace Founder (Handmade Goods),Entrepreneurship,"Design & Creative,Business & Finance",Handmade Goods Seller,Marketing & Communications,"Business & Finance,Design & Creative,Media & Journalism",$20k–$150k,$25k–$80k
12.51,goods handmade,0.32,Handmade Goods E-commerce Entrepreneur,Entrepreneurship,"Design & Creative,Business & Finance",Handmade Goods Seller,Marketing & Communications,"Business & Finance,Design & Creative,Media & Journalism",$40k–$120k,$25k–$80k
12.5,banker investment,0.423,Investment Banker (Healthcare),Business & Finance,"Healthcare & Medicine,Law & Government",Investment Banker,Science & Research,"Healthcare & Medicine,Tech & Engineering",$100k–$200k,$30k–$45k
12.5,banker investment,0.258,Investment Banker,Science & Research,"Healthcare & Medicine,Tech & Engineering",Investment Banker (Tech),Business & Finance,"Tech & Engineering,Entrepreneurship",$30k–$45k,$100k–$200k
12.5,banker investment,0.407,Investment Banker,Science & Research,"Healthcare & Medicine,Tech & Engineering",Investment Banker (Mergers & Acquisitions),Business & Finance,"Law & Government,Entrepreneurship",$30k–$45k,$80k–$150k
12.5,banker investment,0.179,Investment Banker,Science & Research,"Healthcare & Medicine,Tech & Engineering",Investment Banker (Tech Sector),Business & Finance,"Tech & Engineering,Entrepreneurship",$30k–$45k,$100k–$200k
12.5,banker investment,0.31,Investment Banker,Science & Research,"Healthcare & Medicine,Tech & Engineering",Investment Banker (Corporate Finance),Business & Finance,"Law & Government,Entrepreneurship",$30k–$45k,$100k–$200k
12.48,creator media social,0.135,Social Media Content Creator,Marketing & Communications,"Business & Finance,Design & Creative,Media & Journalism",Niche Social Media Creator (Micro-Influencer),Entrepreneurship,"Media & Journalism,Design & Creative",$35k–$85k,$20k–$150k
12.48,creator media social,0.161,Social Media Content Creator,Marketing & Communications,"Business & Finance,Design & Creative,Media & Journalism",Social Media Manager (Creator Economy),Entrepreneurship,"Media & Journalism,Design & Creative",$35k–$85k,$45k–$150k
12.48,ecological restoration,0.176,Ecological Restoration Technician,Environment & Sustainability,"Science & Research,Law & Government",Ecological Restoration Manager,Supply Chain & Operations,"Business & Finance,Tech & Engineering,Architecture & Urban Planning",$32k–$52k,$45k–$75k
12.48,ecological restoration,0.229,Ecological Restoration Specialist,Environment & Sustainability,"Science & Research,Law & Government,Architecture & Urban Planning",Ecological Restoration Manager,Supply Chain & Operations,"Business & Finance,Tech & Engineering,Architecture & Urban Planning",$45k–$75k,$45k–$75k
12.48,disabilities learning,0.059,Learning Disabilities Specialist,Education & Coaching,"Healthcare & Medicine,Social Impact & Nonprofit",Tutor for Learning Disabilities,Sports & Fitness,"Healthcare & Medicine,Marketing & Communications,Architecture & Urban Planning",$45k–$70k,$30k–$55k
12.47,interface user,0.231,User Interface (UI) Designer,Science & Research,"Healthcare & Medicine,Tech & Engineering,Architecture & Urban Planning",User Interface Motion Designer,Design & Creative,"Tech & Engineering,Media & Journalism",$55k–$95k,$60k–$95k
12.47,interface user,0.129,User Interface (UI) Designer,Science & Research,"Healthcare & Medicine,Tech & Engineering,Architecture & Urban Planning",Game User Interface Designer,Design & Creative,"Tech & Engineering,Media & Journalism",$55k–$95k,$60k–$95k
12.47,interface user,0.269,User Interface Motion Designer,Design & Creative,"Tech & Engineering,Media & Journalism",User Interface Designer,Science & Research,"Healthcare & Medicine,Tech & Engineering,Architecture & Urban Planning",$60k–$95k,$60k–$105k
12.47,interface user,0.108,User Interface Motion Designer,Design & Creative,"Tech & Engineering,Media & Journalism",Voice User Interface Designer,Science & Research,"Healthcare & Medicine,Tech & Engineering,Architecture & Urban Planning",$60k–$95k,$65k–$120k
12.47,interface user,0.161,User Interface Designer,Science & Research,"Healthcare & Medicine,Tech & Engineering,Architecture & Urban Planning",Game User Interface Designer,Design & Creative,"Tech & Engineering,Media & Journalism",$60k–$105k,$60k–$95k
12.47,interface user,0.1,Voice User Interface Designer,Science & Research,"Healthcare & Medicine,Tech & Engineering,Architecture & Urban Planning",Game User Interface Designer,Design & Creative,"Tech & Engineering,Media & Journalism",$65k–$120k,$60k–$95k
12.46,impact investing,0.143,Impact Investing Founder,Entrepreneurship,"Business & Finance,Social Impact & Nonprofit",Impact Investing Advisor,Environment & Sustainability,"Business & Finance,Social Impact & Nonprofit",$70k–$150k,$65k–$120k
12.46,impact investing,0.065,Impact Investing Fund Manager,Entrepreneurship,"Business & Finance,Social Impact & Nonprofit",Impact Investing Advisor,Environment & Sustainability,"Business & Finance,Social Impact & Nonprofit",$70k–$150k,$65k–$120k
12.45,intellectual property,0.091,Intellectual Property Startup Advisor,Entrepreneurship,"Law & Government,Business & Finance",Intellectual Property Litigation Attorney,Social Impact & Nonprofit,"Education & Coaching,Law & Government,Business & Finance",$65k–$120k,$90k–$175k
12.45,intellectual property,0.091,Intellectual Property Litigation Attorney,Social Impact & Nonprofit,"Education & Coaching,Law & Government,Business & Finance",Licensing Agent (Intellectual Property),Entrepreneurship,"Law & Government,Business & Finance",$90k–$175k,$58k–$95k
12.44,exhibition graphic,0.429,Environmental Graphic Designer (Exhibition),Design & Creative,"Hospitality & Events,Education & Coaching",Exhibition Graphic Designer,Science & Research,"Healthcare & Medicine,Tech & Engineering,Architecture & Urban Planning",$50k–$85k,$48k–$77k
12.44,court judge,0.086,Juvenile Court Judge,Social Impact & Nonprofit,"Education & Coaching,Law & Government,Business & Finance",Municipal Court Judge,Gaming & Esports,"Tech & Engineering,Marketing & Communications,Science & Research",$65k–$130k,$120k–$175k
12.44,court judge,0.091,Family Court Judge,Law & Government,"Business & Finance,Social Impact & Nonprofit",Municipal Court Judge,Gaming & Esports,"Tech & Engineering,Marketing & Communications,Science & Research",$120k–$175k,$120k–$175k
12.44,court judge,0.118,Municipal Court Judge,Gaming & Esports,"Tech & Engineering,Marketing & Communications,Science & Research",Youth Court Judge,Law & Government,"Social Impact & Nonprofit,Education & Coaching",$120k–$175k,$55k–$95k
12.44,court judge,0.143,Municipal Court Judge,Gaming & Esports,"Tech & Engineering,Marketing & Communications,Science & Research",Immigration Court Judge,Law & Government,"Social Impact & Nonprofit,Business & Finance",$120k–$175k,$65k–$120k
12.42,adjuster insurance,0.276,Commercial Insurance Adjuster,Healthcare & Medicine,"Science & Research,Tech & Engineering",Insurance Claims Adjuster,Business & Finance,"Entrepreneurship,Tech & Engineering,Science & Research",$55k–$85k,$55k–$90k
12.42,adjuster insurance,0.182,Commercial Insurance Adjuster,Healthcare & Medicine,"Science & Research,Tech & Engineering",Crop Insurance Adjuster,Business & Finance,"Law & Government,Environment & Sustainability",$55k–$85k,$50k–$75k
12.42,adjuster insurance,0.214,Insurance Claims Adjuster,Business & Finance,"Entrepreneurship,Tech & Engineering,Science & Research",Insurance Adjuster,Healthcare & Medicine,"Science & Research,Tech & Engineering",$55k–$90k,$55k–$85k
12.42,adjuster insurance,0.2,Insurance Adjuster,Healthcare & Medicine,"Science & Research,Tech & Engineering",Crop Insurance Adjuster,Business & Finance,"Law & Government,Environment & Sustainability",$55k–$85k,$50k–$75k
12.37,english language,0.114,English Language Learner (ELL) Specialist,Education & Coaching,"Social Impact & Nonprofit,Hospitality & Events",ESL (English as Second Language) Teacher,Environment & Sustainability,"Science & Research,Law & Government,Architecture & Urban Planning",$42k–$65k,$35k–$65k
12.36,entrepreneur media social,0.48,Social Media Entrepreneur (Personal Brand),Entrepreneurship,"Media & Journalism,Design & Creative",Social Media Influencer Entrepreneur,Marketing & Communications,"Business & Finance,Design & Creative,Media & Journalism",$30k–$200k+,$0–$500k+
12.36,entrepreneur media social,0.233,Social Media Entrepreneur (Personal Brand),Entrepreneurship,"Media & Journalism,Design & Creative",Social Media Entrepreneur,Marketing & Communications,"Business & Finance,Design & Creative,Science & Research",$30k–$200k+,$20k–$150k
12.36,entrepreneur media social,0.152,Social Media Entrepreneur (Personal Brand),Entrepreneurship,"Media & Journalism,Design & Creative",Social Media Commerce Entrepreneur,Supply Chain & Operations,"Business & Finance,Tech & Engineering,Science & Research",$30k–$200k+,$40k–$120k
12.36,entrepreneur media social,0.167,Social Media Influencer Entrepreneur,Marketing & Communications,"Business & Finance,Design & Creative,Media & Journalism",Social Media Commerce Entrepreneur,Supply Chain & Operations,"Business & Finance,Tech & Engineering,Science & Research",$0–$500k+,$40k–$120k
12.36,entrepreneur media social,0.214,Social Media Influencer Entrepreneur,Marketing & Communications,"Business & Finance,Design & Creative,Media & Journalism",Social Media Management Entrepreneur,Entrepreneurship,"Media & Journalism,Design & Creative",$0–$500k+,$35k–$85k
12.36,entrepreneur media social,0.25,Social Media Entrepreneur,Marketing & Communications,"Business & Finance,Design & Creative,Science & Research",Social Media Commerce Entrepreneur,Supply Chain & Operations,"Business & Finance,Tech & Engineering,Science & Research",$20k–$150k,$40k–$120k
12.36,entrepreneur media social,0.308,Social Media Entrepreneur,Marketing & Communications,"Business & Finance,Design & Creative,Science & Research",Social Media Management Entrepreneur,Entrepreneurship,"Media & Journalism,Design & Creative",$20k–$150k,$35k–$85k
12.36,entrepreneur media social,0.267,Social Media Entrepreneur,Marketing & Communications,"Business & Finance,Design & Creative,Science & Research",Social Media Entrepreneur (Influencer),Entrepreneurship,"Design & Creative,Media & Journalism",$20k–$150k,$30k–$200k+
12.36,entrepreneur media social,0.296,Social Media Commerce Entrepreneur,Supply Chain & Operations,"Business & Finance,Tech & Engineering,Science & Research",Social Media Management Entrepreneur,Entrepreneurship,"Media & Journalism,Design & Creative",$40k–$120k,$35k–$85k
12.36,entrepreneur media social,0.182,Social Media Commerce Entrepreneur,Supply Chain & Operations,"Business & Finance,Tech & Engineering,Science & Research",Social Media Entrepreneur (Influencer),Entrepreneurship,"Design & Creative,Media & Journalism",$40k–$120k,$30k–$200k+
12.36,occupational physician,0.033,Occupational Health Physician,Hospitality & Events,"Food & Culinary,Marketing & Communications",Occupational Sports Medicine Physician,Gaming & Esports,"Tech & Engineering,Marketing & Communications,Media & Journalism",$100k–$200k,$100k–$200k
12.34,maker puppet,0.346,Puppet Maker (Artistic),Arts & Performance,"Design & Creative,Entrepreneurship",Puppet Maker,Science & Research,"Healthcare & Medicine,Tech & Engineering,Architecture & Urban Planning",$35k–$65k,$30k–$65k
12.33,media social startup,0.103,Social Media Startup Founder,Entrepreneurship,"Business & Finance,Tech & Engineering,Science & Research",Social Media Manager (Startup),Gaming & Esports,"Tech & Engineering,Marketing & Communications,Science & Research",$0–$500k+,$35k–$65k
12.33,media social startup,0.132,Social Media Startup Founder,Entrepreneurship,"Business & Finance,Tech & Engineering,Science & Research",Social Media Manager Startup,Gaming & Esports,"Tech & Engineering,Marketing & Communications,Science & Research",$0–$500k+,$35k–$65k
12.32,foley sound,0.147,Foley Sound Designer (Film & TV),Arts & Performance,"Media & Journalism,Design & Creative",Foley Sound Designer,Gaming & Esports,"Tech & Engineering,Marketing & Communications,Media & Journalism",$45k–$85k,$45k–$75k
12.32,foley sound,0.379,Foley Sound Designer,Gaming & Esports,"Tech & Engineering,Marketing & Communications,Media & Journalism",Foley Sound Artist,Arts & Performance,"Media & Journalism,Design & Creative",$45k–$75k,$35k–$75k
12.32,foley sound,0.333,Foley Sound Designer,Gaming & Esports,"Tech & Engineering,Marketing & Communications,Media & Journalism",Foley Sound Designer (Video Games),Arts & Performance,"Tech & Engineering,Design & Creative",$45k–$75k,$45k–$85k
12.32,foley sound,0.353,Foley Sound Designer,Gaming & Esports,"Tech & Engineering,Marketing & Communications,Media & Journalism",Foley Sound Editor,Arts & Performance,"Media & Journalism,Tech & Engineering",$45k–$75k,$45k–$85k
12.32,foley sound,0.321,Foley Sound Designer,Gaming & Esports,"Tech & Engineering,Marketing & Communications,Media & Journalism",Foley Sound Engineer,Arts & Performance,"Media & Journalism,Tech & Engineering",$45k–$75k,$40k–$75k
12.3,affiliate marketing,0.231,Affiliate Marketing Agency Owner,Entrepreneurship,"Tech & Engineering,Business & Finance",Affiliate Marketing Manager,Marketing & Communications,"Business & Finance,Design & Creative,Science & Research",$45k–$150k,$45k–$85k
12.3,affiliate marketing,0.185,Affiliate Marketing Agency Owner,Entrepreneurship,"Tech & Engineering,Business & Finance",Affiliate Marketing Entrepreneur,Marketing & Communications,"Business & Finance,Design & Creative",$45k–$150k,$20k–$150k
12.3,affiliate marketing,0.133,Affiliate Marketing Manager (Influencer Brand),Entrepreneurship,"Media & Journalism,Design & Creative",Affiliate Marketing Manager,Marketing & Communications,"Business & Finance,Design & Creative,Science & Research",$45k–$85k,$45k–$85k
12.3,affiliate marketing,0.0,Affiliate Marketing Manager (Influencer Brand),Entrepreneurship,"Media & Journalism,Design & Creative",Affiliate Marketing Entrepreneur,Marketing & Communications,"Business & Finance,Design & Creative",$45k–$85k,$20k–$150k
12.3,experiential marketing,0.206,Experiential Marketing Manager,Hospitality & Events,"Design & Creative,Business & Finance",Experiential Marketing Designer,Marketing & Communications,"Business & Finance,Design & Creative,Science & Research",$45k–$75k,$50k–$85k
12.3,experiential marketing,0.222,Experiential Marketing Designer,Marketing & Communications,"Business & Finance,Design & Creative,Science & Research",Experiential Marketing Event Manager,Hospitality & Events,"Design & Creative,Business & Finance",$50k–$85k,$45k–$75k
12.3,affiliate marketing,0.129,Affiliate Marketing Manager,Marketing & Communications,"Business & Finance,Design & Creative,Science & Research",Affiliate Marketing Program Manager,Entrepreneurship,"Business & Finance,Tech & Engineering",$45k–$85k,$50k–$95k
12.3,affiliate marketing,0.097,Affiliate Marketing Manager,Marketing & Communications,"Business & Finance,Design & Creative,Science & Research",Affiliate Marketing Business Owner,Entrepreneurship,"Business & Finance,Media & Journalism",$45k–$85k,$20k–$150k
12.3,affiliate marketing,0.129,Affiliate Marketing Entrepreneur,Marketing & Communications,"Business & Finance,Design & Creative",Affiliate Marketing Program Manager,Entrepreneurship,"Business & Finance,Tech & Engineering",$20k–$150k,$50k–$95k
12.3,affiliate marketing,0.36,Affiliate Marketing Entrepreneur,Marketing & Communications,"Business & Finance,Design & Creative",Affiliate Marketing Business Owner,Entrepreneurship,"Business & Finance,Media & Journalism",$20k–$150k,$20k–$150k
12.28,artist storyboard,0.229,Storyboard Artist,Science & Research,"Healthcare & Medicine,Tech & Engineering,Arts & Performance",Animation Storyboard Artist,Design & Creative,"Media & Journalism,Arts & Performance",$50k–$100k,$50k–$85k
12.27,retreat wellness,0.233,Wellness Retreat Operator,Entrepreneurship,"Hospitality & Events,Healthcare & Medicine",Wellness Retreat Coordinator,Sports & Fitness,"Hospitality & Events,Education & Coaching",$45k–$120k,$40k–$75k
12.27,retreat wellness,0.121,Wellness Retreat Owner,Entrepreneurship,Hospitality & Events,Wellness Retreat Coordinator,Sports & Fitness,"Hospitality & Events,Education & Coaching",$45k–$150k,$40k–$75k
12.27,retreat wellness,0.161,Wellness Retreat Coordinator,Sports & Fitness,"Hospitality & Events,Education & Coaching",Wellness Retreat Organizer,Entrepreneurship,"Hospitality & Events,Healthcare & Medicine",$40k–$75k,$45k–$85k
12.27,montessori school,0.091,Montessori School Administrator,Education & Coaching,"Social Impact & Nonprofit,Business & Finance",Montessori School Director,Gaming & Esports,"Tech & Engineering,Marketing & Communications,Architecture & Urban Planning",$48k–$72k,$45k–$75k
12.23,hairstylist specialty,0.172,Hairstylist (Specialty Cuts),Environment & Sustainability,"Science & Research,Law & Government,Tech & Engineering",Hairstylist (Specialty Wigs),Fashion & Beauty,"Design & Creative,Entrepreneurship",$30k–$65k,$28k–$55k
12.23,hairstylist specialty,0.308,Hairstylist (Specialty Cuts),Environment & Sustainability,"Science & Research,Law & Government,Tech & Engineering",Hairstylist (Specialty Color Technician),Fashion & Beauty,"Design & Creative,Entrepreneurship",$30k–$65k,$30k–$65k
12.18,effects visual,0.105,Live Event Visual Effects Designer,Arts & Performance,"Design & Creative,Hospitality & Events",Visual Effects Artist,Media & Journalism,"Design & Creative,Tech & Engineering",$45k–$85k,$55k–$95k
12.18,effects visual,0.024,Live Event Visual Effects Designer,Arts & Performance,"Design & Creative,Hospitality & Events",Visual Effects Supervisor,Science & Research,"Healthcare & Medicine,Tech & Engineering",$45k–$85k,$65k–$120k
12.18,effects visual,0.171,Visual Effects Designer,Design & Creative,"Tech & Engineering,Media & Journalism",Visual Effects Supervisor,Science & Research,"Healthcare & Medicine,Tech & Engineering",$60k–$120k,$65k–$120k
12.18,effects visual,0.212,Visual Effects Artist,Media & Journalism,"Design & Creative,Tech & Engineering",Visual Effects Supervisor,Science & Research,"Healthcare & Medicine,Tech & Engineering",$55k–$95k,$65k–$120k
12.18,effects visual,0.171,Visual Effects Artist,Media & Journalism,"Design & Creative,Tech & Engineering",Visual Effects Supervisor (Film),Arts & Performance,"Tech & Engineering,Design & Creative",$55k–$95k,$70k–$150k
12.18,effects visual,0.242,Visual Effects Supervisor,Science & Research,"Healthcare & Medicine,Tech & Engineering",Visual Effects Supervisor (Film),Arts & Performance,"Tech & Engineering,Design & Creative",$65k–$120k,$70k–$150k
12.18,effects visual,0.086,Visual Effects Supervisor,Science & Research,"Healthcare & Medicine,Tech & Engineering",Visual Effects (VFX) Supervisor,Design & Creative,"Tech & Engineering,Media & Journalism",$65k–$120k,$65k–$120k
12.17,counselor vocational,0.188,Vocational Counselor,Sports & Fitness,"Healthcare & Medicine,Marketing & Communications,Architecture & Urban Planning",Vocational Rehabilitation Counselor,Education & Coaching,"Healthcare & Medicine,Social Impact & Nonprofit",$37k–$63k,$35k–$55k
12.15,hairpiece wig,0.32,Wig & Hairpiece Specialist,Fashion & Beauty,"Design & Creative,Hospitality & Events",Wig and Hairpiece Specialist,Supply Chain & Operations,"Business & Finance,Tech & Engineering,Science & Research",$28k–$55k,$32k–$55k
12.15,hairpiece wig,0.222,Wig & Hairpiece Specialist,Fashion & Beauty,"Design & Creative,Hospitality & Events",Wig & Hairpiece Designer,Science & Research,"Healthcare & Medicine,Tech & Engineering,Architecture & Urban Planning",$28k–$55k,$35k–$65k
12.15,hairpiece wig,0.231,Wig and Hairpiece Specialist,Supply Chain & Operations,"Business & Finance,Tech & Engineering,Science & Research",Wig and Hairpiece Stylist,Fashion & Beauty,"Design & Creative,Entrepreneurship",$32k–$55k,$28k–$50k
12.15,hairpiece wig,0.231,Wig and Hairpiece Specialist,Supply Chain & Operations,"Business & Finance,Tech & Engineering,Science & Research",Wig and Hairpiece Designer,Fashion & Beauty,"Design & Creative,Arts & Performance",$32k–$55k,$35k–$65k
12.15,hairpiece wig,0.185,Wig and Hairpiece Stylist,Fashion & Beauty,"Design & Creative,Entrepreneurship",Wig & Hairpiece Designer,Science & Research,"Healthcare & Medicine,Tech & Engineering,Architecture & Urban Planning",$28k–$50k,$35k–$65k
12.15,hairpiece wig,0.778,Wig & Hairpiece Designer,Science & Research,"Healthcare & Medicine,Tech & Engineering,Architecture & Urban Planning",Wig and Hairpiece Designer,Fashion & Beauty,"Design & Creative,Arts & Performance",$35k–$65k,$35k–$65k
12.1,emergency physician,0.281,Emergency Medicine Physician,Healthcare & Medicine,"Science & Research,Tech & Engineering,Arts & Performance",Emergency Room Physician,Cybersecurity,"Tech & Engineering,Law & Government,Science & Research",$100k–$200k,$100k–$200k
12.1,emergency physician,0.207,Emergency Room Physician,Cybersecurity,"Tech & Engineering,Law & Government,Science & Research",Physician Assistant (Emergency Medicine),Healthcare & Medicine,"Science & Research,Education & Coaching",$100k–$200k,$120k–$175k
12.1,career life,0.097,Life Coach (Career Transition),Education & Coaching,"Business & Finance,Social Impact & Nonprofit",Life Coach (Career Development),Sports & Fitness,"Healthcare & Medicine,Marketing & Communications",$45k–$85k,$40k–$65k
12.1,representative sales,0.034,Solar Energy Sales Representative,Environment & Sustainability,"Business & Finance,Tech & Engineering",Cosmetic Sales Representative,Fashion & Beauty,"Business & Finance,Entrepreneurship",$45k–$85k,$35k–$65k
12.1,representative sales,0.029,Solar Energy Sales Representative,Environment & Sustainability,"Business & Finance,Tech & Engineering",Medical Device Sales Representative,Entrepreneurship,"Business & Finance,Tech & Engineering,Architecture & Urban Planning",$45k–$85k,$45k–$120k
12.1,representative sales,0.034,Solar Energy Sales Representative,Environment & Sustainability,"Business & Finance,Tech & Engineering",Pharmaceutical Sales Representative,Science & Research,"Healthcare & Medicine,Business & Finance",$45k–$85k,$45k–$120k
12.1,representative sales,0.111,Cosmetic Sales Representative,Fashion & Beauty,"Business & Finance,Entrepreneurship",Pharmaceutical Sales Representative,Science & Research,"Healthcare & Medicine,Business & Finance",$35k–$65k,$45k–$120k
12.1,representative sales,0.0,Cosmetic Sales Representative,Fashion & Beauty,"Business & Finance,Entrepreneurship",Renewable Energy Sales Representative,Environment & Sustainability,"Business & Finance,Tech & Engineering",$35k–$65k,$45k–$85k
12.1,representative sales,0.2,Medical Device Sales Representative,Entrepreneurship,"Business & Finance,Tech & Engineering,Architecture & Urban Planning",Pharmaceutical Sales Representative,Science & Research,"Healthcare & Medicine,Business & Finance",$45k–$120k,$45k–$120k
12.1,representative sales,0.054,Medical Device Sales Representative,Entrepreneurship,"Business & Finance,Tech & Engineering,Architecture & Urban Planning",Renewable Energy Sales Representative,Environment & Sustainability,"Business & Finance,Tech & Engineering",$45k–$120k,$45k–$85k
12.1,representative sales,0.0,Pharmaceutical Sales Representative,Science & Research,"Healthcare & Medicine,Business & Finance",Renewable Energy Sales Representative,Environment & Sustainability,"Business & Finance,Tech & Engineering",$45k–$120k,$45k–$85k
12.09,innovator tech,0.051,Food Tech Innovator,Entrepreneurship,"Science & Research,Environment & Sustainability",Fashion Tech Innovator,Fashion & Beauty,"Tech & Engineering,Design & Creative",$45k–$150k,$65k–$120k
12.08,environmental remediation,0.143,Environmental Remediation Specialist,Supply Chain & Operations,"Business & Finance,Tech & Engineering,Science & Research",Environmental Remediation Entrepreneur,Environment & Sustainability,"Science & Research,Business & Finance",$50k–$85k,$60k–$120k
12.06,class fitness,0.32,Fitness Class Designer (Group Fitness),Sports & Fitness,"Education & Coaching,Hospitality & Events",Fitness Class Instructor,Gaming & Esports,"Tech & Engineering,Marketing & Communications,Architecture & Urban Planning",$35k–$65k,$35k–$65k
12.04,academic test,0.031,Academic Coach (Test Preparation),Education & Coaching,"Business & Finance,Social Impact & Nonprofit",Academic Test Proctor,Environment & Sustainability,"Science & Research,Law & Government,Tech & Engineering",$35k–$65k,$30k–$45k
12.01,court municipal,0.118,Municipal Court Judge,Gaming & Esports,"Tech & Engineering,Marketing & Communications,Science & Research",Municipal Court Administrator,Law & Government,"Business & Finance,Social Impact & Nonprofit",$120k–$175k,$42k–$65k
12.01,circular economy,0.133,Circular Economy Designer,Environment & Sustainability,"Design & Creative,Science & Research",Circular Economy Entrepreneur,Supply Chain & Operations,"Business & Finance,Tech & Engineering,Science & Research",$52k–$85k,$45k–$120k
12.01,circular economy,0.1,Circular Economy Manager,Environment & Sustainability,"Business & Finance,Science & Research",Circular Economy Entrepreneur,Supply Chain & Operations,"Business & Finance,Tech & Engineering,Science & Research",$58k–$95k,$45k–$120k
12.01,circular economy,0.292,Circular Economy Startup Founder,Entrepreneurship,"Environment & Sustainability,Design & Creative",Circular Economy Entrepreneur,Supply Chain & Operations,"Business & Finance,Tech & Engineering,Science & Research",$45k–$120k,$45k–$120k
12.01,circular economy,0.194,Circular Economy Strategist,Environment & Sustainability,"Business & Finance,Science & Research",Circular Economy Entrepreneur,Supply Chain & Operations,"Business & Finance,Tech & Engineering,Science & Research",$60k–$95k,$45k–$120k
12.01,circular economy,0.269,Circular Economy Business Founder,Entrepreneurship,"Environment & Sustainability,Design & Creative",Circular Economy Entrepreneur,Supply Chain & Operations,"Business & Finance,Tech & Engineering,Science & Research",$45k–$120k,$45k–$120k
12.01,circular economy,0.075,Circular Economy Entrepreneur,Supply Chain & Operations,"Business & Finance,Tech & Engineering,Science & Research",Circular Economy Consultant,Environment & Sustainability,"Science & Research,Law & Government,Tech & Engineering",$45k–$120k,$60k–$95k
12.01,circular economy,0.111,Circular Economy Entrepreneur,Supply Chain & Operations,"Business & Finance,Tech & Engineering,Science & Research",Circular Economy Specialist,Environment & Sustainability,"Science & Research,Law & Government,Tech & Engineering",$45k–$120k,$60k–$95k
12.01,circular economy,0.111,Circular Economy Entrepreneur,Supply Chain & Operations,"Business & Finance,Tech & Engineering,Science & Research",Circular Economy Project Manager,Environment & Sustainability,"Science & Research,Law & Government,Tech & Engineering",$45k–$120k,$60k–$95k
11.99,counselor testing,0.062,HIV Testing Counselor,Social Impact & Nonprofit,"Healthcare & Medicine,Education & Coaching",Genetic Testing Counselor,Supply Chain & Operations,"Business & Finance,Tech & Engineering,Science & Research",$32k–$52k,$55k–$85k
11.99,biologist wildlife,0.31,Wildlife Biologist,Cybersecurity,"Tech & Engineering,Law & Government,Science & Research",Wildlife Population Biologist,Environment & Sustainability,"Science & Research,Education & Coaching",$52k–$85k,$45k–$75k
11.98,content tiktok,0.091,TikTok Content Strategist,Media & Journalism,"Design & Creative,Entrepreneurship",Content Creator (YouTube/TikTok),Gaming & Esports,"Tech & Engineering,Marketing & Communications,Science & Research",$45k–$85k,$30k–$200k+
11.97,attorney trademark,0.161,Trademark and Copyright Attorney,Law & Government,"Business & Finance,Design & Creative",Trademark Attorney,Marketing & Communications,"Business & Finance,Design & Creative,Science & Research",$80k–$160k,$65k–$120k
11.94,banking investment,0.194,Investment Banking Associate,Business & Finance,"Entrepreneurship,Law & Government",Investment Banking Analyst,Fashion & Beauty,"Design & Creative,Marketing & Communications,Science & Research",$100k–$200k,$70k–$150k
11.94,banking investment,0.226,Financial Analyst (Investment Banking),Business & Finance,"Entrepreneurship,Law & Government",Investment Banking Analyst,Fashion & Beauty,"Design & Creative,Marketing & Communications,Science & Research",$70k–$150k,$70k–$150k
11.91,justice organizer,0.125,Food Justice Organizer,Social Impact & Nonprofit,"Law & Government,Education & Coaching",Social Justice Organizer,Gaming & Esports,"Tech & Engineering,Marketing & Communications,Science & Research",$35k–$65k,$35k–$65k
11.88,architect cloud,0.111,Cloud Solutions Architect,Architecture & Urban Planning,"Design & Creative,Environment & Sustainability",Cloud Security Architect,Tech & Engineering,"Business & Finance,Law & Government",$30k–$45k,$120k–$175k
11.88,architect cloud,0.219,Cloud Solutions Architect,Architecture & Urban Planning,"Design & Creative,Environment & Sustainability",Cloud Architect (AWS/Azure),Tech & Engineering,"Business & Finance,Science & Research",$30k–$45k,$120k–$175k
11.88,architect cloud,0.152,Cloud Solutions Architect,Architecture & Urban Planning,"Design & Creative,Environment & Sustainability",Cloud Infrastructure Architect,Tech & Engineering,"Business & Finance,Science & Research",$30k–$45k,$120k–$175k
11.88,architect cloud,0.094,Cloud Security Architect,Tech & Engineering,"Business & Finance,Law & Government",Cloud Architect,Architecture & Urban Planning,"Design & Creative,Environment & Sustainability,Science & Research",$120k–$175k,$120k–$175k
11.88,architect cloud,0.172,Cloud Architect,Architecture & Urban Planning,"Design & Creative,Environment & Sustainability,Science & Research",Cloud Architect (AWS/Azure),Tech & Engineering,"Business & Finance,Science & Research",$120k–$175k,$120k–$175k
11.88,architect cloud,0.179,Cloud Architect,Architecture & Urban Planning,"Design & Creative,Environment & Sustainability,Science & Research",Cloud Infrastructure Architect,Tech & Engineering,"Business & Finance,Science & Research",$120k–$175k,$120k–$175k
11.88,artist tattoo,0.047,Tattoo Artist,Science & Research,"Healthcare & Medicine,Tech & Engineering,Architecture & Urban Planning",Cosmetic Tattoo Artist,Fashion & Beauty,"Design & Creative,Marketing & Communications,Arts & Performance",$30k–$80k,$35k–$75k
11.88,artist tattoo,0.067,Tattoo Artist,Science & Research,"Healthcare & Medicine,Tech & Engineering,Architecture & Urban Planning",Eyebrow Tattoo Artist,Fashion & Beauty,"Design & Creative,Marketing & Communications,Architecture & Urban Planning",$30k–$80k,$35k–$75k
11.88,homelessness services,0.156,Homelessness Services Manager,Social Impact & Nonprofit,"Healthcare & Medicine,Law & Government",Homelessness Services Coordinator,Gaming & Esports,"Tech & Engineering,Marketing & Communications,Science & Research",$45k–$75k,$37k–$63k
11.88,homeless services,0.194,Homeless Services Manager,Social Impact & Nonprofit,"Healthcare & Medicine,Law & Government",Homeless Services Coordinator,Gaming & Esports,"Tech & Engineering,Marketing & Communications,Science & Research",$45k–$65k,$35k–$55k
11.88,homeless services,0.667,Homeless Services Manager,Social Impact & Nonprofit,"Healthcare & Medicine,Law & Government",Homeless Services Director,Gaming & Esports,"Tech & Engineering,Marketing & Communications,Science & Research",$45k–$65k,$45k–$75k
11.88,homeless services,0.333,Homeless Services Administrator,Social Impact & Nonprofit,"Law & Government,Education & Coaching",Homeless Services Coordinator,Gaming & Esports,"Tech & Engineering,Marketing & Communications,Science & Research",$45k–$70k,$35k–$55k
11.88,homeless services,0.258,Homeless Services Administrator,Social Impact & Nonprofit,"Law & Government,Education & Coaching",Homeless Services Director,Gaming & Esports,"Tech & Engineering,Marketing & Communications,Science & Research",$45k–$70k,$45k–$75k
11.88,homelessness services,0.056,Homelessness Services Director,Social Impact & Nonprofit,"Law & Government,Education & Coaching",Homelessness Services Coordinator,Gaming & Esports,"Tech & Engineering,Marketing & Communications,Science & Research",$48k–$77k,$37k–$63k
11.88,homeless services,0.259,Homeless Services Coordinator,Gaming & Esports,"Tech & Engineering,Marketing & Communications,Science & Research",Housing Coordinator (Homeless Services),Social Impact & Nonprofit,"Healthcare & Medicine,Law & Government",$35k–$55k,$35k–$55k
11.88,homeless services,0.121,Housing Coordinator (Homeless Services),Social Impact & Nonprofit,"Healthcare & Medicine,Law & Government",Homeless Services Director,Gaming & Esports,"Tech & Engineering,Marketing & Communications,Science & Research",$35k–$55k,$45k–$75k
11.87,municipal planning,0.28,Municipal Planning Attorney,Law & Government,"Environment & Sustainability,Social Impact & Nonprofit",Municipal Planning Director,Gaming & Esports,"Tech & Engineering,Marketing & Communications,Science & Research",$65k–$110k,$60k–$95k
11.87,judge municipal,0.25,Municipal Judge,Law & Government,Business & Finance,Municipal Court Judge,Gaming & Esports,"Tech & Engineering,Marketing & Communications,Science & Research",$120k–$175k,$120k–$175k
11.84,kitchen operator,0.054,Community Kitchen Operator,Entrepreneurship,"Social Impact & Nonprofit,Hospitality & Events",Ghost Kitchen Operator,Marketing & Communications,"Business & Finance,Design & Creative,Science & Research",$35k–$65k,$45k–$150k
11.84,kitchen operator,0.143,Commercial Kitchen Operator (Shared Space),Entrepreneurship,"Hospitality & Events,Social Impact & Nonprofit",Ghost Kitchen Operator,Marketing & Communications,"Business & Finance,Design & Creative,Science & Research",$30k–$45k,$45k–$150k
11.84,creator youtube,0.31,Content Creator (YouTube),Marketing & Communications,"Business & Finance,Design & Creative,Science & Research",YouTube Channel Creator (Monetized),Entrepreneurship,"Media & Journalism,Design & Creative",$20k–$150k,$30k–$45k
11.84,creator youtube,0.059,YouTube Channel Creator (Monetized),Entrepreneurship,"Media & Journalism,Design & Creative",Content Creator (YouTube/TikTok),Gaming & Esports,"Tech & Engineering,Marketing & Communications,Science & Research",$30k–$45k,$30k–$200k+
11.83,air quality,0.241,Air Quality Specialist,Environment & Sustainability,"Science & Research,Law & Government",Air Quality Analyst,Supply Chain & Operations,"Business & Finance,Tech & Engineering,Science & Research",$48k–$85k,$55k–$85k
11.83,air quality,0.222,Air Quality Analyst,Supply Chain & Operations,"Business & Finance,Tech & Engineering,Science & Research",Air Quality Monitoring Technician,Environment & Sustainability,"Science & Research,Law & Government",$55k–$85k,$45k–$75k
11.83,air quality,0.435,Air Quality Analyst,Supply Chain & Operations,"Business & Finance,Tech & Engineering,Science & Research",Air Quality Scientist,Environment & Sustainability,"Science & Research,Healthcare & Medicine",$55k–$85k,$65k–$110k
11.83,air quality,0.286,Air Quality Analyst,Supply Chain & Operations,"Business & Finance,Tech & Engineering,Science & Research",Air Quality Engineer,Environment & Sustainability,"Science & Research,Tech & Engineering",$55k–$85k,$60k–$105k
11.83,air quality,0.29,Air Quality Analyst,Supply Chain & Operations,"Business & Finance,Tech & Engineering,Science & Research",Air Quality Data Scientist,Environment & Sustainability,"Science & Research,Tech & Engineering",$55k–$85k,$60k–$105k
11.83,biologist marine,0.188,Marine Biologist (Conservation),Cybersecurity,"Tech & Engineering,Law & Government,Science & Research",Marine Biologist (Ocean Acidification),Environment & Sustainability,"Science & Research,Law & Government",$45k–$75k,$45k–$85k
11.83,biologist marine,0.182,Marine Biologist (Conservation),Cybersecurity,"Tech & Engineering,Law & Government,Science & Research",Marine Biologist,Environment & Sustainability,"Science & Research,Law & Government,Tech & Engineering",$45k–$75k,$45k–$85k
11.83,maker pattern,0.024,Textile Pattern Maker,Fashion & Beauty,"Design & Creative,Marketing & Communications,Science & Research",Pattern Maker,Arts & Performance,"Media & Journalism,Design & Creative,Science & Research",$40k–$75k,$40k–$75k
11.83,maker pattern,0.054,Fashion Pattern Maker (Grading),Fashion & Beauty,"Design & Creative,Tech & Engineering",Pattern Maker,Arts & Performance,"Media & Journalism,Design & Creative,Science & Research",$45k–$75k,$40k–$75k
11.83,maker pattern,0.024,Sustainable Fashion Pattern Maker,Fashion & Beauty,"Design & Creative,Environment & Sustainability",Pattern Maker,Arts & Performance,"Media & Journalism,Design & Creative,Science & Research",$45k–$75k,$40k–$75k
11.83,maker pattern,0.053,Pattern Maker,Arts & Performance,"Media & Journalism,Design & Creative,Science & Research",Fashion Pattern Maker,Marketing & Communications,"Business & Finance,Design & Creative,Science & Research",$40k–$75k,$45k–$75k
11.83,maker pattern,0.086,Pattern Maker,Arts & Performance,"Media & Journalism,Design & Creative,Science & Research",Pattern Maker (Fashion),Fashion & Beauty,"Design & Creative,Entrepreneurship",$40k–$75k,$45k–$75k
11.83,maker pattern,0.259,Fashion Pattern Maker,Marketing & Communications,"Business & Finance,Design & Creative,Science & Research",Costume Pattern Maker,Fashion & Beauty,"Arts & Performance,Design & Creative",$45k–$75k,$40k–$70k
11.79,host podcast,0.2,Podcast Host (News),Media & Journalism,"Business & Finance,Education & Coaching",Podcast Host,Entrepreneurship,"Business & Finance,Tech & Engineering,Architecture & Urban Planning",$35k–$75k,$35k–$85k
11.79,host podcast,0.212,Podcast Host (News),Media & Journalism,"Business & Finance,Education & Coaching",Podcast Host & Producer,Science & Research,"Healthcare & Medicine,Tech & Engineering,Marketing & Communications",$35k–$75k,$35k–$85k
11.79,host podcast,0.214,Podcast Host,Entrepreneurship,"Business & Finance,Tech & Engineering,Architecture & Urban Planning",Science Podcast Host,Media & Journalism,"Science & Research,Education & Coaching",$35k–$85k,$35k–$75k
11.79,host podcast,0.222,Podcast Host,Entrepreneurship,"Business & Finance,Tech & Engineering,Architecture & Urban Planning",Podcast Host (Professional),Media & Journalism,"Business & Finance,Education & Coaching",$35k–$85k,$40k–$120k
11.79,host podcast,0.333,Podcast Host,Entrepreneurship,"Business & Finance,Tech & Engineering,Architecture & Urban Planning",Podcast Host & Producer,Science & Research,"Healthcare & Medicine,Tech & Engineering,Marketing & Communications",$35k–$85k,$35k–$85k
11.79,host podcast,0.133,Podcast Host,Entrepreneurship,"Business & Finance,Tech & Engineering,Architecture & Urban Planning",Podcast Host (News/Politics),Media & Journalism,"Law & Government,Business & Finance",$35k–$85k,$35k–$85k
11.79,host podcast,0.156,Podcast Host (Professional),Media & Journalism,"Business & Finance,Education & Coaching",Podcast Host & Producer,Science & Research,"Healthcare & Medicine,Tech & Engineering,Marketing & Communications",$40k–$120k,$35k–$85k
11.79,host podcast,0.321,Podcast Host (Independent),Media & Journalism,"Entrepreneurship,Design & Creative",Podcast Host & Producer,Science & Research,"Healthcare & Medicine,Tech & Engineering,Marketing & Communications",$30k–$80k,$35k–$85k
11.79,host podcast,0.241,Podcast Host & Producer,Science & Research,"Healthcare & Medicine,Tech & Engineering,Marketing & Communications",Podcast Host and Producer,Media & Journalism,"Entrepreneurship,Design & Creative",$35k–$85k,$35k–$75k
11.79,host podcast,0.152,Podcast Host & Producer,Science & Research,"Healthcare & Medicine,Tech & Engineering,Marketing & Communications",Podcast Host (News/Politics),Media & Journalism,"Law & Government,Business & Finance",$35k–$85k,$35k–$85k
11.79,design inclusive,0.047,Inclusive Design Consultant,Design & Creative,"Tech & Engineering,Social Impact & Nonprofit",Special Education Teacher (Inclusive Design),Education & Coaching,"Social Impact & Nonprofit,Healthcare & Medicine",$60k–$95k,$42k–$70k
11.79,design inclusive,0.051,Special Education Teacher (Inclusive Design),Education & Coaching,"Social Impact & Nonprofit,Healthcare & Medicine",Inclusive Design Specialist,Design & Creative,"Tech & Engineering,Social Impact & Nonprofit",$42k–$70k,$55k–$90k
11.78,authenticator luxury,0.29,Luxury Goods Authenticator,Marketing & Communications,"Business & Finance,Design & Creative,Science & Research",Luxury Brand Authenticator,Fashion & Beauty,"Business & Finance,Design & Creative",$45k–$75k,$45k–$75k
11.76,focused sustainability,0.083,Sustainability-Focused Interior Designer,Design & Creative,Environment & Sustainability,Sustainability-Focused Entrepreneur,Entrepreneurship,"Environment & Sustainability,Business & Finance",$50k–$85k,$45k–$150k
11.76,focused sustainability,0.053,Sustainability-Focused Packaging Designer,Design & Creative,"Environment & Sustainability,Tech & Engineering",Sustainability-Focused Entrepreneur,Entrepreneurship,"Environment & Sustainability,Business & Finance",$55k–$85k,$45k–$150k
11.76,focused sustainability,0.1,Sustainability-Focused Entrepreneur,Entrepreneurship,"Environment & Sustainability,Business & Finance",Sustainability-Focused Graphic Designer,Design & Creative,"Environment & Sustainability,Business & Finance",$45k–$150k,$48k–$77k
11.75,acquisitions mergers,0.276,Mergers and Acquisitions Specialist,Science & Research,"Healthcare & Medicine,Tech & Engineering,Arts & Performance",Corporate Mergers & Acquisitions Specialist,Business & Finance,"Entrepreneurship,Law & Government",$80k–$150k,$100k–$200k
11.75,acquisitions mergers,0.172,Mergers and Acquisitions Specialist,Science & Research,"Healthcare & Medicine,Tech & Engineering,Arts & Performance",Mergers & Acquisitions Advisor,Business & Finance,"Law & Government,Entrepreneurship",$80k–$150k,$100k–$200k
11.75,acquisitions mergers,0.333,Mergers and Acquisitions Specialist,Science & Research,"Healthcare & Medicine,Tech & Engineering,Arts & Performance",M&A (Mergers & Acquisitions) Advisor,Business & Finance,"Law & Government,Entrepreneurship",$80k–$150k,$100k–$200k
11.75,acquisitions mergers,0.423,Mergers and Acquisitions Specialist,Science & Research,"Healthcare & Medicine,Tech & Engineering,Arts & Performance",Mergers and Acquisitions Consultant,Business & Finance,"Law & Government,Entrepreneurship",$80k–$150k,$70k–$150k
11.75,acquisitions mergers,0.222,Mergers and Acquisitions Specialist,Science & Research,"Healthcare & Medicine,Tech & Engineering,Arts & Performance",Mergers and Acquisitions Manager,Business & Finance,"Entrepreneurship,Tech & Engineering,Architecture & Urban Planning",$80k–$150k,$100k–$200k
11.75,acquisitions mergers,0.286,Mergers and Acquisitions Specialist,Science & Research,"Healthcare & Medicine,Tech & Engineering,Arts & Performance",Investment Banker (Mergers & Acquisitions),Business & Finance,"Law & Government,Entrepreneurship",$80k–$150k,$80k–$150k
11.75,acquisitions mergers,0.333,Mergers and Acquisitions Specialist,Science & Research,"Healthcare & Medicine,Tech & Engineering,Arts & Performance",Mergers and Acquisitions Advisor,Business & Finance,"Law & Government,Entrepreneurship",$80k–$150k,$100k–$200k
11.75,acquisitions mergers,0.375,Mergers and Acquisitions Specialist,Science & Research,"Healthcare & Medicine,Tech & Engineering,Arts & Performance",Mergers & Acquisitions Consultant,Business & Finance,"Law & Government,Entrepreneurship",$80k–$150k,$100k–$200k
11.75,acquisitions mergers,0.207,Mergers and Acquisitions Specialist,Science & Research,"Healthcare & Medicine,Tech & Engineering,Arts & Performance",Mergers & Acquisitions Analyst,Business & Finance,"Law & Government,Entrepreneurship",$80k–$150k,$70k–$150k
11.75,acquisitions mergers,0.269,Mergers and Acquisitions Specialist,Science & Research,"Healthcare & Medicine,Tech & Engineering,Arts & Performance",Mergers & Acquisitions Associate,Business & Finance,"Entrepreneurship,Law & Government",$80k–$150k,$70k–$150k
11.75,acquisitions mergers,0.125,Mergers and Acquisitions Specialist,Science & Research,"Healthcare & Medicine,Tech & Engineering,Arts & Performance",Mergers and Acquisitions (M&A) Associate,Business & Finance,"Law & Government,Entrepreneurship",$80k–$150k,$85k–$150k
11.75,acquisitions mergers,0.478,Corporate Mergers & Acquisitions Specialist,Business & Finance,"Entrepreneurship,Law & Government",Mergers & Acquisitions Specialist,Science & Research,"Healthcare & Medicine,Tech & Engineering",$100k–$200k,$100k–$200k
11.75,acquisitions mergers,0.135,Corporate Mergers & Acquisitions Specialist,Business & Finance,"Entrepreneurship,Law & Government",Mergers and Acquisitions Analyst,Fashion & Beauty,"Design & Creative,Marketing & Communications,Science & Research",$100k–$200k,$85k–$175k
11.75,acquisitions mergers,0.148,Mergers & Acquisitions Advisor,Business & Finance,"Law & Government,Entrepreneurship",Mergers & Acquisitions Specialist,Science & Research,"Healthcare & Medicine,Tech & Engineering",$100k–$200k,$100k–$200k
11.75,acquisitions mergers,0.114,Mergers & Acquisitions Advisor,Business & Finance,"Law & Government,Entrepreneurship",Mergers and Acquisitions Analyst,Fashion & Beauty,"Design & Creative,Marketing & Communications,Science & Research",$100k–$200k,$85k–$175k
11.75,acquisitions mergers,0.261,M&A (Mergers & Acquisitions) Advisor,Business & Finance,"Law & Government,Entrepreneurship",Mergers & Acquisitions Specialist,Science & Research,"Healthcare & Medicine,Tech & Engineering",$100k–$200k,$100k–$200k
11.75,acquisitions mergers,0.233,M&A (Mergers & Acquisitions) Advisor,Business & Finance,"Law & Government,Entrepreneurship",Mergers and Acquisitions Analyst,Fashion & Beauty,"Design & Creative,Marketing & Communications,Science & Research",$100k–$200k,$85k–$175k
11.75,acquisitions mergers,0.0,Mergers and Acquisitions Lawyer,Law & Government,"Business & Finance,Social Impact & Nonprofit,Science & Research",Mergers and Acquisitions Analyst,Fashion & Beauty,"Design & Creative,Marketing & Communications,Science & Research",$100k–$200k,$85k–$175k
11.75,acquisitions mergers,0.417,Mergers and Acquisitions Consultant,Business & Finance,"Law & Government,Entrepreneurship",Mergers & Acquisitions Specialist,Science & Research,"Healthcare & Medicine,Tech & Engineering",$70k–$150k,$100k–$200k
11.75,acquisitions mergers,0.167,Mergers and Acquisitions Consultant,Business & Finance,"Law & Government,Entrepreneurship",Mergers and Acquisitions Analyst,Fashion & Beauty,"Design & Creative,Marketing & Communications,Science & Research",$70k–$150k,$85k–$175k
11.75,acquisitions mergers,0.2,Mergers & Acquisitions Specialist,Science & Research,"Healthcare & Medicine,Tech & Engineering",Mergers and Acquisitions Manager,Business & Finance,"Entrepreneurship,Tech & Engineering,Architecture & Urban Planning",$100k–$200k,$100k–$200k
11.75,acquisitions mergers,0.5,Mergers & Acquisitions Specialist,Science & Research,"Healthcare & Medicine,Tech & Engineering",Investment Banker (Mergers & Acquisitions),Business & Finance,"Law & Government,Entrepreneurship",$100k–$200k,$80k–$150k
11.75,acquisitions mergers,0.261,Mergers & Acquisitions Specialist,Science & Research,"Healthcare & Medicine,Tech & Engineering",Mergers and Acquisitions Advisor,Business & Finance,"Law & Government,Entrepreneurship",$100k–$200k,$100k–$200k
11.75,acquisitions mergers,0.304,Mergers & Acquisitions Specialist,Science & Research,"Healthcare & Medicine,Tech & Engineering",Mergers & Acquisitions Consultant,Business & Finance,"Law & Government,Entrepreneurship",$100k–$200k,$100k–$200k
11.75,acquisitions mergers,0.103,Mergers & Acquisitions Specialist,Science & Research,"Healthcare & Medicine,Tech & Engineering",Mergers & Acquisitions Analyst,Business & Finance,"Law & Government,Entrepreneurship",$100k–$200k,$70k–$150k
11.75,acquisitions mergers,0.579,Mergers & Acquisitions Specialist,Science & Research,"Healthcare & Medicine,Tech & Engineering",Mergers & Acquisitions Associate,Business & Finance,"Entrepreneurship,Law & Government",$100k–$200k,$70k–$150k
11.75,acquisitions mergers,0.269,Mergers & Acquisitions Specialist,Science & Research,"Healthcare & Medicine,Tech & Engineering",Mergers and Acquisitions (M&A) Associate,Business & Finance,"Law & Government,Entrepreneurship",$100k–$200k,$85k–$150k
11.75,acquisitions mergers,0.118,Mergers and Acquisitions Manager,Business & Finance,"Entrepreneurship,Tech & Engineering,Architecture & Urban Planning",Mergers and Acquisitions Analyst,Fashion & Beauty,"Design & Creative,Marketing & Communications,Science & Research",$100k–$200k,$85k–$175k
11.75,acquisitions mergers,0.139,Investment Banker (Mergers & Acquisitions),Business & Finance,"Law & Government,Entrepreneurship",Mergers and Acquisitions Analyst,Fashion & Beauty,"Design & Creative,Marketing & Communications,Science & Research",$80k–$150k,$85k–$175k
11.75,acquisitions mergers,0.233,Mergers and Acquisitions Advisor,Business & Finance,"Law & Government,Entrepreneurship",Mergers and Acquisitions Analyst,Fashion & Beauty,"Design & Creative,Marketing & Communications,Science & Research",$100k–$200k,$85k–$175k
11.75,acquisitions mergers,0.226,Mergers and Acquisitions Analyst,Fashion & Beauty,"Design & Creative,Marketing & Communications,Science & Research",Mergers & Acquisitions Consultant,Business & Finance,"Law & Government,Entrepreneurship",$85k–$175k,$100k–$200k
11.75,acquisitions mergers,0.143,Mergers and Acquisitions Analyst,Fashion & Beauty,"Design & Creative,Marketing & Communications,Science & Research",Mergers & Acquisitions Analyst,Business & Finance,"Law & Government,Entrepreneurship",$85k–$175k,$70k–$150k
11.75,acquisitions mergers,0.188,Mergers and Acquisitions Analyst,Fashion & Beauty,"Design & Creative,Marketing & Communications,Science & Research",Mergers & Acquisitions Associate,Business & Finance,"Entrepreneurship,Law & Government",$85k–$175k,$70k–$150k
11.75,acquisitions mergers,0.079,Mergers and Acquisitions Analyst,Fashion & Beauty,"Design & Creative,Marketing & Communications,Science & Research",Mergers and Acquisitions (M&A) Associate,Business & Finance,"Law & Government,Entrepreneurship",$85k–$175k,$85k–$150k
11.75,eco product,0.059,Eco-Friendly Product Founder,Entrepreneurship,"Environment & Sustainability,Design & Creative",Eco-Product Designer and Seller,Marketing & Communications,"Business & Finance,Design & Creative,Science & Research",$45k–$150k,$45k–$120k
11.75,change policy,0.1,Climate Change Policy Advisor,Environment & Sustainability,"Law & Government,Science & Research",Policy Advocate (Social Change),Social Impact & Nonprofit,"Law & Government,Education & Coaching",$58k–$95k,$45k–$75k
11.73,influencer micro,0.086,Micro-Influencer Manager,Marketing & Communications,"Business & Finance,Design & Creative,Science & Research",Micro-Influencer Brand Builder,Entrepreneurship,"Media & Journalism,Design & Creative",$45k–$85k,$35k–$85k
11.73,influencer micro,0.053,Micro-Influencer Manager,Marketing & Communications,"Business & Finance,Design & Creative,Science & Research",Niche Social Media Creator (Micro-Influencer),Entrepreneurship,"Media & Journalism,Design & Creative",$45k–$85k,$20k–$150k
11.73,influencer micro,0.029,Micro-Influencer Manager (Agency),Marketing & Communications,"Business & Finance,Design & Creative,Media & Journalism",Micro-Influencer Brand Builder,Entrepreneurship,"Media & Journalism,Design & Creative",$45k–$75k,$35k–$85k
11.73,influencer micro,0.086,Micro-Influencer Manager (Agency),Marketing & Communications,"Business & Finance,Design & Creative,Media & Journalism",Niche Social Media Creator (Micro-Influencer),Entrepreneurship,"Media & Journalism,Design & Creative",$45k–$75k,$20k–$150k
11.72,advocate disability,0.027,Social Security Disability Advocate,Law & Government,"Social Impact & Nonprofit,Healthcare & Medicine",Disability Rights Advocate,Gaming & Esports,"Tech & Engineering,Marketing & Communications,Science & Research",$45k–$75k,$40k–$65k
11.72,facility fitness,0.241,Fitness Facility Director,Sports & Fitness,"Business & Finance,Hospitality & Events",Fitness Facility Manager,Gaming & Esports,"Tech & Engineering,Marketing & Communications,Science & Research",$40k–$65k,$35k–$65k
11.72,facility fitness,0.094,Fitness Director (Gym/Facility),Sports & Fitness,"Education & Coaching,Business & Finance",Fitness Facility Manager,Gaming & Esports,"Tech & Engineering,Marketing & Communications,Science & Research",$35k–$65k,$35k–$65k
11.72,facility fitness,0.088,Fitness Facility Designer,Sports & Fitness,"Healthcare & Medicine,Marketing & Communications,Architecture & Urban Planning",Fitness Facility Manager,Gaming & Esports,"Tech & Engineering,Marketing & Communications,Science & Research",$50k–$85k,$35k–$65k
11.7,center convention,0.088,Convention Center Coordinator,Hospitality & Events,Business & Finance,Convention Center Manager,Supply Chain & Operations,"Business & Finance,Tech & Engineering,Science & Research",$40k–$65k,$48k–$77k
11.7,center convention,0.3,Convention Center Operations Manager,Hospitality & Events,Business & Finance,Convention Center Manager,Supply Chain & Operations,"Business & Finance,Tech & Engineering,Science & Research",$48k–$77k,$48k–$77k
11.7,center convention,0.258,Convention Center Manager,Supply Chain & Operations,"Business & Finance,Tech & Engineering,Science & Research",Convention Center Director,Hospitality & Events,Business & Finance,$48k–$77k,$45k–$75k
11.7,health holistic,0.259,Wellness Coach (Holistic Health),Fashion & Beauty,"Healthcare & Medicine,Sports & Fitness",Holistic Health Coach,Education & Coaching,"Healthcare & Medicine,Sports & Fitness",$40k–$75k,$40k–$75k
11.64,academic writing,0.062,Academic Writing Coach,Sports & Fitness,"Healthcare & Medicine,Marketing & Communications",Academic Writing Tutor,Education & Coaching,"Media & Journalism,Business & Finance",$45k–$75k,$35k–$65k
11.58,art conservator,0.212,Art Conservator,Supply Chain & Operations,"Business & Finance,Tech & Engineering,Science & Research",Restoration Conservator (Fine Art),Arts & Performance,"Education & Coaching,Science & Research",$42k–$85k,$35k–$65k
11.58,chain supply,0.088,Supply Chain Finance Manager,Supply Chain & Operations,"Business & Finance,Tech & Engineering,Science & Research",Supply Chain Tech Entrepreneur,Entrepreneurship,"Tech & Engineering,Business & Finance",$65k–$110k,$65k–$150k
11.58,chain supply,0.0,Supply Chain Finance Manager,Supply Chain & Operations,"Business & Finance,Tech & Engineering,Science & Research",Renewable Energy Supply Chain Manager,Environment & Sustainability,"Business & Finance,Tech & Engineering",$65k–$110k,$65k–$110k
11.58,chain supply,0.097,Supply Chain Finance Manager,Supply Chain & Operations,"Business & Finance,Tech & Engineering,Science & Research",Supply Chain Optimization Specialist,Entrepreneurship,"Tech & Engineering,Business & Finance",$65k–$110k,$60k–$105k
11.58,chain supply,0.027,Supply Chain Finance Manager,Supply Chain & Operations,"Business & Finance,Tech & Engineering,Science & Research",Local Food Supply Chain Founder,Entrepreneurship,"Environment & Sustainability,Business & Finance",$65k–$110k,$45k–$85k
11.58,chain supply,0.111,Supply Chain Finance Manager,Supply Chain & Operations,"Business & Finance,Tech & Engineering,Science & Research",Supply Chain Tech Founder,Entrepreneurship,"Tech & Engineering,Business & Finance",$65k–$110k,$65k–$150k
11.58,chain supply,0.083,Supply Chain Finance Manager,Supply Chain & Operations,"Business & Finance,Tech & Engineering,Science & Research",Sustainable Supply Chain Startup Founder,Entrepreneurship,"Environment & Sustainability,Tech & Engineering",$65k–$110k,$45k–$150k
11.58,chain supply,0.138,Supply Chain Tech Entrepreneur,Entrepreneurship,"Tech & Engineering,Business & Finance",Supply Chain Startup Founder,Supply Chain & Operations,"Business & Finance,Tech & Engineering,Science & Research",$65k–$150k,$45k–$120k
11.58,chain supply,0.147,Supply Chain Tech Entrepreneur,Entrepreneurship,"Tech & Engineering,Business & Finance",Beauty Supply Chain Manager,Supply Chain & Operations,"Business & Finance,Tech & Engineering,Science & Research",$65k–$150k,$60k–$95k
11.58,chain supply,0.061,Supply Chain Tech Entrepreneur,Entrepreneurship,"Tech & Engineering,Business & Finance",Supply Chain Strategist,Supply Chain & Operations,"Business & Finance,Tech & Engineering,Science & Research",$65k–$150k,$65k–$110k
11.58,chain supply,0.028,Supply Chain Tech Entrepreneur,Entrepreneurship,"Tech & Engineering,Business & Finance",Sustainable Fashion Supply Chain Manager,Supply Chain & Operations,"Business & Finance,Tech & Engineering,Science & Research",$65k–$150k,$60k–$95k
11.58,chain supply,0.057,Supply Chain Tech Entrepreneur,Entrepreneurship,"Tech & Engineering,Business & Finance",Renewable Energy Supply Chain Manager,Environment & Sustainability,"Business & Finance,Tech & Engineering",$65k–$150k,$65k–$110k
11.58,chain supply,0.192,Supply Chain Tech Entrepreneur,Entrepreneurship,"Tech & Engineering,Business & Finance",Sustainable Supply Chain Manager,Supply Chain & Operations,"Business & Finance,Tech & Engineering,Science & Research",$65k–$150k,$60k–$95k
11.58,chain supply,0.056,Supply Chain Tech Entrepreneur,Entrepreneurship,"Tech & Engineering,Business & Finance",Green Supply Chain Manager,Supply Chain & Operations,"Business & Finance,Tech & Engineering,Science & Research",$65k–$150k,$60k–$105k
11.58,chain supply,0.167,Supply Chain Tech Entrepreneur,Entrepreneurship,"Tech & Engineering,Business & Finance",Supply Chain Analyst,Supply Chain & Operations,"Business & Finance,Tech & Engineering,Science & Research",$65k–$150k,$55k–$85k
11.58,chain supply,0.031,Supply Chain Tech Entrepreneur,Entrepreneurship,"Tech & Engineering,Business & Finance",Circular Supply Chain Manager,Supply Chain & Operations,"Business & Finance,Tech & Engineering,Science & Research",$65k–$150k,$60k–$95k
11.58,chain supply,0.062,Supply Chain Startup Founder,Supply Chain & Operations,"Business & Finance,Tech & Engineering,Science & Research",Renewable Energy Supply Chain Manager,Environment & Sustainability,"Business & Finance,Tech & Engineering",$45k–$120k,$65k–$110k
11.58,chain supply,0.154,Supply Chain Startup Founder,Supply Chain & Operations,"Business & Finance,Tech & Engineering,Science & Research",Supply Chain Optimization Specialist,Entrepreneurship,"Tech & Engineering,Business & Finance",$45k–$120k,$60k–$105k
11.58,chain supply,0.03,Supply Chain Startup Founder,Supply Chain & Operations,"Business & Finance,Tech & Engineering,Science & Research",Local Food Supply Chain Founder,Entrepreneurship,"Environment & Sustainability,Business & Finance",$45k–$120k,$45k–$85k
11.58,chain supply,0.2,Supply Chain Startup Founder,Supply Chain & Operations,"Business & Finance,Tech & Engineering,Science & Research",Supply Chain Tech Founder,Entrepreneurship,"Tech & Engineering,Business & Finance",$45k–$120k,$65k–$150k
11.58,chain supply,0.081,Beauty Supply Chain Manager,Supply Chain & Operations,"Business & Finance,Tech & Engineering,Science & Research",Renewable Energy Supply Chain Manager,Environment & Sustainability,"Business & Finance,Tech & Engineering",$60k–$95k,$65k–$110k
11.58,chain supply,0.029,Beauty Supply Chain Manager,Supply Chain & Operations,"Business & Finance,Tech & Engineering,Science & Research",Supply Chain Optimization Specialist,Entrepreneurship,"Tech & Engineering,Business & Finance",$60k–$95k,$60k–$105k
11.58,chain supply,0.026,Beauty Supply Chain Manager,Supply Chain & Operations,"Business & Finance,Tech & Engineering,Science & Research",Local Food Supply Chain Founder,Entrepreneurship,"Environment & Sustainability,Business & Finance",$60k–$95k,$45k–$85k
11.58,chain supply,0.05,Beauty Supply Chain Manager,Supply Chain & Operations,"Business & Finance,Tech & Engineering,Science & Research",Supply Chain Tech Founder,Entrepreneurship,"Tech & Engineering,Business & Finance",$60k–$95k,$65k–$150k
11.58,chain supply,0.025,Beauty Supply Chain Manager,Supply Chain & Operations,"Business & Finance,Tech & Engineering,Science & Research",Sustainable Supply Chain Startup Founder,Entrepreneurship,"Environment & Sustainability,Tech & Engineering",$60k–$95k,$45k–$150k
11.58,chain supply,0.161,Supply Chain Strategist,Supply Chain & Operations,"Business & Finance,Tech & Engineering,Science & Research",Renewable Energy Supply Chain Manager,Environment & Sustainability,"Business & Finance,Tech & Engineering",$65k–$110k,$65k–$110k
11.58,chain supply,0.067,Supply Chain Strategist,Supply Chain & Operations,"Business & Finance,Tech & Engineering,Science & Research",Supply Chain Optimization Specialist,Entrepreneurship,"Tech & Engineering,Business & Finance",$65k–$110k,$60k–$105k
11.58,chain supply,0.0,Supply Chain Strategist,Supply Chain & Operations,"Business & Finance,Tech & Engineering,Science & Research",Local Food Supply Chain Founder,Entrepreneurship,"Environment & Sustainability,Business & Finance",$65k–$110k,$45k–$85k
11.58,chain supply,0.086,Supply Chain Strategist,Supply Chain & Operations,"Business & Finance,Tech & Engineering,Science & Research",Supply Chain Tech Founder,Entrepreneurship,"Tech & Engineering,Business & Finance",$65k–$110k,$65k–$150k
11.58,chain supply,0.0,Supply Chain Strategist,Supply Chain & Operations,"Business & Finance,Tech & Engineering,Science & Research",Sustainable Supply Chain Startup Founder,Entrepreneurship,"Environment & Sustainability,Tech & Engineering",$65k–$110k,$45k–$150k
11.58,chain supply,0.027,Sustainable Fashion Supply Chain Manager,Supply Chain & Operations,"Business & Finance,Tech & Engineering,Science & Research",Renewable Energy Supply Chain Manager,Environment & Sustainability,"Business & Finance,Tech & Engineering",$60k–$95k,$65k–$110k
11.58,chain supply,0.062,Sustainable Fashion Supply Chain Manager,Supply Chain & Operations,"Business & Finance,Tech & Engineering,Science & Research",Supply Chain Optimization Specialist,Entrepreneurship,"Tech & Engineering,Business & Finance",$60k–$95k,$60k–$105k
11.58,chain supply,0.0,Sustainable Fashion Supply Chain Manager,Supply Chain & Operations,"Business & Finance,Tech & Engineering,Science & Research",Local Food Supply Chain Founder,Entrepreneurship,"Environment & Sustainability,Business & Finance",$60k–$95k,$45k–$85k
11.58,chain supply,0.0,Sustainable Fashion Supply Chain Manager,Supply Chain & Operations,"Business & Finance,Tech & Engineering,Science & Research",Supply Chain Tech Founder,Entrepreneurship,"Tech & Engineering,Business & Finance",$60k–$95k,$65k–$150k
11.58,chain supply,0.032,Renewable Energy Supply Chain Manager,Environment & Sustainability,"Business & Finance,Tech & Engineering",Sustainable Supply Chain Manager,Supply Chain & Operations,"Business & Finance,Tech & Engineering,Science & Research",$65k–$110k,$60k–$95k
11.58,chain supply,0.026,Renewable Energy Supply Chain Manager,Environment & Sustainability,"Business & Finance,Tech & Engineering",Green Supply Chain Manager,Supply Chain & Operations,"Business & Finance,Tech & Engineering,Science & Research",$65k–$110k,$60k–$105k
11.58,chain supply,0.03,Renewable Energy Supply Chain Manager,Environment & Sustainability,"Business & Finance,Tech & Engineering",Supply Chain Optimization Specialist,Entrepreneurship,"Tech & Engineering,Business & Finance",$65k–$110k,$60k–$105k
11.58,chain supply,0.0,Renewable Energy Supply Chain Manager,Environment & Sustainability,"Business & Finance,Tech & Engineering",Supply Chain Analyst,Supply Chain & Operations,"Business & Finance,Tech & Engineering,Science & Research",$65k–$110k,$55k–$85k
11.58,chain supply,0.081,Renewable Energy Supply Chain Manager,Environment & Sustainability,"Business & Finance,Tech & Engineering",Supply Chain Tech Founder,Entrepreneurship,"Tech & Engineering,Business & Finance",$65k–$110k,$65k–$150k
11.58,chain supply,0.0,Renewable Energy Supply Chain Manager,Environment & Sustainability,"Business & Finance,Tech & Engineering",Circular Supply Chain Manager,Supply Chain & Operations,"Business & Finance,Tech & Engineering,Science & Research",$65k–$110k,$60k–$95k
11.58,chain supply,0.059,Supply Chain Risk Manager,Business & Finance,"Law & Government,Tech & Engineering",Sustainable Supply Chain Startup Founder,Entrepreneurship,"Environment & Sustainability,Tech & Engineering",$65k–$110k,$45k–$150k
11.58,chain supply,0.167,Sustainable Supply Chain Manager,Supply Chain & Operations,"Business & Finance,Tech & Engineering,Science & Research",Supply Chain Optimization Specialist,Entrepreneurship,"Tech & Engineering,Business & Finance",$60k–$95k,$60k–$105k
11.58,chain supply,0.0,Sustainable Supply Chain Manager,Supply Chain & Operations,"Business & Finance,Tech & Engineering,Science & Research",Local Food Supply Chain Founder,Entrepreneurship,"Environment & Sustainability,Business & Finance",$60k–$95k,$45k–$85k
11.58,chain supply,0.133,Sustainable Supply Chain Manager,Supply Chain & Operations,"Business & Finance,Tech & Engineering,Science & Research",Supply Chain Tech Founder,Entrepreneurship,"Tech & Engineering,Business & Finance",$60k–$95k,$65k–$150k
11.58,chain supply,0.094,Green Supply Chain Manager,Supply Chain & Operations,"Business & Finance,Tech & Engineering,Science & Research",Supply Chain Optimization Specialist,Entrepreneurship,"Tech & Engineering,Business & Finance",$60k–$105k,$60k–$105k
11.58,chain supply,0.026,Green Supply Chain Manager,Supply Chain & Operations,"Business & Finance,Tech & Engineering,Science & Research",Local Food Supply Chain Founder,Entrepreneurship,"Environment & Sustainability,Business & Finance",$60k–$105k,$45k–$85k
11.58,chain supply,0.079,Green Supply Chain Manager,Supply Chain & Operations,"Business & Finance,Tech & Engineering,Science & Research",Supply Chain Tech Founder,Entrepreneurship,"Tech & Engineering,Business & Finance",$60k–$105k,$65k–$150k
11.58,chain supply,0.429,Green Supply Chain Manager,Supply Chain & Operations,"Business & Finance,Tech & Engineering,Science & Research",Sustainable Supply Chain Startup Founder,Entrepreneurship,"Environment & Sustainability,Tech & Engineering",$60k–$105k,$45k–$150k
11.58,chain supply,0.185,Supply Chain Optimization Specialist,Entrepreneurship,"Tech & Engineering,Business & Finance",Supply Chain Analyst,Supply Chain & Operations,"Business & Finance,Tech & Engineering,Science & Research",$60k–$105k,$55k–$85k
11.58,chain supply,0.111,Supply Chain Optimization Specialist,Entrepreneurship,"Tech & Engineering,Business & Finance",Circular Supply Chain Manager,Supply Chain & Operations,"Business & Finance,Tech & Engineering,Science & Research",$60k–$105k,$60k–$95k
11.58,chain supply,0.0,Local Food Supply Chain Founder,Entrepreneurship,"Environment & Sustainability,Business & Finance",Supply Chain Analyst,Supply Chain & Operations,"Business & Finance,Tech & Engineering,Science & Research",$45k–$85k,$55k–$85k
11.58,chain supply,0.062,Local Food Supply Chain Founder,Entrepreneurship,"Environment & Sustainability,Business & Finance",Circular Supply Chain Manager,Supply Chain & Operations,"Business & Finance,Tech & Engineering,Science & Research",$45k–$85k,$60k–$95k
11.58,chain supply,0.152,Supply Chain Analyst,Supply Chain & Operations,"Business & Finance,Tech & Engineering,Science & Research",Supply Chain Tech Founder,Entrepreneurship,"Tech & Engineering,Business & Finance",$55k–$85k,$65k–$150k
11.58,chain supply,0.0,Supply Chain Analyst,Supply Chain & Operations,"Business & Finance,Tech & Engineering,Science & Research",Sustainable Supply Chain Startup Founder,Entrepreneurship,"Environment & Sustainability,Tech & Engineering",$55k–$85k,$45k–$150k
11.58,chain supply,0.091,Supply Chain Tech Founder,Entrepreneurship,"Tech & Engineering,Business & Finance",Circular Supply Chain Manager,Supply Chain & Operations,"Business & Finance,Tech & Engineering,Science & Research",$65k–$150k,$60k–$95k
11.58,chain supply,0.129,Circular Supply Chain Manager,Supply Chain & Operations,"Business & Finance,Tech & Engineering,Science & Research",Sustainable Supply Chain Startup Founder,Entrepreneurship,"Environment & Sustainability,Tech & Engineering",$60k–$95k,$45k–$150k
11.58,insurance underwriter,0.321,Insurance Underwriter (Cyber),Business & Finance,"Tech & Engineering,Law & Government",Insurance Risk Underwriter,Media & Journalism,"Marketing & Communications,Arts & Performance,Science & Research",$65k–$110k,$60k–$105k
11.58,insurance underwriter,0.108,Insurance Underwriter (Cyber),Business & Finance,"Tech & Engineering,Law & Government",Insurance Underwriter,Media & Journalism,"Marketing & Communications,Arts & Performance,Science & Research",$65k–$110k,$55k–$100k
11.58,insurance underwriter,0.333,Health Insurance Underwriter,Healthcare & Medicine,"Business & Finance,Law & Government",Insurance Risk Underwriter,Media & Journalism,"Marketing & Communications,Arts & Performance,Science & Research",$60k–$105k,$60k–$105k
11.58,insurance underwriter,0.158,Health Insurance Underwriter,Healthcare & Medicine,"Business & Finance,Law & Government",Insurance Underwriter,Media & Journalism,"Marketing & Communications,Arts & Performance,Science & Research",$60k–$105k,$55k–$100k
11.58,insurance underwriter,0.258,Commercial Underwriter (Insurance),Business & Finance,"Law & Government,Tech & Engineering",Insurance Risk Underwriter,Media & Journalism,"Marketing & Communications,Arts & Performance,Science & Research",$58k–$95k,$60k–$105k
11.58,insurance underwriter,0.194,Commercial Underwriter (Insurance),Business & Finance,"Law & Government,Tech & Engineering",Insurance Underwriter,Media & Journalism,"Marketing & Communications,Arts & Performance,Science & Research",$58k–$95k,$55k–$100k
11.58,insurance underwriter,0.171,Insurance Underwriter (Specialty),Business & Finance,"Law & Government,Science & Research",Insurance Risk Underwriter,Media & Journalism,"Marketing & Communications,Arts & Performance,Science & Research",$65k–$110k,$60k–$105k
11.58,insurance underwriter,0.098,Insurance Underwriter (Specialty),Business & Finance,"Law & Government,Science & Research",Insurance Underwriter,Media & Journalism,"Marketing & Communications,Arts & Performance,Science & Research",$65k–$110k,$55k–$100k
11.58,insurance underwriter,0.105,Insurance Underwriter (Specialty Lines),Business & Finance,"Law & Government,Tech & Engineering",Insurance Risk Underwriter,Media & Journalism,"Marketing & Communications,Arts & Performance,Science & Research",$65k–$110k,$60k–$105k
11.58,insurance underwriter,0.022,Insurance Underwriter (Specialty Lines),Business & Finance,"Law & Government,Tech & Engineering",Insurance Underwriter,Media & Journalism,"Marketing & Communications,Arts & Performance,Science & Research",$65k–$110k,$55k–$100k
11.58,insurance underwriter,0.522,Insurance Underwriter (Commercial),Business & Finance,"Law & Government,Tech & Engineering",Insurance Risk Underwriter,Media & Journalism,"Marketing & Communications,Arts & Performance,Science & Research",$60k–$105k,$60k–$105k
11.58,insurance underwriter,0.182,Insurance Underwriter (Commercial),Business & Finance,"Law & Government,Tech & Engineering",Insurance Underwriter,Media & Journalism,"Marketing & Communications,Arts & Performance,Science & Research",$60k–$105k,$55k–$100k
11.58,insurance underwriter,0.393,Commercial Insurance Underwriter,Business & Finance,"Law & Government,Tech & Engineering",Insurance Risk Underwriter,Media & Journalism,"Marketing & Communications,Arts & Performance,Science & Research",$65k–$110k,$60k–$105k
11.58,insurance underwriter,0.132,Commercial Insurance Underwriter,Business & Finance,"Law & Government,Tech & Engineering",Insurance Underwriter,Media & Journalism,"Marketing & Communications,Arts & Performance,Science & Research",$65k–$110k,$55k–$100k
11.58,insurance underwriter,0.37,Insurance Risk Underwriter,Media & Journalism,"Marketing & Communications,Arts & Performance,Science & Research",Underwriter (Insurance),Business & Finance,"Law & Government,Tech & Engineering",$60k–$105k,$55k–$90k
11.58,insurance underwriter,0.171,Underwriter (Insurance),Business & Finance,"Law & Government,Tech & Engineering",Insurance Underwriter,Media & Journalism,"Marketing & Communications,Arts & Performance,Science & Research",$55k–$90k,$55k–$100k
11.56,acquisitions publishing,0.259,Publishing Industry Professional (Acquisitions),Media & Journalism,"Business & Finance,Design & Creative",Publishing Acquisitions Editor,Entrepreneurship,"Business & Finance,Tech & Engineering",$45k–$75k,$45k–$75k
11.53,business valuation,0.407,Business Valuation Analyst,Fashion & Beauty,"Design & Creative,Marketing & Communications,Science & Research",Business Valuation Specialist,Entrepreneurship,"Business & Finance,Tech & Engineering,Science & Research",$65k–$120k,$70k–$120k
11.53,international worker,0.059,International Humanitarian Aid Worker,Food & Culinary,"Hospitality & Events,Business & Finance,Science & Research",International Development Worker,Social Impact & Nonprofit,"Education & Coaching,Law & Government",$35k–$65k,$40k–$65k
11.53,international worker,0.129,International Humanitarian Aid Worker,Food & Culinary,"Hospitality & Events,Business & Finance,Science & Research",International Relief Worker,Social Impact & Nonprofit,"Education & Coaching,Law & Government,Science & Research",$35k–$65k,$45k–$75k
11.51,arts performing,0.028,Performing Arts Therapist,Healthcare & Medicine,"Science & Research,Tech & Engineering,Arts & Performance",Performing Arts Grants Specialist,Social Impact & Nonprofit,"Education & Coaching,Law & Government,Science & Research",$48k–$77k,$42k–$65k
11.51,arts performing,0.0,Performing Arts Therapist,Healthcare & Medicine,"Science & Research,Tech & Engineering,Arts & Performance",Performing Arts Venue Manager,Hospitality & Events,"Food & Culinary,Marketing & Communications,Science & Research",$48k–$77k,$40k–$70k
11.51,arts performing,0.0,Performing Arts Grants Specialist,Social Impact & Nonprofit,"Education & Coaching,Law & Government,Science & Research",Performing Arts Venue Technician,Arts & Performance,"Hospitality & Events,Design & Creative",$42k–$65k,$32k–$55k
11.51,arts performing,0.088,Performing Arts Grants Specialist,Social Impact & Nonprofit,"Education & Coaching,Law & Government,Science & Research",Performing Arts Venue Manager,Hospitality & Events,"Food & Culinary,Marketing & Communications,Science & Research",$42k–$65k,$40k–$70k
11.51,arts performing,0.0,Performing Arts Grants Specialist,Social Impact & Nonprofit,"Education & Coaching,Law & Government,Science & Research",Usher Manager (Performing Arts Venue),Arts & Performance,"Hospitality & Events,Business & Finance",$42k–$65k,$30k–$45k
11.51,arts performing,0.028,Performing Arts Grants Specialist,Social Impact & Nonprofit,"Education & Coaching,Law & Government,Science & Research",Performing Arts Venue Programmer,Arts & Performance,"Hospitality & Events,Business & Finance",$42k–$65k,$40k–$65k
11.51,arts performing,0.0,Performing Arts Grants Specialist,Social Impact & Nonprofit,"Education & Coaching,Law & Government,Science & Research",Performing Arts Venue Director,Arts & Performance,"Hospitality & Events,Business & Finance",$42k–$65k,$45k–$75k
11.51,arts performing,0.026,Performing Arts Grants Specialist,Social Impact & Nonprofit,"Education & Coaching,Law & Government,Science & Research",Talent Agent (Performing Arts),Arts & Performance,"Business & Finance,Entrepreneurship",$42k–$65k,$45k–$120k
11.51,arts performing,0.0,Performing Arts Venue Manager,Hospitality & Events,"Food & Culinary,Marketing & Communications,Science & Research",Performing Arts Grant Writer,Arts & Performance,"Social Impact & Nonprofit,Business & Finance",$40k–$70k,$45k–$75k
11.51,arts performing,0.0,Performing Arts Venue Manager,Hospitality & Events,"Food & Culinary,Marketing & Communications,Science & Research",Talent Agent (Performing Arts),Arts & Performance,"Business & Finance,Entrepreneurship",$40k–$70k,$45k–$120k
11.5,data visualization,0.094,Data Visualization Journalist,Media & Journalism,"Design & Creative,Tech & Engineering",Data Visualization Specialist (Research),Science & Research,"Tech & Engineering,Design & Creative",$45k–$75k,$58k–$95k
11.5,data visualization,0.242,Data Visualization Journalist,Media & Journalism,"Design & Creative,Tech & Engineering",Data Visualization Designer,Science & Research,"Healthcare & Medicine,Tech & Engineering,Architecture & Urban Planning",$45k–$75k,$55k–$95k
11.5,data visualization,0.121,Data Visualization Journalist,Media & Journalism,"Design & Creative,Tech & Engineering",Data Visualization Scientist,Science & Research,"Tech & Engineering,Education & Coaching",$45k–$75k,$60k–$105k
11.49,guest relations,0.2,Guest Relations Manager (Hotels),Hospitality & Events,"Business & Finance,Social Impact & Nonprofit",Guest Relations Officer,Supply Chain & Operations,"Business & Finance,Tech & Engineering,Science & Research",$32k–$55k,$30k–$45k
11.49,guest relations,0.429,Guest Relations Officer,Supply Chain & Operations,"Business & Finance,Tech & Engineering,Science & Research",Guest Relations Manager,Hospitality & Events,"Business & Finance,Social Impact & Nonprofit",$30k–$45k,$32k–$55k
11.49,center conference,0.778,Conference Center Director,Hospitality & Events,"Business & Finance,Entrepreneurship",Conference Center Manager,Supply Chain & Operations,"Business & Finance,Tech & Engineering,Science & Research",$45k–$75k,$45k–$75k
11.49,boutique hotel,0.25,Boutique Hotel Startup Founder,Entrepreneurship,"Hospitality & Events,Design & Creative",Boutique Hotel Owner,Marketing & Communications,"Business & Finance,Design & Creative,Science & Research",$45k–$150k,$45k–$150k
11.49,boutique hotel,0.241,Boutique Hotel Owner,Marketing & Communications,"Business & Finance,Design & Creative,Science & Research",Hotel Manager (Boutique),Hospitality & Events,"Business & Finance,Design & Creative",$45k–$150k,$45k–$75k
11.49,boutique hotel,0.1,Boutique Hotel Owner,Marketing & Communications,"Business & Finance,Design & Creative,Science & Research",Boutique Hotel Entrepreneur,Entrepreneurship,"Hospitality & Events,Design & Creative",$45k–$150k,$45k–$150k
11.46,comics writer,0.571,Comics Writer and Illustrator,Media & Journalism,"Design & Creative,Arts & Performance",Comics Writer and Artist,Science & Research,"Healthcare & Medicine,Tech & Engineering,Architecture & Urban Planning",$35k–$75k,$35k–$75k
11.46,comics writer,0.348,Comics Writer,Media & Journalism,"Design & Creative,Arts & Performance",Comics Writer and Artist,Science & Research,"Healthcare & Medicine,Tech & Engineering,Architecture & Urban Planning",$35k–$75k,$35k–$75k
11.46,comics writer,0.5,Comics Writer and Artist,Science & Research,"Healthcare & Medicine,Tech & Engineering,Architecture & Urban Planning",Comics/Graphic Novel Writer,Media & Journalism,"Design & Creative,Arts & Performance",$35k–$75k,$35k–$75k
11.46,company dance,0.1,Artistic Director (Dance Company),Arts & Performance,"Education & Coaching,Hospitality & Events",Dance Company Manager,Marketing & Communications,"Business & Finance,Design & Creative,Cybersecurity",$40k–$75k,$40k–$75k
11.44,investigative journalist,0.241,Investigative Video Journalist,Media & Journalism,"Law & Government,Social Impact & Nonprofit",Investigative Journalist,Science & Research,"Healthcare & Medicine,Tech & Engineering,Arts & Performance",$45k–$75k,$35k–$75k
11.44,investigative journalist,0.214,Investigative Journalist (Deep Reporting),Media & Journalism,"Law & Government,Social Impact & Nonprofit",Investigative Journalist,Science & Research,"Healthcare & Medicine,Tech & Engineering,Arts & Performance",$45k–$75k,$35k–$75k
11.44,investigative journalist,0.125,Investigative Journalist (Data),Media & Journalism,"Law & Government,Tech & Engineering",Investigative Journalist,Science & Research,"Healthcare & Medicine,Tech & Engineering,Arts & Performance",$45k–$75k,$35k–$75k
11.44,investigative journalist,0.207,Investigative Journalist (Freelance),Media & Journalism,"Law & Government,Social Impact & Nonprofit",Investigative Journalist,Science & Research,"Healthcare & Medicine,Tech & Engineering,Arts & Performance",$35k–$85k,$35k–$75k
11.44,investigative journalist,0.138,Investigative Journalist,Science & Research,"Healthcare & Medicine,Tech & Engineering,Arts & Performance",Investigative Data Journalist,Media & Journalism,"Law & Government,Tech & Engineering",$35k–$75k,$45k–$75k
11.44,investigative journalist,0.2,Investigative Journalist,Science & Research,"Healthcare & Medicine,Tech & Engineering,Arts & Performance",Investigative Journalist (Podcaster),Media & Journalism,"Law & Government,Social Impact & Nonprofit",$35k–$75k,$35k–$75k
11.44,builder community,0.121,Membership Community Builder,Entrepreneurship,"Social Impact & Nonprofit,Business & Finance",Online Community Builder,Gaming & Esports,"Tech & Engineering,Marketing & Communications,Architecture & Urban Planning",$45k–$75k,$45k–$85k
11.43,mentor youth,0.24,Youth Mentor Coordinator,Education & Coaching,"Social Impact & Nonprofit,Sports & Fitness",Youth Mentor Program Director,Gaming & Esports,"Tech & Engineering,Marketing & Communications,Architecture & Urban Planning",$30k–$50k,$40k–$65k
11.43,mentor youth,0.033,Youth Athlete Mentor,Sports & Fitness,"Education & Coaching,Social Impact & Nonprofit",Youth Mentor Program Director,Gaming & Esports,"Tech & Engineering,Marketing & Communications,Architecture & Urban Planning",$28k–$50k,$40k–$65k
11.43,mentor youth,0.133,Youth Mentor Program Director,Gaming & Esports,"Tech & Engineering,Marketing & Communications,Architecture & Urban Planning",Youth Mentor,Social Impact & Nonprofit,"Education & Coaching,Law & Government",$40k–$65k,$30k–$50k
11.43,corporate restructuring,0.179,Corporate Restructuring Advisor,Business & Finance,"Law & Government,Entrepreneurship",Corporate Debt Restructuring Advisor,Fashion & Beauty,"Design & Creative,Marketing & Communications,Science & Research",$70k–$150k,$85k–$175k
11.43,corporate restructuring,0.222,Corporate Restructuring Consultant,Business & Finance,"Law & Government,Entrepreneurship",Corporate Debt Restructuring Advisor,Fashion & Beauty,"Design & Creative,Marketing & Communications,Science & Research",$70k–$150k,$85k–$175k
11.42,destination wedding,0.205,Wedding Planner (Destination Events),Hospitality & Events,"Design & Creative,Entrepreneurship",Destination Wedding Planner,Sports & Fitness,"Healthcare & Medicine,Marketing & Communications,Science & Research",$45k–$75k,$40k–$85k
11.42,destination wedding,0.367,Wedding Planner (Destination Events),Hospitality & Events,"Design & Creative,Entrepreneurship",Destination Wedding Coordinator,Sports & Fitness,"Healthcare & Medicine,Marketing & Communications,Science & Research",$45k–$75k,$45k–$85k
11.42,destination wedding,0.233,Destination Wedding Planner,Sports & Fitness,"Healthcare & Medicine,Marketing & Communications,Science & Research",Destination Wedding Designer,Hospitality & Events,"Design & Creative,Entrepreneurship",$40k–$85k,$45k–$85k
11.42,destination wedding,0.282,Destination Wedding Planner,Sports & Fitness,"Healthcare & Medicine,Marketing & Communications,Science & Research",Wedding Planner (Destination Weddings),Hospitality & Events,"Design & Creative,Business & Finance",$40k–$85k,$45k–$75k
11.42,destination wedding,0.108,Destination Wedding Planner,Sports & Fitness,"Healthcare & Medicine,Marketing & Communications,Science & Research",Destination Wedding Specialist,Hospitality & Events,"Design & Creative,Business & Finance",$40k–$85k,$45k–$75k
11.42,destination wedding,0.289,Destination Wedding Planner,Sports & Fitness,"Healthcare & Medicine,Marketing & Communications,Science & Research",Wedding Planner (Destination),Hospitality & Events,"Design & Creative,Business & Finance",$40k–$85k,$45k–$85k
11.42,destination wedding,0.244,Destination Wedding Planner,Sports & Fitness,"Healthcare & Medicine,Marketing & Communications,Science & Research",Destination Wedding Consultant,Hospitality & Events,"Business & Finance,Design & Creative",$40k–$85k,$45k–$75k
11.42,destination wedding,0.382,Destination Wedding Designer,Hospitality & Events,"Design & Creative,Entrepreneurship",Destination Wedding Coordinator,Sports & Fitness,"Healthcare & Medicine,Marketing & Communications,Science & Research",$45k–$85k,$45k–$85k
11.42,destination wedding,0.333,Wedding Planner (Destination Weddings),Hospitality & Events,"Design & Creative,Business & Finance",Destination Wedding Coordinator,Sports & Fitness,"Healthcare & Medicine,Marketing & Communications,Science & Research",$45k–$75k,$45k–$85k
11.42,destination wedding,0.129,Destination Wedding Specialist,Hospitality & Events,"Design & Creative,Business & Finance",Destination Wedding Coordinator,Sports & Fitness,"Healthcare & Medicine,Marketing & Communications,Science & Research",$45k–$75k,$45k–$85k
11.42,destination wedding,0.433,Wedding Planner (Destination),Hospitality & Events,"Design & Creative,Business & Finance",Destination Wedding Coordinator,Sports & Fitness,"Healthcare & Medicine,Marketing & Communications,Science & Research",$45k–$85k,$45k–$85k
11.42,destination wedding,0.184,Destination Wedding Coordinator,Sports & Fitness,"Healthcare & Medicine,Marketing & Communications,Science & Research",Destination Wedding Consultant,Hospitality & Events,"Business & Finance,Design & Creative",$45k–$85k,$45k–$75k
11.41,english teacher,0.031,ESL (English as Second Language) Teacher,Environment & Sustainability,"Science & Research,Law & Government,Architecture & Urban Planning",High School English Teacher,Education & Coaching,"Social Impact & Nonprofit,Tech & Engineering",$35k–$65k,$42k–$70k
11.41,esl language,0.167,Language Tutor (ESL),Education & Coaching,"Business & Finance,Social Impact & Nonprofit",ESL (English as Second Language) Teacher,Environment & Sustainability,"Science & Research,Law & Government,Architecture & Urban Planning",$30k–$65k,$35k–$65k
11.4,capture performance,0.25,Performance Capture Cleanup Artist,Arts & Performance,"Tech & Engineering,Design & Creative",Performance Capture Technician,Gaming & Esports,"Tech & Engineering,Marketing & Communications,Media & Journalism",$45k–$75k,$45k–$85k
11.4,capture performance,0.31,Performance Capture Director,Arts & Performance,"Tech & Engineering,Design & Creative",Performance Capture Technician,Gaming & Esports,"Tech & Engineering,Marketing & Communications,Media & Journalism",$60k–$110k,$45k–$85k
11.4,capture performance,0.556,Performance Capture Director,Arts & Performance,"Tech & Engineering,Design & Creative",Performance Capture Artist,Gaming & Esports,"Tech & Engineering,Marketing & Communications,Media & Journalism",$60k–$110k,$45k–$85k
11.4,estate real,0.02,Commercial Real Estate Lender,Business & Finance,"Entrepreneurship,Law & Government",Real Estate Appraiser,Hospitality & Events,"Food & Culinary,Marketing & Communications,Science & Research",$65k–$120k,$40k–$85k
11.4,estate real,0.041,Commercial Real Estate Lender,Business & Finance,"Entrepreneurship,Law & Government",Real Estate Development Manager,Architecture & Urban Planning,"Design & Creative,Environment & Sustainability",$65k–$120k,$65k–$120k
11.4,estate real,0.0,Commercial Real Estate Lender,Business & Finance,"Entrepreneurship,Law & Government",Real Estate Developer,Architecture & Urban Planning,"Design & Creative,Environment & Sustainability",$65k–$120k,$65k–$150k
11.4,estate real,0.027,Real Estate Flipping Entrepreneur,Entrepreneurship,"Business & Finance,Tech & Engineering,Architecture & Urban Planning",Commercial Real Estate Appraiser,Science & Research,"Healthcare & Medicine,Tech & Engineering,Architecture & Urban Planning",$45k–$150k,$52k–$95k
11.4,estate real,0.061,Real Estate Flipping Entrepreneur,Entrepreneurship,"Business & Finance,Tech & Engineering,Architecture & Urban Planning",Title Attorney (Real Estate),Law & Government,Business & Finance,$45k–$150k,$70k–$150k
11.4,estate real,0.061,Real Estate Flipping Entrepreneur,Entrepreneurship,"Business & Finance,Tech & Engineering,Architecture & Urban Planning",Title Agent (Real Estate Legal Services),Law & Government,Business & Finance,$45k–$150k,$45k–$75k
11.4,estate real,0.051,Real Estate Flipping Entrepreneur,Entrepreneurship,"Business & Finance,Tech & Engineering,Architecture & Urban Planning",Real Estate Appraiser,Hospitality & Events,"Food & Culinary,Marketing & Communications,Science & Research",$45k–$150k,$40k–$85k
11.4,estate real,0.065,Real Estate Flipping Entrepreneur,Entrepreneurship,"Business & Finance,Tech & Engineering,Architecture & Urban Planning",Real Estate Attorney,Law & Government,"Business & Finance,Social Impact & Nonprofit,Science & Research",$45k–$150k,$80k–$160k
11.4,estate real,0.056,Real Estate Flipping Entrepreneur,Entrepreneurship,"Business & Finance,Tech & Engineering,Architecture & Urban Planning",Commercial Real Estate Analyst,Fashion & Beauty,"Design & Creative,Marketing & Communications,Science & Research",$45k–$150k,$60k–$95k
11.4,estate real,0.118,Commercial Real Estate Appraiser,Science & Research,"Healthcare & Medicine,Tech & Engineering,Architecture & Urban Planning",Real Estate Investment Trust Manager,Business & Finance,"Entrepreneurship,Law & Government",$52k–$95k,$70k–$150k
11.4,estate real,0.025,Commercial Real Estate Appraiser,Science & Research,"Healthcare & Medicine,Tech & Engineering,Architecture & Urban Planning",Title Attorney (Real Estate),Law & Government,Business & Finance,$52k–$95k,$70k–$150k
11.4,estate real,0.0,Commercial Real Estate Appraiser,Science & Research,"Healthcare & Medicine,Tech & Engineering,Architecture & Urban Planning",Title Agent (Real Estate Legal Services),Law & Government,Business & Finance,$52k–$95k,$45k–$75k
11.4,estate real,0.027,Commercial Real Estate Appraiser,Science & Research,"Healthcare & Medicine,Tech & Engineering,Architecture & Urban Planning",Real Estate Wholesaler,Entrepreneurship,"Business & Finance,Law & Government",$52k–$95k,$45k–$150k
11.4,estate real,0.053,Commercial Real Estate Appraiser,Science & Research,"Healthcare & Medicine,Tech & Engineering,Architecture & Urban Planning",Real Estate Syndication Manager,Business & Finance,"Entrepreneurship,Law & Government",$52k–$95k,$70k–$150k
11.4,estate real,0.026,Commercial Real Estate Appraiser,Science & Research,"Healthcare & Medicine,Tech & Engineering,Architecture & Urban Planning",Real Estate Wholesale Entrepreneur,Entrepreneurship,"Business & Finance,Law & Government",$52k–$95k,$45k–$150k
11.4,estate real,0.222,Commercial Real Estate Appraiser,Science & Research,"Healthcare & Medicine,Tech & Engineering,Architecture & Urban Planning",Real Estate Investment Trust (REIT) Analyst,Business & Finance,"Entrepreneurship,Law & Government",$52k–$95k,$60k–$110k
11.4,estate real,0.054,Commercial Real Estate Appraiser,Science & Research,"Healthcare & Medicine,Tech & Engineering,Architecture & Urban Planning",Residential Real Estate Agent,Entrepreneurship,"Business & Finance,Tech & Engineering",$52k–$95k,$45k–$105k
11.4,estate real,0.024,Commercial Real Estate Appraiser,Science & Research,"Healthcare & Medicine,Tech & Engineering,Architecture & Urban Planning",Real Estate Transaction Attorney,Law & Government,"Business & Finance,Entrepreneurship",$52k–$95k,$30k–$45k
11.4,estate real,0.0,Commercial Real Estate Appraiser,Science & Research,"Healthcare & Medicine,Tech & Engineering,Architecture & Urban Planning",Real Estate Litigation Attorney,Law & Government,"Business & Finance,Entrepreneurship",$52k–$95k,$85k–$175k
11.4,estate real,0.167,Commercial Real Estate Appraiser,Science & Research,"Healthcare & Medicine,Tech & Engineering,Architecture & Urban Planning",Real Estate Investment Analyst,Business & Finance,"Entrepreneurship,Law & Government",$52k–$95k,$55k–$95k
11.4,estate real,0.079,Real Estate Investment Trust Manager,Business & Finance,"Entrepreneurship,Law & Government",Real Estate Appraiser,Hospitality & Events,"Food & Culinary,Marketing & Communications,Science & Research",$70k–$150k,$40k–$85k
11.4,estate real,0.079,Real Estate Investment Trust Manager,Business & Finance,"Entrepreneurship,Law & Government",Real Estate Development Manager,Architecture & Urban Planning,"Design & Creative,Environment & Sustainability",$70k–$150k,$65k–$120k
11.4,estate real,0.267,Real Estate Investment Trust Manager,Business & Finance,"Entrepreneurship,Law & Government",Commercial Real Estate Analyst,Fashion & Beauty,"Design & Creative,Marketing & Communications,Science & Research",$70k–$150k,$60k–$95k
11.4,estate real,0.0,Real Estate Investment Trust Manager,Business & Finance,"Entrepreneurship,Law & Government",Real Estate Developer,Architecture & Urban Planning,"Design & Creative,Environment & Sustainability",$70k–$150k,$65k–$150k
11.4,estate real,0.0,Title Attorney (Real Estate),Law & Government,Business & Finance,Real Estate Appraiser,Hospitality & Events,"Food & Culinary,Marketing & Communications,Science & Research",$70k–$150k,$40k–$85k
11.4,estate real,0.051,Title Attorney (Real Estate),Law & Government,Business & Finance,Real Estate Tech Founder,Entrepreneurship,"Business & Finance,Tech & Engineering,Science & Research",$70k–$150k,$50k–$150k
11.4,estate real,0.048,Title Attorney (Real Estate),Law & Government,Business & Finance,Real Estate Development Manager,Architecture & Urban Planning,"Design & Creative,Environment & Sustainability",$70k–$150k,$65k–$120k
11.4,estate real,0.029,Title Attorney (Real Estate),Law & Government,Business & Finance,Residential Real Estate Agent,Entrepreneurship,"Business & Finance,Tech & Engineering",$70k–$150k,$45k–$105k
11.4,estate real,0.079,Title Attorney (Real Estate),Law & Government,Business & Finance,Commercial Real Estate Analyst,Fashion & Beauty,"Design & Creative,Marketing & Communications,Science & Research",$70k–$150k,$60k–$95k
11.4,estate real,0.057,Title Attorney (Real Estate),Law & Government,Business & Finance,Commercial Real Estate Broker,Tech & Engineering,"Business & Finance,Design & Creative,Architecture & Urban Planning",$70k–$150k,$65k–$150k
11.4,estate real,0.0,Title Attorney (Real Estate),Law & Government,Business & Finance,Real Estate Developer,Architecture & Urban Planning,"Design & Creative,Environment & Sustainability",$70k–$150k,$65k–$150k
11.4,estate real,0.0,Title Agent (Real Estate Legal Services),Law & Government,Business & Finance,Real Estate Appraiser,Hospitality & Events,"Food & Culinary,Marketing & Communications,Science & Research",$45k–$75k,$40k–$85k
11.4,estate real,0.051,Title Agent (Real Estate Legal Services),Law & Government,Business & Finance,Real Estate Tech Founder,Entrepreneurship,"Business & Finance,Tech & Engineering,Science & Research",$45k–$75k,$50k–$150k
11.4,estate real,0.048,Title Agent (Real Estate Legal Services),Law & Government,Business & Finance,Real Estate Development Manager,Architecture & Urban Planning,"Design & Creative,Environment & Sustainability",$45k–$75k,$65k–$120k
11.4,estate real,0.079,Title Agent (Real Estate Legal Services),Law & Government,Business & Finance,Commercial Real Estate Analyst,Fashion & Beauty,"Design & Creative,Marketing & Communications,Science & Research",$45k–$75k,$60k–$95k
11.4,estate real,0.057,Title Agent (Real Estate Legal Services),Law & Government,Business & Finance,Commercial Real Estate Broker,Tech & Engineering,"Business & Finance,Design & Creative,Architecture & Urban Planning",$45k–$75k,$65k–$150k
11.4,estate real,0.0,Title Agent (Real Estate Legal Services),Law & Government,Business & Finance,Real Estate Developer,Architecture & Urban Planning,"Design & Creative,Environment & Sustainability",$45k–$75k,$65k–$150k
11.4,estate real,0.025,Real Estate Appraiser,Hospitality & Events,"Food & Culinary,Marketing & Communications,Science & Research",Commercial Real Estate Leasing Agent,Business & Finance,"Entrepreneurship,Law & Government",$40k–$85k,$50k–$95k
11.4,estate real,0.068,Real Estate Appraiser,Hospitality & Events,"Food & Culinary,Marketing & Communications,Science & Research",Real Estate Tech Founder,Entrepreneurship,"Business & Finance,Tech & Engineering,Science & Research",$40k–$85k,$50k–$150k
11.4,estate real,0.025,Real Estate Appraiser,Hospitality & Events,"Food & Culinary,Marketing & Communications,Science & Research",Real Estate Wholesaler,Entrepreneurship,"Business & Finance,Law & Government",$40k–$85k,$45k–$150k
11.4,estate real,0.02,Real Estate Appraiser,Hospitality & Events,"Food & Culinary,Marketing & Communications,Science & Research",Real Estate Development Manager,Architecture & Urban Planning,"Design & Creative,Environment & Sustainability",$40k–$85k,$65k–$120k
11.4,estate real,0.024,Real Estate Appraiser,Hospitality & Events,"Food & Culinary,Marketing & Communications,Science & Research",Real Estate Syndication Manager,Business & Finance,"Entrepreneurship,Law & Government",$40k–$85k,$70k–$150k
11.4,estate real,0.022,Real Estate Appraiser,Hospitality & Events,"Food & Culinary,Marketing & Communications,Science & Research",Loan Officer (Commercial Real Estate),Business & Finance,"Law & Government,Entrepreneurship",$40k–$85k,$65k–$120k
11.4,estate real,0.024,Real Estate Appraiser,Hospitality & Events,"Food & Culinary,Marketing & Communications,Science & Research",Real Estate Attorney,Law & Government,"Business & Finance,Social Impact & Nonprofit,Science & Research",$40k–$85k,$80k–$160k
11.4,estate real,0.024,Real Estate Appraiser,Hospitality & Events,"Food & Culinary,Marketing & Communications,Science & Research",Real Estate Wholesale Entrepreneur,Entrepreneurship,"Business & Finance,Law & Government",$40k–$85k,$45k–$150k
11.4,estate real,0.119,Real Estate Appraiser,Hospitality & Events,"Food & Culinary,Marketing & Communications,Science & Research",Real Estate Investment Trust (REIT) Analyst,Business & Finance,"Entrepreneurship,Law & Government",$40k–$85k,$60k–$110k
11.4,estate real,0.077,Real Estate Appraiser,Hospitality & Events,"Food & Culinary,Marketing & Communications,Science & Research",Residential Real Estate Agent,Entrepreneurship,"Business & Finance,Tech & Engineering",$40k–$85k,$45k–$105k
11.4,estate real,0.093,Real Estate Appraiser,Hospitality & Events,"Food & Culinary,Marketing & Communications,Science & Research",Commercial Real Estate Analyst,Fashion & Beauty,"Design & Creative,Marketing & Communications,Science & Research",$40k–$85k,$60k–$95k
11.4,estate real,0.047,Real Estate Appraiser,Hospitality & Events,"Food & Culinary,Marketing & Communications,Science & Research",Real Estate Transaction Attorney,Law & Government,"Business & Finance,Entrepreneurship",$40k–$85k,$30k–$45k
11.4,estate real,0.049,Real Estate Appraiser,Hospitality & Events,"Food & Culinary,Marketing & Communications,Science & Research",Commercial Real Estate Broker,Tech & Engineering,"Business & Finance,Design & Creative,Architecture & Urban Planning",$40k–$85k,$65k–$150k
11.4,estate real,0.0,Real Estate Appraiser,Hospitality & Events,"Food & Culinary,Marketing & Communications,Science & Research",Real Estate Litigation Attorney,Law & Government,"Business & Finance,Entrepreneurship",$40k–$85k,$85k–$175k
11.4,estate real,0.098,Real Estate Appraiser,Hospitality & Events,"Food & Culinary,Marketing & Communications,Science & Research",Real Estate Investment Analyst,Business & Finance,"Entrepreneurship,Law & Government",$40k–$85k,$55k–$95k
11.4,estate real,0.048,Real Estate Appraiser,Hospitality & Events,"Food & Culinary,Marketing & Communications,Science & Research",Real Estate Developer,Architecture & Urban Planning,"Design & Creative,Environment & Sustainability",$40k–$85k,$65k–$150k
11.4,estate real,0.051,Commercial Real Estate Leasing Agent,Business & Finance,"Entrepreneurship,Law & Government",Real Estate Development Manager,Architecture & Urban Planning,"Design & Creative,Environment & Sustainability",$50k–$95k,$65k–$120k
11.4,estate real,0.029,Commercial Real Estate Leasing Agent,Business & Finance,"Entrepreneurship,Law & Government",Real Estate Developer,Architecture & Urban Planning,"Design & Creative,Environment & Sustainability",$50k–$95k,$65k–$150k
11.4,estate real,0.068,Real Estate Tech Founder,Entrepreneurship,"Business & Finance,Tech & Engineering,Science & Research",Real Estate Development Manager,Architecture & Urban Planning,"Design & Creative,Environment & Sustainability",$50k–$150k,$65k–$120k
11.4,estate real,0.083,Real Estate Tech Founder,Entrepreneurship,"Business & Finance,Tech & Engineering,Science & Research",Real Estate Attorney,Law & Government,"Business & Finance,Social Impact & Nonprofit,Science & Research",$50k–$150k,$80k–$160k
11.4,estate real,0.048,Real Estate Tech Founder,Entrepreneurship,"Business & Finance,Tech & Engineering,Science & Research",Commercial Real Estate Analyst,Fashion & Beauty,"Design & Creative,Marketing & Communications,Science & Research",$50k–$150k,$60k–$95k
11.4,estate real,0.025,Real Estate Tech Founder,Entrepreneurship,"Business & Finance,Tech & Engineering,Science & Research",Real Estate Developer,Architecture & Urban Planning,"Design & Creative,Environment & Sustainability",$50k–$150k,$65k–$150k
11.4,estate real,0.079,Real Estate Wholesaler,Entrepreneurship,"Business & Finance,Law & Government",Real Estate Development Manager,Architecture & Urban Planning,"Design & Creative,Environment & Sustainability",$45k–$150k,$65k–$120k
11.4,estate real,0.086,Real Estate Wholesaler,Entrepreneurship,"Business & Finance,Law & Government",Commercial Real Estate Analyst,Fashion & Beauty,"Design & Creative,Marketing & Communications,Science & Research",$45k–$150k,$60k–$95k
11.4,estate real,0.133,Real Estate Wholesaler,Entrepreneurship,"Business & Finance,Law & Government",Commercial Real Estate Broker,Tech & Engineering,"Business & Finance,Design & Creative,Architecture & Urban Planning",$45k–$150k,$65k–$150k
11.4,estate real,0.0,Real Estate Wholesaler,Entrepreneurship,"Business & Finance,Law & Government",Real Estate Developer,Architecture & Urban Planning,"Design & Creative,Environment & Sustainability",$45k–$150k,$65k–$150k
11.4,estate real,0.075,Real Estate Development Manager,Architecture & Urban Planning,"Design & Creative,Environment & Sustainability",Real Estate Syndication Manager,Business & Finance,"Entrepreneurship,Law & Government",$65k–$120k,$70k–$150k
11.4,estate real,0.045,Real Estate Development Manager,Architecture & Urban Planning,"Design & Creative,Environment & Sustainability",Loan Officer (Commercial Real Estate),Business & Finance,"Law & Government,Entrepreneurship",$65k–$120k,$65k–$120k
11.4,estate real,0.05,Real Estate Development Manager,Architecture & Urban Planning,"Design & Creative,Environment & Sustainability",Real Estate Attorney,Law & Government,"Business & Finance,Social Impact & Nonprofit,Science & Research",$65k–$120k,$80k–$160k
11.4,estate real,0.049,Real Estate Development Manager,Architecture & Urban Planning,"Design & Creative,Environment & Sustainability",Real Estate Wholesale Entrepreneur,Entrepreneurship,"Business & Finance,Law & Government",$65k–$120k,$45k–$150k
11.4,estate real,0.068,Real Estate Development Manager,Architecture & Urban Planning,"Design & Creative,Environment & Sustainability",Real Estate Investment Trust (REIT) Analyst,Business & Finance,"Entrepreneurship,Law & Government",$65k–$120k,$60k–$110k
11.4,estate real,0.0,Real Estate Development Manager,Architecture & Urban Planning,"Design & Creative,Environment & Sustainability",Residential Real Estate Agent,Entrepreneurship,"Business & Finance,Tech & Engineering",$65k–$120k,$45k–$105k
11.4,estate real,0.068,Real Estate Development Manager,Architecture & Urban Planning,"Design & Creative,Environment & Sustainability",Commercial Real Estate Analyst,Fashion & Beauty,"Design & Creative,Marketing & Communications,Science & Research",$65k–$120k,$60k–$95k
11.4,estate real,0.047,Real Estate Development Manager,Architecture & Urban Planning,"Design & Creative,Environment & Sustainability",Real Estate Transaction Attorney,Law & Government,"Business & Finance,Entrepreneurship",$65k–$120k,$30k–$45k
11.4,estate real,0.1,Real Estate Development Manager,Architecture & Urban Planning,"Design & Creative,Environment & Sustainability",Real Estate Litigation Attorney,Law & Government,"Business & Finance,Entrepreneurship",$65k–$120k,$85k–$175k
11.4,estate real,0.047,Real Estate Development Manager,Architecture & Urban Planning,"Design & Creative,Environment & Sustainability",Real Estate Investment Analyst,Business & Finance,"Entrepreneurship,Law & Government",$65k–$120k,$55k–$95k
11.4,estate real,0.111,Real Estate Syndication Manager,Business & Finance,"Entrepreneurship,Law & Government",Commercial Real Estate Analyst,Fashion & Beauty,"Design & Creative,Marketing & Communications,Science & Research",$70k–$150k,$60k–$95k
11.4,estate real,0.0,Real Estate Syndication Manager,Business & Finance,"Entrepreneurship,Law & Government",Real Estate Developer,Architecture & Urban Planning,"Design & Creative,Environment & Sustainability",$70k–$150k,$65k–$150k
11.4,estate real,0.0,Loan Officer (Commercial Real Estate),Business & Finance,"Law & Government,Entrepreneurship",Real Estate Developer,Architecture & Urban Planning,"Design & Creative,Environment & Sustainability",$65k–$120k,$65k–$150k
11.4,estate real,0.0,Real Estate Attorney,Law & Government,"Business & Finance,Social Impact & Nonprofit,Science & Research",Residential Real Estate Agent,Entrepreneurship,"Business & Finance,Tech & Engineering",$80k–$160k,$45k–$105k
11.4,estate real,0.147,Real Estate Attorney,Law & Government,"Business & Finance,Social Impact & Nonprofit,Science & Research",Commercial Real Estate Analyst,Fashion & Beauty,"Design & Creative,Marketing & Communications,Science & Research",$80k–$160k,$60k–$95k
11.4,estate real,0.061,Real Estate Attorney,Law & Government,"Business & Finance,Social Impact & Nonprofit,Science & Research",Commercial Real Estate Broker,Tech & Engineering,"Business & Finance,Design & Creative,Architecture & Urban Planning",$80k–$160k,$65k–$150k
11.4,estate real,0.0,Real Estate Attorney,Law & Government,"Business & Finance,Social Impact & Nonprofit,Science & Research",Real Estate Developer,Architecture & Urban Planning,"Design & Creative,Environment & Sustainability",$80k–$160k,$65k–$150k
11.4,estate real,0.053,Real Estate Wholesale Entrepreneur,Entrepreneurship,"Business & Finance,Law & Government",Commercial Real Estate Analyst,Fashion & Beauty,"Design & Creative,Marketing & Communications,Science & Research",$45k–$150k,$60k–$95k
11.4,estate real,0.161,Real Estate Wholesale Entrepreneur,Entrepreneurship,"Business & Finance,Law & Government",Commercial Real Estate Broker,Tech & Engineering,"Business & Finance,Design & Creative,Architecture & Urban Planning",$45k–$150k,$65k–$150k
11.4,estate real,0.0,Real Estate Wholesale Entrepreneur,Entrepreneurship,"Business & Finance,Law & Government",Real Estate Developer,Architecture & Urban Planning,"Design & Creative,Environment & Sustainability",$45k–$150k,$65k–$150k
11.4,estate real,0.467,Real Estate Investment Trust (REIT) Analyst,Business & Finance,"Entrepreneurship,Law & Government",Commercial Real Estate Analyst,Fashion & Beauty,"Design & Creative,Marketing & Communications,Science & Research",$60k–$110k,$60k–$95k
11.4,estate real,0.0,Real Estate Investment Trust (REIT) Analyst,Business & Finance,"Entrepreneurship,Law & Government",Real Estate Developer,Architecture & Urban Planning,"Design & Creative,Environment & Sustainability",$60k–$110k,$65k–$150k
11.4,estate real,0.026,Residential Real Estate Agent,Entrepreneurship,"Business & Finance,Tech & Engineering",Commercial Real Estate Analyst,Fashion & Beauty,"Design & Creative,Marketing & Communications,Science & Research",$45k–$105k,$60k–$95k
11.4,estate real,0.029,Residential Real Estate Agent,Entrepreneurship,"Business & Finance,Tech & Engineering",Real Estate Developer,Architecture & Urban Planning,"Design & Creative,Environment & Sustainability",$45k–$105k,$65k–$150k
11.4,estate real,0.077,Commercial Real Estate Analyst,Fashion & Beauty,"Design & Creative,Marketing & Communications,Science & Research",Real Estate Transaction Attorney,Law & Government,"Business & Finance,Entrepreneurship",$60k–$95k,$30k–$45k
11.4,estate real,0.079,Commercial Real Estate Analyst,Fashion & Beauty,"Design & Creative,Marketing & Communications,Science & Research",Real Estate Litigation Attorney,Law & Government,"Business & Finance,Entrepreneurship",$60k–$95k,$85k–$175k
11.4,estate real,0.4,Commercial Real Estate Analyst,Fashion & Beauty,"Design & Creative,Marketing & Communications,Science & Research",Real Estate Investment Analyst,Business & Finance,"Entrepreneurship,Law & Government",$60k–$95k,$55k–$95k
11.4,estate real,0.0,Commercial Real Estate Analyst,Fashion & Beauty,"Design & Creative,Marketing & Communications,Science & Research",Real Estate Developer,Architecture & Urban Planning,"Design & Creative,Environment & Sustainability",$60k–$95k,$65k–$150k
11.4,estate real,0.086,Real Estate Transaction Attorney,Law & Government,"Business & Finance,Entrepreneurship",Commercial Real Estate Broker,Tech & Engineering,"Business & Finance,Design & Creative,Architecture & Urban Planning",$30k–$45k,$65k–$150k
11.4,estate real,0.026,Real Estate Transaction Attorney,Law & Government,"Business & Finance,Entrepreneurship",Real Estate Developer,Architecture & Urban Planning,"Design & Creative,Environment & Sustainability",$30k–$45k,$65k–$150k
11.4,estate real,0.0,Commercial Real Estate Broker,Tech & Engineering,"Business & Finance,Design & Creative,Architecture & Urban Planning",Real Estate Litigation Attorney,Law & Government,"Business & Finance,Entrepreneurship",$65k–$150k,$85k–$175k
11.4,estate real,0.027,Real Estate Litigation Attorney,Law & Government,"Business & Finance,Entrepreneurship",Real Estate Developer,Architecture & Urban Planning,"Design & Creative,Environment & Sustainability",$85k–$175k,$65k–$150k
11.4,estate real,0.026,Real Estate Investment Analyst,Business & Finance,"Entrepreneurship,Law & Government",Real Estate Developer,Architecture & Urban Planning,"Design & Creative,Environment & Sustainability",$55k–$95k,$65k–$150k
11.37,impact investor,0.125,Impact Investor,Social Impact & Nonprofit,"Education & Coaching,Law & Government,Science & Research",Impact Investor Relations Manager,Business & Finance,"Entrepreneurship,Tech & Engineering",$70k–$150k,$50k–$85k
11.37,artist environment,0.172,3D Environment Artist (Games),Design & Creative,"Tech & Engineering,Media & Journalism",Game Environment Artist,Gaming & Esports,"Tech & Engineering,Marketing & Communications,Science & Research",$60k–$95k,$55k–$95k
11.37,medicine physician,0.027,Physical Medicine and Rehabilitation Physician,Sports & Fitness,"Healthcare & Medicine,Marketing & Communications,Science & Research",Sports Medicine Physician,Gaming & Esports,"Tech & Engineering,Marketing & Communications,Media & Journalism",$100k–$200k,$100k–$200k
11.37,medicine physician,0.029,Physical Medicine and Rehabilitation Physician,Sports & Fitness,"Healthcare & Medicine,Marketing & Communications,Science & Research",Occupational Sports Medicine Physician,Gaming & Esports,"Tech & Engineering,Marketing & Communications,Media & Journalism",$100k–$200k,$100k–$200k
11.37,medicine physician,0.0,Emergency Medicine Physician,Healthcare & Medicine,"Science & Research,Tech & Engineering,Arts & Performance",Sports Medicine Physician,Gaming & Esports,"Tech & Engineering,Marketing & Communications,Media & Journalism",$100k–$200k,$100k–$200k
11.37,medicine physician,0.0,Emergency Medicine Physician,Healthcare & Medicine,"Science & Research,Tech & Engineering,Arts & Performance",Occupational Sports Medicine Physician,Gaming & Esports,"Tech & Engineering,Marketing & Communications,Media & Journalism",$100k–$200k,$100k–$200k
11.37,medicine physician,0.053,Physical Medicine & Rehabilitation Physician,Healthcare & Medicine,"Science & Research,Tech & Engineering,Social Impact & Nonprofit",Sports Medicine Physician,Gaming & Esports,"Tech & Engineering,Marketing & Communications,Media & Journalism",$100k–$200k,$100k–$200k
11.37,medicine physician,0.027,Physical Medicine & Rehabilitation Physician,Healthcare & Medicine,"Science & Research,Tech & Engineering,Social Impact & Nonprofit",Occupational Sports Medicine Physician,Gaming & Esports,"Tech & Engineering,Marketing & Communications,Media & Journalism",$100k–$200k,$100k–$200k
11.37,medicine physician,0.065,Sports Medicine Physician,Gaming & Esports,"Tech & Engineering,Marketing & Communications,Media & Journalism",Addiction Medicine Physician,Healthcare & Medicine,"Science & Research,Social Impact & Nonprofit",$100k–$200k,$100k–$200k
11.37,medicine physician,0.032,Sports Medicine Physician,Gaming & Esports,"Tech & Engineering,Marketing & Communications,Media & Journalism",Physician Assistant (Emergency Medicine),Healthcare & Medicine,"Science & Research,Education & Coaching",$100k–$200k,$120k–$175k
11.37,medicine physician,0.054,Sports Medicine Physician,Gaming & Esports,"Tech & Engineering,Marketing & Communications,Media & Journalism",Sleep Medicine Physician,Healthcare & Medicine,"Science & Research,Tech & Engineering",$100k–$200k,$100k–$200k
11.37,medicine physician,0.107,Addiction Medicine Physician,Healthcare & Medicine,"Science & Research,Social Impact & Nonprofit",Occupational Sports Medicine Physician,Gaming & Esports,"Tech & Engineering,Marketing & Communications,Media & Journalism",$100k–$200k,$100k–$200k
11.37,medicine physician,0.034,Physician Assistant (Emergency Medicine),Healthcare & Medicine,"Science & Research,Education & Coaching",Occupational Sports Medicine Physician,Gaming & Esports,"Tech & Engineering,Marketing & Communications,Media & Journalism",$120k–$175k,$100k–$200k
11.37,medicine physician,0.057,Sleep Medicine Physician,Healthcare & Medicine,"Science & Research,Tech & Engineering",Occupational Sports Medicine Physician,Gaming & Esports,"Tech & Engineering,Marketing & Communications,Media & Journalism",$100k–$200k,$100k–$200k
11.35,clinical trial,0.211,Clinical Trial Coordinator,Law & Government,"Business & Finance,Social Impact & Nonprofit,Science & Research",Biotech Clinical Trial Startup Founder,Entrepreneurship,"Healthcare & Medicine,Science & Research",$40k–$65k,$70k–$150k
11.35,clinical nutritionist,0.176,Nutritionist (Clinical),Healthcare & Medicine,"Science & Research,Social Impact & Nonprofit",Clinical Nutritionist,Food & Culinary,"Hospitality & Events,Business & Finance,Architecture & Urban Planning",$48k–$72k,$45k–$75k
11.34,agent entertainment,0.054,Booking Agent (Live Entertainment),Arts & Performance,"Hospitality & Events,Business & Finance",Sports Agent (Entertainment Law),Law & Government,"Business & Finance,Sports & Fitness",$35k–$75k,$65k–$150k
11.34,agent entertainment,0.053,Entertainment Booking Agent,Hospitality & Events,"Business & Finance,Arts & Performance",Sports Agent (Entertainment Law),Law & Government,"Business & Finance,Sports & Fitness",$35k–$75k,$65k–$150k
11.31,organizer rights,0.118,Immigrant Rights Organizer,Social Impact & Nonprofit,"Law & Government,Education & Coaching",Housing Rights Organizer,Gaming & Esports,"Tech & Engineering,Marketing & Communications,Science & Research",$35k–$55k,$40k–$60k
11.31,mentorship youth,0.219,Youth Mentorship Program Director,Social Impact & Nonprofit,"Education & Coaching,Law & Government",Youth Mentorship Coordinator,Gaming & Esports,"Tech & Engineering,Marketing & Communications,Architecture & Urban Planning",$37k–$63k,$30k–$50k
11.31,mentorship youth,0.267,Youth Mentorship Director,Social Impact & Nonprofit,"Education & Coaching,Law & Government",Youth Mentorship Coordinator,Gaming & Esports,"Tech & Engineering,Marketing & Communications,Architecture & Urban Planning",$38k–$58k,$30k–$50k
11.31,mentorship youth,0.16,Youth Mentorship Director,Social Impact & Nonprofit,"Education & Coaching,Law & Government",Youth Mentorship Program Manager,Gaming & Esports,"Tech & Engineering,Marketing & Communications,Architecture & Urban Planning",$38k–$58k,$37k–$63k
11.3,critic food,0.286,Food Critic,Food & Culinary,"Hospitality & Events,Business & Finance,Marketing & Communications",Food and Beverage Critic,Media & Journalism,"Hospitality & Events,Design & Creative",$45k–$85k,$45k–$85k
11.3,refugee services,0.214,Refugee Resettlement Services Coordinator,Social Impact & Nonprofit,"Law & Government,Education & Coaching",Refugee Services Coordinator,Gaming & Esports,"Tech & Engineering,Marketing & Communications,Science & Research",$35k–$55k,$35k–$55k
11.3,refugee services,0.269,Refugee Resettlement Services Manager,Social Impact & Nonprofit,"Law & Government,Education & Coaching",Refugee Services Coordinator,Gaming & Esports,"Tech & Engineering,Marketing & Communications,Science & Research",$42k–$65k,$35k–$55k
11.3,refugee services,0.185,Refugee Services Coordinator,Gaming & Esports,"Tech & Engineering,Marketing & Communications,Science & Research",Refugee Services Director,Social Impact & Nonprofit,"Law & Government,Education & Coaching",$35k–$55k,$45k–$65k
11.3,composer film,0.179,Film Composer,Gaming & Esports,"Tech & Engineering,Marketing & Communications,Media & Journalism",Composer (Film & TV),Arts & Performance,"Media & Journalism,Tech & Engineering",$45k–$120k,$45k–$120k
11.3,composer film,0.129,Composer (Film & TV),Arts & Performance,"Media & Journalism,Tech & Engineering",Film Score Composer,Gaming & Esports,"Tech & Engineering,Marketing & Communications,Media & Journalism",$45k–$120k,$45k–$120k
11.29,experience theme,0.156,Theme Park Experience Designer,Sports & Fitness,"Healthcare & Medicine,Marketing & Communications,Architecture & Urban Planning",Spatial Experience Designer (Theme Parks),Design & Creative,"Hospitality & Events,Tech & Engineering",$55k–$110k,$60k–$95k
11.29,commercial underwriter,0.233,Commercial Underwriter,Media & Journalism,"Marketing & Communications,Arts & Performance,Science & Research",Commercial Underwriter (Insurance),Business & Finance,"Law & Government,Tech & Engineering",$58k–$95k,$58k–$95k
11.29,commercial underwriter,0.32,Commercial Underwriter,Media & Journalism,"Marketing & Communications,Arts & Performance,Science & Research",Insurance Underwriter (Commercial),Business & Finance,"Law & Government,Tech & Engineering",$58k–$95k,$60k–$105k
11.29,commercial underwriter,0.321,Commercial Underwriter,Media & Journalism,"Marketing & Communications,Arts & Performance,Science & Research",Commercial Insurance Underwriter,Business & Finance,"Law & Government,Tech & Engineering",$58k–$95k,$65k–$110k
11.27,broker insurance,0.207,Insurance Broker,Business & Finance,"Entrepreneurship,Tech & Engineering",Business Insurance Broker,Design & Creative,"Marketing & Communications,Tech & Engineering,Science & Research",$60k–$105k,$55k–$95k
11.27,broker insurance,0.083,Insurance Broker,Business & Finance,"Entrepreneurship,Tech & Engineering",Event Insurance Broker,Hospitality & Events,"Food & Culinary,Marketing & Communications,Science & Research",$60k–$105k,$60k–$95k
11.27,broker insurance,0.321,Commercial Insurance Broker,Business & Finance,"Law & Government,Entrepreneurship",Business Insurance Broker,Design & Creative,"Marketing & Communications,Tech & Engineering,Science & Research",$55k–$110k,$55k–$95k
11.27,broker insurance,0.079,Commercial Insurance Broker,Business & Finance,"Law & Government,Entrepreneurship",Event Insurance Broker,Hospitality & Events,"Food & Culinary,Marketing & Communications,Science & Research",$55k–$110k,$60k–$95k
11.27,broker insurance,0.385,Business Insurance Broker,Design & Creative,"Marketing & Communications,Tech & Engineering,Science & Research",Insurance Broker (Commercial),Business & Finance,"Law & Government,Entrepreneurship",$55k–$95k,$45k–$120k
11.27,broker insurance,0.086,Business Insurance Broker,Design & Creative,"Marketing & Communications,Tech & Engineering,Science & Research",Event Insurance Broker,Hospitality & Events,"Food & Culinary,Marketing & Communications,Science & Research",$55k–$95k,$60k–$95k
11.27,broker insurance,0.081,Insurance Broker (Commercial),Business & Finance,"Law & Government,Entrepreneurship",Event Insurance Broker,Hospitality & Events,"Food & Culinary,Marketing & Communications,Science & Research",$45k–$120k,$60k–$95k
11.27,destination management,0.308,Destination Management Company Owner,Supply Chain & Operations,"Business & Finance,Tech & Engineering,Science & Research",Destination Management Coordinator,Hospitality & Events,"Business & Finance,Media & Journalism",$45k–$85k,$40k–$65k
11.23,audio studio,0.059,Audio Engineer (Recording Studio),Media & Journalism,"Arts & Performance,Design & Creative",Audio Engineer (Studio),Science & Research,"Healthcare & Medicine,Tech & Engineering,Arts & Performance",$35k–$75k,$35k–$75k
11.23,physical therapist,0.079,Sports Physical Therapist,Gaming & Esports,"Tech & Engineering,Marketing & Communications,Science & Research",Physical Therapist Assistant,Healthcare & Medicine,"Sports & Fitness,Education & Coaching",$70k–$100k,$35k–$55k
11.23,physical therapist,0.07,Sports Physical Therapist,Gaming & Esports,"Tech & Engineering,Marketing & Communications,Science & Research",Orthopedic Physical Therapist,Sports & Fitness,"Healthcare & Medicine,Education & Coaching",$70k–$100k,$60k–$95k
11.23,physical therapist,0.075,Sports Physical Therapist,Gaming & Esports,"Tech & Engineering,Marketing & Communications,Science & Research",Physical Therapist,Sports & Fitness,"Healthcare & Medicine,Marketing & Communications,Science & Research",$70k–$100k,$60k–$95k
11.23,environmental graphics,0.114,Environmental Graphics Designer (Interior),Environment & Sustainability,"Science & Research,Law & Government,Architecture & Urban Planning",Environmental Graphics Specialist,Marketing & Communications,"Business & Finance,Design & Creative,Media & Journalism",$50k–$85k,$50k–$85k
11.22,commercial loan,0.152,Loan Officer (Commercial Real Estate),Business & Finance,"Law & Government,Entrepreneurship",Commercial Loan Officer,Science & Research,"Healthcare & Medicine,Tech & Engineering,Law & Government",$65k–$120k,$60k–$105k
11.22,commercial loan,0.138,Loan Officer (Commercial),Business & Finance,"Entrepreneurship,Law & Government",Commercial Loan Officer,Science & Research,"Healthcare & Medicine,Tech & Engineering,Law & Government",$58k–$95k,$60k–$105k
11.22,commercial loan,0.179,Loan Officer (Commercial Banking),Business & Finance,"Law & Government,Entrepreneurship",Commercial Loan Officer,Science & Research,"Healthcare & Medicine,Tech & Engineering,Law & Government",$55k–$95k,$60k–$105k
11.22,commercial loan,0.185,Commercial Bank Loan Officer,Business & Finance,"Law & Government,Entrepreneurship",Commercial Loan Officer,Science & Research,"Healthcare & Medicine,Tech & Engineering,Law & Government",$55k–$90k,$60k–$105k
11.22,commercial loan,0.129,Commercial Loan Officer,Science & Research,"Healthcare & Medicine,Tech & Engineering,Law & Government",Commercial Banking Loan Officer,Business & Finance,"Entrepreneurship,Law & Government",$60k–$105k,$55k–$95k
11.22,conservator museum,0.286,Museum Collections Conservator,Arts & Performance,"Science & Research,Education & Coaching",Museum Conservator,Supply Chain & Operations,"Business & Finance,Tech & Engineering,Science & Research",$40k–$65k,$35k–$65k
11.22,conservator museum,0.121,Museum Antiquities Conservator,Arts & Performance,"Science & Research,Education & Coaching",Museum Conservator,Supply Chain & Operations,"Business & Finance,Tech & Engineering,Science & Research",$35k–$65k,$35k–$65k
11.22,conservator museum,0.233,Museum Conservator,Supply Chain & Operations,"Business & Finance,Tech & Engineering,Science & Research",Museum Collection Conservator,Arts & Performance,"Science & Research,Education & Coaching",$35k–$65k,$40k–$65k
11.22,high school,0.0,Chemistry Teacher (High School),Science & Research,Education & Coaching,Volleyball Coach (High School),Sports & Fitness,"Education & Coaching,Social Impact & Nonprofit",$55k–$85k,$35k–$65k
11.22,high school,0.026,Chemistry Teacher (High School),Science & Research,Education & Coaching,Volleyball Coach (College/High School),Sports & Fitness,"Education & Coaching,Social Impact & Nonprofit",$55k–$85k,$35k–$70k
11.22,high school,0.0,Chemistry Teacher (High School),Science & Research,Education & Coaching,High School Principal,Gaming & Esports,"Tech & Engineering,Marketing & Communications,Law & Government",$55k–$85k,$80k–$130k
11.22,high school,0.023,Chemistry Teacher (High School),Science & Research,Education & Coaching,Strength Coach (High School),Sports & Fitness,"Education & Coaching,Healthcare & Medicine",$55k–$85k,$35k–$55k
11.22,high school,0.024,Chemistry Teacher (High School),Science & Research,Education & Coaching,Strength and Conditioning Specialist (High School),Sports & Fitness,"Education & Coaching,Healthcare & Medicine",$55k–$85k,$35k–$55k
11.22,high school,0.025,Chemistry Teacher (High School),Science & Research,Education & Coaching,Athletic Trainer (High School),Sports & Fitness,"Education & Coaching,Healthcare & Medicine",$55k–$85k,$35k–$55k
11.22,high school,0.0,Chemistry Teacher (High School),Science & Research,Education & Coaching,Athletic Trainer (High School/College),Sports & Fitness,"Healthcare & Medicine,Education & Coaching",$55k–$85k,$35k–$65k
11.22,high school,0.026,Chemistry Teacher (High School),Science & Research,Education & Coaching,Strength and Conditioning Coach (High School),Sports & Fitness,"Education & Coaching,Healthcare & Medicine",$55k–$85k,$35k–$65k
11.22,high school,0.0,High School Science Teacher,Education & Coaching,"Social Impact & Nonprofit,Tech & Engineering,Architecture & Urban Planning",Athletic Director (High School/College),Gaming & Esports,"Tech & Engineering,Marketing & Communications,Science & Research",$40k–$65k,$45k–$85k
11.22,high school,0.0,High School Science Teacher,Education & Coaching,"Social Impact & Nonprofit,Tech & Engineering,Architecture & Urban Planning",High School Principal,Gaming & Esports,"Tech & Engineering,Marketing & Communications,Law & Government",$40k–$65k,$80k–$130k
11.22,high school,0.0,Physics Teacher (High School),Science & Research,"Education & Coaching,Tech & Engineering",Volleyball Coach (High School),Sports & Fitness,"Education & Coaching,Social Impact & Nonprofit",$45k–$75k,$35k–$65k
11.22,high school,0.0,Physics Teacher (High School),Science & Research,"Education & Coaching,Tech & Engineering",Volleyball Coach (College/High School),Sports & Fitness,"Education & Coaching,Social Impact & Nonprofit",$45k–$75k,$35k–$70k
11.22,high school,0.0,Physics Teacher (High School),Science & Research,"Education & Coaching,Tech & Engineering",High School Principal,Gaming & Esports,"Tech & Engineering,Marketing & Communications,Law & Government",$45k–$75k,$80k–$130k
11.22,high school,0.0,Physics Teacher (High School),Science & Research,"Education & Coaching,Tech & Engineering",Strength Coach (High School),Sports & Fitness,"Education & Coaching,Healthcare & Medicine",$45k–$75k,$35k–$55k
11.22,high school,0.0,Physics Teacher (High School),Science & Research,"Education & Coaching,Tech & Engineering",Strength and Conditioning Specialist (High School),Sports & Fitness,"Education & Coaching,Healthcare & Medicine",$45k–$75k,$35k–$55k
11.22,high school,0.029,Physics Teacher (High School),Science & Research,"Education & Coaching,Tech & Engineering",Athletic Trainer (High School),Sports & Fitness,"Education & Coaching,Healthcare & Medicine",$45k–$75k,$35k–$55k
11.22,high school,0.0,Physics Teacher (High School),Science & Research,"Education & Coaching,Tech & Engineering",Athletic Trainer (High School/College),Sports & Fitness,"Healthcare & Medicine,Education & Coaching",$45k–$75k,$35k–$65k
11.22,high school,0.0,Physics Teacher (High School),Science & Research,"Education & Coaching,Tech & Engineering",Strength and Conditioning Coach (High School),Sports & Fitness,"Education & Coaching,Healthcare & Medicine",$45k–$75k,$35k–$65k
11.22,high school,0.081,Volleyball Coach (High School),Sports & Fitness,"Education & Coaching,Social Impact & Nonprofit",Athletic Director (High School/College),Gaming & Esports,"Tech & Engineering,Marketing & Communications,Science & Research",$35k–$65k,$45k–$85k
11.22,high school,0.0,Volleyball Coach (High School),Sports & Fitness,"Education & Coaching,Social Impact & Nonprofit",High School Principal,Gaming & Esports,"Tech & Engineering,Marketing & Communications,Law & Government",$35k–$65k,$80k–$130k
11.22,high school,0.0,Volleyball Coach (High School),Sports & Fitness,"Education & Coaching,Social Impact & Nonprofit",Science Teacher (High School),Science & Research,"Education & Coaching,Tech & Engineering",$35k–$65k,$45k–$75k
11.22,high school,0.0,Volleyball Coach (College/High School),Sports & Fitness,"Education & Coaching,Social Impact & Nonprofit",High School Principal,Gaming & Esports,"Tech & Engineering,Marketing & Communications,Law & Government",$35k–$70k,$80k–$130k
11.22,high school,0.0,Volleyball Coach (College/High School),Sports & Fitness,"Education & Coaching,Social Impact & Nonprofit",Science Teacher (High School),Science & Research,"Education & Coaching,Tech & Engineering",$35k–$70k,$45k–$75k
11.22,high school,0.0,Athletic Director (High School/College),Gaming & Esports,"Tech & Engineering,Marketing & Communications,Science & Research",High School History Teacher,Education & Coaching,"Social Impact & Nonprofit,Tech & Engineering,Architecture & Urban Planning",$45k–$85k,$42k–$72k
11.22,high school,0.0,Athletic Director (High School/College),Gaming & Esports,"Tech & Engineering,Marketing & Communications,Science & Research",High School Teacher,Education & Coaching,"Social Impact & Nonprofit,Tech & Engineering,Science & Research",$45k–$85k,$42k–$70k
11.22,high school,0.0,Athletic Director (High School/College),Gaming & Esports,"Tech & Engineering,Marketing & Communications,Science & Research",High School English Teacher,Education & Coaching,"Social Impact & Nonprofit,Tech & Engineering",$45k–$85k,$42k–$70k
11.22,high school,0.075,Athletic Director (High School/College),Gaming & Esports,"Tech & Engineering,Marketing & Communications,Science & Research",Strength Coach (High School),Sports & Fitness,"Education & Coaching,Healthcare & Medicine",$45k–$85k,$35k–$55k
11.22,high school,0.029,Athletic Director (High School/College),Gaming & Esports,"Tech & Engineering,Marketing & Communications,Science & Research",High School Guidance Counselor,Education & Coaching,"Social Impact & Nonprofit,Business & Finance",$45k–$85k,$42k–$65k
11.22,high school,0.105,Athletic Director (High School/College),Gaming & Esports,"Tech & Engineering,Marketing & Communications,Science & Research",Strength and Conditioning Specialist (High School),Sports & Fitness,"Education & Coaching,Healthcare & Medicine",$45k–$85k,$35k–$55k
11.22,high school,0.0,Athletic Director (High School/College),Gaming & Esports,"Tech & Engineering,Marketing & Communications,Science & Research",High School Career Counselor,Education & Coaching,"Social Impact & Nonprofit,Business & Finance",$45k–$85k,$45k–$70k
11.22,high school,0.054,Athletic Director (High School/College),Gaming & Esports,"Tech & Engineering,Marketing & Communications,Science & Research",Strength and Conditioning Coach (High School),Sports & Fitness,"Education & Coaching,Healthcare & Medicine",$45k–$85k,$35k–$65k
11.22,high school,0.025,Athletic Director (High School/College),Gaming & Esports,"Tech & Engineering,Marketing & Communications,Science & Research",High School Debate Coach,Education & Coaching,"Law & Government,Media & Journalism",$45k–$85k,$45k–$65k
11.22,high school,0.026,High School History Teacher,Education & Coaching,"Social Impact & Nonprofit,Tech & Engineering,Architecture & Urban Planning",High School Principal,Gaming & Esports,"Tech & Engineering,Marketing & Communications,Law & Government",$42k–$72k,$80k–$130k
11.22,high school,0.0,High School Teacher,Education & Coaching,"Social Impact & Nonprofit,Tech & Engineering,Science & Research",High School Principal,Gaming & Esports,"Tech & Engineering,Marketing & Communications,Law & Government",$42k–$70k,$80k–$130k
11.22,high school,0.051,High School Principal,Gaming & Esports,"Tech & Engineering,Marketing & Communications,Law & Government",Science Teacher (High School),Science & Research,"Education & Coaching,Tech & Engineering",$80k–$130k,$45k–$75k
11.22,high school,0.0,High School Principal,Gaming & Esports,"Tech & Engineering,Marketing & Communications,Law & Government",High School English Teacher,Education & Coaching,"Social Impact & Nonprofit,Tech & Engineering",$80k–$130k,$42k–$70k
11.22,high school,0.049,High School Principal,Gaming & Esports,"Tech & Engineering,Marketing & Communications,Law & Government",Strength Coach (High School),Sports & Fitness,"Education & Coaching,Healthcare & Medicine",$80k–$130k,$35k–$55k
11.22,high school,0.029,High School Principal,Gaming & Esports,"Tech & Engineering,Marketing & Communications,Law & Government",High School Guidance Counselor,Education & Coaching,"Social Impact & Nonprofit,Business & Finance",$80k–$130k,$42k–$65k
11.22,high school,0.024,High School Principal,Gaming & Esports,"Tech & Engineering,Marketing & Communications,Law & Government",Strength and Conditioning Specialist (High School),Sports & Fitness,"Education & Coaching,Healthcare & Medicine",$80k–$130k,$35k–$55k
11.22,high school,0.054,High School Principal,Gaming & Esports,"Tech & Engineering,Marketing & Communications,Law & Government",High School Career Counselor,Education & Coaching,"Social Impact & Nonprofit,Business & Finance",$80k–$130k,$45k–$70k
11.22,high school,0.0,High School Principal,Gaming & Esports,"Tech & Engineering,Marketing & Communications,Law & Government",Athletic Trainer (High School),Sports & Fitness,"Education & Coaching,Healthcare & Medicine",$80k–$130k,$35k–$55k
11.22,high school,0.0,High School Principal,Gaming & Esports,"Tech & Engineering,Marketing & Communications,Law & Government",Athletic Trainer (High School/College),Sports & Fitness,"Healthcare & Medicine,Education & Coaching",$80k–$130k,$35k–$65k
11.22,high school,0.026,High School Principal,Gaming & Esports,"Tech & Engineering,Marketing & Communications,Law & Government",Strength and Conditioning Coach (High School),Sports & Fitness,"Education & Coaching,Healthcare & Medicine",$80k–$130k,$35k–$65k
11.22,high school,0.025,High School Principal,Gaming & Esports,"Tech & Engineering,Marketing & Communications,Law & Government",High School Debate Coach,Education & Coaching,"Law & Government,Media & Journalism",$80k–$130k,$45k–$65k
11.22,high school,0.053,Science Teacher (High School),Science & Research,"Education & Coaching,Tech & Engineering",Strength Coach (High School),Sports & Fitness,"Education & Coaching,Healthcare & Medicine",$45k–$75k,$35k–$55k
11.22,high school,0.026,Science Teacher (High School),Science & Research,"Education & Coaching,Tech & Engineering",Strength and Conditioning Specialist (High School),Sports & Fitness,"Education & Coaching,Healthcare & Medicine",$45k–$75k,$35k–$55k
11.22,high school,0.028,Science Teacher (High School),Science & Research,"Education & Coaching,Tech & Engineering",Athletic Trainer (High School),Sports & Fitness,"Education & Coaching,Healthcare & Medicine",$45k–$75k,$35k–$55k
11.22,high school,0.029,Science Teacher (High School),Science & Research,"Education & Coaching,Tech & Engineering",Athletic Trainer (High School/College),Sports & Fitness,"Healthcare & Medicine,Education & Coaching",$45k–$75k,$35k–$65k
11.22,high school,0.059,Science Teacher (High School),Science & Research,"Education & Coaching,Tech & Engineering",Strength and Conditioning Coach (High School),Sports & Fitness,"Education & Coaching,Healthcare & Medicine",$45k–$75k,$35k–$65k
11.21,branding personal,0.139,Social Media Strategist (Personal Branding),Media & Journalism,"Business & Finance,Design & Creative",Personal Branding Coach,Fashion & Beauty,"Business & Finance,Education & Coaching",$45k–$75k,$45k–$85k
11.21,branding personal,0.0,Social Media Strategist (Personal Branding),Media & Journalism,"Business & Finance,Design & Creative",Wardrobe Consultant (Personal Branding),Fashion & Beauty,"Business & Finance,Design & Creative",$45k–$75k,$45k–$85k
11.21,branding personal,0.028,Social Media Strategist (Personal Branding),Media & Journalism,"Business & Finance,Design & Creative",Personal Branding Stylist,Fashion & Beauty,"Business & Finance,Design & Creative",$45k–$75k,$45k–$75k
11.21,branding personal,0.091,Social Media Strategist (Personal Branding),Media & Journalism,"Business & Finance,Design & Creative",Personal Branding Consultant,Entrepreneurship,"Business & Finance,Design & Creative",$45k–$75k,$45k–$85k
11.21,branding personal,0.233,Personal Branding Coach,Fashion & Beauty,"Business & Finance,Education & Coaching",Personal Branding Consultant,Entrepreneurship,"Business & Finance,Design & Creative",$45k–$85k,$45k–$85k
11.21,branding personal,0.069,Wardrobe Consultant (Personal Branding),Fashion & Beauty,"Business & Finance,Design & Creative",Personal Branding Consultant,Entrepreneurship,"Business & Finance,Design & Creative",$45k–$85k,$45k–$85k
11.21,branding personal,0.031,Personal Branding Stylist,Fashion & Beauty,"Business & Finance,Design & Creative",Personal Branding Consultant,Entrepreneurship,"Business & Finance,Design & Creative",$45k–$75k,$45k–$85k
11.19,design package,0.231,Package Design Specialist,Design & Creative,"Business & Finance,Entrepreneurship",Package Design Engineer,Supply Chain & Operations,"Business & Finance,Tech & Engineering,Science & Research",$48k–$85k,$60k–$95k
11.19,design package,0.172,Package Design Strategist,Design & Creative,"Business & Finance,Entrepreneurship",Package Design Engineer,Supply Chain & Operations,"Business & Finance,Tech & Engineering,Science & Research",$52k–$85k,$60k–$95k
11.19,design package,0.267,Package Design Engineer,Supply Chain & Operations,"Business & Finance,Tech & Engineering,Science & Research",Package Design Consultant,Design & Creative,"Business & Finance,Entrepreneurship",$60k–$95k,$50k–$85k
11.19,brand merchandiser,0.054,Luxury Brand Merchandiser,Fashion & Beauty,"Design & Creative,Entrepreneurship",Fashion Brand Merchandiser,Marketing & Communications,"Business & Finance,Design & Creative,Science & Research",$40k–$75k,$45k–$85k
11.19,brand merchandiser,0.024,Fashion Brand Merchandiser,Marketing & Communications,"Business & Finance,Design & Creative,Science & Research",Luxury Brand Visual Merchandiser,Fashion & Beauty,"Design & Creative,Hospitality & Events",$45k–$85k,$40k–$65k
11.18,franchise restaurant,0.281,Franchise Restaurant Owner,Entrepreneurship,"Hospitality & Events,Business & Finance",Franchise Owner (Quick Service Restaurant),Marketing & Communications,"Business & Finance,Design & Creative,Science & Research",$45k–$150k,$40k–$120k
11.13,catering event,0.276,Event Catering Manager,Supply Chain & Operations,"Business & Finance,Tech & Engineering,Science & Research",Event Catering Director,Hospitality & Events,"Business & Finance,Design & Creative",$45k–$75k,$45k–$75k
11.13,event promoter,0.147,Sports Event Promoter,Sports & Fitness,"Business & Finance,Hospitality & Events",Cultural Event Promoter,Arts & Performance,"Hospitality & Events,Media & Journalism",$45k–$85k,$35k–$65k
11.13,housing rights,0.147,Housing Rights Advocate,Social Impact & Nonprofit,"Law & Government,Education & Coaching",Housing Rights Organizer,Gaming & Esports,"Tech & Engineering,Marketing & Communications,Science & Research",$45k–$75k,$40k–$60k
11.13,financial planning,0.296,Financial Planning Manager,Business & Finance,"Education & Coaching,Entrepreneurship",Financial Planning Analyst,Science & Research,"Healthcare & Medicine,Tech & Engineering",$65k–$120k,$60k–$95k
11.13,financial planning,0.276,Financial Planning Manager,Business & Finance,"Education & Coaching,Entrepreneurship",Financial Planning Director,Science & Research,"Healthcare & Medicine,Tech & Engineering",$65k–$120k,$85k–$150k
11.13,financial planning,0.24,Financial Planning Associate,Business & Finance,"Entrepreneurship,Law & Government",Financial Planning Analyst,Science & Research,"Healthcare & Medicine,Tech & Engineering",$55k–$90k,$60k–$95k
11.13,financial planning,0.32,Financial Planning Associate,Business & Finance,"Entrepreneurship,Law & Government",Financial Planning Director,Science & Research,"Healthcare & Medicine,Tech & Engineering",$55k–$90k,$85k–$150k
11.13,financial planning,0.348,Financial Planning Analyst,Science & Research,"Healthcare & Medicine,Tech & Engineering",Financial Advisor (Retirement Planning),Business & Finance,"Law & Government,Education & Coaching",$60k–$95k,$65k–$120k
11.13,financial planning,0.296,Financial Planning Analyst,Science & Research,"Healthcare & Medicine,Tech & Engineering",Financial Planning Advisor (Fee-Only),Business & Finance,"Entrepreneurship,Education & Coaching",$60k–$95k,$60k–$120k
11.13,financial planning,0.259,Financial Planning Analyst,Science & Research,"Healthcare & Medicine,Tech & Engineering",Financial Planning Advisor,Business & Finance,"Entrepreneurship,Law & Government",$60k–$95k,$65k–$120k
11.13,financial planning,0.32,Financial Advisor (Retirement Planning),Business & Finance,"Law & Government,Education & Coaching",Financial Planning Director,Science & Research,"Healthcare & Medicine,Tech & Engineering",$65k–$120k,$85k–$150k
11.13,financial planning,0.276,Financial Planning Advisor (Fee-Only),Business & Finance,"Entrepreneurship,Education & Coaching",Financial Planning Director,Science & Research,"Healthcare & Medicine,Tech & Engineering",$60k–$120k,$85k–$150k
11.13,financial planning,0.44,Financial Planning Director,Science & Research,"Healthcare & Medicine,Tech & Engineering",Financial Planning Advisor,Business & Finance,"Entrepreneurship,Law & Government",$85k–$150k,$65k–$120k
11.12,business coaching,0.333,Home-Based Coaching Business Owner,Marketing & Communications,"Business & Finance,Design & Creative,Science & Research",Niche Coaching Business Owner,Entrepreneurship,"Education & Coaching,Business & Finance",$40k–$120k,$45k–$150k
11.12,business coaching,0.156,Niche Coaching Business Owner,Entrepreneurship,"Education & Coaching,Business & Finance",Coaching Business Owner,Marketing & Communications,"Business & Finance,Design & Creative,Sports & Fitness",$45k–$150k,$45k–$150k
11.11,music therapy,0.176,Music Therapy Educator,Education & Coaching,"Healthcare & Medicine,Social Impact & Nonprofit",Music Therapy Coordinator,Arts & Performance,"Healthcare & Medicine,Social Impact & Nonprofit",$45k–$70k,$35k–$55k
11.11,music therapy,0.379,Music Therapy Director,Education & Coaching,"Healthcare & Medicine,Social Impact & Nonprofit",Music Therapy Coordinator,Arts & Performance,"Healthcare & Medicine,Social Impact & Nonprofit",$45k–$65k,$35k–$55k
11.11,music therapy,0.059,Music Therapy Coordinator,Arts & Performance,"Healthcare & Medicine,Social Impact & Nonprofit",Music Therapy Clinical Supervisor,Education & Coaching,"Healthcare & Medicine,Social Impact & Nonprofit",$35k–$55k,$60k–$85k
11.11,music therapy,0.2,Music Therapy Coordinator,Arts & Performance,"Healthcare & Medicine,Social Impact & Nonprofit",Music Therapy Instructor,Education & Coaching,"Social Impact & Nonprofit,Tech & Engineering,Healthcare & Medicine",$35k–$55k,$37k–$63k
11.11,music therapy,0.241,Music Therapy Coordinator,Arts & Performance,"Healthcare & Medicine,Social Impact & Nonprofit",Music Therapy Specialist,Education & Coaching,"Healthcare & Medicine,Social Impact & Nonprofit",$35k–$55k,$48k–$82k
11.1,book editor,0.25,Book Editor (Publishing),Media & Journalism,"Education & Coaching,Design & Creative",Book Editor,Science & Research,"Healthcare & Medicine,Tech & Engineering,Marketing & Communications",$45k–$75k,$45k–$75k
11.1,book editor,0.259,Book Editor (Acquisitions),Media & Journalism,"Business & Finance,Design & Creative",Book Editor,Science & Research,"Healthcare & Medicine,Tech & Engineering,Marketing & Communications",$50k–$85k,$45k–$75k
11.1,book editor,0.154,Book Editor (Acquisitions),Media & Journalism,"Business & Finance,Design & Creative",Book Editor (Trade Publishing),Science & Research,"Healthcare & Medicine,Tech & Engineering",$50k–$85k,$45k–$70k
11.1,book editor,0.107,Book Editor,Science & Research,"Healthcare & Medicine,Tech & Engineering,Marketing & Communications",Book Editor (Publishing House),Media & Journalism,"Design & Creative,Education & Coaching",$45k–$75k,$45k–$75k
11.09,beverage food,0.056,Food and Beverage Director,Supply Chain & Operations,"Business & Finance,Tech & Engineering,Science & Research",Food and Beverage Beverage Director,Food & Culinary,"Hospitality & Events,Business & Finance,Science & Research",$45k–$75k,$45k–$75k
11.09,beverage food,0.054,Food and Beverage Director,Supply Chain & Operations,"Business & Finance,Tech & Engineering,Science & Research",Food & Beverage Director (Hotel),Hospitality & Events,"Business & Finance,Design & Creative",$45k–$75k,$50k–$85k
11.09,beverage food,0.29,Food and Beverage Director,Supply Chain & Operations,"Business & Finance,Tech & Engineering,Science & Research",Food & Beverage Director (Hospitality),Hospitality & Events,"Business & Finance,Entrepreneurship",$45k–$75k,$45k–$75k
11.09,beverage food,0.2,Food and Beverage Director,Supply Chain & Operations,"Business & Finance,Tech & Engineering,Science & Research",Hotel Food and Beverage Director,Hospitality & Events,"Business & Finance,Education & Coaching",$45k–$75k,$50k–$85k
11.09,beverage food,0.345,Food and Beverage Director,Supply Chain & Operations,"Business & Finance,Tech & Engineering,Science & Research",Food & Beverage Director,Hospitality & Events,"Business & Finance,Entrepreneurship",$45k–$75k,$48k–$77k
11.09,beverage food,0.212,Food and Beverage Director,Supply Chain & Operations,"Business & Finance,Tech & Engineering,Science & Research",Food & Beverage Director (Hotels),Hospitality & Events,"Business & Finance,Entrepreneurship",$45k–$75k,$50k–$85k
11.09,beverage food,0.258,Food and Beverage Director,Supply Chain & Operations,"Business & Finance,Tech & Engineering,Science & Research",Food and Beverage Manager,Food & Culinary,"Hospitality & Events,Business & Finance,Science & Research",$45k–$75k,$45k–$75k
11.09,beverage food,0.026,Food and Beverage Director,Supply Chain & Operations,"Business & Finance,Tech & Engineering,Science & Research",Food and Beverage Critic,Media & Journalism,"Hospitality & Events,Design & Creative",$45k–$75k,$45k–$85k
11.09,beverage food,0.182,Food and Beverage Director,Supply Chain & Operations,"Business & Finance,Tech & Engineering,Science & Research",Franchise Operator (Food & Beverage),Marketing & Communications,"Business & Finance,Design & Creative,Science & Research",$45k–$75k,$50k–$150k
11.09,beverage food,0.029,Food and Beverage Beverage Director,Food & Culinary,"Hospitality & Events,Business & Finance,Science & Research",Food and Beverage Critic,Media & Journalism,"Hospitality & Events,Design & Creative",$45k–$75k,$45k–$85k
11.09,beverage food,0.029,Food and Beverage Beverage Director,Food & Culinary,"Hospitality & Events,Business & Finance,Science & Research",Franchise Operator (Food & Beverage),Marketing & Communications,"Business & Finance,Design & Creative,Science & Research",$45k–$75k,$50k–$150k
11.09,beverage food,0.091,Food & Beverage Director (Hotel),Hospitality & Events,"Business & Finance,Design & Creative",Franchise Operator (Food & Beverage),Marketing & Communications,"Business & Finance,Design & Creative,Science & Research",$50k–$85k,$50k–$150k
11.09,beverage food,0.121,Food & Beverage Director (Hospitality),Hospitality & Events,"Business & Finance,Entrepreneurship",Franchise Operator (Food & Beverage),Marketing & Communications,"Business & Finance,Design & Creative,Science & Research",$45k–$75k,$50k–$150k
11.09,beverage food,0.083,Hotel Food and Beverage Director,Hospitality & Events,"Business & Finance,Education & Coaching",Franchise Operator (Food & Beverage),Marketing & Communications,"Business & Finance,Design & Creative,Science & Research",$50k–$85k,$50k–$150k
11.09,beverage food,0.2,Food & Beverage Director,Hospitality & Events,"Business & Finance,Entrepreneurship",Franchise Operator (Food & Beverage),Marketing & Communications,"Business & Finance,Design & Creative,Science & Research",$48k–$77k,$50k–$150k
11.09,beverage food,0.088,Food & Beverage Director (Hotels),Hospitality & Events,"Business & Finance,Entrepreneurship",Franchise Operator (Food & Beverage),Marketing & Communications,"Business & Finance,Design & Creative,Science & Research",$50k–$85k,$50k–$150k
11.09,beverage food,0.059,Food and Beverage Manager,Food & Culinary,"Hospitality & Events,Business & Finance,Science & Research",Food and Beverage Critic,Media & Journalism,"Hospitality & Events,Design & Creative",$45k–$75k,$45k–$85k
11.09,beverage food,0.161,Food and Beverage Manager,Food & Culinary,"Hospitality & Events,Business & Finance,Science & Research",Franchise Operator (Food & Beverage),Marketing & Communications,"Business & Finance,Design & Creative,Science & Research",$45k–$75k,$50k–$150k
11.09,beverage food,0.029,Food and Beverage Critic,Media & Journalism,"Hospitality & Events,Design & Creative",Franchise Operator (Food & Beverage),Marketing & Communications,"Business & Finance,Design & Creative,Science & Research",$45k–$85k,$50k–$150k
11.09,corporate retreat,0.212,Corporate Retreat Planner,Hospitality & Events,"Business & Finance,Design & Creative",Corporate Retreat Coordinator,Supply Chain & Operations,"Business & Finance,Tech & Engineering,Science & Research",$45k–$75k,$42k–$70k
11.08,impact venture,0.091,Impact Venture Founder,Environment & Sustainability,"Science & Research,Law & Government,Tech & Engineering",Impact Venture Capital Partner,Entrepreneurship,"Social Impact & Nonprofit,Tech & Engineering",$45k–$150k,$100k–$200k
11.08,impact venture,0.088,Impact Venture Founder,Environment & Sustainability,"Science & Research,Law & Government,Tech & Engineering",Impact Venture Capitalist,Entrepreneurship,"Tech & Engineering,Social Impact & Nonprofit",$45k–$150k,$0–$500k+
11.08,fashion fit,0.057,Fashion Fit Model,Marketing & Communications,"Business & Finance,Design & Creative,Science & Research",Fashion Fit Specialist,Fashion & Beauty,"Hospitality & Events,Design & Creative",$25k–$80k,$30k–$50k
11.08,fashion fit,0.054,Fashion Fit Specialist,Fashion & Beauty,"Hospitality & Events,Design & Creative",Fashion Fit Model Consultant,Marketing & Communications,"Business & Finance,Design & Creative,Science & Research",$30k–$50k,$35k–$65k
11.07,based community,0.027,Faith-Based Community Outreach Director,Gaming & Esports,"Tech & Engineering,Marketing & Communications,Science & Research",Community-Based Business Owner,Entrepreneurship,"Social Impact & Nonprofit,Business & Finance",$38k–$58k,$40k–$120k
11.03,grant writing,0.233,Grant Writing Journalist,Media & Journalism,"Social Impact & Nonprofit,Business & Finance",Grant Writing Researcher,Science & Research,"Law & Government,Education & Coaching",$45k–$75k,$52k–$85k
11.03,grant writing,0.143,Grant Writing Researcher,Science & Research,"Law & Government,Education & Coaching",Grant Writing Manager (Media),Media & Journalism,"Business & Finance,Social Impact & Nonprofit",$52k–$85k,$52k–$85k
11.03,grant writing,0.161,Grant Writing Researcher,Science & Research,"Law & Government,Education & Coaching",Grant Writing Communications Specialist,Media & Journalism,"Social Impact & Nonprofit,Business & Finance",$52k–$85k,$48k–$77k
11.03,grant writing,0.269,Grant Writing Researcher,Science & Research,"Law & Government,Education & Coaching",Grant Writing Coordinator,Media & Journalism,"Social Impact & Nonprofit,Law & Government",$52k–$85k,$45k–$75k
11.03,grant writing,0.233,Grant Writing Researcher,Science & Research,"Law & Government,Education & Coaching",Grant Writing Manager (Media Organizations),Media & Journalism,"Business & Finance,Social Impact & Nonprofit",$52k–$85k,$50k–$75k
11.03,grant writing,0.276,Grant Writing Researcher,Science & Research,"Law & Government,Education & Coaching",Grant Writing Specialist (Journalism),Media & Journalism,"Social Impact & Nonprofit,Business & Finance",$52k–$85k,$48k–$77k
11.03,grant writing,0.2,Grant Writing Researcher,Science & Research,"Law & Government,Education & Coaching",Grant Writing Specialist (Media),Media & Journalism,"Social Impact & Nonprofit,Business & Finance",$52k–$85k,$50k–$85k
11.03,boutique fitness,0.2,Boutique Fitness Studio Owner,Gaming & Esports,"Tech & Engineering,Marketing & Communications,Architecture & Urban Planning",Gym Owner (Boutique Fitness),Sports & Fitness,"Entrepreneurship,Business & Finance",$45k–$120k,$45k–$120k
11.03,learning machine,0.026,AI/Machine Learning Ethicist,Tech & Engineering,"Law & Government,Science & Research",Machine Learning Operations Engineer,Fashion & Beauty,"Design & Creative,Marketing & Communications,Science & Research",$80k–$160k,$85k–$150k
11.03,learning machine,0.075,AI/Machine Learning Researcher,Tech & Engineering,"Science & Research,Business & Finance",Machine Learning Operations Engineer,Fashion & Beauty,"Design & Creative,Marketing & Communications,Science & Research",$95k–$165k,$85k–$150k
11.03,learning machine,0.056,AI Trainer (Machine Learning),Tech & Engineering,"Education & Coaching,Science & Research",Machine Learning Operations Engineer,Fashion & Beauty,"Design & Creative,Marketing & Communications,Science & Research",$60k–$95k,$85k–$150k
11.03,learning machine,0.029,AI/Machine Learning Ethics Officer,Tech & Engineering,"Law & Government,Science & Research",Machine Learning Operations Engineer,Fashion & Beauty,"Design & Creative,Marketing & Communications,Science & Research",$95k–$165k,$85k–$150k
11.03,learning machine,0.051,AI/Machine Learning Specialist,Tech & Engineering,"Science & Research,Business & Finance",Machine Learning Operations Engineer,Fashion & Beauty,"Design & Creative,Marketing & Communications,Science & Research",$95k–$165k,$85k–$150k
11.03,learning machine,0.086,AI/Machine Learning Engineer,Tech & Engineering,"Science & Research,Business & Finance",Machine Learning Operations Engineer,Fashion & Beauty,"Design & Creative,Marketing & Communications,Science & Research",$80k–$160k,$85k–$150k
11.03,learning machine,0.091,AI/Machine Learning Research Engineer,Tech & Engineering,"Science & Research,Business & Finance",Machine Learning Operations Engineer,Fashion & Beauty,"Design & Creative,Marketing & Communications,Science & Research",$95k–$165k,$85k–$150k
11.03,learning machine,0.025,Machine Learning Operations Engineer,Fashion & Beauty,"Design & Creative,Marketing & Communications,Science & Research",AI/Machine Learning Trainer,Tech & Engineering,"Education & Coaching,Science & Research",$85k–$150k,$65k–$120k
11.03,learning machine,0.051,Machine Learning Operations Engineer,Fashion & Beauty,"Design & Creative,Marketing & Communications,Science & Research",Machine Learning Engineer,Tech & Engineering,"Business & Finance,Design & Creative,Science & Research",$85k–$150k,$100k–$180k
11.01,business small,0.161,Business Coach (Small Business),Entrepreneurship,"Business & Finance,Education & Coaching",Small Business Consultant,Marketing & Communications,"Business & Finance,Design & Creative",$50k–$95k,$55k–$100k
11.01,business small,0.091,Small Business Development Advisor,Entrepreneurship,"Business & Finance,Tech & Engineering,Science & Research",Small Business Consultant,Marketing & Communications,"Business & Finance,Design & Creative",$50k–$85k,$55k–$100k
11.01,business small,0.167,Small Business Accountant,Entrepreneurship,"Business & Finance,Tech & Engineering",Small Business Consultant,Marketing & Communications,"Business & Finance,Design & Creative",$30k–$45k,$55k–$100k
11.01,business small,0.094,Small Business Development Consultant,Entrepreneurship,"Business & Finance,Education & Coaching",Small Business Consultant,Marketing & Communications,"Business & Finance,Design & Creative",$55k–$95k,$55k–$100k
11.01,business small,0.094,Small Business Loan Officer,Entrepreneurship,"Business & Finance,Law & Government",Small Business Consultant,Marketing & Communications,"Business & Finance,Design & Creative",$50k–$85k,$55k–$100k
11.01,business small,0.091,Small Business Consultant,Marketing & Communications,"Business & Finance,Design & Creative",Small Business Loan Broker,Entrepreneurship,"Business & Finance,Law & Government",$55k–$100k,$50k–$95k
11.01,certified trainer,0.057,Certified Athletic Trainer,Environment & Sustainability,"Science & Research,Law & Government,Tech & Engineering",Certified Personal Trainer (Online),Sports & Fitness,"Healthcare & Medicine,Education & Coaching",$32k–$65k,$35k–$75k
11.01,certified trainer,0.129,Certified Athletic Trainer,Environment & Sustainability,"Science & Research,Law & Government,Tech & Engineering",Personal Trainer (Certified),Sports & Fitness,"Healthcare & Medicine,Education & Coaching",$32k–$65k,$35k–$65k
11.01,scientist sensory,0.023,Fragrance Evaluator (Sensory Scientist),Fashion & Beauty,"Science & Research,Design & Creative",Sensory Scientist,Supply Chain & Operations,"Business & Finance,Tech & Engineering,Science & Research",$50k–$85k,$55k–$95k
11.0,insurance risk,0.188,Insurance Risk Analyst,Business & Finance,"Law & Government,Science & Research",Insurance Risk Underwriter,Media & Journalism,"Marketing & Communications,Arts & Performance,Science & Research",$60k–$95k,$60k–$105k
11.0,insurance risk,0.188,Insurance Risk Underwriter,Media & Journalism,"Marketing & Communications,Arts & Performance,Science & Research",Insurance Risk Modeler,Business & Finance,"Tech & Engineering,Science & Research",$60k–$105k,$65k–$120k
11.0,insurance risk,0.481,Insurance Risk Underwriter,Media & Journalism,"Marketing & Communications,Arts & Performance,Science & Research",Risk Analyst (Insurance),Business & Finance,"Law & Government,Tech & Engineering",$60k–$105k,$65k–$110k
11.0,broadcast news,0.057,Broadcast Journalist (TV/Radio News),Media & Journalism,"Law & Government,Business & Finance",Broadcast News Analyst,Hospitality & Events,"Food & Culinary,Marketing & Communications,Science & Research",$30k–$75k,$55k–$120k
11.0,broadcast news,0.086,News Producer (Broadcast),Media & Journalism,"Business & Finance,Law & Government",Broadcast News Analyst,Hospitality & Events,"Food & Culinary,Marketing & Communications,Science & Research",$35k–$65k,$55k–$120k
11.0,broadcast news,0.083,Broadcast News Director,Media & Journalism,"Business & Finance,Law & Government",Broadcast News Analyst,Hospitality & Events,"Food & Culinary,Marketing & Communications,Science & Research",$45k–$95k,$55k–$120k
11.0,health occupational,0.121,Occupational Health and Safety Engineer,Tech & Engineering,"Law & Government,Science & Research",Occupational Health Nurse,Hospitality & Events,"Food & Culinary,Marketing & Communications",$60k–$105k,$60k–$95k
11.0,health occupational,0.161,Occupational Health and Safety Engineer,Tech & Engineering,"Law & Government,Science & Research",Occupational Health Physician,Hospitality & Events,"Food & Culinary,Marketing & Communications",$60k–$105k,$100k–$200k
11.0,health occupational,0.094,Occupational Health Nurse,Hospitality & Events,"Food & Culinary,Marketing & Communications",Occupational Health & Safety Specialist,Tech & Engineering,"Law & Government,Healthcare & Medicine",$60k–$95k,$62k–$98k
11.0,health occupational,0.097,Occupational Health Physician,Hospitality & Events,"Food & Culinary,Marketing & Communications",Occupational Health & Safety Specialist,Tech & Engineering,"Law & Government,Healthcare & Medicine",$100k–$200k,$62k–$98k
10.98,equity private,0.056,Private Equity Analyst,Business & Finance,"Entrepreneurship,Tech & Engineering",Private Equity Associate,Arts & Performance,"Media & Journalism,Design & Creative,Science & Research",$70k–$150k,$85k–$150k
10.98,equity private,0.026,Equity Analyst (Private Companies),Business & Finance,"Entrepreneurship,Law & Government",Private Equity Associate,Arts & Performance,"Media & Journalism,Design & Creative,Science & Research",$70k–$150k,$85k–$150k
10.98,equity private,0.114,Equity Strategist (Private Equity),Business & Finance,"Entrepreneurship,Law & Government",Private Equity Associate,Arts & Performance,"Media & Journalism,Design & Creative,Science & Research",$100k–$200k,$85k–$150k
10.98,equity private,0.118,Private Equity Associate,Arts & Performance,"Media & Journalism,Design & Creative,Science & Research",Financial Analyst (Private Equity),Business & Finance,"Entrepreneurship,Law & Government",$85k–$150k,$80k–$150k
10.95,conservation marine,0.194,Marine Biologist (Conservation),Cybersecurity,"Tech & Engineering,Law & Government,Science & Research",Marine Conservation Officer,Environment & Sustainability,"Science & Research,Law & Government",$45k–$75k,$35k–$65k
10.95,conservation marine,0.29,Marine Biologist (Conservation),Cybersecurity,"Tech & Engineering,Law & Government,Science & Research",Marine Conservation Manager,Environment & Sustainability,"Science & Research,Law & Government",$45k–$75k,$48k–$77k
10.95,app mobile,0.458,Mobile App Developer (Indie),Marketing & Communications,"Business & Finance,Design & Creative,Architecture & Urban Planning",Mobile App Startup Founder,Entrepreneurship,"Tech & Engineering,Business & Finance",$20k–$150k,$0–$500k+
10.95,app mobile,0.458,Mobile App Startup Founder,Entrepreneurship,"Tech & Engineering,Business & Finance",Mobile App Entrepreneur,Marketing & Communications,"Business & Finance,Design & Creative,Architecture & Urban Planning",$0–$500k+,$20k–$150k
10.95,app mobile,0.2,Mobile App Startup Founder,Entrepreneurship,"Tech & Engineering,Business & Finance",Mobile App Developer,Science & Research,"Healthcare & Medicine,Tech & Engineering,Architecture & Urban Planning",$0–$500k+,$70k–$130k
10.95,app mobile,0.179,Mobile App Startup Founder,Entrepreneurship,"Tech & Engineering,Business & Finance",Mobile App Developer (iOS/Android),Aviation & Transportation,"Tech & Engineering,Science & Research,Architecture & Urban Planning",$0–$500k+,$70k–$150k
10.95,app mobile,0.207,Mobile App Indie Developer,Entrepreneurship,"Tech & Engineering,Design & Creative",Mobile App Entrepreneur,Marketing & Communications,"Business & Finance,Design & Creative,Architecture & Urban Planning",$20k–$150k,$20k–$150k
10.95,app mobile,0.097,Mobile App Developer (iOS),Tech & Engineering,"Design & Creative,Business & Finance",Mobile App Entrepreneur,Marketing & Communications,"Business & Finance,Design & Creative,Architecture & Urban Planning",$70k–$130k,$20k–$150k
10.95,app mobile,0.088,Mobile App Developer (Health & Fitness),Tech & Engineering,"Healthcare & Medicine,Sports & Fitness",Mobile App Entrepreneur,Marketing & Communications,"Business & Finance,Design & Creative,Architecture & Urban Planning",$70k–$130k,$20k–$150k
10.95,app mobile,0.182,Mobile App Entrepreneur,Marketing & Communications,"Business & Finance,Design & Creative,Architecture & Urban Planning",Mobile App Developer,Science & Research,"Healthcare & Medicine,Tech & Engineering,Architecture & Urban Planning",$20k–$150k,$70k–$130k
10.95,app mobile,0.182,Mobile App Entrepreneur,Marketing & Communications,"Business & Finance,Design & Creative,Architecture & Urban Planning",App Developer (Mobile Startup),Entrepreneurship,"Tech & Engineering,Design & Creative",$20k–$150k,$60k–$120k
10.95,app mobile,0.2,Mobile App Entrepreneur,Marketing & Communications,"Business & Finance,Design & Creative,Architecture & Urban Planning",Mobile App Developer (iOS/Android),Aviation & Transportation,"Tech & Engineering,Science & Research,Architecture & Urban Planning",$20k–$150k,$70k–$150k
10.95,app mobile,0.081,Mobile App Entrepreneur,Marketing & Communications,"Business & Finance,Design & Creative,Architecture & Urban Planning",Mobile App Developer (Native),Tech & Engineering,"Design & Creative,Entrepreneurship",$20k–$150k,$70k–$150k
10.94,management risk,0.097,Event Risk Management Specialist,Hospitality & Events,"Business & Finance,Law & Government",Risk Management Consultant,Cybersecurity,"Tech & Engineering,Law & Government,Science & Research",$45k–$75k,$70k–$120k
10.94,management risk,0.286,Risk Management Director,Hospitality & Events,"Food & Culinary,Marketing & Communications,Science & Research",Risk Management Consultant,Cybersecurity,"Tech & Engineering,Law & Government,Science & Research",$70k–$130k,$70k–$120k
10.93,golf instructor,0.32,Golf Instructor (PGA),Sports & Fitness,"Education & Coaching,Hospitality & Events",Golf Instructor,Gaming & Esports,"Tech & Engineering,Marketing & Communications,Media & Journalism",$30k–$65k,$30k–$65k
10.93,golf instructor,0.55,Personal Golf Instructor,Sports & Fitness,"Education & Coaching,Hospitality & Events",Golf Instructor,Gaming & Esports,"Tech & Engineering,Marketing & Communications,Media & Journalism",$30k–$65k,$30k–$65k
10.93,beauty supply,0.081,Beauty Supply Chain Manager,Supply Chain & Operations,"Business & Finance,Tech & Engineering,Science & Research",Beauty Supply Store Owner,Fashion & Beauty,"Business & Finance,Entrepreneurship",$60k–$95k,$35k–$75k
10.93,beauty supply,0.121,Beauty Supply Chain Manager,Supply Chain & Operations,"Business & Finance,Tech & Engineering,Science & Research",Beauty Supply Shop Owner,Fashion & Beauty,"Business & Finance,Entrepreneurship",$60k–$95k,$35k–$75k
10.93,community organizer,0.194,Faith-Based Community Organizer,Social Impact & Nonprofit,"Law & Government,Education & Coaching",Community Organizer,Gaming & Esports,"Tech & Engineering,Marketing & Communications,Science & Research",$35k–$60k,$35k–$55k
10.92,compliance trade,0.25,Trade Compliance Officer,Supply Chain & Operations,"Business & Finance,Tech & Engineering,Science & Research",International Trade Compliance Officer,Law & Government,"Business & Finance,Tech & Engineering",$60k–$95k,$60k–$105k
10.91,animal laboratory,0.176,Laboratory Animal Caretaker,Supply Chain & Operations,"Business & Finance,Tech & Engineering,Science & Research",Laboratory Animal Specialist,Healthcare & Medicine,"Science & Research,Tech & Engineering",$30k–$45k,$28k–$50k
10.91,effects makeup,0.156,Makeup Effects Artist,Hospitality & Events,"Food & Culinary,Marketing & Communications,Architecture & Urban Planning",Makeup Effects Designer,Fashion & Beauty,"Arts & Performance,Design & Creative",$35k–$85k,$45k–$85k
10.91,effects makeup,0.172,Makeup Effects Artist,Hospitality & Events,"Food & Culinary,Marketing & Communications,Architecture & Urban Planning",Makeup Effects Designer (Film),Fashion & Beauty,"Arts & Performance,Design & Creative",$35k–$85k,$45k–$85k
10.91,effects makeup,0.2,Makeup Effects Artist,Hospitality & Events,"Food & Culinary,Marketing & Communications,Architecture & Urban Planning",Makeup Effects Specialist,Fashion & Beauty,"Arts & Performance,Design & Creative",$35k–$85k,$35k–$75k
10.91,effects makeup,0.161,Makeup Effects Artist,Hospitality & Events,"Food & Culinary,Marketing & Communications,Architecture & Urban Planning",Makeup Effects Specialist (Film/TV),Fashion & Beauty,"Arts & Performance,Design & Creative",$35k–$85k,$35k–$75k
10.9,specialized writer,0.243,Content Writer (Specialized),Marketing & Communications,"Business & Finance,Design & Creative,Science & Research",Freelance Writer (Specialized),Media & Journalism,"Design & Creative,Education & Coaching",$45k–$75k,$40k–$85k
10.9,facility sports,0.385,Sports Facility Manager,Sports & Fitness,"Healthcare & Medicine,Marketing & Communications,Science & Research",Sports Facility Operations Manager,Supply Chain & Operations,"Business & Finance,Tech & Engineering,Science & Research",$35k–$65k,$45k–$75k
10.89,mentorship program,0.133,Mentorship Program Coordinator,Education & Coaching,"Social Impact & Nonprofit,Business & Finance",Youth Mentorship Program Manager,Gaming & Esports,"Tech & Engineering,Marketing & Communications,Architecture & Urban Planning",$40k–$65k,$37k–$63k
10.89,mentorship program,0.133,Mentorship Program Manager,Social Impact & Nonprofit,"Education & Coaching,Law & Government",Youth Mentorship Program Manager,Gaming & Esports,"Tech & Engineering,Marketing & Communications,Architecture & Urban Planning",$42k–$65k,$37k–$63k
10.89,mentorship program,0.208,Mentorship Program Director,Social Impact & Nonprofit,"Education & Coaching,Entrepreneurship",Youth Mentorship Program Manager,Gaming & Esports,"Tech & Engineering,Marketing & Communications,Architecture & Urban Planning",$45k–$70k,$37k–$63k
10.88,experience hospitality,0.118,Experience Architect (Hospitality),Design & Creative,"Business & Finance,Entrepreneurship",Guest Experience Manager (Hospitality),Hospitality & Events,"Business & Finance,Social Impact & Nonprofit",$48k–$85k,$40k–$65k
10.88,athletic college,0.081,Strength Coach (College Athletic),Sports & Fitness,"Education & Coaching,Healthcare & Medicine",Athletic Director (High School/College),Gaming & Esports,"Tech & Engineering,Marketing & Communications,Science & Research",$35k–$65k,$45k–$85k
10.88,athletic college,0.053,Athletic Trainer (College),Sports & Fitness,"Healthcare & Medicine,Education & Coaching",Athletic Director (High School/College),Gaming & Esports,"Tech & Engineering,Marketing & Communications,Science & Research",$48k–$77k,$45k–$85k
10.88,athletic college,0.079,Athletic Director (High School/College),Gaming & Esports,"Tech & Engineering,Marketing & Communications,Science & Research",Athletic Trainer (College Sports),Sports & Fitness,"Healthcare & Medicine,Education & Coaching",$45k–$85k,$40k–$65k
10.88,athletic college,0.219,Athletic Director (High School/College),Gaming & Esports,"Tech & Engineering,Marketing & Communications,Science & Research",Athletic Director (College),Sports & Fitness,"Healthcare & Medicine,Marketing & Communications,Hospitality & Events",$45k–$85k,$55k–$95k
10.88,influencer marketing,0.167,Affiliate Marketing Manager (Influencer Brand),Entrepreneurship,"Media & Journalism,Design & Creative",Influencer Marketing Agency Owner,Marketing & Communications,"Business & Finance,Design & Creative,Science & Research",$45k–$85k,$45k–$150k
10.88,influencer marketing,0.097,Affiliate Marketing Manager (Influencer Brand),Entrepreneurship,"Media & Journalism,Design & Creative",Influencer Marketing Manager,Marketing & Communications,"Business & Finance,Design & Creative,Science & Research",$45k–$85k,$52k–$85k
10.84,bankruptcy corporate,0.318,Corporate Bankruptcy Specialist,Business & Finance,"Law & Government,Entrepreneurship",Corporate Bankruptcy Analyst,Fashion & Beauty,"Design & Creative,Marketing & Communications,Science & Research",$65k–$150k,$65k–$120k
10.84,counselor genetic,0.406,Genetic Counselor,Healthcare & Medicine,"Science & Research,Tech & Engineering,Social Impact & Nonprofit",Genetic Testing Counselor,Supply Chain & Operations,"Business & Finance,Tech & Engineering,Science & Research",$89k–$107k,$55k–$85k
10.84,counselor genetic,0.458,Genetic Screening Counselor,Healthcare & Medicine,"Education & Coaching,Science & Research",Genetic Testing Counselor,Supply Chain & Operations,"Business & Finance,Tech & Engineering,Science & Research",$50k–$85k,$55k–$85k
10.84,counselor genetic,0.333,Genetic Counselor (Non-Medical),Healthcare & Medicine,"Science & Research,Education & Coaching",Genetic Testing Counselor,Supply Chain & Operations,"Business & Finance,Tech & Engineering,Science & Research",$55k–$85k,$55k–$85k
10.84,counselor genetic,0.367,Genetic Counselor (Clinical),Healthcare & Medicine,"Science & Research,Education & Coaching",Genetic Testing Counselor,Supply Chain & Operations,"Business & Finance,Tech & Engineering,Science & Research",$60k–$95k,$55k–$85k
10.84,counselor genetic,0.345,Genetic Counselor (Cancer Risk),Healthcare & Medicine,"Science & Research,Education & Coaching",Genetic Testing Counselor,Supply Chain & Operations,"Business & Finance,Tech & Engineering,Science & Research",$60k–$95k,$55k–$85k
10.84,counselor genetic,0.739,Genetic Counselor (Medical),Healthcare & Medicine,"Science & Research,Tech & Engineering,Social Impact & Nonprofit",Genetic Testing Counselor,Supply Chain & Operations,"Business & Finance,Tech & Engineering,Science & Research",$60k–$95k,$55k–$85k
10.84,counselor genetic,0.257,Genetic Counselor (Non-Clinical),Healthcare & Medicine,"Science & Research,Education & Coaching",Genetic Testing Counselor,Supply Chain & Operations,"Business & Finance,Tech & Engineering,Science & Research",$50k–$75k,$55k–$85k
10.84,counselor genetic,0.345,Genetic Testing Counselor,Supply Chain & Operations,"Business & Finance,Tech & Engineering,Science & Research",Genetic Counselor (Cancer),Healthcare & Medicine,"Education & Coaching,Science & Research",$55k–$85k,$55k–$90k
10.84,counselor genetic,0.29,Genetic Testing Counselor,Supply Chain & Operations,"Business & Finance,Tech & Engineering,Science & Research",Genetic Counselor (Prenatal),Healthcare & Medicine,"Education & Coaching,Science & Research",$55k–$85k,$55k–$90k
10.8,entrepreneur vertical,0.054,Vertical Farming Entrepreneur,Gaming & Esports,"Tech & Engineering,Marketing & Communications,Science & Research",Vertical SaaS Entrepreneur,Entrepreneurship,"Tech & Engineering,Business & Finance",$45k–$150k,$45k–$150k
10.8,blogger fashion,0.226,Fashion Blogger (Brand Partnership),Fashion & Beauty,"Media & Journalism,Entrepreneurship",Fashion Blogger,Marketing & Communications,"Business & Finance,Design & Creative,Media & Journalism",$20k–$150k,$35k–$85k
10.8,blogger fashion,0.538,Fashion Blogger (Brand Partnership),Fashion & Beauty,"Media & Journalism,Entrepreneurship",Fashion Blogger/Content Creator,Marketing & Communications,"Business & Finance,Design & Creative,Science & Research",$20k–$150k,$35k–$85k
10.8,fashion merchandiser,0.053,Retail Fashion Visual Merchandiser,Fashion & Beauty,"Design & Creative,Entrepreneurship",Fashion Brand Merchandiser,Marketing & Communications,"Business & Finance,Design & Creative,Science & Research",$28k–$50k,$45k–$85k
10.8,blogger fashion,0.242,Fashion Blogger,Marketing & Communications,"Business & Finance,Design & Creative,Media & Journalism",Fashion Blogger (Sustainable),Fashion & Beauty,"Media & Journalism,Entrepreneurship",$35k–$85k,$35k–$85k
10.8,blogger fashion,0.216,Fashion Blogger,Marketing & Communications,"Business & Finance,Design & Creative,Media & Journalism",Fashion Blogger/Influencer,Fashion & Beauty,"Entrepreneurship,Media & Journalism",$35k–$85k,$45k–$150k
10.8,blogger fashion,0.024,Fashion Blogger,Marketing & Communications,"Business & Finance,Design & Creative,Media & Journalism",Fashion Blogger/Influencer Manager,Fashion & Beauty,"Media & Journalism,Entrepreneurship",$35k–$85k,$45k–$85k
10.8,blogger fashion,0.162,Fashion Blogger (Sustainable),Fashion & Beauty,"Media & Journalism,Entrepreneurship",Fashion Blogger/Content Creator,Marketing & Communications,"Business & Finance,Design & Creative,Science & Research",$35k–$85k,$35k–$85k
10.8,blogger fashion,0.567,Fashion Blogger/Influencer,Fashion & Beauty,"Entrepreneurship,Media & Journalism",Fashion Blogger/Content Creator,Marketing & Communications,"Business & Finance,Design & Creative,Science & Research",$45k–$150k,$35k–$85k
10.8,blogger fashion,0.073,Fashion Blogger/Influencer Manager,Fashion & Beauty,"Media & Journalism,Entrepreneurship",Fashion Blogger/Content Creator,Marketing & Communications,"Business & Finance,Design & Creative,Science & Research",$45k–$85k,$35k–$85k
10.79,agent licensing,0.259,Licensing Agent (IP),Entrepreneurship,"Law & Government,Business & Finance",Performance Rights Licensing Agent,Arts & Performance,"Business & Finance,Law & Government",$60k–$95k,$50k–$85k
10.79,agent licensing,0.233,Licensing Agent (Intellectual Property),Entrepreneurship,"Law & Government,Business & Finance",Performance Rights Licensing Agent,Arts & Performance,"Business & Finance,Law & Government",$58k–$95k,$50k–$85k
10.79,agent licensing,0.3,Performance Rights Licensing Agent,Arts & Performance,"Business & Finance,Law & Government",Licensing Agent (Creative Works),Entrepreneurship,"Design & Creative,Law & Government",$50k–$85k,$48k–$85k
10.78,architect systems,0.2,Software Architect (Enterprise Systems),Tech & Engineering,"Business & Finance,Science & Research",Systems Architect,Architecture & Urban Planning,"Design & Creative,Environment & Sustainability,Cybersecurity",$100k–$200k,$120k–$175k
10.78,control quality,0.346,Textiles Quality Control Inspector,Fashion & Beauty,"Design & Creative,Science & Research",Quality Control Analyst (STEM),Supply Chain & Operations,"Business & Finance,Tech & Engineering,Science & Research",$30k–$45k,$50k–$85k
10.78,control quality,0.2,Quality Control Analyst (STEM),Supply Chain & Operations,"Business & Finance,Tech & Engineering,Science & Research",Cosmetics Quality Control Analyst,Fashion & Beauty,"Science & Research,Healthcare & Medicine",$50k–$85k,$45k–$75k
10.78,control quality,0.269,Quality Control Analyst (STEM),Supply Chain & Operations,"Business & Finance,Tech & Engineering,Science & Research",Textile Quality Control Inspector,Fashion & Beauty,"Science & Research,Tech & Engineering",$50k–$85k,$30k–$45k
10.76,disability sports,0.259,Disability Sports Specialist,Gaming & Esports,"Tech & Engineering,Marketing & Communications,Science & Research",Disability Sports Coordinator,Sports & Fitness,"Education & Coaching,Social Impact & Nonprofit",$35k–$65k,$35k–$65k
10.75,based business,0.107,Home-Based Coaching Business Owner,Marketing & Communications,"Business & Finance,Design & Creative,Science & Research",Service-Based Business Coach,Entrepreneurship,"Business & Finance,Education & Coaching",$40k–$120k,$45k–$120k
10.75,based business,0.083,Home-Based Coaching Business Owner,Marketing & Communications,"Business & Finance,Design & Creative,Science & Research",Community-Based Business Owner,Entrepreneurship,"Social Impact & Nonprofit,Business & Finance",$40k–$120k,$40k–$120k
10.74,career counselor,0.292,Career Counselor (School),Sports & Fitness,"Healthcare & Medicine,Marketing & Communications,Social Impact & Nonprofit",Higher Education Career Counselor,Education & Coaching,"Social Impact & Nonprofit,Business & Finance",$37k–$63k,$40k–$65k
10.74,career counselor,0.103,Career Counselor (School),Sports & Fitness,"Healthcare & Medicine,Marketing & Communications,Social Impact & Nonprofit",Career Counselor (Higher Education),Education & Coaching,"Social Impact & Nonprofit,Business & Finance",$37k–$63k,$45k–$65k
10.74,career counselor,0.261,Career Counselor (School),Sports & Fitness,"Healthcare & Medicine,Marketing & Communications,Social Impact & Nonprofit",Career Counselor (Higher Ed),Education & Coaching,"Social Impact & Nonprofit,Business & Finance",$37k–$63k,$45k–$70k
10.74,career counselor,0.24,Career Counselor (School),Sports & Fitness,"Healthcare & Medicine,Marketing & Communications,Social Impact & Nonprofit",Career Pathways Counselor,Education & Coaching,"Social Impact & Nonprofit,Business & Finance",$37k–$63k,$40k–$65k
10.74,career counselor,0.25,Career Counselor (School),Sports & Fitness,"Healthcare & Medicine,Marketing & Communications,Social Impact & Nonprofit",College Career Counselor,Education & Coaching,"Social Impact & Nonprofit,Tech & Engineering,Architecture & Urban Planning",$37k–$63k,$35k–$55k
10.74,career counselor,0.28,Higher Education Career Counselor,Education & Coaching,"Social Impact & Nonprofit,Business & Finance",Career Counselor,Sports & Fitness,"Healthcare & Medicine,Marketing & Communications,Architecture & Urban Planning",$40k–$65k,$35k–$65k
10.74,career counselor,0.065,Career Counselor,Sports & Fitness,"Healthcare & Medicine,Marketing & Communications,Architecture & Urban Planning",Career Counselor (Higher Education),Education & Coaching,"Social Impact & Nonprofit,Business & Finance",$35k–$65k,$45k–$65k
10.74,career counselor,0.154,Career Counselor,Sports & Fitness,"Healthcare & Medicine,Marketing & Communications,Architecture & Urban Planning",Career Counselor (Higher Ed),Education & Coaching,"Social Impact & Nonprofit,Business & Finance",$35k–$65k,$45k–$70k
10.74,career counselor,0.185,Career Counselor,Sports & Fitness,"Healthcare & Medicine,Marketing & Communications,Architecture & Urban Planning",Career Pathways Counselor,Education & Coaching,"Social Impact & Nonprofit,Business & Finance",$35k–$65k,$40k–$65k
10.74,career counselor,0.222,Career Counselor,Sports & Fitness,"Healthcare & Medicine,Marketing & Communications,Architecture & Urban Planning",High School Career Counselor,Education & Coaching,"Social Impact & Nonprofit,Business & Finance",$35k–$65k,$45k–$70k
10.74,career counselor,0.148,Career Counselor,Sports & Fitness,"Healthcare & Medicine,Marketing & Communications,Architecture & Urban Planning",College Career Counselor,Education & Coaching,"Social Impact & Nonprofit,Tech & Engineering,Architecture & Urban Planning",$35k–$65k,$35k–$55k
10.74,agency marketing,0.114,Digital Marketing Agency Founder,Entrepreneurship,"Business & Finance,Tech & Engineering",Influencer Marketing Agency Owner,Marketing & Communications,"Business & Finance,Design & Creative,Science & Research",$45k–$150k,$45k–$150k
10.74,agency marketing,0.118,Content Marketing Agency Owner,Entrepreneurship,"Media & Journalism,Design & Creative",Influencer Marketing Agency Owner,Marketing & Communications,"Business & Finance,Design & Creative,Science & Research",$45k–$150k,$45k–$150k
10.74,agency marketing,0.088,Content Marketing Agency Owner,Entrepreneurship,"Media & Journalism,Design & Creative",Digital Marketing Agency Owner,Marketing & Communications,"Business & Finance,Design & Creative,Science & Research",$45k–$150k,$45k–$120k
10.74,agency marketing,0.222,Affiliate Marketing Agency Owner,Entrepreneurship,"Tech & Engineering,Business & Finance",Influencer Marketing Agency Owner,Marketing & Communications,"Business & Finance,Design & Creative,Science & Research",$45k–$150k,$45k–$150k
10.74,agency marketing,0.103,Affiliate Marketing Agency Owner,Entrepreneurship,"Tech & Engineering,Business & Finance",Digital Marketing Agency Owner,Marketing & Communications,"Business & Finance,Design & Creative,Science & Research",$45k–$150k,$45k–$120k
10.74,agency marketing,0.156,Influencer Marketing Agency Owner,Marketing & Communications,"Business & Finance,Design & Creative,Science & Research",Agency Owner (Digital Marketing),Entrepreneurship,"Design & Creative,Business & Finance",$45k–$150k,$45k–$150k
10.71,advocate justice,0.028,Policy Advocate (Social Justice),Social Impact & Nonprofit,"Law & Government,Media & Journalism",Environmental Justice Advocate,Gaming & Esports,"Tech & Engineering,Marketing & Communications,Science & Research",$45k–$75k,$45k–$70k
10.71,advocate justice,0.0,Youth Justice Advocate,Social Impact & Nonprofit,"Law & Government,Education & Coaching",Environmental Justice Advocate,Gaming & Esports,"Tech & Engineering,Marketing & Communications,Science & Research",$40k–$65k,$45k–$70k
10.71,advocate justice,0.027,Youth Justice Advocate,Social Impact & Nonprofit,"Law & Government,Education & Coaching",Social Justice Advocate,Gaming & Esports,"Tech & Engineering,Marketing & Communications,Science & Research",$40k–$65k,$40k–$65k
10.71,advocate justice,0.057,Environmental Justice Advocate,Gaming & Esports,"Tech & Engineering,Marketing & Communications,Science & Research",Criminal Justice Reform Advocate,Law & Government,"Social Impact & Nonprofit,Media & Journalism",$45k–$70k,$45k–$75k
10.71,advocate justice,0.029,Environmental Justice Advocate,Gaming & Esports,"Tech & Engineering,Marketing & Communications,Science & Research",Education Justice Advocate,Social Impact & Nonprofit,"Law & Government,Education & Coaching",$45k–$70k,$45k–$75k
10.71,advocate justice,0.059,Criminal Justice Reform Advocate,Law & Government,"Social Impact & Nonprofit,Media & Journalism",Social Justice Advocate,Gaming & Esports,"Tech & Engineering,Marketing & Communications,Science & Research",$45k–$75k,$40k–$65k
10.71,advocate justice,0.03,Social Justice Advocate,Gaming & Esports,"Tech & Engineering,Marketing & Communications,Science & Research",Education Justice Advocate,Social Impact & Nonprofit,"Law & Government,Education & Coaching",$40k–$65k,$45k–$75k
10.69,editor publishing,0.154,Book Editor (Publishing),Media & Journalism,"Education & Coaching,Design & Creative",Publishing Acquisitions Editor,Entrepreneurship,"Business & Finance,Tech & Engineering",$45k–$75k,$45k–$75k
10.69,editor publishing,0.138,Publishing Editor,Media & Journalism,"Design & Creative,Education & Coaching",Book Editor (Trade Publishing),Science & Research,"Healthcare & Medicine,Tech & Engineering",$45k–$75k,$45k–$70k
10.69,editor publishing,0.057,Publishing Editor,Media & Journalism,"Design & Creative,Education & Coaching",Publishing Acquisitions Editor,Entrepreneurship,"Business & Finance,Tech & Engineering",$45k–$75k,$45k–$75k
10.69,editor publishing,0.16,Publishing Acquisition Editor,Media & Journalism,"Business & Finance,Design & Creative",Book Editor (Trade Publishing),Science & Research,"Healthcare & Medicine,Tech & Engineering",$50k–$85k,$45k–$70k
10.69,editor publishing,0.222,Publishing Acquisition Editor,Media & Journalism,"Business & Finance,Design & Creative",Publishing Acquisitions Editor,Entrepreneurship,"Business & Finance,Tech & Engineering",$50k–$85k,$45k–$75k
10.69,editor publishing,0.032,Copy Editor (Publishing),Media & Journalism,"Marketing & Communications,Arts & Performance",Book Editor (Trade Publishing),Science & Research,"Healthcare & Medicine,Tech & Engineering",$45k–$75k,$45k–$70k
10.69,editor publishing,0.059,Copy Editor (Publishing),Media & Journalism,"Marketing & Communications,Arts & Performance",Publishing Acquisitions Editor,Entrepreneurship,"Business & Finance,Tech & Engineering",$45k–$75k,$45k–$75k
10.69,editor publishing,0.071,Book Editor (Trade Publishing),Science & Research,"Healthcare & Medicine,Tech & Engineering",Publishing Acquisitions Editor,Entrepreneurship,"Business & Finance,Tech & Engineering",$45k–$70k,$45k–$75k
10.69,editor publishing,0.069,Book Editor (Publishing House),Media & Journalism,"Design & Creative,Education & Coaching",Publishing Acquisitions Editor,Entrepreneurship,"Business & Finance,Tech & Engineering",$45k–$75k,$45k–$75k
10.69,service subscription,0.048,Subscription Meal Service Operator,Entrepreneurship,"Hospitality & Events,Business & Finance",Subscription Service Entrepreneur,Gaming & Esports,"Tech & Engineering,Marketing & Communications,Science & Research",$45k–$120k,$45k–$150k
10.69,service subscription,0.116,Subscription Service Founder (Niche Market),Entrepreneurship,"Business & Finance,Tech & Engineering",Subscription Service Entrepreneur,Gaming & Esports,"Tech & Engineering,Marketing & Communications,Science & Research",$20k–$150k,$45k–$150k
10.69,service subscription,0.132,Niche Subscription Service Founder,Entrepreneurship,"Business & Finance,Tech & Engineering",Subscription Service Entrepreneur,Gaming & Esports,"Tech & Engineering,Marketing & Communications,Science & Research",$20k–$150k,$45k–$150k
10.69,service subscription,0.212,Subscription Service Entrepreneur,Gaming & Esports,"Tech & Engineering,Marketing & Communications,Science & Research",Subscription Service Founder,Entrepreneurship,"Business & Finance,Tech & Engineering,Science & Research",$45k–$150k,$45k–$150k
10.69,service subscription,0.108,Subscription Service Entrepreneur,Gaming & Esports,"Tech & Engineering,Marketing & Communications,Science & Research",Subscription Service Operator,Entrepreneurship,"Tech & Engineering,Business & Finance",$45k–$150k,$45k–$150k
10.69,service subscription,0.111,Subscription Service Entrepreneur,Gaming & Esports,"Tech & Engineering,Marketing & Communications,Science & Research",Subscription Meal Service Founder,Entrepreneurship,"Business & Finance,Hospitality & Events",$45k–$150k,$45k–$150k
10.68,food specialty,0.079,Specialty Food Brand Founder,Entrepreneurship,"Business & Finance,Design & Creative",Specialty Food Producer (Direct-to-Consumer),Gaming & Esports,"Tech & Engineering,Marketing & Communications,Media & Journalism",$45k–$150k,$45k–$150k
10.68,food specialty,0.143,Specialty Food Brand Founder,Entrepreneurship,"Business & Finance,Design & Creative",Specialty Food Producer,Marketing & Communications,"Business & Finance,Design & Creative,Science & Research",$45k–$150k,$40k–$120k
10.68,food specialty,0.027,Specialty Food Producer (Direct-to-Consumer),Gaming & Esports,"Tech & Engineering,Marketing & Communications,Media & Journalism",Specialty Food Product Developer,Entrepreneurship,"Business & Finance,Design & Creative",$45k–$150k,$45k–$85k
10.68,food specialty,0.147,Specialty Food Producer (Direct-to-Consumer),Gaming & Esports,"Tech & Engineering,Marketing & Communications,Media & Journalism",Food Truck Owner (Specialty Cuisine),Entrepreneurship,"Hospitality & Events,Business & Finance",$45k–$150k,$35k–$75k
10.68,food specialty,0.111,Specialty Food Producer (Direct-to-Consumer),Gaming & Esports,"Tech & Engineering,Marketing & Communications,Media & Journalism",Specialty Food Product Founder,Entrepreneurship,"Business & Finance,Design & Creative",$45k–$150k,$45k–$150k
10.68,food specialty,0.103,Specialty Food Producer (Direct-to-Consumer),Gaming & Esports,"Tech & Engineering,Marketing & Communications,Media & Journalism",Specialty Food Importer,Entrepreneurship,"Business & Finance,Hospitality & Events",$45k–$150k,$45k–$120k
10.68,food specialty,0.121,Specialty Food Producer,Marketing & Communications,"Business & Finance,Design & Creative,Science & Research",Specialty Food Product Developer,Entrepreneurship,"Business & Finance,Design & Creative",$40k–$120k,$45k–$85k
10.68,food specialty,0.027,Specialty Food Producer,Marketing & Communications,"Business & Finance,Design & Creative,Science & Research",Food Truck Owner (Specialty Cuisine),Entrepreneurship,"Hospitality & Events,Business & Finance",$40k–$120k,$35k–$75k
10.68,food specialty,0.182,Specialty Food Producer,Marketing & Communications,"Business & Finance,Design & Creative,Science & Research",Specialty Food Product Founder,Entrepreneurship,"Business & Finance,Design & Creative",$40k–$120k,$45k–$150k
10.68,food specialty,0.077,Specialty Food Producer,Marketing & Communications,"Business & Finance,Design & Creative,Science & Research",Specialty Food Importer,Entrepreneurship,"Business & Finance,Hospitality & Events",$40k–$120k,$45k–$120k
10.68,center operations,0.0,Security Operations Center Manager,Cybersecurity,"Tech & Engineering,Law & Government,Science & Research",Fitness Center Operations Manager,Sports & Fitness,"Business & Finance,Hospitality & Events",$95k–$130k,$35k–$65k
10.68,center operations,0.0,Security Operations Center Manager,Cybersecurity,"Tech & Engineering,Law & Government,Science & Research",Convention Center Operations Manager,Hospitality & Events,Business & Finance,$95k–$130k,$48k–$77k
10.68,center operations,0.0,Security Operations Center (SOC) Analyst,Tech & Engineering,"Law & Government,Business & Finance",Fitness Center Operations Manager,Sports & Fitness,"Business & Finance,Hospitality & Events",$55k–$90k,$35k–$65k
10.68,center operations,0.0,Security Operations Center (SOC) Analyst,Tech & Engineering,"Law & Government,Business & Finance",Convention Center Operations Manager,Hospitality & Events,Business & Finance,$55k–$90k,$48k–$77k
10.68,center operations,0.0,Fitness Center Operations Manager,Sports & Fitness,"Business & Finance,Hospitality & Events",Security Operations Center (SOC) Manager,Tech & Engineering,"Law & Government,Business & Finance",$35k–$65k,$80k–$130k
10.68,center operations,0.0,Security Operations Center (SOC) Manager,Tech & Engineering,"Law & Government,Business & Finance",Convention Center Operations Manager,Hospitality & Events,Business & Finance,$80k–$130k,$48k–$77k
10.67,artist foley,0.146,Foley Artist (Video Game),Arts & Performance,"Tech & Engineering,Design & Creative",Foley Artist,Gaming & Esports,"Tech & Engineering,Marketing & Communications,Media & Journalism",$45k–$75k,$35k–$85k
10.67,artist foley,0.205,Foley Artist (Film & TV),Arts & Performance,"Media & Journalism,Design & Creative",Foley Artist,Gaming & Esports,"Tech & Engineering,Marketing & Communications,Media & Journalism",$35k–$75k,$35k–$85k
10.67,artist foley,0.205,Foley Sound Artist,Arts & Performance,"Media & Journalism,Design & Creative",Foley Artist,Gaming & Esports,"Tech & Engineering,Marketing & Communications,Media & Journalism",$35k–$75k,$35k–$85k
10.67,conservation water,0.31,Water Conservation Specialist,Gaming & Esports,"Tech & Engineering,Marketing & Communications,Science & Research",Water Conservation Manager,Environment & Sustainability,"Science & Research,Law & Government",$45k–$75k,$52k–$85k
10.67,conservation water,0.226,Water Conservation Specialist,Gaming & Esports,"Tech & Engineering,Marketing & Communications,Science & Research",Water Conservation Technician,Environment & Sustainability,"Science & Research,Tech & Engineering",$45k–$75k,$45k–$75k
10.67,conservation water,0.207,Water Conservation Specialist,Gaming & Esports,"Tech & Engineering,Marketing & Communications,Science & Research",Water Conservation Engineer,Environment & Sustainability,"Science & Research,Tech & Engineering",$45k–$75k,$60k–$95k
10.67,conservation water,0.233,Water Conservation Specialist,Gaming & Esports,"Tech & Engineering,Marketing & Communications,Science & Research",Water Conservation Analyst,Environment & Sustainability,"Science & Research,Law & Government",$45k–$75k,$48k–$77k
10.65,equipment sports,0.048,Sports Equipment Designer,Sports & Fitness,"Healthcare & Medicine,Marketing & Communications,Architecture & Urban Planning",Sports Equipment Manager,Supply Chain & Operations,"Business & Finance,Tech & Engineering,Science & Research",$55k–$95k,$30k–$55k
10.64,market research,0.088,Niche Market Research Analyst (Startup),Entrepreneurship,"Business & Finance,Tech & Engineering",Research Analyst (Market Research),Science & Research,"Business & Finance,Tech & Engineering",$45k–$75k,$45k–$75k
10.64,corporate debt,0.148,Corporate Debt Advisor,Business & Finance,"Law & Government,Entrepreneurship",Corporate Debt Restructuring Advisor,Fashion & Beauty,"Design & Creative,Marketing & Communications,Science & Research",$65k–$150k,$85k–$175k
10.64,corporate debt,0.107,Corporate Debt Analyst,Business & Finance,"Law & Government,Entrepreneurship",Corporate Debt Restructuring Advisor,Fashion & Beauty,"Design & Creative,Marketing & Communications,Science & Research",$65k–$120k,$85k–$175k
10.63,board nonprofit,0.179,Nonprofit Board Secretary,Social Impact & Nonprofit,"Law & Government,Business & Finance",Nonprofit Board Liaison,Gaming & Esports,"Tech & Engineering,Marketing & Communications,Science & Research",$45k–$75k,$45k–$70k
10.63,board nonprofit,0.129,Nonprofit Board Development Director,Social Impact & Nonprofit,"Education & Coaching,Business & Finance",Nonprofit Board Liaison,Gaming & Esports,"Tech & Engineering,Marketing & Communications,Science & Research",$45k–$75k,$45k–$70k
10.63,board nonprofit,0.156,Nonprofit Board Member,Social Impact & Nonprofit,"Law & Government,Business & Finance",Nonprofit Board Liaison,Gaming & Esports,"Tech & Engineering,Marketing & Communications,Science & Research",$30k–$45k,$45k–$70k
10.63,board nonprofit,0.147,Nonprofit Board Development Manager,Social Impact & Nonprofit,"Education & Coaching,Law & Government,Science & Research",Nonprofit Board Liaison,Gaming & Esports,"Tech & Engineering,Marketing & Communications,Science & Research",$48k–$77k,$45k–$70k
10.63,board nonprofit,0.161,Nonprofit Board Coordinator,Social Impact & Nonprofit,"Education & Coaching,Law & Government",Nonprofit Board Liaison,Gaming & Esports,"Tech & Engineering,Marketing & Communications,Science & Research",$35k–$55k,$45k–$70k
10.63,board nonprofit,0.091,Nonprofit Board Member Recruiter,Social Impact & Nonprofit,"Education & Coaching,Law & Government,Cybersecurity",Nonprofit Board Liaison,Gaming & Esports,"Tech & Engineering,Marketing & Communications,Science & Research",$48k–$77k,$45k–$70k
10.63,board nonprofit,0.129,Nonprofit Board Recruitment Manager,Social Impact & Nonprofit,"Law & Government,Business & Finance",Nonprofit Board Liaison,Gaming & Esports,"Tech & Engineering,Marketing & Communications,Science & Research",$45k–$75k,$45k–$70k
10.63,board nonprofit,0.088,Nonprofit Board Recruiter,Social Impact & Nonprofit,"Law & Government,Education & Coaching",Nonprofit Board Liaison,Gaming & Esports,"Tech & Engineering,Marketing & Communications,Science & Research",$45k–$75k,$45k–$70k
10.63,board nonprofit,0.121,Nonprofit Board Development Officer,Social Impact & Nonprofit,"Education & Coaching,Law & Government,Architecture & Urban Planning",Nonprofit Board Liaison,Gaming & Esports,"Tech & Engineering,Marketing & Communications,Science & Research",$45k–$70k,$45k–$70k
10.63,communications nonprofit,0.194,Nonprofit Communications Manager,Social Impact & Nonprofit,"Media & Journalism,Education & Coaching",Nonprofit Communications Director,Marketing & Communications,"Business & Finance,Design & Creative,Media & Journalism",$45k–$70k,$55k–$90k
10.63,board nonprofit,0.059,Nonprofit Board Consultant,Social Impact & Nonprofit,"Business & Finance,Law & Government",Nonprofit Board Liaison,Gaming & Esports,"Tech & Engineering,Marketing & Communications,Science & Research",$60k–$95k,$45k–$70k
10.63,checker fact,0.267,Fact Checker (News Outlet),Media & Journalism,"Law & Government,Science & Research",Fact-Checker,Hospitality & Events,"Food & Culinary,Marketing & Communications,Science & Research",$45k–$75k,$40k–$65k
10.63,checker fact,0.091,Fact-Checker (Journalism),Media & Journalism,"Law & Government,Science & Research",Fact-Checker,Hospitality & Events,"Food & Culinary,Marketing & Communications,Science & Research",$45k–$75k,$40k–$65k
10.63,checker fact,0.182,Fact-Checker (News Organizations),Media & Journalism,"Law & Government,Science & Research",Fact-Checker,Hospitality & Events,"Food & Culinary,Marketing & Communications,Science & Research",$45k–$75k,$40k–$65k
10.63,checker fact,0.7,Fact Checker (Digital Media),Science & Research,"Healthcare & Medicine,Tech & Engineering,Architecture & Urban Planning",Fact-Checker (Online),Media & Journalism,"Tech & Engineering,Law & Government",$45k–$75k,$45k–$75k
10.63,checker fact,0.222,Fact Checker (Digital Media),Science & Research,"Healthcare & Medicine,Tech & Engineering,Architecture & Urban Planning",Freelance Fact-Checker,Media & Journalism,"Law & Government,Social Impact & Nonprofit",$45k–$75k,$35k–$65k
10.63,checker fact,0.222,Fact Checker (Digital Media),Science & Research,"Healthcare & Medicine,Tech & Engineering,Architecture & Urban Planning",Fact Checker (Publication),Media & Journalism,"Law & Government,Education & Coaching",$45k–$75k,$45k–$75k
10.63,checker fact,0.185,Fact Checker (Digital Media),Science & Research,"Healthcare & Medicine,Tech & Engineering,Architecture & Urban Planning",Video Fact-Checker,Media & Journalism,"Tech & Engineering,Social Impact & Nonprofit",$45k–$75k,$45k–$75k
10.63,checker fact,0.192,Fact Checker (Digital Media),Science & Research,"Healthcare & Medicine,Tech & Engineering,Architecture & Urban Planning",Fact Checker (Online),Media & Journalism,"Law & Government,Tech & Engineering",$45k–$75k,$40k–$75k
10.63,checker fact,0.292,Fact Checker (Digital Media),Science & Research,"Healthcare & Medicine,Tech & Engineering,Architecture & Urban Planning",Fact Checker (Nonprofit),Media & Journalism,"Law & Government,Social Impact & Nonprofit",$45k–$75k,$45k–$75k
10.63,checker fact,0.222,Fact Checker (Digital Media),Science & Research,"Healthcare & Medicine,Tech & Engineering,Architecture & Urban Planning",Fact-Checker (Misinformation Specialist),Media & Journalism,"Law & Government,Tech & Engineering",$45k–$75k,$45k–$75k
10.63,checker fact,0.619,Fact Checker (Digital Media),Science & Research,"Healthcare & Medicine,Tech & Engineering,Architecture & Urban Planning",Content Fact-Checker,Media & Journalism,"Law & Government,Tech & Engineering",$45k–$75k,$45k–$75k
10.63,checker fact,0.231,Fact Checker (Digital Media),Science & Research,"Healthcare & Medicine,Tech & Engineering,Architecture & Urban Planning",Fact Checker (Full-time),Media & Journalism,"Law & Government,Tech & Engineering",$45k–$75k,$45k–$75k
10.63,checker fact,0.143,Fact-Checker (Online),Media & Journalism,"Tech & Engineering,Law & Government",Fact-Checker,Hospitality & Events,"Food & Culinary,Marketing & Communications,Science & Research",$45k–$75k,$40k–$65k
10.63,checker fact,0.346,Fact-Checker (Online),Media & Journalism,"Tech & Engineering,Law & Government",Fact Checker,Science & Research,"Healthcare & Medicine,Tech & Engineering",$45k–$75k,$45k–$75k
10.63,checker fact,0.152,Fact-Checker and Research Editor,Media & Journalism,"Law & Government,Science & Research",Fact-Checker,Hospitality & Events,"Food & Culinary,Marketing & Communications,Science & Research",$45k–$75k,$40k–$65k
10.63,checker fact,0.188,Media Fact-Checker,Media & Journalism,"Law & Government,Science & Research",Fact-Checker,Hospitality & Events,"Food & Culinary,Marketing & Communications,Science & Research",$45k–$75k,$40k–$65k
10.63,checker fact,0.172,Fact Checker (Publications),Media & Journalism,"Law & Government,Science & Research",Fact-Checker,Hospitality & Events,"Food & Culinary,Marketing & Communications,Science & Research",$45k–$75k,$40k–$65k
10.63,checker fact,0.171,Fact Checker (Media),Media & Journalism,"Law & Government,Science & Research",Fact-Checker,Hospitality & Events,"Food & Culinary,Marketing & Communications,Science & Research",$45k–$75k,$40k–$65k
10.63,checker fact,0.121,Fact Checker (Investigative),Media & Journalism,"Law & Government,Science & Research",Fact-Checker,Hospitality & Events,"Food & Culinary,Marketing & Communications,Science & Research",$45k–$75k,$40k–$65k
10.63,checker fact,0.182,Fact Checker (Media Organization),Media & Journalism,"Law & Government,Science & Research",Fact-Checker,Hospitality & Events,"Food & Culinary,Marketing & Communications,Science & Research",$45k–$75k,$40k–$65k
10.63,checker fact,0.182,Fact Checker (News),Media & Journalism,"Law & Government,Science & Research",Fact-Checker,Hospitality & Events,"Food & Culinary,Marketing & Communications,Science & Research",$45k–$75k,$40k–$65k
10.63,checker fact,0.125,Fact-Checker (Publication),Media & Journalism,"Law & Government,Science & Research",Fact-Checker,Hospitality & Events,"Food & Culinary,Marketing & Communications,Science & Research",$45k–$75k,$40k–$65k
10.63,checker fact,0.147,Freelance Fact-Checker,Media & Journalism,"Law & Government,Social Impact & Nonprofit",Fact-Checker,Hospitality & Events,"Food & Culinary,Marketing & Communications,Science & Research",$35k–$65k,$40k–$65k
10.63,checker fact,0.172,Freelance Fact-Checker,Media & Journalism,"Law & Government,Social Impact & Nonprofit",Fact Checker,Science & Research,"Healthcare & Medicine,Tech & Engineering",$35k–$65k,$45k–$75k
10.63,checker fact,0.226,Fact-Checker (News Organization),Media & Journalism,"Law & Government,Science & Research",Fact-Checker,Hospitality & Events,"Food & Culinary,Marketing & Communications,Science & Research",$45k–$75k,$40k–$65k
10.63,checker fact,0.114,Fact Checker (Publication),Media & Journalism,"Law & Government,Education & Coaching",Fact-Checker,Hospitality & Events,"Food & Culinary,Marketing & Communications,Science & Research",$45k–$75k,$40k–$65k
10.63,checker fact,0.308,Fact Checker (Publication),Media & Journalism,"Law & Government,Education & Coaching",Fact Checker,Science & Research,"Healthcare & Medicine,Tech & Engineering",$45k–$75k,$45k–$75k
10.63,checker fact,0.086,Fact-Checker,Hospitality & Events,"Food & Culinary,Marketing & Communications,Science & Research",Video Fact-Checker,Media & Journalism,"Tech & Engineering,Social Impact & Nonprofit",$40k–$65k,$45k–$75k
10.63,checker fact,0.219,Fact-Checker,Hospitality & Events,"Food & Culinary,Marketing & Communications,Science & Research",Fact-Checker (Media Literacy),Media & Journalism,"Education & Coaching,Law & Government",$40k–$65k,$45k–$75k
10.63,checker fact,0.088,Fact-Checker,Hospitality & Events,"Food & Culinary,Marketing & Communications,Science & Research",Fact Checker (Online),Media & Journalism,"Law & Government,Tech & Engineering",$40k–$65k,$40k–$75k
10.63,checker fact,0.176,Fact-Checker,Hospitality & Events,"Food & Culinary,Marketing & Communications,Science & Research",Fact-Checker (Digital News),Media & Journalism,"Law & Government,Tech & Engineering",$40k–$65k,$48k–$77k
10.63,checker fact,0.147,Fact-Checker,Hospitality & Events,"Food & Culinary,Marketing & Communications,Science & Research",Fact Checker (News Organizations),Media & Journalism,"Law & Government,Science & Research",$40k–$65k,$45k–$75k
10.63,checker fact,0.188,Fact-Checker,Hospitality & Events,"Food & Culinary,Marketing & Communications,Science & Research",Fact Checker (Media Verification),Media & Journalism,"Law & Government,Tech & Engineering",$40k–$65k,$45k–$75k
10.63,checker fact,0.118,Fact-Checker,Hospitality & Events,"Food & Culinary,Marketing & Communications,Science & Research",Fact-Checker (Digital Media),Media & Journalism,"Tech & Engineering,Law & Government",$40k–$65k,$45k–$75k
10.63,checker fact,0.057,Fact-Checker,Hospitality & Events,"Food & Culinary,Marketing & Communications,Science & Research",Fact-Checker (Media Organization),Media & Journalism,"Law & Government,Education & Coaching",$40k–$65k,$48k–$77k
10.63,checker fact,0.194,Fact-Checker,Hospitality & Events,"Food & Culinary,Marketing & Communications,Science & Research",Fact Checker (Nonprofit),Media & Journalism,"Law & Government,Social Impact & Nonprofit",$40k–$65k,$45k–$75k
10.63,checker fact,0.118,Fact-Checker,Hospitality & Events,"Food & Culinary,Marketing & Communications,Science & Research",Fact Checker (Digital News Organization),Media & Journalism,"Law & Government,Science & Research",$40k–$65k,$45k–$75k
10.63,checker fact,0.054,Fact-Checker,Hospitality & Events,"Food & Culinary,Marketing & Communications,Science & Research",Fact-Checker (Misinformation Specialist),Media & Journalism,"Law & Government,Tech & Engineering",$40k–$65k,$45k–$75k
10.63,checker fact,0.118,Fact-Checker,Hospitality & Events,"Food & Culinary,Marketing & Communications,Science & Research",Fact-Checker (Online Publications),Media & Journalism,"Law & Government,Science & Research",$40k–$65k,$45k–$75k
10.63,checker fact,0.25,Fact-Checker,Hospitality & Events,"Food & Culinary,Marketing & Communications,Science & Research",Content Fact-Checker,Media & Journalism,"Law & Government,Tech & Engineering",$40k–$65k,$45k–$75k
10.63,checker fact,0.118,Fact-Checker,Hospitality & Events,"Food & Culinary,Marketing & Communications,Science & Research",Fact Checker (Full-time),Media & Journalism,"Law & Government,Tech & Engineering",$40k–$65k,$45k–$75k
10.63,checker fact,0.1,Fact Checker,Science & Research,"Healthcare & Medicine,Tech & Engineering",Video Fact-Checker,Media & Journalism,"Tech & Engineering,Social Impact & Nonprofit",$45k–$75k,$45k–$75k
10.63,checker fact,0.478,Fact Checker,Science & Research,"Healthcare & Medicine,Tech & Engineering",Fact-Checker (Media Literacy),Media & Journalism,"Education & Coaching,Law & Government",$45k–$75k,$45k–$75k
10.63,checker fact,0.185,Fact Checker,Science & Research,"Healthcare & Medicine,Tech & Engineering",Fact Checker (Online),Media & Journalism,"Law & Government,Tech & Engineering",$45k–$75k,$40k–$75k
10.63,checker fact,0.207,Fact Checker,Science & Research,"Healthcare & Medicine,Tech & Engineering",Fact-Checker (Digital News),Media & Journalism,"Law & Government,Tech & Engineering",$45k–$75k,$48k–$77k
10.63,checker fact,0.269,Fact Checker,Science & Research,"Healthcare & Medicine,Tech & Engineering",Fact Checker (Media Verification),Media & Journalism,"Law & Government,Tech & Engineering",$45k–$75k,$45k–$75k
10.63,checker fact,0.269,Fact Checker,Science & Research,"Healthcare & Medicine,Tech & Engineering",Fact-Checker (Digital Media),Media & Journalism,"Tech & Engineering,Law & Government",$45k–$75k,$45k–$75k
10.63,checker fact,0.067,Fact Checker,Science & Research,"Healthcare & Medicine,Tech & Engineering",Fact-Checker (Media Organization),Media & Journalism,"Law & Government,Education & Coaching",$45k–$75k,$48k–$77k
10.63,checker fact,0.455,Fact Checker,Science & Research,"Healthcare & Medicine,Tech & Engineering",Fact Checker (Nonprofit),Media & Journalism,"Law & Government,Social Impact & Nonprofit",$45k–$75k,$45k–$75k
10.63,checker fact,0.172,Fact Checker,Science & Research,"Healthcare & Medicine,Tech & Engineering",Fact-Checker (Misinformation Specialist),Media & Journalism,"Law & Government,Tech & Engineering",$45k–$75k,$45k–$75k
10.63,checker fact,0.296,Fact Checker,Science & Research,"Healthcare & Medicine,Tech & Engineering",Content Fact-Checker,Media & Journalism,"Law & Government,Tech & Engineering",$45k–$75k,$45k–$75k
10.63,checker fact,0.269,Fact Checker,Science & Research,"Healthcare & Medicine,Tech & Engineering",Fact Checker (Full-time),Media & Journalism,"Law & Government,Tech & Engineering",$45k–$75k,$45k–$75k
10.61,environmental graphic,0.231,Environmental Graphic Designer,Marketing & Communications,"Business & Finance,Design & Creative,Science & Research",Environmental Graphic Designer (Interior),Environment & Sustainability,"Science & Research,Law & Government,Tech & Engineering",$55k–$100k,$50k–$85k
10.61,environmental graphic,0.303,Environmental Graphic Designer (Exhibition),Design & Creative,"Hospitality & Events,Education & Coaching",Environmental Graphic Designer (Interior),Environment & Sustainability,"Science & Research,Law & Government,Tech & Engineering",$50k–$85k,$50k–$85k
10.61,environmental graphic,0.176,Environmental Graphic Designer (Interior),Environment & Sustainability,"Science & Research,Law & Government,Tech & Engineering",Environmental Graphic Designer (Retail),Design & Creative,"Hospitality & Events,Business & Finance",$50k–$85k,$50k–$85k
10.61,environmental graphic,0.143,Environmental Graphic Designer (Interior),Environment & Sustainability,"Science & Research,Law & Government,Tech & Engineering",Environmental Graphic Designer (Museum),Design & Creative,"Education & Coaching,Arts & Performance",$50k–$85k,$50k–$85k
10.6,instructor yoga,0.414,Certified Yoga Instructor,Sports & Fitness,"Healthcare & Medicine,Education & Coaching",Yoga Instructor,Gaming & Esports,"Tech & Engineering,Marketing & Communications,Healthcare & Medicine",$30k–$65k,$35k–$65k
10.6,instructor yoga,0.086,Yoga Instructor,Gaming & Esports,"Tech & Engineering,Marketing & Communications,Healthcare & Medicine",Yoga Instructor Trainer,Sports & Fitness,"Education & Coaching,Healthcare & Medicine",$35k–$65k,$45k–$75k
10.6,instructor yoga,0.061,Yoga Instructor,Gaming & Esports,"Tech & Engineering,Marketing & Communications,Healthcare & Medicine",Yoga Instructor (Corporate Wellness),Sports & Fitness,"Healthcare & Medicine,Education & Coaching",$35k–$65k,$35k–$65k
10.6,instructor yoga,0.241,Yoga Instructor,Gaming & Esports,"Tech & Engineering,Marketing & Communications,Healthcare & Medicine",Aerial Yoga Instructor,Arts & Performance,"Education & Coaching,Sports & Fitness",$35k–$65k,$35k–$65k
10.6,instructor yoga,0.147,Yoga Instructor,Gaming & Esports,"Tech & Engineering,Marketing & Communications,Healthcare & Medicine",Yoga Instructor (Specialty - Prenatal),Sports & Fitness,"Healthcare & Medicine,Education & Coaching",$35k–$65k,$35k–$65k
10.6,instructor yoga,0.242,Yoga Instructor,Gaming & Esports,"Tech & Engineering,Marketing & Communications,Healthcare & Medicine",Yoga Instructor (Studio Owner),Sports & Fitness,"Education & Coaching,Entrepreneurship",$35k–$65k,$35k–$75k
10.6,instructor yoga,0.385,Yoga Instructor,Gaming & Esports,"Tech & Engineering,Marketing & Communications,Healthcare & Medicine",Yoga Instructor (Specialized),Sports & Fitness,"Healthcare & Medicine,Education & Coaching",$35k–$65k,$35k–$65k
10.6,instructor yoga,0.086,Yoga Instructor,Gaming & Esports,"Tech & Engineering,Marketing & Communications,Healthcare & Medicine",Yoga Instructor (Therapeutic),Sports & Fitness,"Healthcare & Medicine,Education & Coaching",$35k–$65k,$35k–$65k
10.6,influencer niche,0.194,Niche Influencer Brand Builder,Gaming & Esports,"Tech & Engineering,Marketing & Communications,Media & Journalism",Niche Influencer Network Founder,Entrepreneurship,"Media & Journalism,Business & Finance",$20k–$150k,$45k–$120k
10.6,influencer niche,0.25,Niche Influencer Brand Builder,Gaming & Esports,"Tech & Engineering,Marketing & Communications,Media & Journalism",Niche Influencer Platform Founder,Entrepreneurship,"Media & Journalism,Design & Creative",$20k–$150k,$45k–$150k
10.6,influencer niche,0.152,Niche Influencer Brand Builder,Gaming & Esports,"Tech & Engineering,Marketing & Communications,Media & Journalism",Niche Social Media Creator (Micro-Influencer),Entrepreneurship,"Media & Journalism,Design & Creative",$20k–$150k,$20k–$150k
10.59,biotech startup,0.051,Biotech Consultant (Startup Launch),Entrepreneurship,"Business & Finance,Science & Research",Biotech Startup Founder,Environment & Sustainability,"Science & Research,Law & Government,Tech & Engineering",$70k–$130k,$0–$500k+
10.59,biotech startup,0.15,Biotech Startup Founder,Environment & Sustainability,"Science & Research,Law & Government,Tech & Engineering",Biotech Clinical Trial Startup Founder,Entrepreneurship,"Healthcare & Medicine,Science & Research",$0–$500k+,$70k–$150k
10.58,agency influencer,0.118,Micro-Influencer Manager (Agency),Marketing & Communications,"Business & Finance,Design & Creative,Media & Journalism",Influencer Brand Agency Owner,Entrepreneurship,"Media & Journalism,Design & Creative",$45k–$75k,$45k–$150k
10.58,agency influencer,0.138,Micro-Influencer Manager (Agency),Marketing & Communications,"Business & Finance,Design & Creative,Media & Journalism",Influencer Agency Founder,Entrepreneurship,"Media & Journalism,Business & Finance",$45k–$75k,$45k–$150k
10.58,agency influencer,0.129,Micro-Influencer Manager (Agency),Marketing & Communications,"Business & Finance,Design & Creative,Media & Journalism",Influencer Agency Owner,Entrepreneurship,"Media & Journalism,Design & Creative",$45k–$75k,$45k–$150k
10.58,agency influencer,0.133,Micro-Influencer Manager (Agency),Marketing & Communications,"Business & Finance,Design & Creative,Media & Journalism",Influencer Management Agency Founder,Entrepreneurship,"Media & Journalism,Business & Finance",$45k–$75k,$45k–$120k
10.58,agency influencer,0.212,Influencer Marketing Agency Owner,Marketing & Communications,"Business & Finance,Design & Creative,Science & Research",Influencer Brand Agency Owner,Entrepreneurship,"Media & Journalism,Design & Creative",$45k–$150k,$45k–$150k
10.58,agency influencer,0.25,Influencer Marketing Agency Owner,Marketing & Communications,"Business & Finance,Design & Creative,Science & Research",Influencer Agency Founder,Entrepreneurship,"Media & Journalism,Business & Finance",$45k–$150k,$45k–$150k
10.58,agency influencer,0.233,Influencer Marketing Agency Owner,Marketing & Communications,"Business & Finance,Design & Creative,Science & Research",Influencer Agency Owner,Entrepreneurship,"Media & Journalism,Design & Creative",$45k–$150k,$45k–$150k
10.58,agency influencer,0.125,Influencer Marketing Agency Owner,Marketing & Communications,"Business & Finance,Design & Creative,Science & Research",Influencer Management Agency Founder,Entrepreneurship,"Media & Journalism,Business & Finance",$45k–$150k,$45k–$120k
10.56,lighting live,0.229,Live Theater Lighting Technician,Science & Research,"Healthcare & Medicine,Tech & Engineering,Architecture & Urban Planning",Live Event Lighting Technician,Arts & Performance,"Hospitality & Events,Tech & Engineering",$32k–$55k,$35k–$75k
10.56,lighting live,0.286,Live Theater Lighting Technician,Science & Research,"Healthcare & Medicine,Tech & Engineering,Architecture & Urban Planning",Live Events Lighting Designer,Arts & Performance,"Hospitality & Events,Tech & Engineering",$32k–$55k,$35k–$75k
10.56,lighting live,0.129,Live Theater Lighting Technician,Science & Research,"Healthcare & Medicine,Tech & Engineering,Architecture & Urban Planning",Live Event Lighting Designer,Arts & Performance,"Hospitality & Events,Design & Creative",$32k–$55k,$35k–$75k
10.56,formulation scientist,0.033,Cosmetics Formulation Scientist,Fashion & Beauty,"Science & Research,Tech & Engineering",Pharmaceutical Formulation Scientist,Healthcare & Medicine,"Science & Research,Tech & Engineering,Architecture & Urban Planning",$60k–$105k,$65k–$110k
10.56,formulation scientist,0.061,Pharmaceutical Formulation Scientist,Healthcare & Medicine,"Science & Research,Tech & Engineering,Architecture & Urban Planning",Cosmetic Formulation Scientist,Fashion & Beauty,"Design & Creative,Marketing & Communications,Science & Research",$65k–$110k,$60k–$95k
10.56,formulation scientist,0.0,Pharmaceutical Formulation Scientist,Healthcare & Medicine,"Science & Research,Tech & Engineering,Architecture & Urban Planning",Beauty Product Formulation Scientist,Fashion & Beauty,"Science & Research,Design & Creative",$65k–$110k,$55k–$95k
10.54,freelance writer,0.0,Freelance Grant Writer,Entrepreneurship,"Social Impact & Nonprofit,Business & Finance",Freelance Writer (Specialized),Media & Journalism,"Design & Creative,Education & Coaching",$45k–$75k,$40k–$85k
10.54,circular entrepreneur,0.125,Circular Fashion Entrepreneur,Entrepreneurship,"Fashion & Beauty,Environment & Sustainability",Circular Economy Entrepreneur,Supply Chain & Operations,"Business & Finance,Tech & Engineering,Science & Research",$45k–$150k,$45k–$120k
10.54,game video,0.054,Video Game Journalist,Gaming & Esports,"Tech & Engineering,Marketing & Communications,Media & Journalism",Foley Artist (Video Game),Arts & Performance,"Tech & Engineering,Design & Creative",$45k–$75k,$45k–$75k
10.54,game video,0.051,Foley Artist (Video Game),Arts & Performance,"Tech & Engineering,Design & Creative",Video Game Reviewer,Media & Journalism,"Design & Creative,Tech & Engineering",$45k–$75k,$35k–$85k
10.54,game video,0.077,Foley Artist (Video Game),Arts & Performance,"Tech & Engineering,Design & Creative",Video Game Critic,Media & Journalism,"Design & Creative,Tech & Engineering",$45k–$75k,$45k–$75k
10.54,game video,0.048,Foley Artist (Video Game),Arts & Performance,"Tech & Engineering,Design & Creative",Video Game Writer,Media & Journalism,"Design & Creative,Tech & Engineering",$45k–$75k,$55k–$95k
10.54,game video,0.024,Foley Artist (Video Game),Arts & Performance,"Tech & Engineering,Design & Creative",Video Game Reviewer (Content Creator),Media & Journalism,"Design & Creative,Tech & Engineering",$45k–$75k,$40k–$120k
10.54,game video,0.075,Foley Artist (Video Game),Arts & Performance,"Tech & Engineering,Design & Creative",Video Game Narrative Designer,Gaming & Esports,"Tech & Engineering,Marketing & Communications,Media & Journalism",$45k–$75k,$60k–$95k
10.54,design industrial,0.061,Industrial Design Technologist,Science & Research,"Healthcare & Medicine,Tech & Engineering,Architecture & Urban Planning",Industrial Design Consultant,Design & Creative,"Tech & Engineering,Business & Finance",$50k–$85k,$55k–$95k
10.54,design industrial,0.067,Industrial Design Engineer,Science & Research,"Healthcare & Medicine,Tech & Engineering,Architecture & Urban Planning",Industrial Design Consultant,Design & Creative,"Tech & Engineering,Business & Finance",$58k–$95k,$55k–$95k
10.54,broadcasting sports,0.233,Sports Broadcasting Director,Gaming & Esports,"Tech & Engineering,Marketing & Communications,Media & Journalism",Sports Broadcasting Analyst,Sports & Fitness,"Media & Journalism,Education & Coaching",$45k–$95k,$45k–$120k
10.54,broadcasting sports,0.152,Sports Broadcasting Director,Gaming & Esports,"Tech & Engineering,Marketing & Communications,Media & Journalism",Sports Broadcasting Producer,Sports & Fitness,"Media & Journalism,Design & Creative",$45k–$95k,$40k–$85k
10.54,broadcasting sports,0.194,Sports Broadcasting Director,Gaming & Esports,"Tech & Engineering,Marketing & Communications,Media & Journalism",Sports Analyst (Stats and Broadcasting),Sports & Fitness,"Media & Journalism,Business & Finance",$45k–$95k,$45k–$85k
10.54,dietitian sports,0.216,Registered Dietitian (Sports Nutrition),Healthcare & Medicine,"Sports & Fitness,Education & Coaching",Sports Dietitian,Food & Culinary,"Hospitality & Events,Business & Finance,Science & Research",$48k–$77k,$50k–$80k
10.54,dietitian sports,0.194,Sports Nutrition Registered Dietitian,Healthcare & Medicine,"Sports & Fitness,Education & Coaching",Sports Dietitian,Food & Culinary,"Hospitality & Events,Business & Finance,Science & Research",$58k–$95k,$50k–$80k
10.54,nutritionist sports,0.4,Sports Nutritionist,Food & Culinary,"Hospitality & Events,Business & Finance,Science & Research",Nutritionist (Sports Medicine),Healthcare & Medicine,"Sports & Fitness,Education & Coaching",$45k–$75k,$48k–$77k
10.54,nutritionist sports,0.276,Nutritionist (Sports Medicine),Healthcare & Medicine,"Sports & Fitness,Education & Coaching",Nutritionist (Sports),Food & Culinary,"Hospitality & Events,Business & Finance,Arts & Performance",$48k–$77k,$45k–$75k
10.54,dietitian sports,0.242,Sports Registered Dietitian,Food & Culinary,"Hospitality & Events,Business & Finance,Science & Research",Dietitian (Sports Nutrition),Sports & Fitness,"Healthcare & Medicine,Education & Coaching",$45k–$75k,$48k–$77k
10.54,dietitian sports,0.135,Sports Dietitian,Food & Culinary,"Hospitality & Events,Business & Finance,Science & Research",Dietitian (Sports Nutrition),Sports & Fitness,"Healthcare & Medicine,Education & Coaching",$50k–$80k,$48k–$77k
10.54,community worker,0.022,Community Health Worker,Gaming & Esports,"Tech & Engineering,Marketing & Communications,Science & Research",Social Worker (Community),Social Impact & Nonprofit,"Healthcare & Medicine,Law & Government",$38k–$56k,$38k–$58k
10.53,instructor therapy,0.143,Dance Movement Therapy Instructor,Arts & Performance,"Healthcare & Medicine,Social Impact & Nonprofit",Music Therapy Instructor,Education & Coaching,"Social Impact & Nonprofit,Tech & Engineering,Healthcare & Medicine",$35k–$65k,$37k–$63k
10.53,agriculture sustainable,0.097,Sustainable Agriculture Consultant,Food & Culinary,"Hospitality & Events,Business & Finance,Science & Research",Sustainable Agriculture Coordinator,Environment & Sustainability,"Science & Research,Education & Coaching",$50k–$85k,$45k–$70k
10.53,agriculture sustainable,0.032,Sustainable Agriculture Consultant,Food & Culinary,"Hospitality & Events,Business & Finance,Science & Research",Sustainable Agriculture Specialist,Environment & Sustainability,"Science & Research,Social Impact & Nonprofit",$50k–$85k,$45k–$75k
10.53,agriculture sustainable,0.034,Sustainable Agriculture Consultant,Food & Culinary,"Hospitality & Events,Business & Finance,Science & Research",Sustainable Agriculture Entrepreneur,Entrepreneurship,"Environment & Sustainability,Business & Finance",$50k–$85k,$35k–$85k
10.53,agriculture sustainable,0.033,Sustainable Agriculture Consultant,Food & Culinary,"Hospitality & Events,Business & Finance,Science & Research",Sustainable Agriculture Manager,Environment & Sustainability,"Science & Research,Business & Finance",$50k–$85k,$48k–$85k
10.53,agriculture sustainable,0.259,Sustainable Agriculture Consultant,Food & Culinary,"Hospitality & Events,Business & Finance,Science & Research",Sustainable Agriculture Advisor,Environment & Sustainability,"Science & Research,Education & Coaching",$50k–$85k,$45k–$75k
10.53,beauty influencer,0.143,Beauty Writer & Influencer,Fashion & Beauty,"Media & Journalism,Entrepreneurship",Beauty Influencer Manager,Marketing & Communications,"Business & Finance,Design & Creative,Media & Journalism",$40k–$120k,$45k–$120k
10.53,beauty influencer,0.448,Beauty Writer & Influencer,Fashion & Beauty,"Media & Journalism,Entrepreneurship",Beauty Influencer,Marketing & Communications,"Business & Finance,Design & Creative,Media & Journalism",$40k–$120k,$30k–$45k
10.5,digital interaction,0.1,Interaction Designer (Digital),Science & Research,"Healthcare & Medicine,Tech & Engineering,Architecture & Urban Planning",Interaction Designer (Digital Products),Design & Creative,"Tech & Engineering,Business & Finance",$60k–$95k,$65k–$110k
10.49,industrial product,0.207,Industrial Product Designer,Science & Research,"Healthcare & Medicine,Tech & Engineering,Architecture & Urban Planning",Product Designer (Industrial),Fashion & Beauty,"Design & Creative,Marketing & Communications,Architecture & Urban Planning",$55k–$95k,$55k–$95k
10.48,educator makeup,0.094,Makeup Artistry Educator,Fashion & Beauty,"Design & Creative,Marketing & Communications,Arts & Performance",Makeup Educator,Gaming & Esports,"Tech & Engineering,Marketing & Communications,Architecture & Urban Planning",$40k–$65k,$35k–$75k
10.48,set theater,0.075,Set Designer (Theater),Arts & Performance,"Design & Creative,Hospitality & Events",Set Electrician (Theater),Science & Research,"Healthcare & Medicine,Tech & Engineering,Architecture & Urban Planning",$35k–$65k,$35k–$65k
10.48,set theater,0.054,Set Designer (Live Theater),Arts & Performance,"Design & Creative,Hospitality & Events",Set Electrician (Theater),Science & Research,"Healthcare & Medicine,Tech & Engineering,Architecture & Urban Planning",$35k–$65k,$35k–$65k
10.48,set theater,0.091,Set Painter (Theater),Arts & Performance,"Design & Creative,Hospitality & Events",Set Electrician (Theater),Science & Research,"Healthcare & Medicine,Tech & Engineering,Architecture & Urban Planning",$30k–$55k,$35k–$65k
10.48,fashion model,0.194,Fashion Fit Model,Marketing & Communications,"Business & Finance,Design & Creative,Science & Research",Virtual Fashion Model (Digital Avatar),Fashion & Beauty,"Tech & Engineering,Design & Creative",$25k–$80k,$35k–$75k
10.48,fashion model,0.071,Fashion Fit Model Consultant,Marketing & Communications,"Business & Finance,Design & Creative,Science & Research",Virtual Fashion Model (Digital Avatar),Fashion & Beauty,"Tech & Engineering,Design & Creative",$35k–$65k,$35k–$75k
10.47,film television,0.0,Subtitle Editor (Film & Television),Media & Journalism,"Design & Creative,Tech & Engineering",Scenic Artist (Film & Television),Arts & Performance,"Design & Creative,Hospitality & Events",$35k–$65k,$35k–$75k
10.47,film television,0.0,Subtitle Editor (Film & Television),Media & Journalism,"Design & Creative,Tech & Engineering",Makeup Artist for Film and Television,Fashion & Beauty,"Design & Creative,Marketing & Communications,Arts & Performance",$35k–$65k,$35k–$85k
10.47,film television,0.0,Subtitle Editor (Film & Television),Media & Journalism,"Design & Creative,Tech & Engineering",Costume Designer (Film & Television),Fashion & Beauty,"Arts & Performance,Design & Creative",$35k–$65k,$45k–$85k
10.47,film television,0.0,Subtitle Editor (Film & Television),Media & Journalism,"Design & Creative,Tech & Engineering",Makeup Artist (Film & Television),Fashion & Beauty,"Arts & Performance,Design & Creative",$35k–$65k,$35k–$85k
10.47,film television,0.033,Subtitle Editor (Film & Television),Media & Journalism,"Design & Creative,Tech & Engineering",Set Designer (Film & Television),Arts & Performance,"Design & Creative,Hospitality & Events",$35k–$65k,$45k–$85k
10.47,film television,0.029,Subtitle Editor (Film & Television),Media & Journalism,"Design & Creative,Tech & Engineering",Makeup Artist for Film & Television,Fashion & Beauty,"Arts & Performance,Design & Creative",$35k–$65k,$35k–$85k
10.47,film television,0.0,Makeup Artist for Film and Television,Fashion & Beauty,"Design & Creative,Marketing & Communications,Arts & Performance",Screenwriter (Film & Television),Media & Journalism,"Arts & Performance,Design & Creative",$35k–$85k,$45k–$120k
10.47,film television,0.028,Costume Designer (Film & Television),Fashion & Beauty,"Arts & Performance,Design & Creative",Screenwriter (Film & Television),Media & Journalism,"Arts & Performance,Design & Creative",$45k–$85k,$45k–$120k
10.47,film television,0.028,Makeup Artist (Film & Television),Fashion & Beauty,"Arts & Performance,Design & Creative",Screenwriter (Film & Television),Media & Journalism,"Arts & Performance,Design & Creative",$35k–$85k,$45k–$120k
10.47,film television,0.027,Screenwriter (Film & Television),Media & Journalism,"Arts & Performance,Design & Creative",Makeup Artist for Film & Television,Fashion & Beauty,"Arts & Performance,Design & Creative",$45k–$120k,$35k–$85k
10.46,goods luxury,0.105,Luxury Goods Specialist,Marketing & Communications,"Business & Finance,Design & Creative,Media & Journalism",Luxury Goods Authentication Specialist,Fashion & Beauty,"Business & Finance,Tech & Engineering",$45k–$85k,$45k–$75k
10.46,goods luxury,0.25,Luxury Goods Specialist,Marketing & Communications,"Business & Finance,Design & Creative,Media & Journalism",Luxury Goods E-Commerce Founder,Entrepreneurship,"Fashion & Beauty,Business & Finance",$45k–$85k,$45k–$150k
10.46,goods luxury,0.029,Luxury Goods Specialist,Marketing & Communications,"Business & Finance,Design & Creative,Media & Journalism",Luxury Leather Goods Designer,Fashion & Beauty,"Design & Creative,Entrepreneurship",$45k–$85k,$50k–$95k
10.46,goods luxury,0.061,Luxury Goods Specialist,Marketing & Communications,"Business & Finance,Design & Creative,Media & Journalism",Luxury Goods Reseller,Entrepreneurship,"Fashion & Beauty,Business & Finance",$45k–$85k,$45k–$150k
10.46,goods luxury,0.088,Luxury Goods Specialist,Marketing & Communications,"Business & Finance,Design & Creative,Media & Journalism",Luxury Goods Reseller (Authenticated),Entrepreneurship,"Business & Finance,Fashion & Beauty",$45k–$85k,$40k–$120k
10.46,goods luxury,0.172,Luxury Goods Specialist,Marketing & Communications,"Business & Finance,Design & Creative,Media & Journalism",Luxury Goods Inspector,Fashion & Beauty,"Business & Finance,Design & Creative",$45k–$85k,$45k–$75k
10.46,goods luxury,0.083,Luxury Goods Specialist,Marketing & Communications,"Business & Finance,Design & Creative,Media & Journalism",Luxury Goods Reseller (Online),Entrepreneurship,"Fashion & Beauty,Business & Finance",$45k–$85k,$45k–$150k
10.46,goods luxury,0.029,Luxury Goods Specialist,Marketing & Communications,"Business & Finance,Design & Creative,Media & Journalism",Luxury Goods Authenticator (Business),Entrepreneurship,"Fashion & Beauty,Business & Finance",$45k–$85k,$45k–$95k
10.46,goods luxury,0.324,Luxury Goods Authentication Specialist,Fashion & Beauty,"Business & Finance,Tech & Engineering",Luxury Goods Authenticator,Marketing & Communications,"Business & Finance,Design & Creative,Science & Research",$45k–$75k,$45k–$75k
10.46,goods luxury,0.194,Luxury Goods Authentication Specialist,Fashion & Beauty,"Business & Finance,Tech & Engineering",Luxury Goods Appraiser,Design & Creative,"Marketing & Communications,Tech & Engineering,Science & Research",$45k–$75k,$45k–$85k
10.46,goods luxury,0.0,Luxury Goods E-Commerce Founder,Entrepreneurship,"Fashion & Beauty,Business & Finance",Luxury Goods Authenticator,Marketing & Communications,"Business & Finance,Design & Creative,Science & Research",$45k–$150k,$45k–$75k
10.46,goods luxury,0.0,Luxury Goods E-Commerce Founder,Entrepreneurship,"Fashion & Beauty,Business & Finance",Luxury Goods Appraiser,Design & Creative,"Marketing & Communications,Tech & Engineering,Science & Research",$45k–$150k,$45k–$85k
10.46,goods luxury,0.125,Luxury Goods E-Commerce Founder,Entrepreneurship,"Fashion & Beauty,Business & Finance",Luxury Goods Merchandiser,Design & Creative,"Fashion & Beauty,Business & Finance",$45k–$150k,$45k–$75k
10.46,goods luxury,0.027,Luxury Leather Goods Designer,Fashion & Beauty,"Design & Creative,Entrepreneurship",Luxury Goods Authenticator,Marketing & Communications,"Business & Finance,Design & Creative,Science & Research",$50k–$95k,$45k–$75k
10.46,goods luxury,0.0,Luxury Goods Reseller,Entrepreneurship,"Fashion & Beauty,Business & Finance",Luxury Goods Authenticator,Marketing & Communications,"Business & Finance,Design & Creative,Science & Research",$45k–$150k,$45k–$75k
10.46,goods luxury,0.059,Luxury Goods Reseller,Entrepreneurship,"Fashion & Beauty,Business & Finance",Luxury Goods Appraiser,Design & Creative,"Marketing & Communications,Tech & Engineering,Science & Research",$45k–$150k,$45k–$85k
10.46,goods luxury,0.029,Luxury Goods Reseller,Entrepreneurship,"Fashion & Beauty,Business & Finance",Luxury Goods Merchandiser,Design & Creative,"Fashion & Beauty,Business & Finance",$45k–$150k,$45k–$75k
10.46,goods luxury,0.053,Luxury Goods Reseller (Authenticated),Entrepreneurship,"Business & Finance,Fashion & Beauty",Luxury Goods Authenticator,Marketing & Communications,"Business & Finance,Design & Creative,Science & Research",$40k–$120k,$45k–$75k
10.46,goods luxury,0.152,Luxury Goods Reseller (Authenticated),Entrepreneurship,"Business & Finance,Fashion & Beauty",Luxury Goods Appraiser,Design & Creative,"Marketing & Communications,Tech & Engineering,Science & Research",$40k–$120k,$45k–$85k
10.46,goods luxury,0.086,Luxury Goods Reseller (Authenticated),Entrepreneurship,"Business & Finance,Fashion & Beauty",Luxury Goods Merchandiser,Design & Creative,"Fashion & Beauty,Business & Finance",$40k–$120k,$45k–$75k
10.46,goods luxury,0.194,Luxury Goods Authenticator,Marketing & Communications,"Business & Finance,Design & Creative,Science & Research",Luxury Goods Inspector,Fashion & Beauty,"Business & Finance,Design & Creative",$45k–$75k,$45k–$75k
10.46,goods luxury,0.05,Luxury Goods Authenticator,Marketing & Communications,"Business & Finance,Design & Creative,Science & Research",Luxury Goods Reseller (Online),Entrepreneurship,"Fashion & Beauty,Business & Finance",$45k–$75k,$45k–$150k
10.46,goods luxury,0.111,Luxury Goods Appraiser,Design & Creative,"Marketing & Communications,Tech & Engineering,Science & Research",Luxury Goods Reseller (Online),Entrepreneurship,"Fashion & Beauty,Business & Finance",$45k–$85k,$45k–$150k
10.46,goods luxury,0.194,Luxury Goods Appraiser,Design & Creative,"Marketing & Communications,Tech & Engineering,Science & Research",Luxury Goods Authenticator (Business),Entrepreneurship,"Fashion & Beauty,Business & Finance",$45k–$85k,$45k–$95k
10.46,goods luxury,0.081,Luxury Goods Merchandiser,Design & Creative,"Fashion & Beauty,Business & Finance",Luxury Goods Reseller (Online),Entrepreneurship,"Fashion & Beauty,Business & Finance",$45k–$75k,$45k–$150k
10.46,goods luxury,0.028,Luxury Goods Merchandiser,Design & Creative,"Fashion & Beauty,Business & Finance",Luxury Goods Authenticator (Business),Entrepreneurship,"Fashion & Beauty,Business & Finance",$45k–$75k,$45k–$95k
10.46,physics researcher,0.129,Physics Researcher,Science & Research,"Healthcare & Medicine,Tech & Engineering",Physics Teacher/Researcher,Education & Coaching,"Social Impact & Nonprofit,Tech & Engineering,Architecture & Urban Planning",$65k–$130k,$60k–$95k
10.46,developer indie,0.118,Indie Game Developer (Solo),Entrepreneurship,"Design & Creative,Tech & Engineering",Mobile App Developer (Indie),Marketing & Communications,"Business & Finance,Design & Creative,Architecture & Urban Planning",$20k–$150k,$20k–$150k
10.46,developer indie,0.161,Mobile App Developer (Indie),Marketing & Communications,"Business & Finance,Design & Creative,Architecture & Urban Planning",Indie Game Developer,Entrepreneurship,"Design & Creative,Tech & Engineering",$20k–$150k,$40k–$120k
10.46,developer indie,0.062,Mobile App Developer (Indie),Marketing & Communications,"Business & Finance,Design & Creative,Architecture & Urban Planning",Game Developer (Indie),Tech & Engineering,"Design & Creative,Entrepreneurship",$20k–$150k,$45k–$150k
10.45,esl teacher,0.194,ESL Teacher (International Schools),Education & Coaching,"Social Impact & Nonprofit,Media & Journalism",ESL (English as Second Language) Teacher,Environment & Sustainability,"Science & Research,Law & Government,Architecture & Urban Planning",$35k–$65k,$35k–$65k
10.45,esl teacher,0.111,Online ESL Teacher,Education & Coaching,"Tech & Engineering,Business & Finance",ESL (English as Second Language) Teacher,Environment & Sustainability,"Science & Research,Law & Government,Architecture & Urban Planning",$28k–$55k,$35k–$65k
10.45,esl teacher,0.235,ESL (English as Second Language) Teacher,Environment & Sustainability,"Science & Research,Law & Government,Architecture & Urban Planning",Special Education Teacher (ESL),Education & Coaching,"Social Impact & Nonprofit,Healthcare & Medicine",$35k–$65k,$42k–$70k
10.45,esl teacher,0.233,ESL (English as Second Language) Teacher,Environment & Sustainability,"Science & Research,Law & Government,Architecture & Urban Planning",ESL/ESOL Teacher,Education & Coaching,"Social Impact & Nonprofit,Business & Finance",$35k–$65k,$35k–$65k
10.45,esl teacher,0.25,ESL (English as Second Language) Teacher,Environment & Sustainability,"Science & Research,Law & Government,Architecture & Urban Planning",ESL Teacher,Education & Coaching,"Social Impact & Nonprofit,Business & Finance",$35k–$65k,$35k–$65k
10.45,conference services,0.267,Conference Services Manager,Supply Chain & Operations,"Business & Finance,Tech & Engineering,Science & Research",Conference Services Director,Hospitality & Events,"Business & Finance,Education & Coaching",$48k–$77k,$45k–$75k
10.45,program volunteer,0.304,Volunteer Program Director,Social Impact & Nonprofit,"Education & Coaching,Hospitality & Events",Volunteer Program Manager,Gaming & Esports,"Tech & Engineering,Marketing & Communications,Science & Research",$40k–$65k,$38k–$58k
10.43,commercial insurance,0.057,Commercial Insurance Adjuster,Healthcare & Medicine,"Science & Research,Tech & Engineering",Commercial Underwriter (Insurance),Business & Finance,"Law & Government,Tech & Engineering",$55k–$85k,$58k–$95k
10.43,commercial insurance,0.121,Commercial Insurance Adjuster,Healthcare & Medicine,"Science & Research,Tech & Engineering",Commercial Insurance Broker,Business & Finance,"Law & Government,Entrepreneurship",$55k–$85k,$55k–$110k
10.43,commercial insurance,0.114,Commercial Insurance Adjuster,Healthcare & Medicine,"Science & Research,Tech & Engineering",Commercial Insurance Agent,Business & Finance,"Entrepreneurship,Tech & Engineering",$55k–$85k,$55k–$120k
10.43,commercial insurance,0.138,Commercial Insurance Adjuster,Healthcare & Medicine,"Science & Research,Tech & Engineering",Insurance Underwriter (Commercial),Business & Finance,"Law & Government,Tech & Engineering",$55k–$85k,$60k–$105k
10.43,commercial insurance,0.088,Commercial Insurance Adjuster,Healthcare & Medicine,"Science & Research,Tech & Engineering",Commercial Insurance Underwriter,Business & Finance,"Law & Government,Tech & Engineering",$55k–$85k,$65k–$110k
10.43,commercial insurance,0.091,Commercial Insurance Adjuster,Healthcare & Medicine,"Science & Research,Tech & Engineering",Commercial Lines Insurance Agent,Business & Finance,"Entrepreneurship,Tech & Engineering,Law & Government",$55k–$85k,$55k–$95k
10.43,commercial insurance,0.125,Commercial Insurance Adjuster,Healthcare & Medicine,"Science & Research,Tech & Engineering",Insurance Broker (Commercial),Business & Finance,"Law & Government,Entrepreneurship",$55k–$85k,$45k–$120k
10.41,fitness studio,0.088,Boutique Fitness Studio Owner,Gaming & Esports,"Tech & Engineering,Marketing & Communications,Architecture & Urban Planning",Fitness Studio Owner,Sports & Fitness,"Entrepreneurship,Business & Finance",$45k–$120k,$45k–$120k
10.41,fitness studio,0.108,Boutique Fitness Studio Owner,Gaming & Esports,"Tech & Engineering,Marketing & Communications,Architecture & Urban Planning",Virtual Reality Fitness Studio Owner,Entrepreneurship,"Tech & Engineering,Sports & Fitness",$45k–$120k,$45k–$120k
10.41,fitness studio,0.081,Boutique Fitness Studio Owner,Gaming & Esports,"Tech & Engineering,Marketing & Communications,Architecture & Urban Planning",Virtual Fitness Studio Operator,Entrepreneurship,"Sports & Fitness,Tech & Engineering",$45k–$120k,$40k–$120k
10.41,device medical,0.054,Medical Device Regulator,Healthcare & Medicine,"Law & Government,Science & Research",Medical Device Salesperson,Entrepreneurship,"Business & Finance,Tech & Engineering,Architecture & Urban Planning",$65k–$115k,$45k–$120k
10.41,device medical,0.053,Medical Device Regulator,Healthcare & Medicine,"Law & Government,Science & Research",Medical Device Sales Representative,Entrepreneurship,"Business & Finance,Tech & Engineering,Architecture & Urban Planning",$65k–$115k,$45k–$120k
10.41,device medical,0.147,Medical Device Maintenance Technician,Healthcare & Medicine,"Tech & Engineering,Science & Research",Medical Device Salesperson,Entrepreneurship,"Business & Finance,Tech & Engineering,Architecture & Urban Planning",$45k–$75k,$45k–$120k
10.41,device medical,0.143,Medical Device Maintenance Technician,Healthcare & Medicine,"Tech & Engineering,Science & Research",Medical Device Sales Representative,Entrepreneurship,"Business & Finance,Tech & Engineering,Architecture & Urban Planning",$45k–$75k,$45k–$120k
10.41,device medical,0.188,Medical Device Maintenance Technician,Healthcare & Medicine,"Tech & Engineering,Science & Research",Medical Device Engineer,Law & Government,"Business & Finance,Social Impact & Nonprofit,Architecture & Urban Planning",$45k–$75k,$65k–$120k
10.41,device medical,0.023,Medical Device Salesperson,Entrepreneurship,"Business & Finance,Tech & Engineering,Architecture & Urban Planning",Medical Device Designer (Orthopedic),Healthcare & Medicine,"Tech & Engineering,Design & Creative",$45k–$120k,$65k–$110k
10.41,device medical,0.219,Medical Device Salesperson,Entrepreneurship,"Business & Finance,Tech & Engineering,Architecture & Urban Planning",Medical Device Liaison,Healthcare & Medicine,"Tech & Engineering,Business & Finance",$45k–$120k,$60k–$95k
10.41,device medical,0.086,Medical Device Salesperson,Entrepreneurship,"Business & Finance,Tech & Engineering,Architecture & Urban Planning",Medical Device Designer,Design & Creative,"Healthcare & Medicine,Tech & Engineering",$45k–$120k,$65k–$110k
10.41,device medical,0.059,Medical Device Salesperson,Entrepreneurship,"Business & Finance,Tech & Engineering,Architecture & Urban Planning",Medical Device Regulatory Specialist,Healthcare & Medicine,"Law & Government,Science & Research",$45k–$120k,$60k–$105k
10.41,device medical,0.182,Medical Device Salesperson,Entrepreneurship,"Business & Finance,Tech & Engineering,Architecture & Urban Planning",Medical Device Researcher,Science & Research,"Healthcare & Medicine,Tech & Engineering",$45k–$120k,$65k–$110k
10.41,device medical,0.143,Medical Device Salesperson,Entrepreneurship,"Business & Finance,Tech & Engineering,Architecture & Urban Planning",Medical Device Specialist,Healthcare & Medicine,"Science & Research,Tech & Engineering",$45k–$120k,$60k–$95k
10.41,device medical,0.3,Medical Device Salesperson,Entrepreneurship,"Business & Finance,Tech & Engineering,Architecture & Urban Planning",Medical Device Sales Engineer,Healthcare & Medicine,"Business & Finance,Tech & Engineering",$45k–$120k,$60k–$120k
10.41,device medical,0.265,Medical Device Salesperson,Entrepreneurship,"Business & Finance,Tech & Engineering,Architecture & Urban Planning",Medical Device Sales Rep,Healthcare & Medicine,"Business & Finance,Science & Research",$45k–$120k,$55k–$120k
10.41,device medical,0.682,Medical Device Salesperson,Entrepreneurship,"Business & Finance,Tech & Engineering,Architecture & Urban Planning",Medical Device Sales Specialist,Healthcare & Medicine,"Business & Finance,Science & Research",$45k–$120k,$45k–$120k
10.41,device medical,0.057,Medical Device Salesperson,Entrepreneurship,"Business & Finance,Tech & Engineering,Architecture & Urban Planning",Medical Device Quality Inspector,Healthcare & Medicine,"Science & Research,Tech & Engineering",$45k–$120k,$52k–$85k
10.41,device medical,0.114,Medical Device Salesperson,Entrepreneurship,"Business & Finance,Tech & Engineering,Architecture & Urban Planning",Medical Device Engineer,Law & Government,"Business & Finance,Social Impact & Nonprofit,Architecture & Urban Planning",$45k–$120k,$65k–$120k
10.41,device medical,0.357,Medical Device Salesperson,Entrepreneurship,"Business & Finance,Tech & Engineering,Architecture & Urban Planning",Medical Device Salesman,Healthcare & Medicine,"Business & Finance,Science & Research",$45k–$120k,$55k–$95k
10.41,device medical,0.047,Medical Device Designer (Orthopedic),Healthcare & Medicine,"Tech & Engineering,Design & Creative",Medical Device Sales Representative,Entrepreneurship,"Business & Finance,Tech & Engineering,Architecture & Urban Planning",$65k–$110k,$45k–$120k
10.41,device medical,0.103,Medical Device Designer (Orthopedic),Healthcare & Medicine,"Tech & Engineering,Design & Creative",Medical Device Engineer,Law & Government,"Business & Finance,Social Impact & Nonprofit,Architecture & Urban Planning",$65k–$110k,$65k–$120k
10.41,device medical,0.29,Medical Device Liaison,Healthcare & Medicine,"Tech & Engineering,Business & Finance",Medical Device Sales Representative,Entrepreneurship,"Business & Finance,Tech & Engineering,Architecture & Urban Planning",$60k–$95k,$45k–$120k
10.41,device medical,0.086,Medical Device Liaison,Healthcare & Medicine,"Tech & Engineering,Business & Finance",Medical Device Engineer,Law & Government,"Business & Finance,Social Impact & Nonprofit,Architecture & Urban Planning",$60k–$95k,$65k–$120k
10.41,device medical,0.194,Medical Device Designer,Design & Creative,"Healthcare & Medicine,Tech & Engineering",Medical Device Researcher,Science & Research,"Healthcare & Medicine,Tech & Engineering",$65k–$110k,$65k–$110k
10.41,device medical,0.108,Medical Device Designer,Design & Creative,"Healthcare & Medicine,Tech & Engineering",Medical Device Startup Founder,Entrepreneurship,"Healthcare & Medicine,Tech & Engineering",$65k–$110k,$45k–$150k
10.41,device medical,0.114,Medical Device Designer,Design & Creative,"Healthcare & Medicine,Tech & Engineering",Medical Device Sales Representative,Entrepreneurship,"Business & Finance,Tech & Engineering,Architecture & Urban Planning",$65k–$110k,$45k–$120k
10.41,device medical,0.233,Medical Device Designer,Design & Creative,"Healthcare & Medicine,Tech & Engineering",Medical Device Engineer,Law & Government,"Business & Finance,Social Impact & Nonprofit,Architecture & Urban Planning",$65k–$110k,$65k–$120k
10.41,device medical,0.057,Medical Device Regulatory Specialist,Healthcare & Medicine,"Law & Government,Science & Research",Medical Device Sales Representative,Entrepreneurship,"Business & Finance,Tech & Engineering,Architecture & Urban Planning",$60k–$105k,$45k–$120k
10.41,device medical,0.135,Medical Device Researcher,Science & Research,"Healthcare & Medicine,Tech & Engineering",Medical Device Startup Founder,Entrepreneurship,"Healthcare & Medicine,Tech & Engineering",$65k–$110k,$45k–$150k
10.41,device medical,0.25,Medical Device Researcher,Science & Research,"Healthcare & Medicine,Tech & Engineering",Medical Device Sales Representative,Entrepreneurship,"Business & Finance,Tech & Engineering,Architecture & Urban Planning",$65k–$110k,$45k–$120k
10.41,device medical,0.31,Medical Device Researcher,Science & Research,"Healthcare & Medicine,Tech & Engineering",Medical Device Engineer,Law & Government,"Business & Finance,Social Impact & Nonprofit,Architecture & Urban Planning",$65k–$110k,$65k–$120k
10.41,device medical,0.171,Medical Device Specialist,Healthcare & Medicine,"Science & Research,Tech & Engineering",Medical Device Sales Representative,Entrepreneurship,"Business & Finance,Tech & Engineering,Architecture & Urban Planning",$60k–$95k,$45k–$120k
10.41,device medical,0.083,Medical Device Specialist,Healthcare & Medicine,"Science & Research,Tech & Engineering",Medical Device Engineer,Law & Government,"Business & Finance,Social Impact & Nonprofit,Architecture & Urban Planning",$60k–$95k,$65k–$120k
10.41,device medical,0.118,Medical Device Sales Engineer,Healthcare & Medicine,"Business & Finance,Tech & Engineering",Medical Device Engineer,Law & Government,"Business & Finance,Social Impact & Nonprofit,Architecture & Urban Planning",$60k–$120k,$65k–$120k
10.41,device medical,0.235,Medical Device Startup Founder,Entrepreneurship,"Healthcare & Medicine,Tech & Engineering",Medical Device Engineer,Law & Government,"Business & Finance,Social Impact & Nonprofit,Architecture & Urban Planning",$45k–$150k,$65k–$120k
10.41,device medical,0.2,Medical Device Sales Rep,Healthcare & Medicine,"Business & Finance,Science & Research",Medical Device Engineer,Law & Government,"Business & Finance,Social Impact & Nonprofit,Architecture & Urban Planning",$55k–$120k,$65k–$120k
10.41,device medical,0.056,Medical Device Sales Representative,Entrepreneurship,"Business & Finance,Tech & Engineering,Architecture & Urban Planning",Medical Device Quality Inspector,Healthcare & Medicine,"Science & Research,Tech & Engineering",$45k–$120k,$52k–$85k
10.41,device medical,0.143,Medical Device Sales Representative,Entrepreneurship,"Business & Finance,Tech & Engineering,Architecture & Urban Planning",Medical Device Engineer,Law & Government,"Business & Finance,Social Impact & Nonprofit,Architecture & Urban Planning",$45k–$120k,$65k–$120k
10.41,device medical,0.393,Medical Device Sales Representative,Entrepreneurship,"Business & Finance,Tech & Engineering,Architecture & Urban Planning",Medical Device Salesman,Healthcare & Medicine,"Business & Finance,Science & Research",$45k–$120k,$55k–$95k
10.41,device medical,0.125,Medical Device Sales Specialist,Healthcare & Medicine,"Business & Finance,Science & Research",Medical Device Engineer,Law & Government,"Business & Finance,Social Impact & Nonprofit,Architecture & Urban Planning",$45k–$120k,$65k–$120k
10.41,device medical,0.091,Medical Device Quality Inspector,Healthcare & Medicine,"Science & Research,Tech & Engineering",Medical Device Engineer,Law & Government,"Business & Finance,Social Impact & Nonprofit,Architecture & Urban Planning",$52k–$85k,$65k–$120k
10.41,device medical,0.156,Medical Device Engineer,Law & Government,"Business & Finance,Social Impact & Nonprofit,Architecture & Urban Planning",Medical Device Salesman,Healthcare & Medicine,"Business & Finance,Science & Research",$65k–$120k,$55k–$95k
10.41,health public,0.167,Public Health Attorney,Food & Culinary,"Hospitality & Events,Business & Finance,Law & Government",Public Health Officer,Healthcare & Medicine,"Science & Research,Law & Government",$65k–$120k,$52k–$85k
10.41,health public,0.088,Public Health Attorney,Food & Culinary,"Hospitality & Events,Business & Finance,Law & Government",Public Health Administrator,Gaming & Esports,"Tech & Engineering,Marketing & Communications,Law & Government",$65k–$120k,$55k–$90k
10.41,health public,0.057,Public Health Attorney,Food & Culinary,"Hospitality & Events,Business & Finance,Law & Government",Public Health Program Director,Healthcare & Medicine,"Law & Government,Social Impact & Nonprofit",$65k–$120k,$60k–$95k
10.41,health public,0.081,Public Health Attorney,Food & Culinary,"Hospitality & Events,Business & Finance,Law & Government",Public Health Nurse,Gaming & Esports,"Tech & Engineering,Marketing & Communications,Science & Research",$65k–$120k,$60k–$85k
10.41,health public,0.259,Public Health Officer,Healthcare & Medicine,"Science & Research,Law & Government",Public Health Administrator,Gaming & Esports,"Tech & Engineering,Marketing & Communications,Law & Government",$52k–$85k,$55k–$90k
10.41,health public,0.276,Public Health Officer,Healthcare & Medicine,"Science & Research,Law & Government",Public Health Nurse,Gaming & Esports,"Tech & Engineering,Marketing & Communications,Science & Research",$52k–$85k,$60k–$85k
10.41,health public,0.333,Public Health Administrator,Gaming & Esports,"Tech & Engineering,Marketing & Communications,Law & Government",Public Health Program Director,Healthcare & Medicine,"Law & Government,Social Impact & Nonprofit",$55k–$90k,$60k–$95k
10.41,health public,0.114,Public Health Program Director,Healthcare & Medicine,"Law & Government,Social Impact & Nonprofit",Public Health Nurse,Gaming & Esports,"Tech & Engineering,Marketing & Communications,Science & Research",$60k–$95k,$60k–$85k
10.4,technical writer,0.176,Technical Writer (Science/Tech),Media & Journalism,"Tech & Engineering,Science & Research",Technical Writer,Aviation & Transportation,"Tech & Engineering,Science & Research",$55k–$85k,$55k–$95k
10.4,technical writer,0.286,Technical Writer (Software),Science & Research,"Healthcare & Medicine,Tech & Engineering",Technical Writer (Medical Devices),Media & Journalism,"Healthcare & Medicine,Tech & Engineering",$60k–$95k,$60k–$95k
10.4,technical writer,0.216,Technical Writer (Journalism),Media & Journalism,"Tech & Engineering,Science & Research",Technical Writer,Aviation & Transportation,"Tech & Engineering,Science & Research",$45k–$75k,$55k–$95k
10.4,technical writer,0.32,Technical Writer (Medical Devices),Media & Journalism,"Healthcare & Medicine,Tech & Engineering",Technical Writer (Documentation),Science & Research,"Healthcare & Medicine,Tech & Engineering",$60k–$95k,$55k–$85k
10.4,technical writer,0.25,Technical Writer (Medical Devices),Media & Journalism,"Healthcare & Medicine,Tech & Engineering",Technical Writer,Aviation & Transportation,"Tech & Engineering,Science & Research",$60k–$95k,$55k–$95k
10.4,technical writer,0.267,Technical Writer (Software Documentation),Media & Journalism,"Tech & Engineering,Education & Coaching",Technical Writer,Aviation & Transportation,"Tech & Engineering,Science & Research",$55k–$85k,$55k–$95k
10.4,technical writer,0.2,Technical Writer (Science),Media & Journalism,"Science & Research,Education & Coaching",Technical Writer,Aviation & Transportation,"Tech & Engineering,Science & Research",$55k–$85k,$55k–$95k
10.4,technical writer,0.281,Technical Writer (Medical/Science),Media & Journalism,"Healthcare & Medicine,Science & Research",Technical Writer,Aviation & Transportation,"Tech & Engineering,Science & Research",$58k–$95k,$55k–$95k
10.4,inspector quality,0.609,Textiles Quality Control Inspector,Fashion & Beauty,"Design & Creative,Science & Research",Textile Quality Inspector,Marketing & Communications,"Business & Finance,Design & Creative,Media & Journalism",$30k–$45k,$30k–$45k
10.4,inspector quality,0.583,Textiles Quality Control Inspector,Fashion & Beauty,"Design & Creative,Science & Research",Textile Quality Assurance Inspector,Marketing & Communications,"Business & Finance,Design & Creative,Science & Research",$30k–$45k,$32k–$52k
10.4,inspector quality,0.059,Textiles Quality Control Inspector,Fashion & Beauty,"Design & Creative,Science & Research",Medical Device Quality Inspector,Healthcare & Medicine,"Science & Research,Tech & Engineering",$30k–$45k,$52k–$85k
10.4,inspector quality,0.571,Textile Quality Inspector,Marketing & Communications,"Business & Finance,Design & Creative,Media & Journalism",Fabric Quality Inspector,Fashion & Beauty,"Design & Creative,Business & Finance",$30k–$45k,$30k–$45k
10.4,inspector quality,0.061,Textile Quality Inspector,Marketing & Communications,"Business & Finance,Design & Creative,Media & Journalism",Medical Device Quality Inspector,Healthcare & Medicine,"Science & Research,Tech & Engineering",$30k–$45k,$52k–$85k
10.4,inspector quality,0.36,Fabric Quality Inspector,Fashion & Beauty,"Design & Creative,Business & Finance",Textile Quality Assurance Inspector,Marketing & Communications,"Business & Finance,Design & Creative,Science & Research",$30k–$45k,$32k–$52k
10.4,inspector quality,0.103,Fabric Quality Inspector,Fashion & Beauty,"Design & Creative,Business & Finance",Medical Device Quality Inspector,Healthcare & Medicine,"Science & Research,Tech & Engineering",$30k–$45k,$52k–$85k
10.4,inspector quality,0.059,Textile Quality Assurance Inspector,Marketing & Communications,"Business & Finance,Design & Creative,Science & Research",Medical Device Quality Inspector,Healthcare & Medicine,"Science & Research,Tech & Engineering",$32k–$52k,$52k–$85k
10.4,inspector quality,0.062,Medical Device Quality Inspector,Healthcare & Medicine,"Science & Research,Tech & Engineering",Textile Quality Control Inspector,Fashion & Beauty,"Science & Research,Tech & Engineering",$52k–$85k,$30k–$45k
10.39,reality virtual,0.233,Virtual Reality Artist,Arts & Performance,"Design & Creative,Tech & Engineering",Virtual Reality Experience Operator,Entrepreneurship,"Tech & Engineering,Design & Creative",$50k–$95k,$45k–$75k
10.39,reality virtual,0.44,Virtual Reality Artist,Arts & Performance,"Design & Creative,Tech & Engineering",Virtual Reality Experience Startup Founder,Entrepreneurship,"Tech & Engineering,Design & Creative",$50k–$95k,$45k–$150k
10.39,reality virtual,0.478,Virtual Reality Artist,Arts & Performance,"Design & Creative,Tech & Engineering",Virtual Reality Experience Creator,Entrepreneurship,"Business & Finance,Tech & Engineering,Architecture & Urban Planning",$50k–$95k,$45k–$120k
10.39,reality virtual,0.167,Virtual Reality Artist,Arts & Performance,"Design & Creative,Tech & Engineering",Virtual Reality Fitness Studio Owner,Entrepreneurship,"Tech & Engineering,Sports & Fitness",$50k–$95k,$45k–$120k
10.39,reality virtual,0.346,Virtual Reality Artist,Arts & Performance,"Design & Creative,Tech & Engineering",Virtual Reality Architect,Architecture & Urban Planning,"Design & Creative,Environment & Sustainability",$50k–$95k,$65k–$110k
10.39,reality virtual,0.133,Virtual Reality Artist,Arts & Performance,"Design & Creative,Tech & Engineering",Virtual Reality Arcade Operator,Entrepreneurship,"Tech & Engineering,Hospitality & Events",$50k–$95k,$35k–$75k
10.39,reality virtual,0.308,Virtual Reality Artist,Arts & Performance,"Design & Creative,Tech & Engineering",Virtual Reality Creator,Environment & Sustainability,"Science & Research,Law & Government,Architecture & Urban Planning",$50k–$95k,$60k–$120k
10.39,reality virtual,0.321,Virtual Reality Content Creator,Tech & Engineering,"Design & Creative,Arts & Performance",Virtual Reality Architect,Architecture & Urban Planning,"Design & Creative,Environment & Sustainability",$55k–$95k,$65k–$110k
10.39,reality virtual,0.333,Virtual Reality Experience Operator,Entrepreneurship,"Tech & Engineering,Design & Creative",Virtual Reality Theater Creator,Arts & Performance,"Tech & Engineering,Design & Creative",$45k–$75k,$50k–$85k
10.39,reality virtual,0.212,Virtual Reality Experience Operator,Entrepreneurship,"Tech & Engineering,Design & Creative",Virtual Reality Theater Designer,Arts & Performance,"Design & Creative,Tech & Engineering",$45k–$75k,$50k–$85k
10.39,reality virtual,0.212,Virtual Reality Experience Operator,Entrepreneurship,"Tech & Engineering,Design & Creative",Virtual Reality Architect,Architecture & Urban Planning,"Design & Creative,Environment & Sustainability",$45k–$75k,$65k–$110k
10.39,reality virtual,0.219,Virtual Reality Experience Operator,Entrepreneurship,"Tech & Engineering,Design & Creative",Virtual Reality Creator,Environment & Sustainability,"Science & Research,Law & Government,Architecture & Urban Planning",$45k–$75k,$60k–$120k
10.39,reality virtual,0.219,Virtual Reality Experience Startup Founder,Entrepreneurship,"Tech & Engineering,Design & Creative",Virtual Reality Theater Creator,Arts & Performance,"Tech & Engineering,Design & Creative",$45k–$150k,$50k–$85k
10.39,reality virtual,0.258,Virtual Reality Experience Startup Founder,Entrepreneurship,"Tech & Engineering,Design & Creative",Virtual Reality Theater Designer,Arts & Performance,"Design & Creative,Tech & Engineering",$45k–$150k,$50k–$85k
10.39,reality virtual,0.147,Virtual Reality Experience Startup Founder,Entrepreneurship,"Tech & Engineering,Design & Creative",Virtual Reality Architect,Architecture & Urban Planning,"Design & Creative,Environment & Sustainability",$45k–$150k,$65k–$110k
10.39,reality virtual,0.188,Virtual Reality Experience Startup Founder,Entrepreneurship,"Tech & Engineering,Design & Creative",Virtual Reality Creator,Environment & Sustainability,"Science & Research,Law & Government,Architecture & Urban Planning",$45k–$150k,$60k–$120k
10.39,reality virtual,0.182,Virtual Reality Experience Artist,Arts & Performance,"Design & Creative,Tech & Engineering",Virtual Reality Fitness Studio Owner,Entrepreneurship,"Tech & Engineering,Sports & Fitness",$50k–$85k,$45k–$120k
10.39,reality virtual,0.345,Virtual Reality Experience Artist,Arts & Performance,"Design & Creative,Tech & Engineering",Virtual Reality Architect,Architecture & Urban Planning,"Design & Creative,Environment & Sustainability",$50k–$85k,$65k–$110k
10.39,reality virtual,0.118,Virtual Reality Experience Artist,Arts & Performance,"Design & Creative,Tech & Engineering",Virtual Reality Arcade Operator,Entrepreneurship,"Tech & Engineering,Hospitality & Events",$50k–$85k,$35k–$75k
10.39,reality virtual,0.267,Virtual Reality Experience Artist,Arts & Performance,"Design & Creative,Tech & Engineering",Virtual Reality Creator,Environment & Sustainability,"Science & Research,Law & Government,Architecture & Urban Planning",$50k–$85k,$60k–$120k
10.39,reality virtual,0.152,Virtual Reality Experience Designer (Arts),Arts & Performance,"Design & Creative,Tech & Engineering",Virtual Reality Fitness Studio Owner,Entrepreneurship,"Tech & Engineering,Sports & Fitness",$55k–$95k,$45k–$120k
10.39,reality virtual,0.31,Virtual Reality Experience Designer (Arts),Arts & Performance,"Design & Creative,Tech & Engineering",Virtual Reality Architect,Architecture & Urban Planning,"Design & Creative,Environment & Sustainability",$55k–$95k,$65k–$110k
10.39,reality virtual,0.121,Virtual Reality Experience Designer (Arts),Arts & Performance,"Design & Creative,Tech & Engineering",Virtual Reality Arcade Operator,Entrepreneurship,"Tech & Engineering,Hospitality & Events",$55k–$95k,$35k–$75k
10.39,reality virtual,0.156,Virtual Reality Experience Designer (Arts),Arts & Performance,"Design & Creative,Tech & Engineering",Virtual Reality Creator,Environment & Sustainability,"Science & Research,Law & Government,Architecture & Urban Planning",$55k–$95k,$60k–$120k
10.39,reality virtual,0.276,Virtual Reality Experience Creator,Entrepreneurship,"Business & Finance,Tech & Engineering,Architecture & Urban Planning",Virtual Reality Theater Designer,Arts & Performance,"Design & Creative,Tech & Engineering",$45k–$120k,$50k–$85k
10.39,reality virtual,0.188,Virtual Reality Fitness Studio Owner,Entrepreneurship,"Tech & Engineering,Sports & Fitness",Virtual Reality Theater Creator,Arts & Performance,"Tech & Engineering,Design & Creative",$45k–$120k,$50k–$85k
10.39,reality virtual,0.118,Virtual Reality Fitness Studio Owner,Entrepreneurship,"Tech & Engineering,Sports & Fitness",Virtual Reality Experience Curator,Arts & Performance,"Design & Creative,Tech & Engineering",$45k–$120k,$50k–$85k
10.39,reality virtual,0.118,Virtual Reality Fitness Studio Owner,Entrepreneurship,"Tech & Engineering,Sports & Fitness",Virtual Reality Theater Designer,Arts & Performance,"Design & Creative,Tech & Engineering",$45k–$120k,$50k–$85k
10.39,reality virtual,0.152,Virtual Reality Fitness Studio Owner,Entrepreneurship,"Tech & Engineering,Sports & Fitness",Virtual Reality Architect,Architecture & Urban Planning,"Design & Creative,Environment & Sustainability",$45k–$120k,$65k–$110k
10.39,reality virtual,0.088,Virtual Reality Fitness Studio Owner,Entrepreneurship,"Tech & Engineering,Sports & Fitness",Virtual Reality Creator,Environment & Sustainability,"Science & Research,Law & Government,Architecture & Urban Planning",$45k–$120k,$60k–$120k
10.39,reality virtual,0.188,Virtual Reality Fitness Studio Owner,Entrepreneurship,"Tech & Engineering,Sports & Fitness",Virtual Reality Experience Designer,Arts & Performance,"Design & Creative,Tech & Engineering",$45k–$120k,$60k–$95k
10.39,reality virtual,0.267,Virtual Reality Theater Creator,Arts & Performance,"Tech & Engineering,Design & Creative",Virtual Reality Architect,Architecture & Urban Planning,"Design & Creative,Environment & Sustainability",$50k–$85k,$65k–$110k
10.39,reality virtual,0.121,Virtual Reality Theater Creator,Arts & Performance,"Tech & Engineering,Design & Creative",Virtual Reality Arcade Operator,Entrepreneurship,"Tech & Engineering,Hospitality & Events",$50k–$85k,$35k–$75k
10.39,reality virtual,0.267,Virtual Reality Experience Curator,Arts & Performance,"Design & Creative,Tech & Engineering",Virtual Reality Architect,Architecture & Urban Planning,"Design & Creative,Environment & Sustainability",$50k–$85k,$65k–$110k
10.39,reality virtual,0.057,Virtual Reality Experience Curator,Arts & Performance,"Design & Creative,Tech & Engineering",Virtual Reality Arcade Operator,Entrepreneurship,"Tech & Engineering,Hospitality & Events",$50k–$85k,$35k–$75k
10.39,reality virtual,0.233,Virtual Reality Experience Curator,Arts & Performance,"Design & Creative,Tech & Engineering",Virtual Reality Creator,Environment & Sustainability,"Science & Research,Law & Government,Architecture & Urban Planning",$50k–$85k,$60k–$120k
10.39,reality virtual,0.152,Virtual Reality Theater Designer,Arts & Performance,"Design & Creative,Tech & Engineering",Virtual Reality Architect,Architecture & Urban Planning,"Design & Creative,Environment & Sustainability",$50k–$85k,$65k–$110k
10.39,reality virtual,0.057,Virtual Reality Theater Designer,Arts & Performance,"Design & Creative,Tech & Engineering",Virtual Reality Arcade Operator,Entrepreneurship,"Tech & Engineering,Hospitality & Events",$50k–$85k,$35k–$75k
10.39,reality virtual,0.276,Virtual Reality Theater Designer,Arts & Performance,"Design & Creative,Tech & Engineering",Virtual Reality Creator,Environment & Sustainability,"Science & Research,Law & Government,Architecture & Urban Planning",$50k–$85k,$60k–$120k
10.39,reality virtual,0.156,Virtual Reality Architect,Architecture & Urban Planning,"Design & Creative,Environment & Sustainability",Virtual Reality Game Developer,Tech & Engineering,"Design & Creative,Arts & Performance",$65k–$110k,$65k–$120k
10.39,reality virtual,0.121,Virtual Reality Architect,Architecture & Urban Planning,"Design & Creative,Environment & Sustainability",Virtual Reality Arcade Operator,Entrepreneurship,"Tech & Engineering,Hospitality & Events",$65k–$110k,$35k–$75k
10.39,reality virtual,0.114,Virtual Reality Architect,Architecture & Urban Planning,"Design & Creative,Environment & Sustainability",Virtual Reality Developer,Tech & Engineering,"Design & Creative,Arts & Performance",$65k–$110k,$65k–$120k
10.39,reality virtual,0.357,Virtual Reality Architect,Architecture & Urban Planning,"Design & Creative,Environment & Sustainability",Virtual Reality Experience Designer,Arts & Performance,"Design & Creative,Tech & Engineering",$65k–$110k,$60k–$95k
10.39,reality virtual,0.333,Virtual Reality Game Developer,Tech & Engineering,"Design & Creative,Arts & Performance",Virtual Reality Creator,Environment & Sustainability,"Science & Research,Law & Government,Architecture & Urban Planning",$65k–$120k,$60k–$120k
10.39,reality virtual,0.059,Virtual Reality Arcade Operator,Entrepreneurship,"Tech & Engineering,Hospitality & Events",Virtual Reality Creator,Environment & Sustainability,"Science & Research,Law & Government,Architecture & Urban Planning",$35k–$75k,$60k–$120k
10.39,reality virtual,0.121,Virtual Reality Arcade Operator,Entrepreneurship,"Tech & Engineering,Hospitality & Events",Virtual Reality Experience Designer,Arts & Performance,"Design & Creative,Tech & Engineering",$35k–$75k,$60k–$95k
10.39,reality virtual,0.267,Virtual Reality Creator,Environment & Sustainability,"Science & Research,Law & Government,Architecture & Urban Planning",Virtual Reality Developer,Tech & Engineering,"Design & Creative,Arts & Performance",$60k–$120k,$65k–$120k
10.39,reality virtual,0.233,Virtual Reality Creator,Environment & Sustainability,"Science & Research,Law & Government,Architecture & Urban Planning",Virtual Reality Experience Designer,Arts & Performance,"Design & Creative,Tech & Engineering",$60k–$120k,$60k–$95k
10.38,energy renewable,0.152,Renewable Energy Installer,Supply Chain & Operations,"Business & Finance,Tech & Engineering,Science & Research",Renewable Energy Transition Consultant,Environment & Sustainability,"Business & Finance,Science & Research",$48k–$82k,$65k–$110k
10.38,energy renewable,0.577,Renewable Energy Installer,Supply Chain & Operations,"Business & Finance,Tech & Engineering,Science & Research",Renewable Energy Contractor,Environment & Sustainability,"Tech & Engineering,Science & Research",$48k–$82k,$45k–$75k
10.38,energy renewable,0.143,Renewable Energy Installer,Supply Chain & Operations,"Business & Finance,Tech & Engineering,Science & Research",Renewable Energy Analyst,Aviation & Transportation,"Tech & Engineering,Science & Research,Law & Government",$48k–$82k,$55k–$85k
10.38,energy renewable,0.37,Renewable Energy Installer,Supply Chain & Operations,"Business & Finance,Tech & Engineering,Science & Research",Renewable Energy Developer,Environment & Sustainability,"Science & Research,Law & Government,Tech & Engineering",$48k–$82k,$65k–$110k
10.38,energy renewable,0.219,Renewable Energy Installer,Supply Chain & Operations,"Business & Finance,Tech & Engineering,Science & Research",Renewable Energy Consultant,Environment & Sustainability,"Science & Research,Law & Government,Tech & Engineering",$48k–$82k,$60k–$95k
10.38,energy renewable,0.212,Renewable Energy Installer,Supply Chain & Operations,"Business & Finance,Tech & Engineering,Science & Research",Renewable Energy Site Assessment Specialist,Environment & Sustainability,"Science & Research,Tech & Engineering",$48k–$82k,$60k–$95k
10.38,energy renewable,0.108,Renewable Energy Installer,Supply Chain & Operations,"Business & Finance,Tech & Engineering,Science & Research",Renewable Energy Grid Operator,Environment & Sustainability,"Tech & Engineering,Science & Research",$48k–$82k,$60k–$95k
10.38,energy renewable,0.081,Renewable Energy Installer,Supply Chain & Operations,"Business & Finance,Tech & Engineering,Science & Research",Renewable Energy Financing Analyst,Environment & Sustainability,"Business & Finance,Science & Research",$48k–$82k,$65k–$110k
10.38,energy renewable,0.176,Renewable Energy Installer,Supply Chain & Operations,"Business & Finance,Tech & Engineering,Science & Research",Renewable Energy Supply Chain Manager,Environment & Sustainability,"Business & Finance,Tech & Engineering",$48k–$82k,$65k–$110k
10.38,energy renewable,0.143,Renewable Energy Installer,Supply Chain & Operations,"Business & Finance,Tech & Engineering,Science & Research",Renewable Energy Grid Analyst,Environment & Sustainability,"Tech & Engineering,Science & Research",$48k–$82k,$65k–$110k
10.38,energy renewable,0.105,Renewable Energy Installer,Supply Chain & Operations,"Business & Finance,Tech & Engineering,Science & Research",Renewable Energy Permit Specialist,Environment & Sustainability,"Law & Government,Science & Research",$48k–$82k,$52k–$85k
10.38,energy renewable,0.393,Renewable Energy Installer,Supply Chain & Operations,"Business & Finance,Tech & Engineering,Science & Research",Renewable Energy Technician (Solar/Wind),Environment & Sustainability,"Tech & Engineering,Science & Research",$48k–$82k,$48k–$77k
10.38,energy renewable,0.171,Renewable Energy Installer,Supply Chain & Operations,"Business & Finance,Tech & Engineering,Science & Research",Renewable Energy Sales Manager,Environment & Sustainability,"Business & Finance,Tech & Engineering",$48k–$82k,$60k–$95k
10.38,energy renewable,0.147,Renewable Energy Installer,Supply Chain & Operations,"Business & Finance,Tech & Engineering,Science & Research",Renewable Energy Sales Representative,Environment & Sustainability,"Business & Finance,Tech & Engineering",$48k–$82k,$45k–$85k
10.38,energy renewable,0.057,Renewable Energy Installer,Supply Chain & Operations,"Business & Finance,Tech & Engineering,Science & Research",Renewable Energy Compliance Officer,Environment & Sustainability,"Law & Government,Science & Research",$48k–$82k,$58k–$95k
10.38,energy renewable,0.135,Renewable Energy Installer,Supply Chain & Operations,"Business & Finance,Tech & Engineering,Science & Research",Renewable Energy Site Manager,Environment & Sustainability,"Tech & Engineering,Business & Finance",$48k–$82k,$60k–$95k
10.38,energy renewable,0.321,Renewable Energy Installer,Supply Chain & Operations,"Business & Finance,Tech & Engineering,Science & Research",Renewable Energy Engineer,Environment & Sustainability,"Science & Research,Law & Government,Tech & Engineering",$48k–$82k,$60k–$105k
10.38,energy renewable,0.143,Renewable Energy Installer,Supply Chain & Operations,"Business & Finance,Tech & Engineering,Science & Research",Renewable Energy Auditor,Environment & Sustainability,"Science & Research,Law & Government,Tech & Engineering",$48k–$82k,$50k–$85k
10.38,energy renewable,0.184,Renewable Energy Installer,Supply Chain & Operations,"Business & Finance,Tech & Engineering,Science & Research",Renewable Energy Storage Specialist,Environment & Sustainability,"Science & Research,Law & Government,Tech & Engineering",$48k–$82k,$65k–$110k
10.38,energy renewable,0.059,Renewable Energy Transition Consultant,Environment & Sustainability,"Business & Finance,Science & Research",Renewable Energy Inspector,Supply Chain & Operations,"Business & Finance,Tech & Engineering,Law & Government",$65k–$110k,$50k–$85k
10.38,energy renewable,0.161,Renewable Energy Transition Consultant,Environment & Sustainability,"Business & Finance,Science & Research",Renewable Energy Analyst,Aviation & Transportation,"Tech & Engineering,Science & Research,Law & Government",$65k–$110k,$55k–$85k
10.38,energy renewable,0.143,Renewable Energy Transition Consultant,Environment & Sustainability,"Business & Finance,Science & Research",Renewable Energy Policy Advocate,Supply Chain & Operations,"Business & Finance,Tech & Engineering,Law & Government",$65k–$110k,$55k–$95k
10.38,energy renewable,0.065,Renewable Energy Transition Consultant,Environment & Sustainability,"Business & Finance,Science & Research",Renewable Energy Project Manager,Supply Chain & Operations,"Business & Finance,Tech & Engineering,Science & Research",$65k–$110k,$60k–$105k
10.38,energy renewable,0.091,Renewable Energy Transition Consultant,Environment & Sustainability,"Business & Finance,Science & Research",Renewable Energy Technician,Supply Chain & Operations,"Business & Finance,Tech & Engineering,Science & Research",$65k–$110k,$45k–$75k
10.38,energy renewable,0.061,Renewable Energy Transition Consultant,Environment & Sustainability,"Business & Finance,Science & Research",Renewable Energy Field Technician,Supply Chain & Operations,"Business & Finance,Tech & Engineering,Science & Research",$65k–$110k,$45k–$75k
10.38,energy renewable,0.03,Renewable Energy Transition Consultant,Environment & Sustainability,"Business & Finance,Science & Research",Renewable Energy Project Developer,Supply Chain & Operations,"Business & Finance,Tech & Engineering,Science & Research",$65k–$110k,$65k–$110k
10.38,energy renewable,0.147,Renewable Energy Research Scientist,Science & Research,"Tech & Engineering,Environment & Sustainability",Renewable Energy Inspector,Supply Chain & Operations,"Business & Finance,Tech & Engineering,Law & Government",$65k–$120k,$50k–$85k
10.38,energy renewable,0.0,Renewable Energy Research Scientist,Science & Research,"Tech & Engineering,Environment & Sustainability",Renewable Energy Policy Advocate,Supply Chain & Operations,"Business & Finance,Tech & Engineering,Law & Government",$65k–$120k,$55k–$95k
10.38,energy renewable,0.258,Renewable Energy Inspector,Supply Chain & Operations,"Business & Finance,Tech & Engineering,Law & Government",Renewable Energy Contractor,Environment & Sustainability,"Tech & Engineering,Science & Research",$50k–$85k,$45k–$75k
10.38,energy renewable,0.086,Renewable Energy Inspector,Supply Chain & Operations,"Business & Finance,Tech & Engineering,Law & Government",Renewable Energy Analyst,Aviation & Transportation,"Tech & Engineering,Science & Research,Law & Government",$50k–$85k,$55k–$85k
10.38,energy renewable,0.25,Renewable Energy Inspector,Supply Chain & Operations,"Business & Finance,Tech & Engineering,Law & Government",Renewable Energy Developer,Environment & Sustainability,"Science & Research,Law & Government,Tech & Engineering",$50k–$85k,$65k–$110k
10.38,energy renewable,0.088,Renewable Energy Inspector,Supply Chain & Operations,"Business & Finance,Tech & Engineering,Law & Government",Renewable Energy Consultant,Environment & Sustainability,"Science & Research,Law & Government,Tech & Engineering",$50k–$85k,$60k–$95k
10.38,energy renewable,0.152,Renewable Energy Inspector,Supply Chain & Operations,"Business & Finance,Tech & Engineering,Law & Government",Renewable Energy Researcher,Science & Research,"Tech & Engineering,Environment & Sustainability",$50k–$85k,$65k–$115k
10.38,energy renewable,0.152,Renewable Energy Inspector,Supply Chain & Operations,"Business & Finance,Tech & Engineering,Law & Government",Renewable Energy Site Assessment Specialist,Environment & Sustainability,"Science & Research,Tech & Engineering",$50k–$85k,$60k–$95k
10.38,energy renewable,0.054,Renewable Energy Inspector,Supply Chain & Operations,"Business & Finance,Tech & Engineering,Law & Government",Renewable Energy Grid Operator,Environment & Sustainability,"Tech & Engineering,Science & Research",$50k–$85k,$60k–$95k
10.38,energy renewable,0.027,Renewable Energy Inspector,Supply Chain & Operations,"Business & Finance,Tech & Engineering,Law & Government",Renewable Energy Financing Analyst,Environment & Sustainability,"Business & Finance,Science & Research",$50k–$85k,$65k–$110k
10.38,energy renewable,0.152,Renewable Energy Inspector,Supply Chain & Operations,"Business & Finance,Tech & Engineering,Law & Government",Renewable Energy Supply Chain Manager,Environment & Sustainability,"Business & Finance,Tech & Engineering",$50k–$85k,$65k–$110k
10.38,energy renewable,0.086,Renewable Energy Inspector,Supply Chain & Operations,"Business & Finance,Tech & Engineering,Law & Government",Renewable Energy Grid Analyst,Environment & Sustainability,"Tech & Engineering,Science & Research",$50k–$85k,$65k–$110k
10.38,energy renewable,0.111,Renewable Energy Inspector,Supply Chain & Operations,"Business & Finance,Tech & Engineering,Law & Government",Renewable Energy Permit Specialist,Environment & Sustainability,"Law & Government,Science & Research",$50k–$85k,$52k–$85k
10.38,energy renewable,0.233,Renewable Energy Inspector,Supply Chain & Operations,"Business & Finance,Tech & Engineering,Law & Government",Renewable Energy Technician (Solar/Wind),Environment & Sustainability,"Tech & Engineering,Science & Research",$50k–$85k,$48k–$77k
10.38,energy renewable,0.114,Renewable Energy Inspector,Supply Chain & Operations,"Business & Finance,Tech & Engineering,Law & Government",Renewable Energy Sales Manager,Environment & Sustainability,"Business & Finance,Tech & Engineering",$50k–$85k,$60k–$95k
10.38,energy renewable,0.156,Renewable Energy Inspector,Supply Chain & Operations,"Business & Finance,Tech & Engineering,Law & Government",Renewable Energy Sales Representative,Environment & Sustainability,"Business & Finance,Tech & Engineering",$50k–$85k,$45k–$85k
10.38,energy renewable,0.207,Renewable Energy Inspector,Supply Chain & Operations,"Business & Finance,Tech & Engineering,Law & Government",Renewable Energy Compliance Officer,Environment & Sustainability,"Law & Government,Science & Research",$50k–$85k,$58k–$95k
10.38,energy renewable,0.207,Renewable Energy Inspector,Supply Chain & Operations,"Business & Finance,Tech & Engineering,Law & Government",Renewable Energy Scientist,Science & Research,"Tech & Engineering,Environment & Sustainability",$50k–$85k,$65k–$110k
10.38,energy renewable,0.111,Renewable Energy Inspector,Supply Chain & Operations,"Business & Finance,Tech & Engineering,Law & Government",Renewable Energy Site Manager,Environment & Sustainability,"Tech & Engineering,Business & Finance",$50k–$85k,$60k–$95k
10.38,energy renewable,0.25,Renewable Energy Inspector,Supply Chain & Operations,"Business & Finance,Tech & Engineering,Law & Government",Renewable Energy Engineer,Environment & Sustainability,"Science & Research,Law & Government,Tech & Engineering",$50k–$85k,$60k–$105k
10.38,energy renewable,0.118,Renewable Energy Inspector,Supply Chain & Operations,"Business & Finance,Tech & Engineering,Law & Government",Renewable Energy Auditor,Environment & Sustainability,"Science & Research,Law & Government,Tech & Engineering",$50k–$85k,$50k–$85k
10.38,energy renewable,0.049,Renewable Energy Inspector,Supply Chain & Operations,"Business & Finance,Tech & Engineering,Law & Government",Renewable Energy Storage Specialist,Environment & Sustainability,"Science & Research,Law & Government,Tech & Engineering",$50k–$85k,$65k–$110k
10.38,energy renewable,0.147,Renewable Energy Contractor,Environment & Sustainability,"Tech & Engineering,Science & Research",Renewable Energy Analyst,Aviation & Transportation,"Tech & Engineering,Science & Research,Law & Government",$45k–$75k,$55k–$85k
10.38,energy renewable,0.094,Renewable Energy Contractor,Environment & Sustainability,"Tech & Engineering,Science & Research",Renewable Energy Policy Advocate,Supply Chain & Operations,"Business & Finance,Tech & Engineering,Law & Government",$45k–$75k,$55k–$95k
10.38,energy renewable,0.2,Renewable Energy Contractor,Environment & Sustainability,"Tech & Engineering,Science & Research",Renewable Energy Project Manager,Supply Chain & Operations,"Business & Finance,Tech & Engineering,Science & Research",$45k–$75k,$60k–$105k
10.38,energy renewable,0.5,Renewable Energy Contractor,Environment & Sustainability,"Tech & Engineering,Science & Research",Renewable Energy Technician,Supply Chain & Operations,"Business & Finance,Tech & Engineering,Science & Research",$45k–$75k,$45k–$75k
10.38,energy renewable,0.407,Renewable Energy Contractor,Environment & Sustainability,"Tech & Engineering,Science & Research",Renewable Energy Field Technician,Supply Chain & Operations,"Business & Finance,Tech & Engineering,Science & Research",$45k–$75k,$45k–$75k
10.38,energy renewable,0.156,Renewable Energy Contractor,Environment & Sustainability,"Tech & Engineering,Science & Research",Renewable Energy Project Developer,Supply Chain & Operations,"Business & Finance,Tech & Engineering,Science & Research",$45k–$75k,$65k–$110k
10.38,energy renewable,0.167,Renewable Energy Analyst,Aviation & Transportation,"Tech & Engineering,Science & Research,Law & Government",Renewable Energy Developer,Environment & Sustainability,"Science & Research,Law & Government,Tech & Engineering",$55k–$85k,$65k–$110k
10.38,energy renewable,0.088,Renewable Energy Analyst,Aviation & Transportation,"Tech & Engineering,Science & Research,Law & Government",Renewable Energy Consultant,Environment & Sustainability,"Science & Research,Law & Government,Tech & Engineering",$55k–$85k,$60k–$95k
10.38,energy renewable,0.188,Renewable Energy Analyst,Aviation & Transportation,"Tech & Engineering,Science & Research,Law & Government",Renewable Energy Site Assessment Specialist,Environment & Sustainability,"Science & Research,Tech & Engineering",$55k–$85k,$60k–$95k
10.38,energy renewable,0.083,Renewable Energy Analyst,Aviation & Transportation,"Tech & Engineering,Science & Research,Law & Government",Renewable Energy Grid Operator,Environment & Sustainability,"Tech & Engineering,Science & Research",$55k–$85k,$60k–$95k
10.38,energy renewable,0.267,Renewable Energy Analyst,Aviation & Transportation,"Tech & Engineering,Science & Research,Law & Government",Renewable Energy Financing Analyst,Environment & Sustainability,"Business & Finance,Science & Research",$55k–$85k,$65k–$110k
10.38,energy renewable,0.133,Renewable Energy Analyst,Aviation & Transportation,"Tech & Engineering,Science & Research,Law & Government",Renewable Energy Policy Advocate,Supply Chain & Operations,"Business & Finance,Tech & Engineering,Law & Government",$55k–$85k,$55k–$95k
10.38,energy renewable,0.086,Renewable Energy Analyst,Aviation & Transportation,"Tech & Engineering,Science & Research,Law & Government",Renewable Energy Supply Chain Manager,Environment & Sustainability,"Business & Finance,Tech & Engineering",$55k–$85k,$65k–$110k
10.38,energy renewable,0.086,Renewable Energy Analyst,Aviation & Transportation,"Tech & Engineering,Science & Research,Law & Government",Renewable Energy Grid Analyst,Environment & Sustainability,"Tech & Engineering,Science & Research",$55k–$85k,$65k–$110k
10.38,energy renewable,0.212,Renewable Energy Analyst,Aviation & Transportation,"Tech & Engineering,Science & Research,Law & Government",Renewable Energy Permit Specialist,Environment & Sustainability,"Law & Government,Science & Research",$55k–$85k,$52k–$85k
10.38,energy renewable,0.194,Renewable Energy Analyst,Aviation & Transportation,"Tech & Engineering,Science & Research,Law & Government",Renewable Energy Technician (Solar/Wind),Environment & Sustainability,"Tech & Engineering,Science & Research",$55k–$85k,$48k–$77k
10.38,energy renewable,0.114,Renewable Energy Analyst,Aviation & Transportation,"Tech & Engineering,Science & Research,Law & Government",Renewable Energy Sales Manager,Environment & Sustainability,"Business & Finance,Tech & Engineering",$55k–$85k,$60k–$95k
10.38,energy renewable,0.121,Renewable Energy Analyst,Aviation & Transportation,"Tech & Engineering,Science & Research,Law & Government",Renewable Energy Sales Representative,Environment & Sustainability,"Business & Finance,Tech & Engineering",$55k–$85k,$45k–$85k
10.38,energy renewable,0.129,Renewable Energy Analyst,Aviation & Transportation,"Tech & Engineering,Science & Research,Law & Government",Renewable Energy Project Manager,Supply Chain & Operations,"Business & Finance,Tech & Engineering,Science & Research",$55k–$85k,$60k–$105k
10.38,energy renewable,0.094,Renewable Energy Analyst,Aviation & Transportation,"Tech & Engineering,Science & Research,Law & Government",Renewable Energy Compliance Officer,Environment & Sustainability,"Law & Government,Science & Research",$55k–$85k,$58k–$95k
10.38,energy renewable,0.118,Renewable Energy Analyst,Aviation & Transportation,"Tech & Engineering,Science & Research,Law & Government",Renewable Energy Technician,Supply Chain & Operations,"Business & Finance,Tech & Engineering,Science & Research",$55k–$85k,$45k–$75k
10.38,energy renewable,0.088,Renewable Energy Analyst,Aviation & Transportation,"Tech & Engineering,Science & Research,Law & Government",Renewable Energy Field Technician,Supply Chain & Operations,"Business & Finance,Tech & Engineering,Science & Research",$55k–$85k,$45k–$75k
10.38,energy renewable,0.143,Renewable Energy Analyst,Aviation & Transportation,"Tech & Engineering,Science & Research,Law & Government",Renewable Energy Site Manager,Environment & Sustainability,"Tech & Engineering,Business & Finance",$55k–$85k,$60k–$95k
10.38,energy renewable,0.094,Renewable Energy Analyst,Aviation & Transportation,"Tech & Engineering,Science & Research,Law & Government",Renewable Energy Engineer,Environment & Sustainability,"Science & Research,Law & Government,Tech & Engineering",$55k–$85k,$60k–$105k
10.38,energy renewable,0.027,Renewable Energy Analyst,Aviation & Transportation,"Tech & Engineering,Science & Research,Law & Government",Renewable Energy Auditor,Environment & Sustainability,"Science & Research,Law & Government,Tech & Engineering",$55k–$85k,$50k–$85k
10.38,energy renewable,0.132,Renewable Energy Analyst,Aviation & Transportation,"Tech & Engineering,Science & Research,Law & Government",Renewable Energy Storage Specialist,Environment & Sustainability,"Science & Research,Law & Government,Tech & Engineering",$55k–$85k,$65k–$110k
10.38,energy renewable,0.125,Renewable Energy Analyst,Aviation & Transportation,"Tech & Engineering,Science & Research,Law & Government",Renewable Energy Project Developer,Supply Chain & Operations,"Business & Finance,Tech & Engineering,Science & Research",$55k–$85k,$65k–$110k
10.38,energy renewable,0.069,Renewable Energy Developer,Environment & Sustainability,"Science & Research,Law & Government,Tech & Engineering",Renewable Energy Policy Advocate,Supply Chain & Operations,"Business & Finance,Tech & Engineering,Law & Government",$65k–$110k,$55k–$95k
10.38,energy renewable,0.185,Renewable Energy Developer,Environment & Sustainability,"Science & Research,Law & Government,Tech & Engineering",Renewable Energy Project Manager,Supply Chain & Operations,"Business & Finance,Tech & Engineering,Science & Research",$65k–$110k,$60k–$105k
10.38,energy renewable,0.346,Renewable Energy Developer,Environment & Sustainability,"Science & Research,Law & Government,Tech & Engineering",Renewable Energy Technician,Supply Chain & Operations,"Business & Finance,Tech & Engineering,Science & Research",$65k–$110k,$45k–$75k
10.38,energy renewable,0.259,Renewable Energy Developer,Environment & Sustainability,"Science & Research,Law & Government,Tech & Engineering",Renewable Energy Field Technician,Supply Chain & Operations,"Business & Finance,Tech & Engineering,Science & Research",$65k–$110k,$45k–$75k
10.38,energy renewable,0.065,Renewable Energy Consultant,Environment & Sustainability,"Science & Research,Law & Government,Tech & Engineering",Renewable Energy Policy Advocate,Supply Chain & Operations,"Business & Finance,Tech & Engineering,Law & Government",$60k–$95k,$55k–$95k
10.38,energy renewable,0.133,Renewable Energy Consultant,Environment & Sustainability,"Science & Research,Law & Government,Tech & Engineering",Renewable Energy Project Manager,Supply Chain & Operations,"Business & Finance,Tech & Engineering,Science & Research",$60k–$95k,$60k–$105k
10.38,energy renewable,0.194,Renewable Energy Consultant,Environment & Sustainability,"Science & Research,Law & Government,Tech & Engineering",Renewable Energy Technician,Supply Chain & Operations,"Business & Finance,Tech & Engineering,Science & Research",$60k–$95k,$45k–$75k
10.38,energy renewable,0.091,Renewable Energy Consultant,Environment & Sustainability,"Science & Research,Law & Government,Tech & Engineering",Renewable Energy Field Technician,Supply Chain & Operations,"Business & Finance,Tech & Engineering,Science & Research",$60k–$95k,$45k–$75k
10.38,energy renewable,0.129,Renewable Energy Consultant,Environment & Sustainability,"Science & Research,Law & Government,Tech & Engineering",Renewable Energy Project Developer,Supply Chain & Operations,"Business & Finance,Tech & Engineering,Science & Research",$60k–$95k,$65k–$110k
10.38,energy renewable,0.03,Renewable Energy Researcher,Science & Research,"Tech & Engineering,Environment & Sustainability",Renewable Energy Policy Advocate,Supply Chain & Operations,"Business & Finance,Tech & Engineering,Law & Government",$65k–$115k,$55k–$95k
10.38,energy renewable,0.097,Renewable Energy Site Assessment Specialist,Environment & Sustainability,"Science & Research,Tech & Engineering",Renewable Energy Policy Advocate,Supply Chain & Operations,"Business & Finance,Tech & Engineering,Law & Government",$60k–$95k,$55k–$95k
10.38,energy renewable,0.167,Renewable Energy Site Assessment Specialist,Environment & Sustainability,"Science & Research,Tech & Engineering",Renewable Energy Project Manager,Supply Chain & Operations,"Business & Finance,Tech & Engineering,Science & Research",$60k–$95k,$60k–$105k
10.38,energy renewable,0.188,Renewable Energy Site Assessment Specialist,Environment & Sustainability,"Science & Research,Tech & Engineering",Renewable Energy Technician,Supply Chain & Operations,"Business & Finance,Tech & Engineering,Science & Research",$60k–$95k,$45k–$75k
10.38,energy renewable,0.194,Renewable Energy Site Assessment Specialist,Environment & Sustainability,"Science & Research,Tech & Engineering",Renewable Energy Field Technician,Supply Chain & Operations,"Business & Finance,Tech & Engineering,Science & Research",$60k–$95k,$45k–$75k
10.38,energy renewable,0.161,Renewable Energy Site Assessment Specialist,Environment & Sustainability,"Science & Research,Tech & Engineering",Renewable Energy Project Developer,Supply Chain & Operations,"Business & Finance,Tech & Engineering,Science & Research",$60k–$95k,$65k–$110k
10.38,energy renewable,0.061,Renewable Energy Grid Operator,Environment & Sustainability,"Tech & Engineering,Science & Research",Renewable Energy Policy Advocate,Supply Chain & Operations,"Business & Finance,Tech & Engineering,Law & Government",$60k–$95k,$55k–$95k
10.38,energy renewable,0.091,Renewable Energy Grid Operator,Environment & Sustainability,"Tech & Engineering,Science & Research",Renewable Energy Project Manager,Supply Chain & Operations,"Business & Finance,Tech & Engineering,Science & Research",$60k–$95k,$60k–$105k
10.38,energy renewable,0.083,Renewable Energy Grid Operator,Environment & Sustainability,"Tech & Engineering,Science & Research",Renewable Energy Technician,Supply Chain & Operations,"Business & Finance,Tech & Engineering,Science & Research",$60k–$95k,$45k–$75k
10.38,energy renewable,0.056,Renewable Energy Grid Operator,Environment & Sustainability,"Tech & Engineering,Science & Research",Renewable Energy Field Technician,Supply Chain & Operations,"Business & Finance,Tech & Engineering,Science & Research",$60k–$95k,$45k–$75k
10.38,energy renewable,0.057,Renewable Energy Grid Operator,Environment & Sustainability,"Tech & Engineering,Science & Research",Renewable Energy Project Developer,Supply Chain & Operations,"Business & Finance,Tech & Engineering,Science & Research",$60k–$95k,$65k–$110k
10.38,energy renewable,0.03,Renewable Energy Financing Analyst,Environment & Sustainability,"Business & Finance,Science & Research",Renewable Energy Policy Advocate,Supply Chain & Operations,"Business & Finance,Tech & Engineering,Law & Government",$65k–$110k,$55k–$95k
10.38,energy renewable,0.061,Renewable Energy Financing Analyst,Environment & Sustainability,"Business & Finance,Science & Research",Renewable Energy Project Manager,Supply Chain & Operations,"Business & Finance,Tech & Engineering,Science & Research",$65k–$110k,$60k–$105k
10.38,energy renewable,0.056,Renewable Energy Financing Analyst,Environment & Sustainability,"Business & Finance,Science & Research",Renewable Energy Technician,Supply Chain & Operations,"Business & Finance,Tech & Engineering,Science & Research",$65k–$110k,$45k–$75k
10.38,energy renewable,0.057,Renewable Energy Financing Analyst,Environment & Sustainability,"Business & Finance,Science & Research",Renewable Energy Field Technician,Supply Chain & Operations,"Business & Finance,Tech & Engineering,Science & Research",$65k–$110k,$45k–$75k
10.38,energy renewable,0.059,Renewable Energy Financing Analyst,Environment & Sustainability,"Business & Finance,Science & Research",Renewable Energy Project Developer,Supply Chain & Operations,"Business & Finance,Tech & Engineering,Science & Research",$65k–$110k,$65k–$110k
10.38,energy renewable,0.062,Renewable Energy Policy Advocate,Supply Chain & Operations,"Business & Finance,Tech & Engineering,Law & Government",Renewable Energy Supply Chain Manager,Environment & Sustainability,"Business & Finance,Tech & Engineering",$55k–$95k,$65k–$110k
10.38,energy renewable,0.062,Renewable Energy Policy Advocate,Supply Chain & Operations,"Business & Finance,Tech & Engineering,Law & Government",Renewable Energy Grid Analyst,Environment & Sustainability,"Tech & Engineering,Science & Research",$55k–$95k,$65k–$110k
10.38,energy renewable,0.059,Renewable Energy Policy Advocate,Supply Chain & Operations,"Business & Finance,Tech & Engineering,Law & Government",Renewable Energy Permit Specialist,Environment & Sustainability,"Law & Government,Science & Research",$55k–$95k,$52k–$85k
10.38,energy renewable,0.1,Renewable Energy Policy Advocate,Supply Chain & Operations,"Business & Finance,Tech & Engineering,Law & Government",Renewable Energy Technician (Solar/Wind),Environment & Sustainability,"Tech & Engineering,Science & Research",$55k–$95k,$48k–$77k
10.38,energy renewable,0.061,Renewable Energy Policy Advocate,Supply Chain & Operations,"Business & Finance,Tech & Engineering,Law & Government",Renewable Energy Sales Manager,Environment & Sustainability,"Business & Finance,Tech & Engineering",$55k–$95k,$60k–$95k
10.38,energy renewable,0.031,Renewable Energy Policy Advocate,Supply Chain & Operations,"Business & Finance,Tech & Engineering,Law & Government",Renewable Energy Sales Representative,Environment & Sustainability,"Business & Finance,Tech & Engineering",$55k–$95k,$45k–$85k
10.38,energy renewable,0.069,Renewable Energy Policy Advocate,Supply Chain & Operations,"Business & Finance,Tech & Engineering,Law & Government",Renewable Energy Compliance Officer,Environment & Sustainability,"Law & Government,Science & Research",$55k–$95k,$58k–$95k
10.38,energy renewable,0.033,Renewable Energy Policy Advocate,Supply Chain & Operations,"Business & Finance,Tech & Engineering,Law & Government",Renewable Energy Scientist,Science & Research,"Tech & Engineering,Environment & Sustainability",$55k–$95k,$65k–$110k
10.38,energy renewable,0.059,Renewable Energy Policy Advocate,Supply Chain & Operations,"Business & Finance,Tech & Engineering,Law & Government",Renewable Energy Site Manager,Environment & Sustainability,"Tech & Engineering,Business & Finance",$55k–$95k,$60k–$95k
10.38,energy renewable,0.033,Renewable Energy Policy Advocate,Supply Chain & Operations,"Business & Finance,Tech & Engineering,Law & Government",Renewable Energy Engineer,Environment & Sustainability,"Science & Research,Law & Government,Tech & Engineering",$55k–$95k,$60k–$105k
10.38,energy renewable,0.097,Renewable Energy Policy Advocate,Supply Chain & Operations,"Business & Finance,Tech & Engineering,Law & Government",Renewable Energy Auditor,Environment & Sustainability,"Science & Research,Law & Government,Tech & Engineering",$55k–$95k,$50k–$85k
10.38,energy renewable,0.026,Renewable Energy Policy Advocate,Supply Chain & Operations,"Business & Finance,Tech & Engineering,Law & Government",Renewable Energy Storage Specialist,Environment & Sustainability,"Science & Research,Law & Government,Tech & Engineering",$55k–$95k,$65k–$110k
10.38,energy renewable,0.167,Renewable Energy Supply Chain Manager,Environment & Sustainability,"Business & Finance,Tech & Engineering",Renewable Energy Project Manager,Supply Chain & Operations,"Business & Finance,Tech & Engineering,Science & Research",$65k–$110k,$60k–$105k
10.38,energy renewable,0.188,Renewable Energy Supply Chain Manager,Environment & Sustainability,"Business & Finance,Tech & Engineering",Renewable Energy Technician,Supply Chain & Operations,"Business & Finance,Tech & Engineering,Science & Research",$65k–$110k,$45k–$75k
10.38,energy renewable,0.156,Renewable Energy Supply Chain Manager,Environment & Sustainability,"Business & Finance,Tech & Engineering",Renewable Energy Field Technician,Supply Chain & Operations,"Business & Finance,Tech & Engineering,Science & Research",$65k–$110k,$45k–$75k
10.38,energy renewable,0.125,Renewable Energy Supply Chain Manager,Environment & Sustainability,"Business & Finance,Tech & Engineering",Renewable Energy Project Developer,Supply Chain & Operations,"Business & Finance,Tech & Engineering,Science & Research",$65k–$110k,$65k–$110k
10.38,energy renewable,0.094,Renewable Energy Grid Analyst,Environment & Sustainability,"Tech & Engineering,Science & Research",Renewable Energy Project Manager,Supply Chain & Operations,"Business & Finance,Tech & Engineering,Science & Research",$65k–$110k,$60k–$105k
10.38,energy renewable,0.086,Renewable Energy Grid Analyst,Environment & Sustainability,"Tech & Engineering,Science & Research",Renewable Energy Technician,Supply Chain & Operations,"Business & Finance,Tech & Engineering,Science & Research",$65k–$110k,$45k–$75k
10.38,energy renewable,0.088,Renewable Energy Grid Analyst,Environment & Sustainability,"Tech & Engineering,Science & Research",Renewable Energy Field Technician,Supply Chain & Operations,"Business & Finance,Tech & Engineering,Science & Research",$65k–$110k,$45k–$75k
10.38,energy renewable,0.059,Renewable Energy Grid Analyst,Environment & Sustainability,"Tech & Engineering,Science & Research",Renewable Energy Project Developer,Supply Chain & Operations,"Business & Finance,Tech & Engineering,Science & Research",$65k–$110k,$65k–$110k
10.38,energy renewable,0.121,Renewable Energy Permit Specialist,Environment & Sustainability,"Law & Government,Science & Research",Renewable Energy Project Manager,Supply Chain & Operations,"Business & Finance,Tech & Engineering,Science & Research",$52k–$85k,$60k–$105k
10.38,energy renewable,0.081,Renewable Energy Permit Specialist,Environment & Sustainability,"Law & Government,Science & Research",Renewable Energy Technician,Supply Chain & Operations,"Business & Finance,Tech & Engineering,Science & Research",$52k–$85k,$45k–$75k
10.38,energy renewable,0.083,Renewable Energy Permit Specialist,Environment & Sustainability,"Law & Government,Science & Research",Renewable Energy Field Technician,Supply Chain & Operations,"Business & Finance,Tech & Engineering,Science & Research",$52k–$85k,$45k–$75k
10.38,energy renewable,0.118,Renewable Energy Permit Specialist,Environment & Sustainability,"Law & Government,Science & Research",Renewable Energy Project Developer,Supply Chain & Operations,"Business & Finance,Tech & Engineering,Science & Research",$52k–$85k,$65k–$110k
10.38,energy renewable,0.214,Renewable Energy Technician (Solar/Wind),Environment & Sustainability,"Tech & Engineering,Science & Research",Renewable Energy Project Manager,Supply Chain & Operations,"Business & Finance,Tech & Engineering,Science & Research",$48k–$77k,$60k–$105k
10.38,energy renewable,0.48,Renewable Energy Technician (Solar/Wind),Environment & Sustainability,"Tech & Engineering,Science & Research",Renewable Energy Technician,Supply Chain & Operations,"Business & Finance,Tech & Engineering,Science & Research",$48k–$77k,$45k–$75k
10.38,energy renewable,0.44,Renewable Energy Technician (Solar/Wind),Environment & Sustainability,"Tech & Engineering,Science & Research",Renewable Energy Field Technician,Supply Chain & Operations,"Business & Finance,Tech & Engineering,Science & Research",$48k–$77k,$45k–$75k
10.38,energy renewable,0.167,Renewable Energy Technician (Solar/Wind),Environment & Sustainability,"Tech & Engineering,Science & Research",Renewable Energy Project Developer,Supply Chain & Operations,"Business & Finance,Tech & Engineering,Science & Research",$48k–$77k,$65k–$110k
10.38,energy renewable,0.2,Renewable Energy Sales Manager,Environment & Sustainability,"Business & Finance,Tech & Engineering",Renewable Energy Project Manager,Supply Chain & Operations,"Business & Finance,Tech & Engineering,Science & Research",$60k–$95k,$60k–$105k
10.38,energy renewable,0.182,Renewable Energy Sales Manager,Environment & Sustainability,"Business & Finance,Tech & Engineering",Renewable Energy Technician,Supply Chain & Operations,"Business & Finance,Tech & Engineering,Science & Research",$60k–$95k,$45k–$75k
10.38,energy renewable,0.118,Renewable Energy Sales Manager,Environment & Sustainability,"Business & Finance,Tech & Engineering",Renewable Energy Field Technician,Supply Chain & Operations,"Business & Finance,Tech & Engineering,Science & Research",$60k–$95k,$45k–$75k
10.38,energy renewable,0.121,Renewable Energy Sales Manager,Environment & Sustainability,"Business & Finance,Tech & Engineering",Renewable Energy Project Developer,Supply Chain & Operations,"Business & Finance,Tech & Engineering,Science & Research",$60k–$95k,$65k–$110k
10.38,energy renewable,0.133,Renewable Energy Sales Representative,Environment & Sustainability,"Business & Finance,Tech & Engineering",Renewable Energy Project Manager,Supply Chain & Operations,"Business & Finance,Tech & Engineering,Science & Research",$45k–$85k,$60k–$105k
10.38,energy renewable,0.194,Renewable Energy Sales Representative,Environment & Sustainability,"Business & Finance,Tech & Engineering",Renewable Energy Technician,Supply Chain & Operations,"Business & Finance,Tech & Engineering,Science & Research",$45k–$85k,$45k–$75k
10.38,energy renewable,0.161,Renewable Energy Sales Representative,Environment & Sustainability,"Business & Finance,Tech & Engineering",Renewable Energy Field Technician,Supply Chain & Operations,"Business & Finance,Tech & Engineering,Science & Research",$45k–$85k,$45k–$75k
10.38,energy renewable,0.094,Renewable Energy Sales Representative,Environment & Sustainability,"Business & Finance,Tech & Engineering",Renewable Energy Project Developer,Supply Chain & Operations,"Business & Finance,Tech & Engineering,Science & Research",$45k–$85k,$65k–$110k
10.38,energy renewable,0.067,Renewable Energy Project Manager,Supply Chain & Operations,"Business & Finance,Tech & Engineering,Science & Research",Renewable Energy Compliance Officer,Environment & Sustainability,"Law & Government,Science & Research",$60k–$105k,$58k–$95k
10.38,energy renewable,0.233,Renewable Energy Project Manager,Supply Chain & Operations,"Business & Finance,Tech & Engineering,Science & Research",Renewable Energy Site Manager,Environment & Sustainability,"Tech & Engineering,Business & Finance",$60k–$105k,$60k–$95k
10.38,energy renewable,0.143,Renewable Energy Project Manager,Supply Chain & Operations,"Business & Finance,Tech & Engineering,Science & Research",Renewable Energy Engineer,Environment & Sustainability,"Science & Research,Law & Government,Tech & Engineering",$60k–$105k,$60k–$105k
10.38,energy renewable,0.029,Renewable Energy Project Manager,Supply Chain & Operations,"Business & Finance,Tech & Engineering,Science & Research",Renewable Energy Auditor,Environment & Sustainability,"Science & Research,Law & Government,Tech & Engineering",$60k–$105k,$50k–$85k
10.38,energy renewable,0.081,Renewable Energy Project Manager,Supply Chain & Operations,"Business & Finance,Tech & Engineering,Science & Research",Renewable Energy Storage Specialist,Environment & Sustainability,"Science & Research,Law & Government,Tech & Engineering",$60k–$105k,$65k–$110k
10.38,energy renewable,0.029,Renewable Energy Compliance Officer,Environment & Sustainability,"Law & Government,Science & Research",Renewable Energy Technician,Supply Chain & Operations,"Business & Finance,Tech & Engineering,Science & Research",$58k–$95k,$45k–$75k
10.38,energy renewable,0.03,Renewable Energy Compliance Officer,Environment & Sustainability,"Law & Government,Science & Research",Renewable Energy Field Technician,Supply Chain & Operations,"Business & Finance,Tech & Engineering,Science & Research",$58k–$95k,$45k–$75k
10.38,energy renewable,0.065,Renewable Energy Compliance Officer,Environment & Sustainability,"Law & Government,Science & Research",Renewable Energy Project Developer,Supply Chain & Operations,"Business & Finance,Tech & Engineering,Science & Research",$58k–$95k,$65k–$110k
10.38,energy renewable,0.111,Renewable Energy Technician,Supply Chain & Operations,"Business & Finance,Tech & Engineering,Science & Research",Renewable Energy Site Manager,Environment & Sustainability,"Tech & Engineering,Business & Finance",$45k–$75k,$60k–$95k
10.38,energy renewable,0.346,Renewable Energy Technician,Supply Chain & Operations,"Business & Finance,Tech & Engineering,Science & Research",Renewable Energy Engineer,Environment & Sustainability,"Science & Research,Law & Government,Tech & Engineering",$45k–$75k,$60k–$105k
10.38,energy renewable,0.118,Renewable Energy Technician,Supply Chain & Operations,"Business & Finance,Tech & Engineering,Science & Research",Renewable Energy Auditor,Environment & Sustainability,"Science & Research,Law & Government,Tech & Engineering",$45k–$75k,$50k–$85k
10.38,energy renewable,0.132,Renewable Energy Technician,Supply Chain & Operations,"Business & Finance,Tech & Engineering,Science & Research",Renewable Energy Storage Specialist,Environment & Sustainability,"Science & Research,Law & Government,Tech & Engineering",$45k–$75k,$65k–$110k
10.38,energy renewable,0.182,Renewable Energy Field Technician,Supply Chain & Operations,"Business & Finance,Tech & Engineering,Science & Research",Renewable Energy Site Manager,Environment & Sustainability,"Tech & Engineering,Business & Finance",$45k–$75k,$60k–$95k
10.38,energy renewable,0.259,Renewable Energy Field Technician,Supply Chain & Operations,"Business & Finance,Tech & Engineering,Science & Research",Renewable Energy Engineer,Environment & Sustainability,"Science & Research,Law & Government,Tech & Engineering",$45k–$75k,$60k–$105k
10.38,energy renewable,0.057,Renewable Energy Field Technician,Supply Chain & Operations,"Business & Finance,Tech & Engineering,Science & Research",Renewable Energy Auditor,Environment & Sustainability,"Science & Research,Law & Government,Tech & Engineering",$45k–$75k,$50k–$85k
10.38,energy renewable,0.105,Renewable Energy Field Technician,Supply Chain & Operations,"Business & Finance,Tech & Engineering,Science & Research",Renewable Energy Storage Specialist,Environment & Sustainability,"Science & Research,Law & Government,Tech & Engineering",$45k–$75k,$65k–$110k
10.38,energy renewable,0.152,Renewable Energy Site Manager,Environment & Sustainability,"Tech & Engineering,Business & Finance",Renewable Energy Project Developer,Supply Chain & Operations,"Business & Finance,Tech & Engineering,Science & Research",$60k–$95k,$65k–$110k
10.38,energy renewable,0.179,Renewable Energy Engineer,Environment & Sustainability,"Science & Research,Law & Government,Tech & Engineering",Renewable Energy Project Developer,Supply Chain & Operations,"Business & Finance,Tech & Engineering,Science & Research",$60k–$105k,$65k–$110k
10.38,energy renewable,0.091,Renewable Energy Auditor,Environment & Sustainability,"Science & Research,Law & Government,Tech & Engineering",Renewable Energy Project Developer,Supply Chain & Operations,"Business & Finance,Tech & Engineering,Science & Research",$50k–$85k,$65k–$110k
10.38,energy renewable,0.025,Renewable Energy Storage Specialist,Environment & Sustainability,"Science & Research,Law & Government,Tech & Engineering",Renewable Energy Project Developer,Supply Chain & Operations,"Business & Finance,Tech & Engineering,Science & Research",$65k–$110k,$65k–$110k
10.37,broker business,0.033,Business Broker,Entrepreneurship,"Business & Finance,Law & Government",Business Insurance Broker,Design & Creative,"Marketing & Communications,Tech & Engineering,Science & Research",$65k–$150k,$55k–$95k
10.37,broker business,0.062,Business Insurance Broker,Design & Creative,"Marketing & Communications,Tech & Engineering,Science & Research",Small Business Loan Broker,Entrepreneurship,"Business & Finance,Law & Government",$55k–$95k,$50k–$95k
10.36,film set,0.139,Set Designer (Film),Arts & Performance,"Design & Creative,Hospitality & Events",Set Decorator (Film & TV),Supply Chain & Operations,"Business & Finance,Tech & Engineering,Architecture & Urban Planning",$45k–$85k,$40k–$75k
10.36,film set,0.206,Set Designer (Film),Arts & Performance,"Design & Creative,Hospitality & Events",Set Designer (Film & TV),Science & Research,"Healthcare & Medicine,Tech & Engineering,Architecture & Urban Planning",$45k–$85k,$45k–$85k
10.36,film set,0.086,Set Decorator (Film & TV),Supply Chain & Operations,"Business & Finance,Tech & Engineering,Architecture & Urban Planning",Set Designer (Broadway/Film),Arts & Performance,"Design & Creative,Hospitality & Events",$40k–$75k,$45k–$85k
10.36,film set,0.194,Set Decorator (Film & TV),Supply Chain & Operations,"Business & Finance,Tech & Engineering,Architecture & Urban Planning",Set Designer (Film/TV),Design & Creative,"Arts & Performance,Hospitality & Events",$40k–$75k,$45k–$85k
10.36,film set,0.088,Set Decorator (Film & TV),Supply Chain & Operations,"Business & Finance,Tech & Engineering,Architecture & Urban Planning",Set Designer (Film & Television),Arts & Performance,"Design & Creative,Hospitality & Events",$40k–$75k,$45k–$85k
10.36,film set,0.212,Set Decorator (Film & TV),Supply Chain & Operations,"Business & Finance,Tech & Engineering,Architecture & Urban Planning",Set Designer (Film & TV),Science & Research,"Healthcare & Medicine,Tech & Engineering,Architecture & Urban Planning",$40k–$75k,$45k–$85k
10.36,film set,0.188,Set Designer (Broadway/Film),Arts & Performance,"Design & Creative,Hospitality & Events",Set Designer (Film & TV),Science & Research,"Healthcare & Medicine,Tech & Engineering,Architecture & Urban Planning",$45k–$85k,$45k–$85k
10.36,film set,0.241,Set Decorator (Film & Television),Design & Creative,"Arts & Performance,Hospitality & Events",Set Designer (Film & TV),Science & Research,"Healthcare & Medicine,Tech & Engineering,Architecture & Urban Planning",$35k–$75k,$45k–$85k
10.36,film set,0.37,Set Designer (Film/TV),Design & Creative,"Arts & Performance,Hospitality & Events",Set Designer (Film & TV),Science & Research,"Healthcare & Medicine,Tech & Engineering,Architecture & Urban Planning",$45k–$85k,$45k–$85k
10.36,film set,0.276,Set Designer (Film & Television),Arts & Performance,"Design & Creative,Hospitality & Events",Set Designer (Film & TV),Science & Research,"Healthcare & Medicine,Tech & Engineering,Architecture & Urban Planning",$45k–$85k,$45k–$85k
10.34,architect software,0.053,Software Security Architect,Tech & Engineering,"Science & Research,Law & Government",Software Architect,Architecture & Urban Planning,"Design & Creative,Environment & Sustainability",$120k–$175k,$120k–$175k
10.34,architect software,0.393,Software Architect (Enterprise Systems),Tech & Engineering,"Business & Finance,Science & Research",Software Architect,Architecture & Urban Planning,"Design & Creative,Environment & Sustainability",$100k–$200k,$120k–$175k
10.34,production virtual,0.028,Virtual Production Supervisor,Arts & Performance,"Tech & Engineering,Design & Creative",Virtual Event Production Entrepreneur,Entrepreneurship,"Hospitality & Events,Tech & Engineering",$65k–$110k,$45k–$120k
10.34,production virtual,0.061,Virtual Production Supervisor,Arts & Performance,"Tech & Engineering,Design & Creative",Virtual Event Production Company Owner,Entrepreneurship,"Tech & Engineering,Hospitality & Events",$65k–$110k,$45k–$120k
10.33,acquisitions editor,0.308,Book Editor (Acquisitions),Media & Journalism,"Business & Finance,Design & Creative",Publishing Acquisitions Editor,Entrepreneurship,"Business & Finance,Tech & Engineering",$50k–$85k,$45k–$75k
10.33,design interior,0.061,Color Consultant (Interior Design),Fashion & Beauty,"Design & Creative,Business & Finance",Virtual Interior Design Business Owner,Entrepreneurship,"Design & Creative,Tech & Engineering",$45k–$75k,$45k–$120k
10.33,enterprise social,0.053,Social Enterprise Director,Gaming & Esports,"Tech & Engineering,Marketing & Communications,Science & Research",Social Enterprise Founder,Supply Chain & Operations,"Business & Finance,Tech & Engineering,Science & Research",$55k–$95k,$45k–$150k
10.33,enterprise social,0.346,Social Enterprise Director,Gaming & Esports,"Tech & Engineering,Marketing & Communications,Science & Research",Social Enterprise Manager,Supply Chain & Operations,"Business & Finance,Tech & Engineering,Science & Research",$55k–$95k,$45k–$75k
10.33,enterprise social,0.152,Social Enterprise Director,Gaming & Esports,"Tech & Engineering,Marketing & Communications,Science & Research",Social Enterprise Consultant,Supply Chain & Operations,"Business & Finance,Tech & Engineering,Entrepreneurship",$55k–$95k,$50k–$85k
10.33,enterprise social,0.103,Social Enterprise Director,Gaming & Esports,"Tech & Engineering,Marketing & Communications,Science & Research",Social Enterprise Business Manager,Social Impact & Nonprofit,"Entrepreneurship,Education & Coaching",$55k–$95k,$45k–$75k
10.33,enterprise social,0.138,Social Enterprise Director,Gaming & Esports,"Tech & Engineering,Marketing & Communications,Science & Research",Social Enterprise Advisor,Social Impact & Nonprofit,"Business & Finance,Education & Coaching",$55k–$95k,$50k–$85k
10.33,enterprise social,0.062,Social Enterprise Director,Gaming & Esports,"Tech & Engineering,Marketing & Communications,Science & Research",Impact Measurement Specialist (Social Enterprise),Entrepreneurship,"Social Impact & Nonprofit,Business & Finance",$55k–$95k,$50k–$75k
10.33,enterprise social,0.478,Social Enterprise Director,Gaming & Esports,"Tech & Engineering,Marketing & Communications,Science & Research",Social Enterprise Program Manager,Social Impact & Nonprofit,"Education & Coaching,Entrepreneurship",$55k–$95k,$45k–$75k
10.33,enterprise social,0.167,Social Enterprise Director,Gaming & Esports,"Tech & Engineering,Marketing & Communications,Science & Research",Social Enterprise CFO,Social Impact & Nonprofit,"Business & Finance,Entrepreneurship",$55k–$95k,$65k–$110k
10.33,enterprise social,0.125,Social Enterprise Director,Gaming & Esports,"Tech & Engineering,Marketing & Communications,Science & Research",Community-Focused Social Enterprise Founder,Entrepreneurship,"Social Impact & Nonprofit,Business & Finance",$55k–$95k,$45k–$120k
10.33,enterprise social,0.118,Social Enterprise Founder,Supply Chain & Operations,"Business & Finance,Tech & Engineering,Science & Research",Social Enterprise Business Manager,Social Impact & Nonprofit,"Entrepreneurship,Education & Coaching",$45k–$150k,$45k–$75k
10.33,enterprise social,0.026,Social Enterprise Founder,Supply Chain & Operations,"Business & Finance,Tech & Engineering,Science & Research",Social Enterprise Advisor,Social Impact & Nonprofit,"Business & Finance,Education & Coaching",$45k–$150k,$50k–$85k
10.33,enterprise social,0.026,Social Enterprise Founder,Supply Chain & Operations,"Business & Finance,Tech & Engineering,Science & Research",Impact Measurement Specialist (Social Enterprise),Entrepreneurship,"Social Impact & Nonprofit,Business & Finance",$45k–$150k,$50k–$75k
10.33,enterprise social,0.053,Social Enterprise Founder,Supply Chain & Operations,"Business & Finance,Tech & Engineering,Science & Research",Social Enterprise Program Manager,Social Impact & Nonprofit,"Education & Coaching,Entrepreneurship",$45k–$150k,$45k–$75k
10.33,enterprise social,0.051,Social Enterprise Founder,Supply Chain & Operations,"Business & Finance,Tech & Engineering,Science & Research",Social Enterprise CFO,Social Impact & Nonprofit,"Business & Finance,Entrepreneurship",$45k–$150k,$65k–$110k
10.33,enterprise social,0.105,Social Enterprise Founder,Supply Chain & Operations,"Business & Finance,Tech & Engineering,Science & Research",Community-Focused Social Enterprise Founder,Entrepreneurship,"Social Impact & Nonprofit,Business & Finance",$45k–$150k,$45k–$120k
10.33,enterprise social,0.138,Social Enterprise Manager,Supply Chain & Operations,"Business & Finance,Tech & Engineering,Science & Research",Social Enterprise Business Manager,Social Impact & Nonprofit,"Entrepreneurship,Education & Coaching",$45k–$75k,$45k–$75k
10.33,enterprise social,0.133,Social Enterprise Manager,Supply Chain & Operations,"Business & Finance,Tech & Engineering,Science & Research",Social Enterprise Advisor,Social Impact & Nonprofit,"Business & Finance,Education & Coaching",$45k–$75k,$50k–$85k
10.33,enterprise social,0.129,Social Enterprise Manager,Supply Chain & Operations,"Business & Finance,Tech & Engineering,Science & Research",Impact Measurement Specialist (Social Enterprise),Entrepreneurship,"Social Impact & Nonprofit,Business & Finance",$45k–$75k,$50k–$75k
10.33,enterprise social,0.458,Social Enterprise Manager,Supply Chain & Operations,"Business & Finance,Tech & Engineering,Science & Research",Social Enterprise Program Manager,Social Impact & Nonprofit,"Education & Coaching,Entrepreneurship",$45k–$75k,$45k–$75k
10.33,enterprise social,0.161,Social Enterprise Manager,Supply Chain & Operations,"Business & Finance,Tech & Engineering,Science & Research",Social Enterprise CFO,Social Impact & Nonprofit,"Business & Finance,Entrepreneurship",$45k–$75k,$65k–$110k
10.33,enterprise social,0.156,Social Enterprise Manager,Supply Chain & Operations,"Business & Finance,Tech & Engineering,Science & Research",Community-Focused Social Enterprise Founder,Entrepreneurship,"Social Impact & Nonprofit,Business & Finance",$45k–$75k,$45k–$120k
10.33,enterprise social,0.091,Social Enterprise Consultant,Supply Chain & Operations,"Business & Finance,Tech & Engineering,Entrepreneurship",Social Enterprise Business Manager,Social Impact & Nonprofit,"Entrepreneurship,Education & Coaching",$50k–$85k,$45k–$75k
10.33,enterprise social,0.156,Social Enterprise Consultant,Supply Chain & Operations,"Business & Finance,Tech & Engineering,Entrepreneurship",Social Enterprise Advisor,Social Impact & Nonprofit,"Business & Finance,Education & Coaching",$50k–$85k,$50k–$85k
10.33,enterprise social,0.152,Social Enterprise Consultant,Supply Chain & Operations,"Business & Finance,Tech & Engineering,Entrepreneurship",Social Enterprise Program Manager,Social Impact & Nonprofit,"Education & Coaching,Entrepreneurship",$50k–$85k,$45k–$75k
10.33,enterprise social,0.083,Social Enterprise Consultant,Supply Chain & Operations,"Business & Finance,Tech & Engineering,Entrepreneurship",Social Enterprise CFO,Social Impact & Nonprofit,"Business & Finance,Entrepreneurship",$50k–$85k,$65k–$110k
10.32,experience user,0.061,User Experience Writer,Science & Research,"Healthcare & Medicine,Tech & Engineering",UX Researcher (User Experience),Design & Creative,"Tech & Engineering,Business & Finance",$60k–$95k,$60k–$95k
10.32,experience user,0.214,User Experience Writer,Science & Research,"Healthcare & Medicine,Tech & Engineering",User Experience Strategist,Design & Creative,"Tech & Engineering,Business & Finance",$60k–$95k,$65k–$120k
10.32,experience user,0.161,User Experience (UX) Designer,Science & Research,"Healthcare & Medicine,Tech & Engineering,Architecture & Urban Planning",UX Researcher (User Experience),Design & Creative,"Tech & Engineering,Business & Finance",$65k–$120k,$60k–$95k
10.32,experience user,0.25,User Experience (UX) Designer,Science & Research,"Healthcare & Medicine,Tech & Engineering,Architecture & Urban Planning",User Experience Strategist,Design & Creative,"Tech & Engineering,Business & Finance",$65k–$120k,$65k–$120k
10.32,experience user,0.125,UX Researcher (User Experience),Design & Creative,"Tech & Engineering,Business & Finance",User Experience Designer,Science & Research,"Healthcare & Medicine,Tech & Engineering,Architecture & Urban Planning",$60k–$95k,$65k–$110k
10.32,experience user,0.296,User Experience Strategist,Design & Creative,"Tech & Engineering,Business & Finance",User Experience Designer,Science & Research,"Healthcare & Medicine,Tech & Engineering,Architecture & Urban Planning",$65k–$120k,$65k–$110k
10.32,experience user,0.167,User Experience Strategist,Design & Creative,"Tech & Engineering,Business & Finance",User Experience Researcher,Science & Research,"Healthcare & Medicine,Tech & Engineering,Architecture & Urban Planning",$65k–$120k,$65k–$110k
10.32,assurance quality,0.027,Quality Assurance Automation Tester,Tech & Engineering,"Business & Finance,Science & Research",Textile Quality Assurance Inspector,Marketing & Communications,"Business & Finance,Design & Creative,Science & Research",$60k–$95k,$32k–$52k
10.32,assurance quality,0.059,Quality Assurance Automation Engineer,Tech & Engineering,"Science & Research,Business & Finance",Cosmetics Quality Assurance Tester,Fashion & Beauty,"Science & Research,Healthcare & Medicine",$65k–$110k,$42k–$70k
10.32,assurance quality,0.056,Quality Assurance Automation Engineer,Tech & Engineering,"Science & Research,Business & Finance",Textile Quality Assurance Inspector,Marketing & Communications,"Business & Finance,Design & Creative,Science & Research",$65k–$110k,$32k–$52k
10.32,assurance quality,0.172,Quality Assurance Analyst,Supply Chain & Operations,"Business & Finance,Tech & Engineering,Science & Research",Cosmetics Quality Assurance Tester,Fashion & Beauty,"Science & Research,Healthcare & Medicine",$60k–$95k,$42k–$70k
10.32,assurance quality,0.125,Quality Assurance Analyst,Supply Chain & Operations,"Business & Finance,Tech & Engineering,Science & Research",Textile Quality Assurance Inspector,Marketing & Communications,"Business & Finance,Design & Creative,Science & Research",$60k–$95k,$32k–$52k
10.32,assurance quality,0.108,Quality Assurance Analyst,Supply Chain & Operations,"Business & Finance,Tech & Engineering,Science & Research",Quality Assurance Tester,Gaming & Esports,"Tech & Engineering,Marketing & Communications,Science & Research",$60k–$95k,$45k–$85k
10.32,assurance quality,0.03,Cosmetics Quality Assurance Tester,Fashion & Beauty,"Science & Research,Healthcare & Medicine",Quality Assurance Engineer (Software Testing),Tech & Engineering,"Business & Finance,Science & Research",$42k–$70k,$60k–$95k
10.32,assurance quality,0.214,Cosmetics Quality Assurance Tester,Fashion & Beauty,"Science & Research,Healthcare & Medicine",Pharmaceutical Quality Assurance Analyst,Supply Chain & Operations,"Business & Finance,Tech & Engineering,Science & Research",$42k–$70k,$48k–$77k
10.32,assurance quality,0.057,Cosmetics Quality Assurance Tester,Fashion & Beauty,"Science & Research,Healthcare & Medicine",Quality Assurance (QA) Engineer,Tech & Engineering,"Business & Finance,Science & Research",$42k–$70k,$60k–$95k
10.32,assurance quality,0.029,Cosmetics Quality Assurance Tester,Fashion & Beauty,"Science & Research,Healthcare & Medicine",Software Quality Assurance (QA) Engineer,Tech & Engineering,"Business & Finance,Science & Research",$42k–$70k,$60k–$110k
10.32,assurance quality,0.161,Cosmetics Quality Assurance Tester,Fashion & Beauty,"Science & Research,Healthcare & Medicine",Textile Quality Assurance Inspector,Marketing & Communications,"Business & Finance,Design & Creative,Science & Research",$42k–$70k,$32k–$52k
10.32,assurance quality,0.061,Cosmetics Quality Assurance Tester,Fashion & Beauty,"Science & Research,Healthcare & Medicine",Quality Assurance Engineer (Software),Tech & Engineering,"Science & Research,Business & Finance",$42k–$70k,$60k–$95k
10.32,assurance quality,0.029,Quality Assurance Engineer (Software Testing),Tech & Engineering,"Business & Finance,Science & Research",Textile Quality Assurance Inspector,Marketing & Communications,"Business & Finance,Design & Creative,Science & Research",$60k–$95k,$32k–$52k
10.32,assurance quality,0.286,Pharmaceutical Quality Assurance Analyst,Supply Chain & Operations,"Business & Finance,Tech & Engineering,Science & Research",Textile Quality Assurance Inspector,Marketing & Communications,"Business & Finance,Design & Creative,Science & Research",$48k–$77k,$32k–$52k
10.32,assurance quality,0.079,Pharmaceutical Quality Assurance Analyst,Supply Chain & Operations,"Business & Finance,Tech & Engineering,Science & Research",Quality Assurance Tester,Gaming & Esports,"Tech & Engineering,Marketing & Communications,Science & Research",$48k–$77k,$45k–$85k
10.32,assurance quality,0.083,Quality Assurance (QA) Engineer,Tech & Engineering,"Business & Finance,Science & Research",Textile Quality Assurance Inspector,Marketing & Communications,"Business & Finance,Design & Creative,Science & Research",$60k–$95k,$32k–$52k
10.32,assurance quality,0.028,Software Quality Assurance (QA) Engineer,Tech & Engineering,"Business & Finance,Science & Research",Textile Quality Assurance Inspector,Marketing & Communications,"Business & Finance,Design & Creative,Science & Research",$60k–$110k,$32k–$52k
10.32,assurance quality,0.057,Textile Quality Assurance Inspector,Marketing & Communications,"Business & Finance,Design & Creative,Science & Research",Quality Assurance Engineer (Software),Tech & Engineering,"Science & Research,Business & Finance",$32k–$52k,$60k–$95k
10.32,assurance quality,0.057,Textile Quality Assurance Inspector,Marketing & Communications,"Business & Finance,Design & Creative,Science & Research",Quality Assurance Tester (Software),Tech & Engineering,"Business & Finance,Science & Research",$32k–$52k,$55k–$90k
10.32,scientist soil,0.114,Soil Conservation Scientist,Environment & Sustainability,"Science & Research,Law & Government",Soil Scientist,Food & Culinary,"Hospitality & Events,Business & Finance,Science & Research",$40k–$75k,$45k–$75k
10.32,scientist soil,0.152,Soil Carbon Scientist,Environment & Sustainability,Science & Research,Soil Scientist,Food & Culinary,"Hospitality & Events,Business & Finance,Science & Research",$52k–$85k,$45k–$75k
10.32,scientist soil,0.111,Soil Health Scientist,Environment & Sustainability,Science & Research,Soil Scientist,Food & Culinary,"Hospitality & Events,Business & Finance,Science & Research",$48k–$77k,$45k–$75k
10.31,health mental,0.071,Mental Health Counselor,Aviation & Transportation,"Tech & Engineering,Science & Research,Healthcare & Medicine",Mental Health App Entrepreneur,Entrepreneurship,"Tech & Engineering,Healthcare & Medicine",$48k–$72k,$45k–$150k
10.31,health mental,0.077,Mental Health Counselor,Aviation & Transportation,"Tech & Engineering,Science & Research,Healthcare & Medicine",Mental Health App Founder,Entrepreneurship,"Tech & Engineering,Healthcare & Medicine",$48k–$72k,$50k–$150k
10.31,health mental,0.023,Mental Health Counselor,Aviation & Transportation,"Tech & Engineering,Science & Research,Healthcare & Medicine",Mental Health Program Director,Social Impact & Nonprofit,"Healthcare & Medicine,Education & Coaching",$48k–$72k,$50k–$75k
10.31,health mental,0.077,Mental Health Counselor,Aviation & Transportation,"Tech & Engineering,Science & Research,Healthcare & Medicine",Mental Health App Developer,Entrepreneurship,"Healthcare & Medicine,Tech & Engineering",$48k–$72k,$65k–$150k
10.31,health mental,0.103,Mental Health Counselor,Aviation & Transportation,"Tech & Engineering,Science & Research,Healthcare & Medicine",Social Worker (Mental Health),Social Impact & Nonprofit,"Healthcare & Medicine,Law & Government",$48k–$72k,$40k–$65k
10.31,health mental,0.086,Mental Health Counselor,Aviation & Transportation,"Tech & Engineering,Science & Research,Healthcare & Medicine",Mental Health Advocate,Social Impact & Nonprofit,"Education & Coaching,Healthcare & Medicine",$48k–$72k,$35k–$55k
10.31,health mental,0.047,Mental Health Counselor,Aviation & Transportation,"Tech & Engineering,Science & Research,Healthcare & Medicine",Youth Mental Health Coach,Education & Coaching,"Healthcare & Medicine,Social Impact & Nonprofit",$48k–$72k,$35k–$55k
10.31,health mental,0.024,Mental Health Counselor,Aviation & Transportation,"Tech & Engineering,Science & Research,Healthcare & Medicine",Mental Health Program Coordinator,Social Impact & Nonprofit,"Healthcare & Medicine,Education & Coaching",$48k–$72k,$40k–$65k
10.31,health mental,0.068,Mental Health Counselor,Aviation & Transportation,"Tech & Engineering,Science & Research,Healthcare & Medicine",Mental Health App Developer (Startup),Entrepreneurship,"Healthcare & Medicine,Tech & Engineering",$48k–$72k,$45k–$120k
10.31,health mental,0.108,Mental Health App Entrepreneur,Entrepreneurship,"Tech & Engineering,Healthcare & Medicine",Mental Health Program Director,Social Impact & Nonprofit,"Healthcare & Medicine,Education & Coaching",$45k–$150k,$50k–$75k
10.31,health mental,0.03,Mental Health App Entrepreneur,Entrepreneurship,"Tech & Engineering,Healthcare & Medicine",Mental Health Crisis Counselor,Social Impact & Nonprofit,"Healthcare & Medicine,Education & Coaching",$45k–$150k,$30k–$50k
10.31,health mental,0.053,Mental Health App Entrepreneur,Entrepreneurship,"Tech & Engineering,Healthcare & Medicine",Social Worker (Mental Health),Social Impact & Nonprofit,"Healthcare & Medicine,Law & Government",$45k–$150k,$40k–$65k
10.31,health mental,0.026,Mental Health App Entrepreneur,Entrepreneurship,"Tech & Engineering,Healthcare & Medicine",Youth Mental Health Counselor,Education & Coaching,"Healthcare & Medicine,Social Impact & Nonprofit",$45k–$150k,$35k–$55k
10.31,health mental,0.029,Mental Health App Entrepreneur,Entrepreneurship,"Tech & Engineering,Healthcare & Medicine",Mental Health Advocate,Social Impact & Nonprofit,"Education & Coaching,Healthcare & Medicine",$45k–$150k,$35k–$55k
10.31,health mental,0.053,Mental Health App Entrepreneur,Entrepreneurship,"Tech & Engineering,Healthcare & Medicine",Counselor (Mental Health),Social Impact & Nonprofit,"Healthcare & Medicine,Education & Coaching",$45k–$150k,$48k–$77k
10.31,health mental,0.05,Mental Health App Entrepreneur,Entrepreneurship,"Tech & Engineering,Healthcare & Medicine",Youth Mental Health Coach,Education & Coaching,"Healthcare & Medicine,Social Impact & Nonprofit",$45k–$150k,$35k–$55k
10.31,health mental,0.053,Mental Health App Entrepreneur,Entrepreneurship,"Tech & Engineering,Healthcare & Medicine",Mental Health Program Coordinator,Social Impact & Nonprofit,"Healthcare & Medicine,Education & Coaching",$45k–$150k,$40k–$65k
10.31,health mental,0.118,Mental Health App Founder,Entrepreneurship,"Tech & Engineering,Healthcare & Medicine",Mental Health Program Director,Social Impact & Nonprofit,"Healthcare & Medicine,Education & Coaching",$50k–$150k,$50k–$75k
10.31,health mental,0.033,Mental Health App Founder,Entrepreneurship,"Tech & Engineering,Healthcare & Medicine",Mental Health Crisis Counselor,Social Impact & Nonprofit,"Healthcare & Medicine,Education & Coaching",$50k–$150k,$30k–$50k
10.31,health mental,0.057,Mental Health App Founder,Entrepreneurship,"Tech & Engineering,Healthcare & Medicine",Social Worker (Mental Health),Social Impact & Nonprofit,"Healthcare & Medicine,Law & Government",$50k–$150k,$40k–$65k
10.31,health mental,0.028,Mental Health App Founder,Entrepreneurship,"Tech & Engineering,Healthcare & Medicine",Youth Mental Health Counselor,Education & Coaching,"Healthcare & Medicine,Social Impact & Nonprofit",$50k–$150k,$35k–$55k
10.31,health mental,0.032,Mental Health App Founder,Entrepreneurship,"Tech & Engineering,Healthcare & Medicine",Mental Health Advocate,Social Impact & Nonprofit,"Education & Coaching,Healthcare & Medicine",$50k–$150k,$35k–$55k
10.31,health mental,0.057,Mental Health App Founder,Entrepreneurship,"Tech & Engineering,Healthcare & Medicine",Counselor (Mental Health),Social Impact & Nonprofit,"Healthcare & Medicine,Education & Coaching",$50k–$150k,$48k–$77k
10.31,health mental,0.054,Mental Health App Founder,Entrepreneurship,"Tech & Engineering,Healthcare & Medicine",Youth Mental Health Coach,Education & Coaching,"Healthcare & Medicine,Social Impact & Nonprofit",$50k–$150k,$35k–$55k
10.31,health mental,0.057,Mental Health App Founder,Entrepreneurship,"Tech & Engineering,Healthcare & Medicine",Mental Health Program Coordinator,Social Impact & Nonprofit,"Healthcare & Medicine,Education & Coaching",$50k–$150k,$40k–$65k
10.31,health mental,0.188,Mental Health Program Director,Social Impact & Nonprofit,"Healthcare & Medicine,Education & Coaching",Mental Health App Developer,Entrepreneurship,"Healthcare & Medicine,Tech & Engineering",$50k–$75k,$65k–$150k
10.31,health mental,0.162,Mental Health Program Director,Social Impact & Nonprofit,"Healthcare & Medicine,Education & Coaching",Mental Health App Developer (Startup),Entrepreneurship,"Healthcare & Medicine,Tech & Engineering",$50k–$75k,$45k–$120k
10.31,health mental,0.033,Mental Health App Developer,Entrepreneurship,"Healthcare & Medicine,Tech & Engineering",Mental Health Crisis Counselor,Social Impact & Nonprofit,"Healthcare & Medicine,Education & Coaching",$65k–$150k,$30k–$50k
10.31,health mental,0.088,Mental Health App Developer,Entrepreneurship,"Healthcare & Medicine,Tech & Engineering",Social Worker (Mental Health),Social Impact & Nonprofit,"Healthcare & Medicine,Law & Government",$65k–$150k,$40k–$65k
10.31,health mental,0.028,Mental Health App Developer,Entrepreneurship,"Healthcare & Medicine,Tech & Engineering",Youth Mental Health Counselor,Education & Coaching,"Healthcare & Medicine,Social Impact & Nonprofit",$65k–$150k,$35k–$55k
10.31,health mental,0.143,Mental Health App Developer,Entrepreneurship,"Healthcare & Medicine,Tech & Engineering",Mental Health Advocate,Social Impact & Nonprofit,"Education & Coaching,Healthcare & Medicine",$65k–$150k,$35k–$55k
10.31,health mental,0.121,Mental Health App Developer,Entrepreneurship,"Healthcare & Medicine,Tech & Engineering",Counselor (Mental Health),Social Impact & Nonprofit,"Healthcare & Medicine,Education & Coaching",$65k–$150k,$48k–$77k
10.31,health mental,0.114,Mental Health App Developer,Entrepreneurship,"Healthcare & Medicine,Tech & Engineering",Youth Mental Health Coach,Education & Coaching,"Healthcare & Medicine,Social Impact & Nonprofit",$65k–$150k,$35k–$55k
10.31,health mental,0.088,Mental Health App Developer,Entrepreneurship,"Healthcare & Medicine,Tech & Engineering",Mental Health Program Coordinator,Social Impact & Nonprofit,"Healthcare & Medicine,Education & Coaching",$65k–$150k,$40k–$65k
10.31,health mental,0.029,Mental Health Crisis Counselor,Social Impact & Nonprofit,"Healthcare & Medicine,Education & Coaching",Mental Health App Developer (Startup),Entrepreneurship,"Healthcare & Medicine,Tech & Engineering",$30k–$50k,$45k–$120k
10.31,health mental,0.105,Social Worker (Mental Health),Social Impact & Nonprofit,"Healthcare & Medicine,Law & Government",Mental Health App Developer (Startup),Entrepreneurship,"Healthcare & Medicine,Tech & Engineering",$40k–$65k,$45k–$120k
10.31,health mental,0.024,Youth Mental Health Counselor,Education & Coaching,"Healthcare & Medicine,Social Impact & Nonprofit",Mental Health App Developer (Startup),Entrepreneurship,"Healthcare & Medicine,Tech & Engineering",$35k–$55k,$45k–$120k
10.31,health mental,0.088,Mental Health Advocate,Social Impact & Nonprofit,"Education & Coaching,Healthcare & Medicine",Mental Health App Developer (Startup),Entrepreneurship,"Healthcare & Medicine,Tech & Engineering",$35k–$55k,$45k–$120k
10.31,health mental,0.105,Counselor (Mental Health),Social Impact & Nonprofit,"Healthcare & Medicine,Education & Coaching",Mental Health App Developer (Startup),Entrepreneurship,"Healthcare & Medicine,Tech & Engineering",$48k–$77k,$45k–$120k
10.31,health mental,0.073,Youth Mental Health Coach,Education & Coaching,"Healthcare & Medicine,Social Impact & Nonprofit",Mental Health App Developer (Startup),Entrepreneurship,"Healthcare & Medicine,Tech & Engineering",$35k–$55k,$45k–$120k
10.31,health mental,0.105,Mental Health Program Coordinator,Social Impact & Nonprofit,"Healthcare & Medicine,Education & Coaching",Mental Health App Developer (Startup),Entrepreneurship,"Healthcare & Medicine,Tech & Engineering",$40k–$65k,$45k–$120k
10.3,live sound,0.027,Live Event Sound Engineer,Arts & Performance,"Hospitality & Events,Tech & Engineering",Sound Designer (Live Theater),Science & Research,"Healthcare & Medicine,Tech & Engineering,Architecture & Urban Planning",$35k–$75k,$35k–$65k
10.3,live sound,0.031,Live Performance Sound Engineer,Hospitality & Events,"Food & Culinary,Marketing & Communications,Arts & Performance",Sound Designer (Live Theater),Science & Research,"Healthcare & Medicine,Tech & Engineering,Architecture & Urban Planning",$35k–$75k,$35k–$65k
10.3,live sound,0.152,Sound Designer (Live Theater),Science & Research,"Healthcare & Medicine,Tech & Engineering,Architecture & Urban Planning",Live Sound Engineer,Hospitality & Events,"Food & Culinary,Marketing & Communications,Arts & Performance",$35k–$65k,$35k–$75k
10.29,buyer media,0.176,Media Buyer (Digital Advertising),Media & Journalism,"Business & Finance,Tech & Engineering",Media Buyer,Marketing & Communications,"Business & Finance,Design & Creative,Science & Research",$55k–$90k,$50k–$95k
10.29,buyer media,0.654,Media Buyer,Marketing & Communications,"Business & Finance,Design & Creative,Science & Research",Media Buyer (Advertising),Media & Journalism,"Business & Finance,Design & Creative",$50k–$95k,$45k–$85k
10.29,saas software,0.125,SaaS Accounting Software Founder,Entrepreneurship,"Tech & Engineering,Business & Finance",Software-as-a-Service (SaaS) Consultant,Arts & Performance,"Media & Journalism,Design & Creative,Architecture & Urban Planning",$0–$500k+,$65k–$120k
10.29,athletic trainer,0.118,Athletic Trainer (Injury Prevention),Sports & Fitness,"Healthcare & Medicine,Education & Coaching",Certified Athletic Trainer,Environment & Sustainability,"Science & Research,Law & Government,Tech & Engineering",$35k–$50k,$32k–$65k
10.29,athletic trainer,0.462,Athletic Trainer (Collegiate),Sports & Fitness,"Healthcare & Medicine,Marketing & Communications,Science & Research",Certified Athletic Trainer,Environment & Sustainability,"Science & Research,Law & Government,Tech & Engineering",$35k–$60k,$32k–$65k
10.29,athletic trainer,0.233,Athletic Trainer (College),Sports & Fitness,"Healthcare & Medicine,Education & Coaching",Certified Athletic Trainer,Environment & Sustainability,"Science & Research,Law & Government,Tech & Engineering",$48k–$77k,$32k–$65k
10.29,athletic trainer,0.258,Athletic Trainer (Professional Teams),Sports & Fitness,"Healthcare & Medicine,Education & Coaching",Certified Athletic Trainer,Environment & Sustainability,"Science & Research,Law & Government,Tech & Engineering",$45k–$75k,$32k–$65k
10.29,athletic trainer,0.267,Athletic Trainer (College Sports),Sports & Fitness,"Healthcare & Medicine,Education & Coaching",Certified Athletic Trainer,Environment & Sustainability,"Science & Research,Law & Government,Tech & Engineering",$40k–$65k,$32k–$65k
10.29,athletic trainer,0.258,Athletic Trainer (Professional Sports),Sports & Fitness,"Healthcare & Medicine,Education & Coaching",Certified Athletic Trainer,Environment & Sustainability,"Science & Research,Law & Government,Tech & Engineering",$55k–$90k,$32k–$65k
10.29,athletic trainer,0.091,Athletic Trainer (Youth),Sports & Fitness,"Education & Coaching,Healthcare & Medicine",Certified Athletic Trainer,Environment & Sustainability,"Science & Research,Law & Government,Tech & Engineering",$35k–$65k,$32k–$65k
10.29,athletic trainer,0.172,Certified Athletic Trainer,Environment & Sustainability,"Science & Research,Law & Government,Tech & Engineering",Athletic Trainer (Sports Medicine),Sports & Fitness,"Healthcare & Medicine,Education & Coaching",$32k–$65k,$35k–$60k
10.29,athletic trainer,0.128,Certified Athletic Trainer,Environment & Sustainability,"Science & Research,Law & Government,Tech & Engineering",Athletic Trainer,Sports & Fitness,"Healthcare & Medicine,Marketing & Communications,Science & Research",$32k–$65k,$40k–$65k
10.29,athletic trainer,0.188,Certified Athletic Trainer,Environment & Sustainability,"Science & Research,Law & Government,Tech & Engineering",Personal Athletic Trainer,Sports & Fitness,"Healthcare & Medicine,Education & Coaching",$32k–$65k,$40k–$70k
10.29,athletic trainer,0.156,Certified Athletic Trainer,Environment & Sustainability,"Science & Research,Law & Government,Tech & Engineering",Athletic Trainer (High School),Sports & Fitness,"Education & Coaching,Healthcare & Medicine",$32k–$65k,$35k–$55k
10.29,athletic trainer,0.241,Certified Athletic Trainer,Environment & Sustainability,"Science & Research,Law & Government,Tech & Engineering",Athletic Trainer (High School/College),Sports & Fitness,"Healthcare & Medicine,Education & Coaching",$32k–$65k,$35k–$65k
10.28,experience guest,0.023,Guest Experience Analyst,Business & Finance,"Entrepreneurship,Tech & Engineering,Science & Research",Guest Experience Manager (Hotel),Hospitality & Events,"Food & Culinary,Marketing & Communications",$50k–$85k,$32k–$55k
10.28,experience guest,0.0,Guest Experience Analyst,Business & Finance,"Entrepreneurship,Tech & Engineering,Science & Research",Guest Experience Manager,Hospitality & Events,"Food & Culinary,Marketing & Communications,Science & Research",$50k–$85k,$40k–$65k
10.28,experience reality,0.31,Augmented Reality Experience Designer,Design & Creative,"Tech & Engineering,Media & Journalism",Virtual Reality Experience Creator,Entrepreneurship,"Business & Finance,Tech & Engineering,Architecture & Urban Planning",$60k–$110k,$45k–$120k
10.28,franchise operations,0.057,Franchise Operations Consultant,Entrepreneurship,"Business & Finance,Education & Coaching",Sports Franchise Operations Manager,Sports & Fitness,"Business & Finance,Hospitality & Events",$60k–$110k,$45k–$120k
10.28,franchise operations,0.061,Sports Franchise Operations Manager,Sports & Fitness,"Business & Finance,Hospitality & Events",Franchise Operations Manager,Entrepreneurship,"Business & Finance,Hospitality & Events",$45k–$120k,$50k–$85k
10.28,creator subscription,0.026,Subscription Box Creator,Gaming & Esports,"Tech & Engineering,Marketing & Communications,Architecture & Urban Planning",Subscription App Creator,Entrepreneurship,"Tech & Engineering,Business & Finance",$30k–$100k,$45k–$150k
10.28,sound theater,0.148,Sound Designer (Theater),Sports & Fitness,"Healthcare & Medicine,Marketing & Communications,Architecture & Urban Planning",Sound Designer (Live Theater),Science & Research,"Healthcare & Medicine,Tech & Engineering,Architecture & Urban Planning",$35k–$75k,$35k–$65k
10.28,counselor school,0.029,Career Counselor (School),Sports & Fitness,"Healthcare & Medicine,Marketing & Communications,Social Impact & Nonprofit",Medical School Admissions Counselor,Education & Coaching,"Social Impact & Nonprofit,Tech & Engineering,Architecture & Urban Planning",$37k–$63k,$50k–$85k
10.28,counselor school,0.086,Career Counselor (School),Sports & Fitness,"Healthcare & Medicine,Marketing & Communications,Social Impact & Nonprofit",School Counselor,Education & Coaching,"Social Impact & Nonprofit,Tech & Engineering,Healthcare & Medicine",$37k–$63k,$50k–$80k
10.28,counselor school,0.261,Career Counselor (School),Sports & Fitness,"Healthcare & Medicine,Marketing & Communications,Social Impact & Nonprofit",High School Guidance Counselor,Education & Coaching,"Social Impact & Nonprofit,Business & Finance",$37k–$63k,$42k–$65k
10.27,commerce entrepreneur,0.118,Social Commerce Entrepreneur,Marketing & Communications,"Business & Finance,Design & Creative,Media & Journalism",Craft E-Commerce Entrepreneur,Entrepreneurship,"Design & Creative,Business & Finance",$45k–$150k,$40k–$120k
10.27,commerce entrepreneur,0.161,Social Commerce Entrepreneur,Marketing & Communications,"Business & Finance,Design & Creative,Media & Journalism",Handmade Goods E-commerce Entrepreneur,Entrepreneurship,"Design & Creative,Business & Finance",$45k–$150k,$40k–$120k
10.27,commerce entrepreneur,0.139,Social Commerce Entrepreneur,Marketing & Communications,"Business & Finance,Design & Creative,Media & Journalism",Niche E-commerce Entrepreneur,Entrepreneurship,"Business & Finance,Tech & Engineering,Science & Research",$45k–$150k,$20k–$150k
10.27,commerce entrepreneur,0.091,Craft E-Commerce Entrepreneur,Entrepreneurship,"Design & Creative,Business & Finance",Social Media Commerce Entrepreneur,Supply Chain & Operations,"Business & Finance,Tech & Engineering,Science & Research",$40k–$120k,$40k–$120k
10.27,commerce entrepreneur,0.171,Craft E-Commerce Entrepreneur,Entrepreneurship,"Design & Creative,Business & Finance",E-commerce Entrepreneur,Marketing & Communications,"Business & Finance,Design & Creative,Science & Research",$40k–$120k,$35k–$200k
10.27,commerce entrepreneur,0.133,Handmade Goods E-commerce Entrepreneur,Entrepreneurship,"Design & Creative,Business & Finance",Social Media Commerce Entrepreneur,Supply Chain & Operations,"Business & Finance,Tech & Engineering,Science & Research",$40k–$120k,$40k–$120k
10.27,commerce entrepreneur,0.258,Handmade Goods E-commerce Entrepreneur,Entrepreneurship,"Design & Creative,Business & Finance",E-commerce Entrepreneur,Marketing & Communications,"Business & Finance,Design & Creative,Science & Research",$40k–$120k,$35k–$200k
10.27,commerce entrepreneur,0.114,Niche E-commerce Entrepreneur,Entrepreneurship,"Business & Finance,Tech & Engineering,Science & Research",Social Media Commerce Entrepreneur,Supply Chain & Operations,"Business & Finance,Tech & Engineering,Science & Research",$20k–$150k,$40k–$120k
10.27,commerce entrepreneur,0.158,Niche E-commerce Entrepreneur,Entrepreneurship,"Business & Finance,Tech & Engineering,Science & Research",E-commerce Entrepreneur,Marketing & Communications,"Business & Finance,Design & Creative,Science & Research",$20k–$150k,$35k–$200k
10.27,commerce entrepreneur,0.242,Social Media Commerce Entrepreneur,Supply Chain & Operations,"Business & Finance,Tech & Engineering,Science & Research",E-commerce Entrepreneur,Marketing & Communications,"Business & Finance,Design & Creative,Science & Research",$40k–$120k,$35k–$200k
10.27,artist installation,0.207,Performance Artist (Live Installation),Arts & Performance,"Design & Creative,Hospitality & Events",Installation Artist,Environment & Sustainability,"Science & Research,Law & Government,Architecture & Urban Planning",$35k–$75k,$35k–$75k
10.27,artist installation,0.172,Performance Artist (Installation),Arts & Performance,"Design & Creative,Tech & Engineering",Installation Artist,Environment & Sustainability,"Science & Research,Law & Government,Architecture & Urban Planning",$35k–$75k,$35k–$75k
10.27,artist installation,0.138,Museum Installation Artist,Arts & Performance,"Design & Creative,Hospitality & Events",Installation Artist,Environment & Sustainability,"Science & Research,Law & Government,Architecture & Urban Planning",$40k–$65k,$35k–$75k
10.27,artist installation,0.185,Gallery Installation Artist,Arts & Performance,"Design & Creative,Hospitality & Events",Installation Artist,Environment & Sustainability,"Science & Research,Law & Government,Architecture & Urban Planning",$32k–$65k,$35k–$75k
10.27,artist installation,0.179,Interactive Installation Artist,Design & Creative,"Tech & Engineering,Arts & Performance",Installation Artist,Environment & Sustainability,"Science & Research,Law & Government,Architecture & Urban Planning",$45k–$85k,$35k–$75k
10.27,artist installation,0.138,Immersive Installation Artist,Design & Creative,"Arts & Performance,Tech & Engineering",Installation Artist,Environment & Sustainability,"Science & Research,Law & Government,Architecture & Urban Planning",$45k–$85k,$35k–$75k
10.27,artist installation,0.222,Performance Art Installation Artist,Arts & Performance,"Design & Creative,Hospitality & Events",Installation Artist,Environment & Sustainability,"Science & Research,Law & Government,Architecture & Urban Planning",$35k–$75k,$35k–$75k
10.27,career development,0.179,Career Development Specialist,Education & Coaching,"Social Impact & Nonprofit,Business & Finance",Life Coach (Career Development),Sports & Fitness,"Healthcare & Medicine,Marketing & Communications",$42k–$70k,$40k–$65k
10.26,live production,0.083,Live Streaming Production Manager,Gaming & Esports,"Tech & Engineering,Marketing & Communications,Science & Research",Live Event Production Coordinator,Arts & Performance,"Hospitality & Events,Business & Finance",$45k–$75k,$35k–$65k
10.26,live production,0.077,Live Streaming Production Manager,Gaming & Esports,"Tech & Engineering,Marketing & Communications,Science & Research",Live Event Production Designer,Arts & Performance,"Design & Creative,Hospitality & Events",$45k–$75k,$45k–$85k
10.26,hotel sustainability,0.316,Hotel Sustainability Coordinator,Supply Chain & Operations,"Business & Finance,Tech & Engineering,Science & Research",Hotel Sustainability Manager,Hospitality & Events,"Environment & Sustainability,Business & Finance",$45k–$80k,$48k–$77k
10.24,dance instructor,0.028,Dance Instructor (Classical Ballet),Education & Coaching,"Arts & Performance,Sports & Fitness",Dance Fitness Instructor,Gaming & Esports,"Tech & Engineering,Marketing & Communications,Architecture & Urban Planning",$30k–$65k,$28k–$55k
10.24,dance instructor,0.091,Dance Instructor (Ballroom),Sports & Fitness,"Arts & Performance,Education & Coaching",Dance Fitness Instructor,Gaming & Esports,"Tech & Engineering,Marketing & Communications,Architecture & Urban Planning",$28k–$50k,$28k–$55k
10.24,dance instructor,0.056,Dance Instructor,Education & Coaching,"Arts & Performance,Sports & Fitness",Dance Fitness Instructor,Gaming & Esports,"Tech & Engineering,Marketing & Communications,Architecture & Urban Planning",$30k–$55k,$28k–$55k
10.24,dance instructor,0.059,Dance Fitness Instructor,Gaming & Esports,"Tech & Engineering,Marketing & Communications,Architecture & Urban Planning",Dance Instructor (Youth Programs),Education & Coaching,"Arts & Performance,Sports & Fitness",$28k–$55k,$28k–$50k
10.24,dance instructor,0.028,Dance Fitness Instructor,Gaming & Esports,"Tech & Engineering,Marketing & Communications,Architecture & Urban Planning",Dance Movement Therapy Instructor,Arts & Performance,"Healthcare & Medicine,Social Impact & Nonprofit",$28k–$55k,$35k–$65k
10.24,packaging product,0.286,Product Packaging Designer,Marketing & Communications,"Business & Finance,Design & Creative,Science & Research",Beauty Product Packaging Designer,Fashion & Beauty,"Design & Creative,Entrepreneurship",$50k–$85k,$50k–$85k
10.23,language teacher,0.105,Language Immersion Teacher,Education & Coaching,"Arts & Performance,Social Impact & Nonprofit",ESL (English as Second Language) Teacher,Environment & Sustainability,"Science & Research,Law & Government,Architecture & Urban Planning",$40k–$65k,$35k–$65k
10.23,language teacher,0.05,Language Arts Teacher,Education & Coaching,"Media & Journalism,Social Impact & Nonprofit",ESL (English as Second Language) Teacher,Environment & Sustainability,"Science & Research,Law & Government,Architecture & Urban Planning",$40k–$75k,$35k–$65k
10.23,language teacher,0.028,Language Arts Teacher (Secondary),Education & Coaching,"Media & Journalism,Social Impact & Nonprofit",ESL (English as Second Language) Teacher,Environment & Sustainability,"Science & Research,Law & Government,Architecture & Urban Planning",$40k–$70k,$35k–$65k
10.21,health worker,0.098,Community Health Worker,Gaming & Esports,"Tech & Engineering,Marketing & Communications,Science & Research",Social Worker (Mental Health),Social Impact & Nonprofit,"Healthcare & Medicine,Law & Government",$38k–$56k,$40k–$65k
10.19,online platform,0.026,Online Community Platform Founder,Entrepreneurship,"Tech & Engineering,Media & Journalism",Online Learning Platform Manager,Education & Coaching,"Tech & Engineering,Business & Finance",$45k–$150k,$60k–$95k
10.19,online platform,0.056,Online Fitness Platform Founder,Entrepreneurship,"Tech & Engineering,Sports & Fitness",Online Learning Platform Manager,Education & Coaching,"Tech & Engineering,Business & Finance",$45k–$150k,$60k–$95k
10.19,online platform,0.026,Online Fitness Platform Founder,Entrepreneurship,"Tech & Engineering,Sports & Fitness",Video Journalist (Online News Platform),Media & Journalism,"Tech & Engineering,Design & Creative",$45k–$150k,$35k–$65k
10.19,online platform,0.023,Online Education Platform Creator,Entrepreneurship,"Tech & Engineering,Education & Coaching",Video Journalist (Online News Platform),Media & Journalism,"Tech & Engineering,Design & Creative",$65k–$150k,$35k–$65k
10.19,online platform,0.105,Course Creator (Online Education Platform),Entrepreneurship,"Education & Coaching,Design & Creative",Video Journalist (Online News Platform),Media & Journalism,"Tech & Engineering,Design & Creative",$45k–$120k,$35k–$65k
10.19,online platform,0.026,Online Learning Platform Manager,Education & Coaching,"Tech & Engineering,Business & Finance",Video Journalist (Online News Platform),Media & Journalism,"Tech & Engineering,Design & Creative",$60k–$95k,$35k–$65k
10.19,online platform,0.029,Online Education Platform Founder,Entrepreneurship,"Tech & Engineering,Education & Coaching",Video Journalist (Online News Platform),Media & Journalism,"Tech & Engineering,Design & Creative",$50k–$200k+,$35k–$65k
10.18,live streaming,0.216,Live Event Streaming Director,Arts & Performance,"Media & Journalism,Hospitality & Events",Live Streaming Production Manager,Gaming & Esports,"Tech & Engineering,Marketing & Communications,Science & Research",$45k–$85k,$45k–$75k
10.18,live streaming,0.243,Live Streaming Production Coordinator,Arts & Performance,"Tech & Engineering,Hospitality & Events",Live Streaming Director,Media & Journalism,"Tech & Engineering,Design & Creative",$35k–$65k,$45k–$85k
10.18,live streaming,0.108,Live Streaming Production Coordinator,Arts & Performance,"Tech & Engineering,Hospitality & Events",Live Streaming Producer,Media & Journalism,"Tech & Engineering,Design & Creative",$35k–$65k,$35k–$75k
10.18,live streaming,0.27,Live Streaming Director,Media & Journalism,"Tech & Engineering,Design & Creative",Live Streaming Production Manager,Gaming & Esports,"Tech & Engineering,Marketing & Communications,Science & Research",$45k–$85k,$45k–$75k
10.18,live streaming,0.162,Live Streaming Technical Producer,Arts & Performance,"Tech & Engineering,Media & Journalism",Live Streaming Production Manager,Gaming & Esports,"Tech & Engineering,Marketing & Communications,Science & Research",$35k–$65k,$45k–$75k
10.18,live streaming,0.189,Live Streaming Producer (Esports),Arts & Performance,"Tech & Engineering,Media & Journalism",Live Streaming Production Manager,Gaming & Esports,"Tech & Engineering,Marketing & Communications,Science & Research",$35k–$75k,$45k–$75k
10.18,live streaming,0.237,Live Streaming Director (Performance),Arts & Performance,"Media & Journalism,Tech & Engineering",Live Streaming Production Manager,Gaming & Esports,"Tech & Engineering,Marketing & Communications,Science & Research",$45k–$75k,$45k–$75k
10.18,live streaming,0.171,Live Streaming Production Manager,Gaming & Esports,"Tech & Engineering,Marketing & Communications,Science & Research",Live Streaming Producer (Entertainment),Arts & Performance,"Tech & Engineering,Media & Journalism",$45k–$75k,$35k–$85k
10.18,live streaming,0.278,Live Streaming Production Manager,Gaming & Esports,"Tech & Engineering,Marketing & Communications,Science & Research",Live Streaming Producer (Events),Arts & Performance,"Media & Journalism,Hospitality & Events",$45k–$75k,$45k–$75k
10.18,live streaming,0.167,Live Streaming Production Manager,Gaming & Esports,"Tech & Engineering,Marketing & Communications,Science & Research",Live Streaming Producer (Theater),Arts & Performance,"Tech & Engineering,Media & Journalism",$45k–$75k,$35k–$65k
10.18,live streaming,0.206,Live Streaming Production Manager,Gaming & Esports,"Tech & Engineering,Marketing & Communications,Science & Research",Live Streaming Producer (Arts),Arts & Performance,"Tech & Engineering,Media & Journalism",$45k–$75k,$35k–$65k
10.18,live streaming,0.243,Live Streaming Production Manager,Gaming & Esports,"Tech & Engineering,Marketing & Communications,Science & Research",Live Streaming Producer (Performance),Arts & Performance,"Media & Journalism,Tech & Engineering",$45k–$75k,$35k–$75k
10.18,live streaming,0.2,Live Streaming Production Manager,Gaming & Esports,"Tech & Engineering,Marketing & Communications,Science & Research",Live Streaming Producer,Media & Journalism,"Tech & Engineering,Design & Creative",$45k–$75k,$35k–$75k
10.18,live streaming,0.211,Live Streaming Production Manager,Gaming & Esports,"Tech & Engineering,Marketing & Communications,Science & Research",Live Streaming Producer (Performance Arts),Arts & Performance,"Tech & Engineering,Media & Journalism",$45k–$75k,$35k–$75k
10.18,live streaming,0.312,Live Streaming Production Manager,Gaming & Esports,"Tech & Engineering,Marketing & Communications,Science & Research",Live Streaming Producer (Music/Theater),Arts & Performance,"Tech & Engineering,Media & Journalism",$45k–$75k,$35k–$75k
10.18,live streaming,0.079,Live Streaming Production Manager,Gaming & Esports,"Tech & Engineering,Marketing & Communications,Science & Research",Live Streaming Content Creator,Arts & Performance,"Media & Journalism,Entrepreneurship",$45k–$75k,$20k–$150k
10.17,developer mobile,0.1,Mobile App Developer (Indie),Marketing & Communications,"Business & Finance,Design & Creative,Architecture & Urban Planning",Mobile Application Developer,Tech & Engineering,"Design & Creative,Business & Finance",$20k–$150k,$65k–$120k
10.17,fitness influencer,0.324,Fitness Influencer and Content Creator,Gaming & Esports,"Tech & Engineering,Marketing & Communications,Science & Research",Fitness Influencer,Sports & Fitness,"Entrepreneurship,Media & Journalism",$45k–$150k,$30k–$200k+
10.17,materials sustainable,0.156,Sustainable Materials Sourcer,Fashion & Beauty,"Environment & Sustainability,Business & Finance",Package Designer (Sustainable Materials),Design & Creative,"Environment & Sustainability,Science & Research",$50k–$85k,$52k–$85k
10.17,materials sustainable,0.176,Sustainable Materials Developer,Fashion & Beauty,"Environment & Sustainability,Science & Research",Package Designer (Sustainable Materials),Design & Creative,"Environment & Sustainability,Science & Research",$52k–$85k,$52k–$85k
10.17,materials sustainable,0.114,Sustainable Materials Researcher (Fashion),Fashion & Beauty,"Science & Research,Environment & Sustainability",Package Designer (Sustainable Materials),Design & Creative,"Environment & Sustainability,Science & Research",$58k–$95k,$52k–$85k
10.17,materials sustainable,0.156,Package Designer (Sustainable Materials),Design & Creative,"Environment & Sustainability,Science & Research",Sustainable Materials Sourcer (Fashion),Fashion & Beauty,"Environment & Sustainability,Business & Finance",$52k–$85k,$52k–$85k
10.17,materials sustainable,0.114,Package Designer (Sustainable Materials),Design & Creative,"Environment & Sustainability,Science & Research",Sustainable Materials Sourcing Manager,Fashion & Beauty,"Environment & Sustainability,Business & Finance",$52k–$85k,$58k–$95k
10.17,fashion pattern,0.133,Pattern Grader (Fashion),Fashion & Beauty,"Design & Creative,Entrepreneurship",Fashion Pattern Maker,Marketing & Communications,"Business & Finance,Design & Creative,Science & Research",$37k–$63k,$45k–$75k
10.17,fashion pattern,0.062,Sustainable Fashion Pattern Grader,Fashion & Beauty,"Design & Creative,Environment & Sustainability",Fashion Pattern Maker,Marketing & Communications,"Business & Finance,Design & Creative,Science & Research",$48k–$72k,$45k–$75k
10.17,fashion pattern,0.094,Fashion Pattern Maker,Marketing & Communications,"Business & Finance,Design & Creative,Science & Research",Fashion Pattern Grader,Fashion & Beauty,"Design & Creative,Tech & Engineering",$45k–$75k,$40k–$65k
10.16,entrepreneur subscription,0.167,Subscription Model Entrepreneur,Entrepreneurship,"Business & Finance,Tech & Engineering",Subscription Service Entrepreneur,Gaming & Esports,"Tech & Engineering,Marketing & Communications,Science & Research",$45k–$150k,$45k–$150k
10.16,entrepreneur subscription,0.095,Niche Subscription Box Entrepreneur,Entrepreneurship,"Design & Creative,Business & Finance",Subscription Service Entrepreneur,Gaming & Esports,"Tech & Engineering,Marketing & Communications,Science & Research",$40k–$120k,$45k–$150k
10.16,entrepreneur subscription,0.135,Subscription Box Entrepreneur,Entrepreneurship,"Design & Creative,Business & Finance",Subscription Service Entrepreneur,Gaming & Esports,"Tech & Engineering,Marketing & Communications,Science & Research",$40k–$120k,$45k–$150k
10.16,digital marketing,0.05,Digital Marketing Agency Founder,Entrepreneurship,"Business & Finance,Tech & Engineering",Hotel Digital Marketing Manager,Marketing & Communications,"Business & Finance,Design & Creative,Science & Research",$45k–$150k,$50k–$95k
10.16,digital marketing,0.111,Hotel Digital Marketing Manager,Marketing & Communications,"Business & Finance,Design & Creative,Science & Research",Agency Owner (Digital Marketing),Entrepreneurship,"Design & Creative,Business & Finance",$50k–$95k,$45k–$150k
10.12,researcher user,0.258,UX Researcher (User Testing),Design & Creative,"Tech & Engineering,Business & Finance",User Experience Researcher,Science & Research,"Healthcare & Medicine,Tech & Engineering,Architecture & Urban Planning",$55k–$85k,$65k–$110k
10.12,design technologist,0.091,Packaging Design Technologist,Design & Creative,"Environment & Sustainability,Tech & Engineering",Industrial Design Technologist,Science & Research,"Healthcare & Medicine,Tech & Engineering,Architecture & Urban Planning",$50k–$85k,$50k–$85k
10.12,design technologist,0.033,Industrial Design Technologist,Science & Research,"Healthcare & Medicine,Tech & Engineering,Architecture & Urban Planning",Interior Design Technologist,Design & Creative,"Business & Finance,Tech & Engineering",$50k–$85k,$45k–$75k
10.11,advocate rights,0.091,Human Rights Advocate,Social Impact & Nonprofit,"Law & Government,Education & Coaching",Disability Rights Advocate,Gaming & Esports,"Tech & Engineering,Marketing & Communications,Science & Research",$40k–$75k,$40k–$65k
10.11,advocate rights,0.057,Housing Rights Advocate,Social Impact & Nonprofit,"Law & Government,Education & Coaching",Disability Rights Advocate,Gaming & Esports,"Tech & Engineering,Marketing & Communications,Science & Research",$45k–$75k,$40k–$65k
10.11,advocate rights,0.059,Civil Rights Advocate (Legal),Law & Government,"Social Impact & Nonprofit,Media & Journalism",Disability Rights Advocate,Gaming & Esports,"Tech & Engineering,Marketing & Communications,Science & Research",$55k–$95k,$40k–$65k
10.11,advocate rights,0.0,Victims' Rights Advocate,Law & Government,"Social Impact & Nonprofit,Healthcare & Medicine",Disability Rights Advocate,Gaming & Esports,"Tech & Engineering,Marketing & Communications,Science & Research",$35k–$65k,$40k–$65k
10.11,advocate rights,0.121,Policy Advocate (Civil Rights),Social Impact & Nonprofit,"Law & Government,Media & Journalism",Disability Rights Advocate,Gaming & Esports,"Tech & Engineering,Marketing & Communications,Science & Research",$45k–$75k,$40k–$65k
10.11,advocate rights,0.059,Education Rights Advocate,Social Impact & Nonprofit,"Law & Government,Media & Journalism",Disability Rights Advocate,Gaming & Esports,"Tech & Engineering,Marketing & Communications,Science & Research",$45k–$75k,$40k–$65k
10.11,advocate rights,0.057,Disability Rights Advocate,Gaming & Esports,"Tech & Engineering,Marketing & Communications,Science & Research",Patient Advocate (Healthcare Rights),Healthcare & Medicine,"Law & Government,Social Impact & Nonprofit",$40k–$65k,$40k–$65k
10.1,fashion vintage,0.139,Vintage Fashion Appraiser,Fashion & Beauty,"Business & Finance,Design & Creative",Vintage Fashion Authenticator,Supply Chain & Operations,"Business & Finance,Tech & Engineering,Science & Research",$35k–$65k,$45k–$75k
10.1,fashion vintage,0.088,Vintage Fashion Authenticator,Supply Chain & Operations,"Business & Finance,Tech & Engineering,Science & Research",Vintage Fashion Consultant,Fashion & Beauty,"Design & Creative,Entrepreneurship",$45k–$75k,$35k–$65k
10.1,fashion vintage,0.079,Vintage Fashion Authenticator,Supply Chain & Operations,"Business & Finance,Tech & Engineering,Science & Research",Vintage Fashion Reseller,Fashion & Beauty,"Entrepreneurship,Design & Creative",$45k–$75k,$30k–$75k
10.1,fashion vintage,0.118,Vintage Fashion Authenticator,Supply Chain & Operations,"Business & Finance,Tech & Engineering,Science & Research",Vintage Fashion Buyer,Fashion & Beauty,"Design & Creative,Entrepreneurship",$45k–$75k,$40k–$75k
10.1,fashion vintage,0.097,Vintage Fashion Authenticator,Supply Chain & Operations,"Business & Finance,Tech & Engineering,Science & Research",Vintage Fashion Restoration Specialist,Fashion & Beauty,"Design & Creative,Arts & Performance",$45k–$75k,$35k–$65k
10.1,fashion vintage,0.129,Vintage Fashion Authenticator,Supply Chain & Operations,"Business & Finance,Tech & Engineering,Science & Research",Vintage Fashion Restorer,Fashion & Beauty,"Design & Creative,Arts & Performance",$45k–$75k,$32k–$55k
10.1,fashion vintage,0.194,Vintage Fashion Authenticator,Supply Chain & Operations,"Business & Finance,Tech & Engineering,Science & Research",Vintage Fashion Curator,Fashion & Beauty,"Entrepreneurship,Arts & Performance",$45k–$75k,$35k–$65k
10.09,health safety,0.133,Occupational Health and Safety Engineer,Tech & Engineering,"Law & Government,Science & Research",Environmental Health and Safety Manager,Environment & Sustainability,"Law & Government,Healthcare & Medicine",$60k–$105k,$68k–$110k
10.09,health safety,0.161,Occupational Health and Safety Engineer,Tech & Engineering,"Law & Government,Science & Research",Environmental Health and Safety Officer,Environment & Sustainability,"Law & Government,Science & Research",$60k–$105k,$58k–$95k
10.09,health safety,0.097,Occupational Health and Safety Engineer,Tech & Engineering,"Law & Government,Science & Research",Environmental Health and Safety (EHS) Manager,Environment & Sustainability,"Law & Government,Science & Research",$60k–$105k,$60k–$95k
10.09,health safety,0.25,Occupational Health and Safety Engineer,Tech & Engineering,"Law & Government,Science & Research",Environmental Health & Safety Manager,Environment & Sustainability,"Science & Research,Law & Government",$60k–$105k,$62k–$98k
10.09,health safety,0.15,Environmental Health and Safety Specialist,Environment & Sustainability,"Science & Research,Law & Government,Tech & Engineering",Occupational Health and Safety Specialist,Hospitality & Events,"Food & Culinary,Marketing & Communications,Science & Research",$52k–$95k,$62k–$98k
10.09,health safety,0.267,Environmental Health and Safety Manager,Environment & Sustainability,"Law & Government,Healthcare & Medicine",Occupational Health and Safety Specialist,Hospitality & Events,"Food & Culinary,Marketing & Communications,Science & Research",$68k–$110k,$62k–$98k
10.09,health safety,0.231,Environmental Health and Safety Manager,Environment & Sustainability,"Law & Government,Healthcare & Medicine",Occupational Health & Safety Specialist,Tech & Engineering,"Law & Government,Healthcare & Medicine",$68k–$110k,$62k–$98k
10.09,health safety,0.176,Occupational Health and Safety Specialist,Hospitality & Events,"Food & Culinary,Marketing & Communications,Science & Research",Environmental Health and Safety Officer,Environment & Sustainability,"Law & Government,Science & Research",$62k–$98k,$58k–$95k
10.09,health safety,0.152,Occupational Health and Safety Specialist,Hospitality & Events,"Food & Culinary,Marketing & Communications,Science & Research",Environmental Health and Safety (EHS) Manager,Environment & Sustainability,"Law & Government,Science & Research",$62k–$98k,$60k–$95k
10.09,health safety,0.219,Occupational Health and Safety Specialist,Hospitality & Events,"Food & Culinary,Marketing & Communications,Science & Research",Environmental Health & Safety Manager,Environment & Sustainability,"Science & Research,Law & Government",$62k–$98k,$62k–$98k
10.09,health safety,0.259,Environmental Health and Safety Officer,Environment & Sustainability,"Law & Government,Science & Research",Occupational Health & Safety Specialist,Tech & Engineering,"Law & Government,Healthcare & Medicine",$58k–$95k,$62k–$98k
10.09,health safety,0.231,Environmental Health and Safety (EHS) Manager,Environment & Sustainability,"Law & Government,Science & Research",Occupational Health & Safety Specialist,Tech & Engineering,"Law & Government,Healthcare & Medicine",$60k–$95k,$62k–$98k
10.09,health safety,0.179,Environmental Health & Safety Manager,Environment & Sustainability,"Science & Research,Law & Government",Occupational Health & Safety Specialist,Tech & Engineering,"Law & Government,Healthcare & Medicine",$62k–$98k,$62k–$98k
10.09,environmental justice,0.212,Environmental Justice Nonprofit Director,Social Impact & Nonprofit,"Law & Government,Education & Coaching",Environmental Justice Advocate,Gaming & Esports,"Tech & Engineering,Marketing & Communications,Science & Research",$50k–$85k,$45k–$70k
10.09,environmental justice,0.31,Environmental Justice Advocate,Gaming & Esports,"Tech & Engineering,Marketing & Communications,Science & Research",Environmental Justice Coordinator,Social Impact & Nonprofit,"Law & Government,Education & Coaching",$45k–$70k,$40k–$65k
10.09,environmental justice,0.212,Environmental Justice Advocate,Gaming & Esports,"Tech & Engineering,Marketing & Communications,Science & Research",Environmental Justice Consultant,Social Impact & Nonprofit,"Law & Government,Science & Research",$45k–$70k,$45k–$75k
10.08,learning tutor,0.027,Tutor Coordinator (Learning Center),Education & Coaching,"Social Impact & Nonprofit,Business & Finance",Tutor for Learning Disabilities,Sports & Fitness,"Healthcare & Medicine,Marketing & Communications,Architecture & Urban Planning",$30k–$45k,$30k–$55k
10.08,learning tutor,0.114,Tutor (Specialized Learning Disorders),Education & Coaching,"Healthcare & Medicine,Social Impact & Nonprofit",Tutor for Learning Disabilities,Sports & Fitness,"Healthcare & Medicine,Marketing & Communications,Architecture & Urban Planning",$35k–$65k,$30k–$55k
10.08,community online,0.079,Online Community Platform Founder,Entrepreneurship,"Tech & Engineering,Media & Journalism",Online Community Manager (Independent),Gaming & Esports,"Tech & Engineering,Marketing & Communications,Media & Journalism",$45k–$150k,$35k–$75k
10.08,community online,0.026,Online Community Platform Founder,Entrepreneurship,"Tech & Engineering,Media & Journalism",Online Community Manager (Paid),Gaming & Esports,"Tech & Engineering,Marketing & Communications,Science & Research",$45k–$150k,$32k–$55k
10.08,community online,0.25,Online Community Platform Founder,Entrepreneurship,"Tech & Engineering,Media & Journalism",Online Community Builder,Gaming & Esports,"Tech & Engineering,Marketing & Communications,Architecture & Urban Planning",$45k–$150k,$45k–$85k
10.07,commerce social,0.194,Social Commerce Entrepreneur,Marketing & Communications,"Business & Finance,Design & Creative,Media & Journalism",Social Commerce Creator,Entrepreneurship,"Design & Creative,Media & Journalism",$45k–$150k,$45k–$120k
10.07,commerce social,0.538,Social Commerce Entrepreneur,Marketing & Communications,"Business & Finance,Design & Creative,Media & Journalism",Social Commerce Founder,Entrepreneurship,"Design & Creative,Business & Finance",$45k–$150k,$20k–$150k
10.07,commerce social,0.182,Social Commerce Entrepreneur,Marketing & Communications,"Business & Finance,Design & Creative,Media & Journalism",Social Commerce Platform Creator,Entrepreneurship,"Tech & Engineering,Design & Creative",$45k–$150k,$45k–$120k
10.07,commerce social,0.167,Social Commerce Creator,Entrepreneurship,"Design & Creative,Media & Journalism",Social Media Commerce Entrepreneur,Supply Chain & Operations,"Business & Finance,Tech & Engineering,Science & Research",$45k–$120k,$40k–$120k
10.07,commerce social,0.357,Social Commerce Founder,Entrepreneurship,"Design & Creative,Business & Finance",Social Media Commerce Entrepreneur,Supply Chain & Operations,"Business & Finance,Tech & Engineering,Science & Research",$20k–$150k,$40k–$120k
10.07,commerce social,0.088,Social Media Commerce Entrepreneur,Supply Chain & Operations,"Business & Finance,Tech & Engineering,Science & Research",Social Commerce Platform Creator,Entrepreneurship,"Tech & Engineering,Design & Creative",$40k–$120k,$45k–$120k
10.07,athletic youth,0.129,Youth Athletic Director,Gaming & Esports,"Tech & Engineering,Marketing & Communications,Architecture & Urban Planning",Athletic Trainer (Youth),Sports & Fitness,"Education & Coaching,Healthcare & Medicine",$35k–$65k,$35k–$65k
10.07,athletic youth,0.25,Youth Athletic Director,Gaming & Esports,"Tech & Engineering,Marketing & Communications,Architecture & Urban Planning",Youth Athletic Development Specialist,Sports & Fitness,"Education & Coaching,Social Impact & Nonprofit",$35k–$65k,$35k–$65k
10.07,athletic youth,0.172,Youth Athletic Director,Gaming & Esports,"Tech & Engineering,Marketing & Communications,Architecture & Urban Planning",Youth Athletic Development Coach,Sports & Fitness,"Education & Coaching,Social Impact & Nonprofit",$35k–$65k,$28k–$55k
10.05,franchise operator,0.108,Mobile Repair Franchise Operator,Entrepreneurship,"Tech & Engineering,Business & Finance",Franchise Operator,Marketing & Communications,"Business & Finance,Design & Creative,Science & Research",$45k–$120k,$45k–$150k
10.05,franchise operator,0.086,Mobile Repair Franchise Operator,Entrepreneurship,"Tech & Engineering,Business & Finance",Franchise Operator (Food & Beverage),Marketing & Communications,"Business & Finance,Design & Creative,Science & Research",$45k–$120k,$50k–$150k
10.05,franchise operator,0.135,Franchise Multi-Unit Operator,Entrepreneurship,"Business & Finance,Hospitality & Events",Franchise Operator,Marketing & Communications,"Business & Finance,Design & Creative,Science & Research",$100k–$200k,$45k–$150k
10.05,franchise operator,0.114,Franchise Multi-Unit Operator,Entrepreneurship,"Business & Finance,Hospitality & Events",Franchise Operator (Food & Beverage),Marketing & Communications,"Business & Finance,Design & Creative,Science & Research",$100k–$200k,$50k–$150k
10.05,franchise operator,0.182,Franchise Operator,Marketing & Communications,"Business & Finance,Design & Creative,Science & Research",Franchise Operator (Food Service),Entrepreneurship,"Business & Finance,Hospitality & Events",$45k–$150k,$45k–$120k
10.05,franchise service,0.086,Franchise Repair/Service Center Owner,Entrepreneurship,"Business & Finance,Tech & Engineering",Franchise Owner (Quick Service Restaurant),Marketing & Communications,"Business & Finance,Design & Creative,Science & Research",$50k–$150k,$40k–$120k
10.05,franchise service,0.147,Franchise Owner (Quick Service Restaurant),Marketing & Communications,"Business & Finance,Design & Creative,Science & Research",Franchise Operator (Food Service),Entrepreneurship,"Business & Finance,Hospitality & Events",$40k–$120k,$45k–$120k
10.04,program stem,0.154,STEM Education Program Director,Education & Coaching,"Tech & Engineering,Science & Research",STEM Program Coordinator,Gaming & Esports,"Tech & Engineering,Marketing & Communications,Media & Journalism",$55k–$85k,$42k–$70k
10.04,program stem,0.143,STEM Education Program Manager,Education & Coaching,"Social Impact & Nonprofit,Tech & Engineering,Architecture & Urban Planning",STEM Program Coordinator,Gaming & Esports,"Tech & Engineering,Marketing & Communications,Media & Journalism",$48k–$77k,$42k–$70k
10.04,advocate policy,0.067,Policy Advocate (Social Justice),Social Impact & Nonprofit,"Law & Government,Media & Journalism",Renewable Energy Policy Advocate,Supply Chain & Operations,"Business & Finance,Tech & Engineering,Law & Government",$45k–$75k,$55k–$95k
10.04,advocate policy,0.121,Policy Advocate (Social Justice),Social Impact & Nonprofit,"Law & Government,Media & Journalism",Conservation Policy Advocate,Environment & Sustainability,"Law & Government,Science & Research",$45k–$75k,$48k–$85k
10.04,advocate policy,0.032,Renewable Energy Policy Advocate,Supply Chain & Operations,"Business & Finance,Tech & Engineering,Law & Government",Education Policy Advocate,Social Impact & Nonprofit,"Law & Government,Education & Coaching",$55k–$95k,$48k–$77k
10.04,advocate policy,0.03,Renewable Energy Policy Advocate,Supply Chain & Operations,"Business & Finance,Tech & Engineering,Law & Government",Policy Advocate (Civil Rights),Social Impact & Nonprofit,"Law & Government,Media & Journalism",$55k–$95k,$45k–$75k
10.04,advocate policy,0.25,Renewable Energy Policy Advocate,Supply Chain & Operations,"Business & Finance,Tech & Engineering,Law & Government",Conservation Policy Advocate,Environment & Sustainability,"Law & Government,Science & Research",$55k–$95k,$48k–$85k
10.04,advocate policy,0.231,Renewable Energy Policy Advocate,Supply Chain & Operations,"Business & Finance,Tech & Engineering,Law & Government",Environmental Policy Advocate,Environment & Sustainability,"Law & Government,Social Impact & Nonprofit",$55k–$95k,$48k–$85k
10.04,advocate policy,0.107,Renewable Energy Policy Advocate,Supply Chain & Operations,"Business & Finance,Tech & Engineering,Law & Government",Policy Advocate (Social Change),Social Impact & Nonprofit,"Law & Government,Education & Coaching",$55k–$95k,$45k–$75k
10.04,advocate policy,0.103,Renewable Energy Policy Advocate,Supply Chain & Operations,"Business & Finance,Tech & Engineering,Law & Government",Policy Advocate (Advocacy Organization),Social Impact & Nonprofit,"Law & Government,Media & Journalism",$55k–$95k,$42k–$65k
10.04,advocate policy,0.032,Renewable Energy Policy Advocate,Supply Chain & Operations,"Business & Finance,Tech & Engineering,Law & Government",Policy Advocate (Nonprofit),Social Impact & Nonprofit,"Law & Government,Education & Coaching",$55k–$95k,$40k–$65k
10.04,advocate policy,0.0,Renewable Energy Policy Advocate,Supply Chain & Operations,"Business & Finance,Tech & Engineering,Law & Government",Policy Advocate,Social Impact & Nonprofit,"Law & Government,Education & Coaching",$55k–$95k,$45k–$75k
10.04,advocate policy,0.028,Education Policy Advocate,Social Impact & Nonprofit,"Law & Government,Education & Coaching",Conservation Policy Advocate,Environment & Sustainability,"Law & Government,Science & Research",$48k–$77k,$48k–$85k
10.04,advocate policy,0.083,Policy Advocate (Civil Rights),Social Impact & Nonprofit,"Law & Government,Media & Journalism",Conservation Policy Advocate,Environment & Sustainability,"Law & Government,Science & Research",$45k–$75k,$48k–$85k
10.04,advocate policy,0.125,Conservation Policy Advocate,Environment & Sustainability,"Law & Government,Science & Research",Policy Advocate (Social Change),Social Impact & Nonprofit,"Law & Government,Education & Coaching",$48k–$85k,$45k–$75k
10.04,advocate policy,0.156,Conservation Policy Advocate,Environment & Sustainability,"Law & Government,Science & Research",Policy Advocate (Advocacy Organization),Social Impact & Nonprofit,"Law & Government,Media & Journalism",$48k–$85k,$42k–$65k
10.04,advocate policy,0.057,Conservation Policy Advocate,Environment & Sustainability,"Law & Government,Science & Research",Policy Advocate (Nonprofit),Social Impact & Nonprofit,"Law & Government,Education & Coaching",$48k–$85k,$40k–$65k
10.04,advocate policy,0.026,Conservation Policy Advocate,Environment & Sustainability,"Law & Government,Science & Research",Policy Advocate,Social Impact & Nonprofit,"Law & Government,Education & Coaching",$48k–$85k,$45k–$75k
10.0,school teacher,0.073,Chemistry Teacher (High School),Science & Research,Education & Coaching,Elementary School Teacher,Gaming & Esports,"Tech & Engineering,Marketing & Communications,Architecture & Urban Planning",$55k–$85k,$42k–$65k
10.0,school teacher,0.111,High School Science Teacher,Education & Coaching,"Social Impact & Nonprofit,Tech & Engineering,Architecture & Urban Planning",Elementary School Teacher,Gaming & Esports,"Tech & Engineering,Marketing & Communications,Architecture & Urban Planning",$40k–$65k,$42k–$65k
10.0,school teacher,0.056,Physics Teacher (High School),Science & Research,"Education & Coaching,Tech & Engineering",Elementary School Teacher,Gaming & Esports,"Tech & Engineering,Marketing & Communications,Architecture & Urban Planning",$45k–$75k,$42k–$65k
10.0,school teacher,0.086,Elementary School Teacher,Gaming & Esports,"Tech & Engineering,Marketing & Communications,Architecture & Urban Planning",High School History Teacher,Education & Coaching,"Social Impact & Nonprofit,Tech & Engineering,Architecture & Urban Planning",$42k–$65k,$42k–$72k
10.0,school teacher,0.114,Elementary School Teacher,Gaming & Esports,"Tech & Engineering,Marketing & Communications,Architecture & Urban Planning",High School Teacher,Education & Coaching,"Social Impact & Nonprofit,Tech & Engineering,Science & Research",$42k–$65k,$42k–$70k
10.0,school teacher,0.027,Elementary School Teacher,Gaming & Esports,"Tech & Engineering,Marketing & Communications,Architecture & Urban Planning",Middle School Teacher,Education & Coaching,"Social Impact & Nonprofit,Arts & Performance",$42k–$65k,$45k–$65k
10.0,school teacher,0.053,Elementary School Teacher,Gaming & Esports,"Tech & Engineering,Marketing & Communications,Architecture & Urban Planning",Science Teacher (High School),Science & Research,"Education & Coaching,Tech & Engineering",$42k–$65k,$45k–$75k
10.0,school teacher,0.0,Elementary School Teacher,Gaming & Esports,"Tech & Engineering,Marketing & Communications,Architecture & Urban Planning",High School English Teacher,Education & Coaching,"Social Impact & Nonprofit,Tech & Engineering",$42k–$65k,$42k–$70k
10.0,international program,0.458,International Development Program Officer,Social Impact & Nonprofit,"Education & Coaching,Law & Government",International NGO Program Manager,Gaming & Esports,"Tech & Engineering,Marketing & Communications,Architecture & Urban Planning",$45k–$75k,$48k–$77k
9.99,attorney law,0.0,Constitutional Law Attorney,Social Impact & Nonprofit,"Education & Coaching,Law & Government,Business & Finance",Environmental Law Attorney,Environment & Sustainability,"Science & Research,Law & Government,Tech & Engineering",$70k–$150k,$65k–$130k
9.99,attorney law,0.1,Environmental Law Attorney,Environment & Sustainability,"Science & Research,Law & Government,Tech & Engineering",Family Law Attorney,Social Impact & Nonprofit,"Education & Coaching,Law & Government,Business & Finance",$65k–$130k,$65k–$130k
9.94,finance nonprofit,0.4,Nonprofit Finance Manager,Gaming & Esports,"Tech & Engineering,Marketing & Communications,Science & Research",Nonprofit Finance Director,Social Impact & Nonprofit,"Business & Finance,Law & Government",$48k–$77k,$55k–$85k
9.94,finance nonprofit,0.107,Nonprofit Finance Manager,Gaming & Esports,"Tech & Engineering,Marketing & Communications,Science & Research",Grant Underwriter (Nonprofit Finance),Business & Finance,"Social Impact & Nonprofit,Law & Government",$48k–$77k,$50k–$75k
9.94,curator museum,0.03,Virtual Museum Curator,Arts & Performance,"Design & Creative,Tech & Engineering",Museum Curator,Science & Research,"Healthcare & Medicine,Tech & Engineering",$45k–$75k,$45k–$75k
9.94,curator museum,0.029,Museum Experience Curator,Arts & Performance,"Design & Creative,Education & Coaching",Museum Curator,Science & Research,"Healthcare & Medicine,Tech & Engineering",$42k–$70k,$45k–$75k
9.94,curator museum,0.031,Museum Curator,Science & Research,"Healthcare & Medicine,Tech & Engineering",Museum Curator (Contemporary Art),Arts & Performance,"Education & Coaching,Design & Creative",$45k–$75k,$42k–$70k
9.94,brand marketing,0.057,Affiliate Marketing Manager (Influencer Brand),Entrepreneurship,"Media & Journalism,Design & Creative",Luxury Brand Marketing Manager,Fashion & Beauty,"Design & Creative,Business & Finance",$45k–$85k,$65k–$120k
9.94,brand marketing,0.086,Affiliate Marketing Manager (Influencer Brand),Entrepreneurship,"Media & Journalism,Design & Creative",Beauty Brand Marketing Manager,Marketing & Communications,"Business & Finance,Design & Creative,Science & Research",$45k–$85k,$52k–$85k
9.94,brand marketing,0.075,Luxury Brand Marketing Manager,Fashion & Beauty,"Design & Creative,Business & Finance",Beauty Brand Marketing Manager,Marketing & Communications,"Business & Finance,Design & Creative,Science & Research",$65k–$120k,$52k–$85k
9.93,artist effects,0.0,Makeup Effects Artist,Hospitality & Events,"Food & Culinary,Marketing & Communications,Architecture & Urban Planning",Visual Effects Artist,Media & Journalism,"Design & Creative,Tech & Engineering",$35k–$85k,$55k–$95k
9.93,artist independent,0.031,Independent Artist Manager,Entrepreneurship,"Business & Finance,Tech & Engineering,Science & Research",Puppetry Artist (Independent),Arts & Performance,"Education & Coaching,Hospitality & Events",$40k–$85k,$30k–$65k
9.93,artist scenic,0.241,Scenic Artist (Film & Television),Arts & Performance,"Design & Creative,Hospitality & Events",Scenic Artist,Environment & Sustainability,"Science & Research,Law & Government,Architecture & Urban Planning",$35k–$75k,$35k–$65k
9.93,artist scenic,0.458,Scenic Charge Artist,Arts & Performance,"Design & Creative,Hospitality & Events",Scenic Artist,Environment & Sustainability,"Science & Research,Law & Government,Architecture & Urban Planning",$35k–$65k,$35k–$65k
9.93,artist effects,0.028,Makeup Effects Artist (Theater/Film),Fashion & Beauty,"Arts & Performance,Design & Creative",Visual Effects Artist,Media & Journalism,"Design & Creative,Tech & Engineering",$35k–$75k,$55k–$95k
9.93,artist scenic,0.118,Scenic Artist (Live Performance),Arts & Performance,"Design & Creative,Hospitality & Events",Scenic Artist,Environment & Sustainability,"Science & Research,Law & Government,Architecture & Urban Planning",$35k–$65k,$35k–$65k
9.93,artist effects,0.026,Makeup Effects Artist (Theater & Film),Fashion & Beauty,"Arts & Performance,Design & Creative",Visual Effects Artist,Media & Journalism,"Design & Creative,Tech & Engineering",$35k–$75k,$55k–$95k
9.93,artist effects,0.029,Makeup Effects Artist (Film),Fashion & Beauty,"Arts & Performance,Design & Creative",Visual Effects Artist,Media & Journalism,"Design & Creative,Tech & Engineering",$40k–$85k,$55k–$95k
9.93,artist scenic,0.172,Scenic Artist (Theater),Arts & Performance,"Design & Creative,Hospitality & Events",Scenic Artist,Environment & Sustainability,"Science & Research,Law & Government,Architecture & Urban Planning",$35k–$65k,$35k–$65k
9.93,artist scenic,0.524,Scenic Artist (Film & TV),Arts & Performance,"Design & Creative,Hospitality & Events",Scenic Artist,Environment & Sustainability,"Science & Research,Law & Government,Architecture & Urban Planning",$45k–$85k,$35k–$65k
9.93,artist effects,0.059,Visual Effects Artist,Media & Journalism,"Design & Creative,Tech & Engineering",Makeup Effects Artist (Film/TV),Fashion & Beauty,"Arts & Performance,Design & Creative",$55k–$95k,$35k–$75k
9.93,artist effects,0.056,Visual Effects Artist,Media & Journalism,"Design & Creative,Tech & Engineering",Makeup Effects Artist (Special FX),Fashion & Beauty,"Arts & Performance,Design & Creative",$55k–$95k,$35k–$75k
9.93,artist effects,0.027,Visual Effects Artist,Media & Journalism,"Design & Creative,Tech & Engineering",Special Effects Makeup Artist,Fashion & Beauty,"Design & Creative,Marketing & Communications,Arts & Performance",$55k–$95k,$35k–$75k
9.93,artist scenic,0.125,Scenic Artist (Theme Parks),Arts & Performance,"Design & Creative,Hospitality & Events",Scenic Artist,Environment & Sustainability,"Science & Research,Law & Government,Architecture & Urban Planning",$40k–$65k,$35k–$65k
9.93,artist scenic,0.269,Scenic Artist (Film/TV),Arts & Performance,"Design & Creative,Hospitality & Events",Scenic Artist,Environment & Sustainability,"Science & Research,Law & Government,Architecture & Urban Planning",$40k–$75k,$35k–$65k
9.91,personal wellness,0.081,Personal Wellness App Developer,Entrepreneurship,"Healthcare & Medicine,Tech & Engineering",Personal Trainer (Corporate Wellness),Sports & Fitness,"Healthcare & Medicine,Business & Finance",$45k–$120k,$35k–$65k
9.9,service software,0.081,Niche Software as a Service Founder,Marketing & Communications,"Business & Finance,Design & Creative,Entrepreneurship",Software-as-a-Service (SaaS) Consultant,Arts & Performance,"Media & Journalism,Design & Creative,Architecture & Urban Planning",$20k–$150k,$65k–$120k
9.9,health nurse,0.05,Occupational Health Nurse,Hospitality & Events,"Food & Culinary,Marketing & Communications",Community Health Nurse,Gaming & Esports,"Tech & Engineering,Marketing & Communications,Education & Coaching",$60k–$95k,$30k–$45k
9.9,health nurse,0.083,Occupational Health Nurse,Hospitality & Events,"Food & Culinary,Marketing & Communications",Public Health Nurse,Gaming & Esports,"Tech & Engineering,Marketing & Communications,Science & Research",$60k–$95k,$60k–$85k
9.89,healthcare tech,0.091,Healthcare Tech Founder,Entrepreneurship,"Tech & Engineering,Healthcare & Medicine",Interaction Designer (Healthcare Tech),Design & Creative,"Healthcare & Medicine,Tech & Engineering",$45k–$150k,$65k–$110k
9.89,healthcare tech,0.088,Healthcare Tech Entrepreneur,Entrepreneurship,"Tech & Engineering,Healthcare & Medicine",Interaction Designer (Healthcare Tech),Design & Creative,"Healthcare & Medicine,Tech & Engineering",$65k–$150k,$65k–$110k
9.89,healthcare tech,0.057,Healthcare Tech Startup Founder,Entrepreneurship,"Tech & Engineering,Healthcare & Medicine",Interaction Designer (Healthcare Tech),Design & Creative,"Healthcare & Medicine,Tech & Engineering",$50k–$150k,$65k–$110k
9.85,entrepreneur licensing,0.053,Biotech Licensing Entrepreneur,Entrepreneurship,"Science & Research,Business & Finance",Licensing Entrepreneur,Supply Chain & Operations,"Business & Finance,Tech & Engineering,Law & Government",$70k–$150k,$30k–$200k+
9.85,entrepreneur licensing,0.114,Licensing Entrepreneur,Supply Chain & Operations,"Business & Finance,Tech & Engineering,Law & Government",Licensing and Royalties Entrepreneur,Entrepreneurship,"Design & Creative,Business & Finance",$30k–$200k+,$45k–$120k
9.85,developer reality,0.156,Virtual Reality Game Developer,Tech & Engineering,"Design & Creative,Arts & Performance",Augmented Reality Developer,Hospitality & Events,"Food & Culinary,Marketing & Communications,Architecture & Urban Planning",$65k–$120k,$70k–$130k
9.85,developer project,0.121,Carbon Offset Project Developer,Environment & Sustainability,"Science & Research,Business & Finance",Renewable Energy Project Developer,Supply Chain & Operations,"Business & Finance,Tech & Engineering,Science & Research",$60k–$95k,$65k–$110k
9.85,developer reality,0.147,Augmented Reality Developer,Hospitality & Events,"Food & Culinary,Marketing & Communications,Architecture & Urban Planning",Virtual Reality Developer,Tech & Engineering,"Design & Creative,Arts & Performance",$70k–$130k,$65k–$120k
9.85,agency digital,0.156,Digital Agency Founder,Marketing & Communications,"Business & Finance,Design & Creative,Science & Research",Digital Marketing Agency Founder,Entrepreneurship,"Business & Finance,Tech & Engineering",$45k–$150k,$45k–$150k
9.85,agency digital,0.188,Digital Agency Founder,Marketing & Communications,"Business & Finance,Design & Creative,Science & Research",Service-Based Digital Agency Founder,Entrepreneurship,"Tech & Engineering,Design & Creative",$45k–$150k,$45k–$150k
9.85,agency digital,0.094,Digital Agency Founder,Marketing & Communications,"Business & Finance,Design & Creative,Science & Research",Digital Nomad Agency Founder,Entrepreneurship,"Tech & Engineering,Business & Finance",$45k–$150k,$45k–$150k
9.85,agency digital,0.094,Digital Agency Founder,Marketing & Communications,"Business & Finance,Design & Creative,Science & Research",Agency Owner (Digital Marketing),Entrepreneurship,"Design & Creative,Business & Finance",$45k–$150k,$45k–$150k
9.85,agency digital,0.2,Digital Agency Founder,Marketing & Communications,"Business & Finance,Design & Creative,Science & Research",Digital Agency Owner,Entrepreneurship,"Design & Creative,Business & Finance",$45k–$150k,$45k–$150k
9.85,agency digital,0.147,Service-Based Digital Agency Founder,Entrepreneurship,"Tech & Engineering,Design & Creative",Digital Marketing Agency Owner,Marketing & Communications,"Business & Finance,Design & Creative,Science & Research",$45k–$150k,$45k–$120k
9.85,agency digital,0.091,Digital Nomad Agency Founder,Entrepreneurship,"Tech & Engineering,Business & Finance",Digital Marketing Agency Owner,Marketing & Communications,"Business & Finance,Design & Creative,Science & Research",$45k–$150k,$45k–$120k
9.85,agency digital,0.194,Digital Marketing Agency Owner,Marketing & Communications,"Business & Finance,Design & Creative,Science & Research",Digital Agency Owner,Entrepreneurship,"Design & Creative,Business & Finance",$45k–$120k,$45k–$150k
9.84,clinical laboratory,0.027,Clinical Laboratory Director,Supply Chain & Operations,"Business & Finance,Tech & Engineering,Science & Research",Clinical Laboratory Scientist,Healthcare & Medicine,"Science & Research,Tech & Engineering",$78k–$126k,$40k–$70k
9.81,social worker,0.103,Social Worker (Child Welfare),Social Impact & Nonprofit,"Education & Coaching,Law & Government",Social Worker,Gaming & Esports,"Tech & Engineering,Marketing & Communications,Healthcare & Medicine",$35k–$55k,$35k–$65k
9.81,justice social,0.091,Social Justice Program Director,Gaming & Esports,"Tech & Engineering,Marketing & Communications,Architecture & Urban Planning",Policy Advocate (Social Justice),Social Impact & Nonprofit,"Law & Government,Media & Journalism",$45k–$75k,$45k–$75k
9.81,justice social,0.056,Social Justice Program Director,Gaming & Esports,"Tech & Engineering,Marketing & Communications,Architecture & Urban Planning",Social Justice Lawyer,Social Impact & Nonprofit,"Law & Government,Education & Coaching",$45k–$75k,$50k–$85k
9.81,justice social,0.059,Social Justice Program Director,Gaming & Esports,"Tech & Engineering,Marketing & Communications,Architecture & Urban Planning",Social Justice Attorney,Social Impact & Nonprofit,"Law & Government,Education & Coaching",$45k–$75k,$55k–$95k
9.81,justice social,0.081,Social Justice Program Director,Gaming & Esports,"Tech & Engineering,Marketing & Communications,Architecture & Urban Planning",Social Justice Fundraiser,Social Impact & Nonprofit,"Law & Government,Education & Coaching",$45k–$75k,$40k–$65k
9.81,justice social,0.233,Social Justice Program Director,Gaming & Esports,"Tech & Engineering,Marketing & Communications,Architecture & Urban Planning",Social Justice Nonprofit Director,Social Impact & Nonprofit,"Law & Government,Education & Coaching",$45k–$75k,$50k–$85k
9.81,justice social,0.088,Social Justice Program Director,Gaming & Esports,"Tech & Engineering,Marketing & Communications,Architecture & Urban Planning",Social Justice Consultant,Social Impact & Nonprofit,"Law & Government,Education & Coaching",$45k–$75k,$45k–$75k
9.81,justice social,0.176,Social Justice Program Coordinator,Social Impact & Nonprofit,"Education & Coaching,Law & Government",Social Justice Educator,Gaming & Esports,"Tech & Engineering,Marketing & Communications,Architecture & Urban Planning",$40k–$65k,$38k–$56k
9.81,justice social,0.094,Social Justice Program Coordinator,Social Impact & Nonprofit,"Education & Coaching,Law & Government",Social Justice Organizer,Gaming & Esports,"Tech & Engineering,Marketing & Communications,Science & Research",$40k–$65k,$35k–$65k
9.81,justice social,0.118,Social Justice Program Coordinator,Social Impact & Nonprofit,"Education & Coaching,Law & Government",Social Justice Advocate,Gaming & Esports,"Tech & Engineering,Marketing & Communications,Science & Research",$40k–$65k,$40k–$65k
9.81,justice social,0.188,Social Justice Program Officer,Social Impact & Nonprofit,"Law & Government,Education & Coaching",Social Justice Educator,Gaming & Esports,"Tech & Engineering,Marketing & Communications,Architecture & Urban Planning",$45k–$70k,$38k–$56k
9.81,justice social,0.065,Social Justice Program Officer,Social Impact & Nonprofit,"Law & Government,Education & Coaching",Social Justice Organizer,Gaming & Esports,"Tech & Engineering,Marketing & Communications,Science & Research",$45k–$70k,$35k–$65k
9.81,justice social,0.059,Social Justice Program Officer,Social Impact & Nonprofit,"Law & Government,Education & Coaching",Social Justice Advocate,Gaming & Esports,"Tech & Engineering,Marketing & Communications,Science & Research",$45k–$70k,$40k–$65k
9.81,justice social,0.056,Policy Advocate (Social Justice),Social Impact & Nonprofit,"Law & Government,Media & Journalism",Social Justice Educator,Gaming & Esports,"Tech & Engineering,Marketing & Communications,Architecture & Urban Planning",$45k–$75k,$38k–$56k
9.81,justice social,0.031,Policy Advocate (Social Justice),Social Impact & Nonprofit,"Law & Government,Media & Journalism",Social Justice Organizer,Gaming & Esports,"Tech & Engineering,Marketing & Communications,Science & Research",$45k–$75k,$35k–$65k
9.81,social worker,0.121,Social Worker (Adult Services),Social Impact & Nonprofit,"Healthcare & Medicine,Law & Government",Social Worker,Gaming & Esports,"Tech & Engineering,Marketing & Communications,Healthcare & Medicine",$37k–$63k,$35k–$65k
9.81,justice social,0.147,Social Justice Educator,Gaming & Esports,"Tech & Engineering,Marketing & Communications,Architecture & Urban Planning",Social Justice Program Manager,Social Impact & Nonprofit,"Education & Coaching,Law & Government",$38k–$56k,$45k–$70k
9.81,justice social,0.111,Social Justice Educator,Gaming & Esports,"Tech & Engineering,Marketing & Communications,Architecture & Urban Planning",Social Justice Lawyer,Social Impact & Nonprofit,"Law & Government,Education & Coaching",$38k–$56k,$50k–$85k
9.81,justice social,0.086,Social Justice Educator,Gaming & Esports,"Tech & Engineering,Marketing & Communications,Architecture & Urban Planning",Social Justice Attorney,Social Impact & Nonprofit,"Law & Government,Education & Coaching",$38k–$56k,$55k–$95k
9.81,justice social,0.077,Social Justice Educator,Gaming & Esports,"Tech & Engineering,Marketing & Communications,Architecture & Urban Planning",Social Justice Fundraiser,Social Impact & Nonprofit,"Law & Government,Education & Coaching",$38k–$56k,$40k–$65k
9.81,justice social,0.147,Social Justice Educator,Gaming & Esports,"Tech & Engineering,Marketing & Communications,Architecture & Urban Planning",Social Justice Nonprofit Director,Social Impact & Nonprofit,"Law & Government,Education & Coaching",$38k–$56k,$50k–$85k
9.81,justice social,0.182,Social Justice Educator,Gaming & Esports,"Tech & Engineering,Marketing & Communications,Architecture & Urban Planning",Social Justice Consultant,Social Impact & Nonprofit,"Law & Government,Education & Coaching",$38k–$56k,$45k–$75k
9.81,justice social,0.03,Social Justice Program Manager,Social Impact & Nonprofit,"Education & Coaching,Law & Government",Social Justice Organizer,Gaming & Esports,"Tech & Engineering,Marketing & Communications,Science & Research",$45k–$70k,$35k–$65k
9.81,justice social,0.057,Social Justice Program Manager,Social Impact & Nonprofit,"Education & Coaching,Law & Government",Social Justice Advocate,Gaming & Esports,"Tech & Engineering,Marketing & Communications,Science & Research",$45k–$70k,$40k–$65k
9.81,social worker,0.062,Social Worker (Adult Protective Services),Social Impact & Nonprofit,"Law & Government,Healthcare & Medicine",Social Worker,Gaming & Esports,"Tech & Engineering,Marketing & Communications,Healthcare & Medicine",$37k–$63k,$35k–$65k
9.81,social worker,0.125,Social Worker (Community),Social Impact & Nonprofit,"Healthcare & Medicine,Law & Government",Social Worker,Gaming & Esports,"Tech & Engineering,Marketing & Communications,Healthcare & Medicine",$38k–$58k,$35k–$65k
9.81,social worker,0.031,Social Worker (Elderly Services),Social Impact & Nonprofit,"Healthcare & Medicine,Law & Government",Social Worker,Gaming & Esports,"Tech & Engineering,Marketing & Communications,Healthcare & Medicine",$37k–$63k,$35k–$65k
9.81,social worker,0.062,Social Worker (Mental Health),Social Impact & Nonprofit,"Healthcare & Medicine,Law & Government",Social Worker,Gaming & Esports,"Tech & Engineering,Marketing & Communications,Healthcare & Medicine",$40k–$65k,$35k–$65k
9.81,justice social,0.167,Social Justice Lawyer,Social Impact & Nonprofit,"Law & Government,Education & Coaching",Social Justice Organizer,Gaming & Esports,"Tech & Engineering,Marketing & Communications,Science & Research",$50k–$85k,$35k–$65k
9.81,justice social,0.118,Social Justice Lawyer,Social Impact & Nonprofit,"Law & Government,Education & Coaching",Social Justice Advocate,Gaming & Esports,"Tech & Engineering,Marketing & Communications,Science & Research",$50k–$85k,$40k–$65k
9.81,justice social,0.179,Social Justice Organizer,Gaming & Esports,"Tech & Engineering,Marketing & Communications,Science & Research",Social Justice Attorney,Social Impact & Nonprofit,"Law & Government,Education & Coaching",$35k–$65k,$55k–$95k
9.81,justice social,0.088,Social Justice Organizer,Gaming & Esports,"Tech & Engineering,Marketing & Communications,Science & Research",Social Justice Fundraiser,Social Impact & Nonprofit,"Law & Government,Education & Coaching",$35k–$65k,$40k–$65k
9.81,justice social,0.03,Social Justice Organizer,Gaming & Esports,"Tech & Engineering,Marketing & Communications,Science & Research",Social Justice Nonprofit Director,Social Impact & Nonprofit,"Law & Government,Education & Coaching",$35k–$65k,$50k–$85k
9.81,justice social,0.097,Social Justice Organizer,Gaming & Esports,"Tech & Engineering,Marketing & Communications,Science & Research",Social Justice Consultant,Social Impact & Nonprofit,"Law & Government,Education & Coaching",$35k–$65k,$45k–$75k
9.81,justice social,0.059,Social Justice Attorney,Social Impact & Nonprofit,"Law & Government,Education & Coaching",Social Justice Advocate,Gaming & Esports,"Tech & Engineering,Marketing & Communications,Science & Research",$55k–$95k,$40k–$65k
9.81,social worker,0.03,Adoption Social Worker,Social Impact & Nonprofit,"Law & Government,Education & Coaching",Social Worker,Gaming & Esports,"Tech & Engineering,Marketing & Communications,Healthcare & Medicine",$37k–$63k,$35k–$65k
9.81,justice social,0.143,Social Justice Fundraiser,Social Impact & Nonprofit,"Law & Government,Education & Coaching",Social Justice Advocate,Gaming & Esports,"Tech & Engineering,Marketing & Communications,Science & Research",$40k–$65k,$40k–$65k
9.81,justice social,0.057,Social Justice Nonprofit Director,Social Impact & Nonprofit,"Law & Government,Education & Coaching",Social Justice Advocate,Gaming & Esports,"Tech & Engineering,Marketing & Communications,Science & Research",$50k–$85k,$40k–$65k
9.81,social worker,0.067,Social Worker,Gaming & Esports,"Tech & Engineering,Marketing & Communications,Healthcare & Medicine",Social Worker (Medical),Social Impact & Nonprofit,"Healthcare & Medicine,Law & Government",$35k–$65k,$35k–$60k
9.81,justice social,0.121,Social Justice Consultant,Social Impact & Nonprofit,"Law & Government,Education & Coaching",Social Justice Advocate,Gaming & Esports,"Tech & Engineering,Marketing & Communications,Science & Research",$45k–$75k,$40k–$65k
9.81,health wellness,0.049,Wellness Coach (Holistic Health),Fashion & Beauty,"Healthcare & Medicine,Sports & Fitness",Health & Wellness Brand Founder,Entrepreneurship,"Healthcare & Medicine,Business & Finance",$40k–$75k,$45k–$150k
9.81,health wellness,0.097,Wellness Coach (Holistic Health),Fashion & Beauty,"Healthcare & Medicine,Sports & Fitness",Health & Wellness Coach (Private Practice),Entrepreneurship,"Healthcare & Medicine,Sports & Fitness",$40k–$75k,$45k–$85k
9.81,health wellness,0.086,Wellness Coach (Holistic Health),Fashion & Beauty,"Healthcare & Medicine,Sports & Fitness",Health & Wellness App Founder,Entrepreneurship,"Tech & Engineering,Healthcare & Medicine",$40k–$75k,$45k–$150k
9.81,health wellness,0.026,Wellness Coach (Holistic Health),Fashion & Beauty,"Healthcare & Medicine,Sports & Fitness",Health and Wellness App Founder,Entrepreneurship,"Tech & Engineering,Healthcare & Medicine",$40k–$75k,$45k–$150k
9.8,physician sports,0.24,Sports Physician,Gaming & Esports,"Tech & Engineering,Marketing & Communications,Media & Journalism",Orthopedic Sports Medicine Physician,Sports & Fitness,"Healthcare & Medicine,Education & Coaching",$100k–$200k,$0–$500k+
9.8,physician sports,0.435,Sports Physician,Gaming & Esports,"Tech & Engineering,Marketing & Communications,Media & Journalism",Sports Medicine Physician Assistant,Sports & Fitness,"Healthcare & Medicine,Education & Coaching",$100k–$200k,$95k–$150k
9.8,personal training,0.222,Personal Training Business Owner,Marketing & Communications,"Business & Finance,Design & Creative,Science & Research",Personal Training Coach (Senior Fitness),Sports & Fitness,"Healthcare & Medicine,Education & Coaching",$35k–$85k,$35k–$65k
9.8,personal training,0.129,Personal Training Business Owner,Marketing & Communications,"Business & Finance,Design & Creative,Science & Research",Personal Training Nutritionist,Sports & Fitness,"Healthcare & Medicine,Education & Coaching",$35k–$85k,$45k–$75k
9.8,personal training,0.179,Personal Training Business Owner,Marketing & Communications,"Business & Finance,Design & Creative,Science & Research",Personal Training Specialist (Seniors),Sports & Fitness,"Healthcare & Medicine,Education & Coaching",$35k–$85k,$35k–$65k
9.8,personal training,0.478,Personal Training Business Owner,Marketing & Communications,"Business & Finance,Design & Creative,Science & Research",Personal Training Entrepreneur,Sports & Fitness,"Business & Finance,Education & Coaching",$35k–$85k,$35k–$85k
9.8,personal training,0.375,Personal Training Business Owner,Marketing & Communications,"Business & Finance,Design & Creative,Science & Research",Personal Training Studio Owner,Sports & Fitness,"Entrepreneurship,Business & Finance",$35k–$85k,$45k–$120k
9.8,personal training,0.214,Personal Training Business Owner,Marketing & Communications,"Business & Finance,Design & Creative,Science & Research",Personal Training Franchise Owner,Sports & Fitness,"Entrepreneurship,Business & Finance",$35k–$85k,$45k–$150k
9.8,personal training,0.129,Personal Training Business Owner,Marketing & Communications,"Business & Finance,Design & Creative,Science & Research",Personal Training Manager (Gym Chain),Sports & Fitness,"Business & Finance,Education & Coaching",$35k–$85k,$45k–$75k
9.8,personal training,0.292,Personal Training Business Owner,Marketing & Communications,"Business & Finance,Design & Creative,Science & Research",Personal Training Specialist,Sports & Fitness,"Healthcare & Medicine,Education & Coaching",$35k–$85k,$40k–$70k
9.8,personal training,0.222,Personal Training Business Owner,Marketing & Communications,"Business & Finance,Design & Creative,Science & Research",Strength Trainer (Personal Training),Sports & Fitness,"Education & Coaching,Healthcare & Medicine",$35k–$85k,$35k–$70k
9.79,research user,0.226,User Research Lead,Design & Creative,"Tech & Engineering,Business & Finance",User Research Designer,Science & Research,"Healthcare & Medicine,Tech & Engineering,Architecture & Urban Planning",$65k–$110k,$65k–$110k
9.79,research user,0.37,User Research Lead,Design & Creative,"Tech & Engineering,Business & Finance",User Research Specialist,Science & Research,"Healthcare & Medicine,Tech & Engineering,Architecture & Urban Planning",$65k–$110k,$60k–$95k
9.79,event production,0.029,Virtual Event Production Entrepreneur,Entrepreneurship,"Hospitality & Events,Tech & Engineering",Live Event Production Coordinator,Arts & Performance,"Hospitality & Events,Business & Finance",$45k–$120k,$35k–$65k
9.79,event production,0.118,Virtual Event Production Entrepreneur,Entrepreneurship,"Hospitality & Events,Tech & Engineering",Live Event Production Designer,Arts & Performance,"Design & Creative,Hospitality & Events",$45k–$120k,$45k–$85k
9.79,event production,0.1,Virtual Event Production Company Owner,Entrepreneurship,"Tech & Engineering,Hospitality & Events",Live Event Production Coordinator,Arts & Performance,"Hospitality & Events,Business & Finance",$45k–$120k,$35k–$65k
9.79,event production,0.091,Virtual Event Production Company Owner,Entrepreneurship,"Tech & Engineering,Hospitality & Events",Live Event Production Designer,Arts & Performance,"Design & Creative,Hospitality & Events",$45k–$120k,$45k–$85k
9.78,curator experience,0.094,Travel Experience Curator,Hospitality & Events,"Design & Creative,Business & Finance",Museum Experience Curator,Arts & Performance,"Design & Creative,Education & Coaching",$45k–$75k,$42k–$70k
9.78,curator experience,0.097,Travel Experience Curator,Hospitality & Events,"Design & Creative,Business & Finance",Virtual Reality Experience Curator,Arts & Performance,"Design & Creative,Tech & Engineering",$45k–$75k,$50k–$85k
9.78,food operator,0.125,Franchise Operator (Food Service),Entrepreneurship,"Business & Finance,Hospitality & Events",Food Truck Operator,Marketing & Communications,"Business & Finance,Design & Creative,Media & Journalism",$45k–$120k,$35k–$75k
9.77,brand influencer,0.083,Influencer Brand Collaborator,Entrepreneurship,"Media & Journalism,Design & Creative",Niche Influencer Brand Builder,Gaming & Esports,"Tech & Engineering,Marketing & Communications,Media & Journalism",$20k–$150k,$20k–$150k
9.77,brand influencer,0.0,Affiliate Marketing Manager (Influencer Brand),Entrepreneurship,"Media & Journalism,Design & Creative",Niche Influencer Brand Builder,Gaming & Esports,"Tech & Engineering,Marketing & Communications,Media & Journalism",$45k–$85k,$20k–$150k
9.77,brand influencer,0.161,Niche Influencer Brand Builder,Gaming & Esports,"Tech & Engineering,Marketing & Communications,Media & Journalism",Influencer Brand Founder,Entrepreneurship,"Media & Journalism,Design & Creative",$20k–$150k,$0–$500k+
9.77,brand influencer,0.086,Niche Influencer Brand Builder,Gaming & Esports,"Tech & Engineering,Marketing & Communications,Media & Journalism",Influencer Brand Agency Owner,Entrepreneurship,"Media & Journalism,Design & Creative",$20k–$150k,$45k–$150k
9.77,brand influencer,0.029,Niche Influencer Brand Builder,Gaming & Esports,"Tech & Engineering,Marketing & Communications,Media & Journalism",Influencer Brand Manager,Entrepreneurship,"Media & Journalism,Business & Finance",$20k–$150k,$45k–$120k
9.77,brand influencer,0.156,Niche Influencer Brand Builder,Gaming & Esports,"Tech & Engineering,Marketing & Communications,Media & Journalism",Influencer Brand Manager (Self-Owned),Entrepreneurship,"Media & Journalism,Design & Creative",$20k–$150k,$20k–$150k
9.77,brand influencer,0.029,Niche Influencer Brand Builder,Gaming & Esports,"Tech & Engineering,Marketing & Communications,Media & Journalism",Influencer Brand Partnerships Manager,Entrepreneurship,"Media & Journalism,Design & Creative",$20k–$150k,$45k–$85k
9.77,brand influencer,0.054,Niche Influencer Brand Builder,Gaming & Esports,"Tech & Engineering,Marketing & Communications,Media & Journalism",Influencer Brand Manager (Creator Economy),Entrepreneurship,"Media & Journalism,Business & Finance",$20k–$150k,$45k–$120k
9.73,arts grant,0.111,Arts Grant Writer,Social Impact & Nonprofit,"Education & Coaching,Law & Government,Arts & Performance",Arts Grant Administrator,Gaming & Esports,"Tech & Engineering,Marketing & Communications,Architecture & Urban Planning",$45k–$65k,$45k–$65k
9.73,arts grant,0.25,Arts Grant Evaluator,Arts & Performance,"Media & Journalism,Design & Creative",Arts Grant Administrator,Gaming & Esports,"Tech & Engineering,Marketing & Communications,Architecture & Urban Planning",$45k–$75k,$45k–$65k
9.73,arts grant,0.171,Grant Writer (Arts),Arts & Performance,"Business & Finance,Social Impact & Nonprofit",Arts Grant Administrator,Gaming & Esports,"Tech & Engineering,Marketing & Communications,Architecture & Urban Planning",$45k–$75k,$45k–$65k
9.73,arts grant,0.05,Arts Grant Administrator,Gaming & Esports,"Tech & Engineering,Marketing & Communications,Architecture & Urban Planning",Performing Arts Grant Writer,Arts & Performance,"Social Impact & Nonprofit,Business & Finance",$45k–$65k,$45k–$75k
9.73,arts grant,0.273,Arts Grant Administrator,Gaming & Esports,"Tech & Engineering,Marketing & Communications,Architecture & Urban Planning",Grant Writer (Media Arts),Media & Journalism,"Design & Creative,Social Impact & Nonprofit",$45k–$65k,$45k–$70k
9.73,arts grant,0.162,Arts Grant Administrator,Gaming & Esports,"Tech & Engineering,Marketing & Communications,Architecture & Urban Planning",Grant Writer (Media/Arts),Media & Journalism,"Social Impact & Nonprofit,Business & Finance",$45k–$65k,$45k–$70k
9.73,creator influencer,0.189,Niche Social Media Creator (Micro-Influencer),Entrepreneurship,"Media & Journalism,Design & Creative",Fitness Influencer and Content Creator,Gaming & Esports,"Tech & Engineering,Marketing & Communications,Science & Research",$20k–$150k,$45k–$150k
9.73,creator influencer,0.071,Fitness Influencer and Content Creator,Gaming & Esports,"Tech & Engineering,Marketing & Communications,Science & Research",Influencer Brand Manager (Creator Economy),Entrepreneurship,"Media & Journalism,Business & Finance",$45k–$150k,$45k–$120k
9.72,auditor compliance,0.059,Healthcare Compliance Auditor,Healthcare & Medicine,"Business & Finance,Law & Government",Environmental Compliance Auditor,Environment & Sustainability,"Law & Government,Science & Research",$62k–$98k,$58k–$95k
9.72,auditor compliance,0.028,Environmental Compliance Auditor,Environment & Sustainability,"Law & Government,Science & Research",Grant Compliance Auditor,Business & Finance,"Law & Government,Social Impact & Nonprofit",$58k–$95k,$60k–$95k
9.68,artist game,0.176,Foley Artist (Video Game),Arts & Performance,"Tech & Engineering,Design & Creative",3D Game Artist,Gaming & Esports,"Tech & Engineering,Marketing & Communications,Media & Journalism",$45k–$75k,$50k–$85k
9.68,artist game,0.077,Foley Artist (Video Game),Arts & Performance,"Tech & Engineering,Design & Creative",Game Environment Artist,Gaming & Esports,"Tech & Engineering,Marketing & Communications,Science & Research",$45k–$75k,$55k–$95k
9.68,artist game,0.073,Foley Artist (Video Game),Arts & Performance,"Tech & Engineering,Design & Creative",Concept Artist (Game Development),Gaming & Esports,"Tech & Engineering,Marketing & Communications,Science & Research",$45k–$75k,$55k–$95k
9.67,attorney rights,0.026,Publishing Rights Attorney,Media & Journalism,"Law & Government,Business & Finance",Immigrant Rights Attorney,Social Impact & Nonprofit,"Law & Government,Education & Coaching",$85k–$175k,$45k–$75k
9.67,attorney rights,0.028,Publishing Rights Attorney,Media & Journalism,"Law & Government,Business & Finance",Civil Rights Attorney,Social Impact & Nonprofit,"Education & Coaching,Law & Government,Science & Research",$85k–$175k,$65k–$130k
9.67,attorney rights,0.026,Publishing Rights Attorney,Media & Journalism,"Law & Government,Business & Finance",Human Rights Attorney,Social Impact & Nonprofit,"Education & Coaching,Law & Government,Business & Finance",$85k–$175k,$65k–$130k
9.67,corporate events,0.448,Corporate Events Manager,Supply Chain & Operations,"Business & Finance,Tech & Engineering,Science & Research",Corporate Events Coordinator,Hospitality & Events,"Business & Finance,Design & Creative",$45k–$75k,$40k–$75k
9.67,corporate events,0.219,Corporate Events Manager,Supply Chain & Operations,"Business & Finance,Tech & Engineering,Science & Research",Meeting Planner (Corporate Events),Hospitality & Events,"Business & Finance,Design & Creative",$45k–$75k,$45k–$75k
9.67,corporate events,0.226,Corporate Events Manager,Supply Chain & Operations,"Business & Finance,Tech & Engineering,Science & Research",Corporate Events Planner,Hospitality & Events,"Business & Finance,Design & Creative",$45k–$75k,$45k–$75k
9.67,corporate events,0.343,Corporate Events Coordinator,Hospitality & Events,"Business & Finance,Design & Creative",Corporate Events Director,Supply Chain & Operations,"Business & Finance,Tech & Engineering,Science & Research",$40k–$75k,$45k–$75k
9.67,corporate events,0.222,Meeting Planner (Corporate Events),Hospitality & Events,"Business & Finance,Design & Creative",Corporate Events Director,Supply Chain & Operations,"Business & Finance,Tech & Engineering,Science & Research",$45k–$75k,$45k–$75k
9.67,corporate events,0.194,Corporate Events Planner,Hospitality & Events,"Business & Finance,Design & Creative",Corporate Events Director,Supply Chain & Operations,"Business & Finance,Tech & Engineering,Science & Research",$45k–$75k,$45k–$75k
9.65,performance rights,0.068,Performance Rights Clearance Specialist,Arts & Performance,"Law & Government,Business & Finance",Live Performance Rights Manager,Gaming & Esports,"Tech & Engineering,Marketing & Communications,Science & Research",$48k–$77k,$50k–$85k
9.65,performance rights,0.162,Performance Rights Clearance Specialist,Arts & Performance,"Law & Government,Business & Finance",Performance Rights Administrator,Hospitality & Events,"Food & Culinary,Marketing & Communications,Science & Research",$48k–$77k,$45k–$75k
9.65,performance rights,0.235,Performance Rights Specialist,Arts & Performance,"Law & Government,Media & Journalism",Live Performance Rights Manager,Gaming & Esports,"Tech & Engineering,Marketing & Communications,Science & Research",$48k–$77k,$50k–$85k
9.65,performance rights,0.267,Performance Rights Specialist,Arts & Performance,"Law & Government,Media & Journalism",Performance Rights Administrator,Hospitality & Events,"Food & Culinary,Marketing & Communications,Science & Research",$48k–$77k,$45k–$75k
9.65,performance rights,0.235,Performance Rights Manager,Media & Journalism,"Marketing & Communications,Arts & Performance,Science & Research",Live Performance Rights Manager,Gaming & Esports,"Tech & Engineering,Marketing & Communications,Science & Research",$50k–$85k,$50k–$85k
9.65,performance rights,0.267,Performance Rights Manager,Media & Journalism,"Marketing & Communications,Arts & Performance,Science & Research",Performance Rights Administrator,Hospitality & Events,"Food & Culinary,Marketing & Communications,Science & Research",$50k–$85k,$45k–$75k
9.65,performance rights,0.171,Performance Rights Royalty Auditor,Arts & Performance,"Business & Finance,Law & Government",Live Performance Rights Manager,Gaming & Esports,"Tech & Engineering,Marketing & Communications,Science & Research",$50k–$75k,$50k–$85k
9.65,performance rights,0.37,Performance Rights Royalty Auditor,Arts & Performance,"Business & Finance,Law & Government",Performance Rights Administrator,Hospitality & Events,"Food & Culinary,Marketing & Communications,Science & Research",$50k–$75k,$45k–$75k
9.65,performance rights,0.393,Performance Rights Licensing Specialist,Arts & Performance,"Business & Finance,Law & Government",Live Performance Rights Manager,Gaming & Esports,"Tech & Engineering,Marketing & Communications,Science & Research",$50k–$85k,$50k–$85k
9.65,performance rights,0.25,Performance Rights Licensing Specialist,Arts & Performance,"Business & Finance,Law & Government",Performance Rights Administrator,Hospitality & Events,"Food & Culinary,Marketing & Communications,Science & Research",$50k–$85k,$45k–$75k
9.65,performance rights,0.079,Live Performance Rights Manager,Gaming & Esports,"Tech & Engineering,Marketing & Communications,Science & Research",Performance Rights Licensing Agent,Arts & Performance,"Business & Finance,Law & Government",$50k–$85k,$50k–$85k
9.65,performance rights,0.2,Live Performance Rights Manager,Gaming & Esports,"Tech & Engineering,Marketing & Communications,Science & Research",Performance Rights Lawyer,Arts & Performance,"Business & Finance,Law & Government",$50k–$85k,$70k–$150k
9.65,performance rights,0.345,Live Performance Rights Manager,Gaming & Esports,"Tech & Engineering,Marketing & Communications,Science & Research",Performance Rights Agent,Arts & Performance,"Business & Finance,Law & Government",$50k–$85k,$45k–$85k
9.65,performance rights,0.167,Live Performance Rights Manager,Gaming & Esports,"Tech & Engineering,Marketing & Communications,Science & Research",Performance Rights Licensing Manager,Arts & Performance,"Business & Finance,Law & Government",$50k–$85k,$50k–$85k
9.65,performance rights,0.357,Live Performance Rights Manager,Gaming & Esports,"Tech & Engineering,Marketing & Communications,Science & Research",Performance Rights Administrator,Hospitality & Events,"Food & Culinary,Marketing & Communications,Science & Research",$50k–$85k,$45k–$75k
9.65,performance rights,0.057,Performance Rights Licensing Agent,Arts & Performance,"Business & Finance,Law & Government",Performance Rights Administrator,Hospitality & Events,"Food & Culinary,Marketing & Communications,Science & Research",$50k–$85k,$45k–$75k
9.65,performance rights,0.152,Performance Rights Lawyer,Arts & Performance,"Business & Finance,Law & Government",Performance Rights Administrator,Hospitality & Events,"Food & Culinary,Marketing & Communications,Science & Research",$70k–$150k,$45k–$75k
9.65,performance rights,0.207,Performance Rights Agent,Arts & Performance,"Business & Finance,Law & Government",Performance Rights Administrator,Hospitality & Events,"Food & Culinary,Marketing & Communications,Science & Research",$45k–$85k,$45k–$75k
9.65,performance rights,0.188,Performance Rights Licensing Manager,Arts & Performance,"Business & Finance,Law & Government",Performance Rights Administrator,Hospitality & Events,"Food & Culinary,Marketing & Communications,Science & Research",$50k–$85k,$45k–$75k
9.65,auditor performance,0.0,Energy Auditor (Building Performance),Environment & Sustainability,"Science & Research,Tech & Engineering",Performance Rights Royalty Auditor,Arts & Performance,"Business & Finance,Law & Government",$48k–$77k,$50k–$75k
9.61,entrepreneur influencer,0.583,Social Media Influencer Entrepreneur,Marketing & Communications,"Business & Finance,Design & Creative,Media & Journalism",Influencer Entrepreneur,Entrepreneurship,"Media & Journalism,Design & Creative",$0–$500k+,$30k–$200k+
9.58,beauty brand,0.023,Beauty Brand Buyer (Retail),Fashion & Beauty,"Business & Finance,Design & Creative",Beauty Brand Manager,Marketing & Communications,"Business & Finance,Design & Creative,Science & Research",$45k–$75k,$50k–$95k
9.58,beauty brand,0.023,Beauty Brand Buyer (Retail),Fashion & Beauty,"Business & Finance,Design & Creative",Beauty Brand Marketing Manager,Marketing & Communications,"Business & Finance,Design & Creative,Science & Research",$45k–$75k,$52k–$85k
9.58,beauty brand,0.0,Beauty Brand Chemist,Fashion & Beauty,"Science & Research,Design & Creative",Beauty Brand Manager,Marketing & Communications,"Business & Finance,Design & Creative,Science & Research",$55k–$95k,$50k–$95k
9.58,beauty brand,0.056,Beauty Brand Chemist,Fashion & Beauty,"Science & Research,Design & Creative",Beauty Brand Marketing Manager,Marketing & Communications,"Business & Finance,Design & Creative,Science & Research",$55k–$95k,$52k–$85k
9.58,beauty brand,0.024,Beauty Brand Manager,Marketing & Communications,"Business & Finance,Design & Creative,Science & Research",Beauty Brand Sustainability Officer,Fashion & Beauty,"Environment & Sustainability,Business & Finance",$50k–$95k,$60k–$95k
9.58,beauty brand,0.184,Beauty Brand Manager,Marketing & Communications,"Business & Finance,Design & Creative,Science & Research",Makeup Artist Manager (Beauty Brand),Fashion & Beauty,"Business & Finance,Design & Creative",$50k–$95k,$45k–$75k
9.58,beauty brand,0.075,Beauty Brand Manager,Marketing & Communications,"Business & Finance,Design & Creative,Science & Research",Beauty Brand Founder,Fashion & Beauty,"Entrepreneurship,Design & Creative",$50k–$95k,$45k–$150k
9.58,beauty brand,0.077,Beauty Brand Manager,Marketing & Communications,"Business & Finance,Design & Creative,Science & Research",Beauty Brand Developer,Fashion & Beauty,"Entrepreneurship,Design & Creative",$50k–$95k,$50k–$95k
9.58,beauty brand,0.047,Beauty Brand Manager,Marketing & Communications,"Business & Finance,Design & Creative,Science & Research",Beauty Educator (Brand Ambassador),Fashion & Beauty,"Entrepreneurship,Media & Journalism",$50k–$95k,$32k–$65k
9.58,beauty brand,0.077,Beauty Brand Sustainability Officer,Fashion & Beauty,"Environment & Sustainability,Business & Finance",Beauty Brand Marketing Manager,Marketing & Communications,"Business & Finance,Design & Creative,Science & Research",$60k–$95k,$52k–$85k
9.58,beauty brand,0.189,Makeup Artist Manager (Beauty Brand),Fashion & Beauty,"Business & Finance,Design & Creative",Beauty Brand Marketing Manager,Marketing & Communications,"Business & Finance,Design & Creative,Science & Research",$45k–$75k,$52k–$85k
9.58,beauty brand,0.105,Beauty Brand Founder,Fashion & Beauty,"Entrepreneurship,Design & Creative",Beauty Brand Marketing Manager,Marketing & Communications,"Business & Finance,Design & Creative,Science & Research",$45k–$150k,$52k–$85k
9.58,beauty brand,0.139,Beauty Brand Developer,Fashion & Beauty,"Entrepreneurship,Design & Creative",Beauty Brand Marketing Manager,Marketing & Communications,"Business & Finance,Design & Creative,Science & Research",$50k–$95k,$52k–$85k
9.58,beauty brand,0.073,Beauty Educator (Brand Ambassador),Fashion & Beauty,"Entrepreneurship,Media & Journalism",Beauty Brand Marketing Manager,Marketing & Communications,"Business & Finance,Design & Creative,Science & Research",$32k–$65k,$52k–$85k
9.57,grant writer,0.121,Freelance Grant Writer,Entrepreneurship,"Social Impact & Nonprofit,Business & Finance",Grant Writer (Media),Media & Journalism,"Social Impact & Nonprofit,Law & Government",$45k–$75k,$50k–$85k
9.57,grant writer,0.171,Freelance Grant Writer,Entrepreneurship,"Social Impact & Nonprofit,Business & Finance",Grant Writer (Journalism),Science & Research,"Healthcare & Medicine,Tech & Engineering,Media & Journalism",$45k–$75k,$48k–$77k
9.57,grant writer,0.091,Freelance Grant Writer,Entrepreneurship,"Social Impact & Nonprofit,Business & Finance",Grant Proposal Writer,Media & Journalism,"Education & Coaching,Social Impact & Nonprofit",$45k–$75k,$50k–$75k
9.57,grant writer,0.194,Freelance Grant Writer,Entrepreneurship,"Social Impact & Nonprofit,Business & Finance",Grant Writer (Science Communication),Science & Research,"Healthcare & Medicine,Tech & Engineering",$45k–$75k,$50k–$85k
9.57,grant writer,0.194,Freelance Grant Writer,Entrepreneurship,"Social Impact & Nonprofit,Business & Finance",Grant Writer (Arts),Arts & Performance,"Business & Finance,Social Impact & Nonprofit",$45k–$75k,$45k–$75k
9.57,grant writer,0.118,Freelance Grant Writer,Entrepreneurship,"Social Impact & Nonprofit,Business & Finance",Performing Arts Grant Writer,Arts & Performance,"Social Impact & Nonprofit,Business & Finance",$45k–$75k,$45k–$75k
9.57,grant writer,0.226,Freelance Grant Writer,Entrepreneurship,"Social Impact & Nonprofit,Business & Finance",Grant Writer (Nonprofit Communications),Media & Journalism,"Social Impact & Nonprofit,Business & Finance",$45k–$75k,$45k–$70k
9.57,grant writer,0.233,Freelance Grant Writer,Entrepreneurship,"Social Impact & Nonprofit,Business & Finance",Grant Writer (Nonprofit),Media & Journalism,"Social Impact & Nonprofit,Law & Government",$45k–$75k,$45k–$70k
9.57,grant writer,0.156,Freelance Grant Writer,Entrepreneurship,"Social Impact & Nonprofit,Business & Finance",Grant Writer (Media Organizations),Media & Journalism,"Social Impact & Nonprofit,Business & Finance",$45k–$75k,$45k–$75k
9.57,grant writer,0.188,Freelance Grant Writer,Entrepreneurship,"Social Impact & Nonprofit,Business & Finance",Grant Writer (Media Arts),Media & Journalism,"Design & Creative,Social Impact & Nonprofit",$45k–$75k,$45k–$70k
9.57,grant writer,0.088,Freelance Grant Writer,Entrepreneurship,"Social Impact & Nonprofit,Business & Finance",Grant Proposal Writer (Media),Media & Journalism,"Social Impact & Nonprofit,Business & Finance",$45k–$75k,$45k–$75k
9.57,grant writer,0.182,Freelance Grant Writer,Entrepreneurship,"Social Impact & Nonprofit,Business & Finance",Grant Writer (Media/Arts),Media & Journalism,"Social Impact & Nonprofit,Business & Finance",$45k–$75k,$45k–$70k
9.57,grant writer,0.118,Grant Writer (Nonprofits),Social Impact & Nonprofit,"Education & Coaching,Law & Government,Architecture & Urban Planning",Grant Writer (Journalism),Science & Research,"Healthcare & Medicine,Tech & Engineering,Media & Journalism",$45k–$70k,$48k–$77k
9.57,grant writer,0.214,Grant Writer (Nonprofits),Social Impact & Nonprofit,"Education & Coaching,Law & Government,Architecture & Urban Planning",Grant Writer (Science Communication),Science & Research,"Healthcare & Medicine,Tech & Engineering",$45k–$70k,$50k–$85k
9.57,grant writer,0.114,Arts Grant Writer,Social Impact & Nonprofit,"Education & Coaching,Law & Government,Arts & Performance",Grant Writer (Journalism),Science & Research,"Healthcare & Medicine,Tech & Engineering,Media & Journalism",$45k–$65k,$48k–$77k
9.57,grant writer,0.129,Arts Grant Writer,Social Impact & Nonprofit,"Education & Coaching,Law & Government,Arts & Performance",Grant Writer (Science Communication),Science & Research,"Healthcare & Medicine,Tech & Engineering",$45k–$65k,$50k–$85k
9.57,grant writer,0.241,Grant Writer (Media),Media & Journalism,"Social Impact & Nonprofit,Law & Government",Grant Writer (Science Communication),Science & Research,"Healthcare & Medicine,Tech & Engineering",$50k–$85k,$50k–$85k
9.57,grant writer,0.161,Grant Writer (Media),Media & Journalism,"Social Impact & Nonprofit,Law & Government",Grant Writer (Arts),Arts & Performance,"Business & Finance,Social Impact & Nonprofit",$50k–$85k,$45k–$75k
9.57,grant writer,0.156,Grant Writer (Media),Media & Journalism,"Social Impact & Nonprofit,Law & Government",Performing Arts Grant Writer,Arts & Performance,"Social Impact & Nonprofit,Business & Finance",$50k–$85k,$45k–$75k
9.57,grant writer,0.111,Grant Writer (Journalism),Science & Research,"Healthcare & Medicine,Tech & Engineering,Media & Journalism",Grant Writer (Arts),Arts & Performance,"Business & Finance,Social Impact & Nonprofit",$48k–$77k,$45k–$75k
9.57,grant writer,0.281,Grant Writer (Journalism),Science & Research,"Healthcare & Medicine,Tech & Engineering,Media & Journalism",Performing Arts Grant Writer,Arts & Performance,"Social Impact & Nonprofit,Business & Finance",$48k–$77k,$45k–$75k
9.57,grant writer,0.273,Grant Writer (Journalism),Science & Research,"Healthcare & Medicine,Tech & Engineering,Media & Journalism",Grant Writer (Research),Social Impact & Nonprofit,"Education & Coaching,Law & Government,Architecture & Urban Planning",$48k–$77k,$50k–$85k
9.57,grant writer,0.182,Grant Writer (Journalism),Science & Research,"Healthcare & Medicine,Tech & Engineering,Media & Journalism",Grant Writer (Health & Human Services),Social Impact & Nonprofit,"Law & Government,Education & Coaching",$48k–$77k,$45k–$70k
9.57,grant writer,0.207,Grant Proposal Writer,Media & Journalism,"Education & Coaching,Social Impact & Nonprofit",Grant Writer (Science Communication),Science & Research,"Healthcare & Medicine,Tech & Engineering",$50k–$75k,$50k–$85k
9.57,grant writer,0.094,Grant Proposal Writer,Media & Journalism,"Education & Coaching,Social Impact & Nonprofit",Grant Writer (Arts),Arts & Performance,"Business & Finance,Social Impact & Nonprofit",$50k–$75k,$45k–$75k
9.57,grant writer,0.059,Grant Proposal Writer,Media & Journalism,"Education & Coaching,Social Impact & Nonprofit",Performing Arts Grant Writer,Arts & Performance,"Social Impact & Nonprofit,Business & Finance",$50k–$75k,$45k–$75k
9.57,grant writer,0.2,Grant Writer (Science Communication),Science & Research,"Healthcare & Medicine,Tech & Engineering",Grant Writer (Arts),Arts & Performance,"Business & Finance,Social Impact & Nonprofit",$50k–$85k,$45k–$75k
9.57,grant writer,0.121,Grant Writer (Science Communication),Science & Research,"Healthcare & Medicine,Tech & Engineering",Performing Arts Grant Writer,Arts & Performance,"Social Impact & Nonprofit,Business & Finance",$50k–$85k,$45k–$75k
9.57,grant writer,0.462,Grant Writer (Science Communication),Science & Research,"Healthcare & Medicine,Tech & Engineering",Grant Writer (Research),Social Impact & Nonprofit,"Education & Coaching,Law & Government,Architecture & Urban Planning",$50k–$85k,$50k–$85k
9.57,grant writer,0.25,Grant Writer (Science Communication),Science & Research,"Healthcare & Medicine,Tech & Engineering",Grant Writer (Health & Human Services),Social Impact & Nonprofit,"Law & Government,Education & Coaching",$50k–$85k,$45k–$70k
9.57,grant writer,0.194,Grant Writer (Science Communication),Science & Research,"Healthcare & Medicine,Tech & Engineering",Grant Writer (Nonprofit Communications),Media & Journalism,"Social Impact & Nonprofit,Business & Finance",$50k–$85k,$45k–$70k
9.57,grant writer,0.161,Grant Writer (Science Communication),Science & Research,"Healthcare & Medicine,Tech & Engineering",Grant Writer (Nonprofit),Media & Journalism,"Social Impact & Nonprofit,Law & Government",$50k–$85k,$45k–$70k
9.57,grant writer,0.2,Grant Writer (Science Communication),Science & Research,"Healthcare & Medicine,Tech & Engineering",Grant Writer (Media Organizations),Media & Journalism,"Social Impact & Nonprofit,Business & Finance",$50k–$85k,$45k–$75k
9.57,grant writer,0.194,Grant Writer (Science Communication),Science & Research,"Healthcare & Medicine,Tech & Engineering",Grant Writer (Media Arts),Media & Journalism,"Design & Creative,Social Impact & Nonprofit",$50k–$85k,$45k–$70k
9.57,grant writer,0.161,Grant Writer (Science Communication),Science & Research,"Healthcare & Medicine,Tech & Engineering",Grant Proposal Writer (Media),Media & Journalism,"Social Impact & Nonprofit,Business & Finance",$50k–$85k,$45k–$75k
9.57,grant writer,0.188,Grant Writer (Science Communication),Science & Research,"Healthcare & Medicine,Tech & Engineering",Grant Writer (Media/Arts),Media & Journalism,"Social Impact & Nonprofit,Business & Finance",$50k–$85k,$45k–$70k
9.57,grant writer,0.156,Grant Writer (Arts),Arts & Performance,"Business & Finance,Social Impact & Nonprofit",Grant Writer (Nonprofit Communications),Media & Journalism,"Social Impact & Nonprofit,Business & Finance",$45k–$75k,$45k–$70k
9.57,grant writer,0.091,Grant Writer (Arts),Arts & Performance,"Business & Finance,Social Impact & Nonprofit",Grant Writer (Nonprofit),Media & Journalism,"Social Impact & Nonprofit,Law & Government",$45k–$75k,$45k–$70k
9.57,grant writer,0.2,Grant Writer (Arts),Arts & Performance,"Business & Finance,Social Impact & Nonprofit",Grant Writer (Media Organizations),Media & Journalism,"Social Impact & Nonprofit,Business & Finance",$45k–$75k,$45k–$75k
9.57,grant writer,0.059,Grant Writer (Arts),Arts & Performance,"Business & Finance,Social Impact & Nonprofit",Grant Proposal Writer (Media),Media & Journalism,"Social Impact & Nonprofit,Business & Finance",$45k–$75k,$45k–$75k
9.57,grant writer,0.152,Performing Arts Grant Writer,Arts & Performance,"Social Impact & Nonprofit,Business & Finance",Grant Writer (Nonprofit Communications),Media & Journalism,"Social Impact & Nonprofit,Business & Finance",$45k–$75k,$45k–$70k
9.57,grant writer,0.088,Performing Arts Grant Writer,Arts & Performance,"Social Impact & Nonprofit,Business & Finance",Grant Writer (Nonprofit),Media & Journalism,"Social Impact & Nonprofit,Law & Government",$45k–$75k,$45k–$70k
9.57,grant writer,0.194,Performing Arts Grant Writer,Arts & Performance,"Social Impact & Nonprofit,Business & Finance",Grant Writer (Media Organizations),Media & Journalism,"Social Impact & Nonprofit,Business & Finance",$45k–$75k,$45k–$75k
9.57,grant writer,0.057,Performing Arts Grant Writer,Arts & Performance,"Social Impact & Nonprofit,Business & Finance",Grant Proposal Writer (Media),Media & Journalism,"Social Impact & Nonprofit,Business & Finance",$45k–$75k,$45k–$75k
9.55,medicine sports,0.684,Sports Medicine Specialist,Sports & Fitness,"Healthcare & Medicine,Education & Coaching",Sports Medicine Physician,Gaming & Esports,"Tech & Engineering,Marketing & Communications,Media & Journalism",$70k–$130k,$100k–$200k
9.55,medicine sports,0.304,Sports Medicine Specialist,Sports & Fitness,"Healthcare & Medicine,Education & Coaching",Occupational Sports Medicine Physician,Gaming & Esports,"Tech & Engineering,Marketing & Communications,Media & Journalism",$70k–$130k,$100k–$200k
9.55,medicine sports,0.25,Sports Medicine Physical Therapist,Sports & Fitness,"Healthcare & Medicine,Education & Coaching",Sports Medicine Physician,Gaming & Esports,"Tech & Engineering,Marketing & Communications,Media & Journalism",$60k–$95k,$100k–$200k
9.55,medicine sports,0.269,Sports Medicine Physical Therapist,Sports & Fitness,"Healthcare & Medicine,Education & Coaching",Occupational Sports Medicine Physician,Gaming & Esports,"Tech & Engineering,Marketing & Communications,Media & Journalism",$60k–$95k,$100k–$200k
9.55,medicine sports,0.269,Esports Sports Medicine Specialist,Sports & Fitness,"Healthcare & Medicine,Tech & Engineering",Sports Medicine Physician,Gaming & Esports,"Tech & Engineering,Marketing & Communications,Media & Journalism",$65k–$110k,$100k–$200k
9.55,medicine sports,0.148,Esports Sports Medicine Specialist,Sports & Fitness,"Healthcare & Medicine,Tech & Engineering",Occupational Sports Medicine Physician,Gaming & Esports,"Tech & Engineering,Marketing & Communications,Media & Journalism",$65k–$110k,$100k–$200k
9.55,medicine sports,0.6,Sports Medicine Doctor,Sports & Fitness,"Healthcare & Medicine,Marketing & Communications,Architecture & Urban Planning",Sports Medicine Physician,Gaming & Esports,"Tech & Engineering,Marketing & Communications,Media & Journalism",$100k–$200k,$100k–$200k
9.55,medicine sports,0.25,Sports Medicine Doctor,Sports & Fitness,"Healthcare & Medicine,Marketing & Communications,Architecture & Urban Planning",Occupational Sports Medicine Physician,Gaming & Esports,"Tech & Engineering,Marketing & Communications,Media & Journalism",$100k–$200k,$100k–$200k
9.55,medicine sports,0.125,Nutritionist (Sports Medicine),Healthcare & Medicine,"Sports & Fitness,Education & Coaching",Sports Medicine Physician,Gaming & Esports,"Tech & Engineering,Marketing & Communications,Media & Journalism",$48k–$77k,$100k–$200k
9.55,medicine sports,0.097,Nutritionist (Sports Medicine),Healthcare & Medicine,"Sports & Fitness,Education & Coaching",Occupational Sports Medicine Physician,Gaming & Esports,"Tech & Engineering,Marketing & Communications,Media & Journalism",$48k–$77k,$100k–$200k
9.55,medicine sports,0.24,Sports Medicine Physician,Gaming & Esports,"Tech & Engineering,Marketing & Communications,Media & Journalism",Athletic Trainer (Sports Medicine),Sports & Fitness,"Healthcare & Medicine,Education & Coaching",$100k–$200k,$35k–$60k
9.55,medicine sports,0.208,Athletic Trainer (Sports Medicine),Sports & Fitness,"Healthcare & Medicine,Education & Coaching",Occupational Sports Medicine Physician,Gaming & Esports,"Tech & Engineering,Marketing & Communications,Media & Journalism",$35k–$60k,$100k–$200k
9.54,equity research,0.182,Equity Research Analyst,Science & Research,"Healthcare & Medicine,Tech & Engineering",Equity Research Manager,Business & Finance,"Tech & Engineering,Law & Government",$85k–$150k,$70k–$150k
9.54,equity research,0.267,Equity Research Analyst,Science & Research,"Healthcare & Medicine,Tech & Engineering",Equity Research Associate,Business & Finance,"Law & Government,Tech & Engineering",$85k–$150k,$65k–$120k
9.54,developer technology,0.143,Fitness Technology Developer,Sports & Fitness,"Tech & Engineering,Healthcare & Medicine",Insurance Technology Developer,Science & Research,"Healthcare & Medicine,Tech & Engineering",$65k–$120k,$75k–$140k
9.54,developer technology,0.241,Fitness Technology Developer,Sports & Fitness,"Tech & Engineering,Healthcare & Medicine",Conservation Technology Developer,Environment & Sustainability,"Tech & Engineering,Science & Research",$65k–$120k,$65k–$110k
9.54,developer technology,0.029,Fitness Technology Developer,Sports & Fitness,"Tech & Engineering,Healthcare & Medicine",Ocean Cleanup Technology Developer,Environment & Sustainability,"Tech & Engineering,Science & Research",$65k–$120k,$65k–$110k
9.54,corporate wellness,0.212,Fitness Director (Corporate Wellness),Sports & Fitness,"Business & Finance,Healthcare & Medicine",Corporate Wellness Program Manager,Education & Coaching,"Healthcare & Medicine,Business & Finance",$45k–$75k,$45k–$75k
9.54,corporate wellness,0.212,Fitness Coach (Corporate Wellness),Sports & Fitness,"Business & Finance,Healthcare & Medicine",Corporate Wellness Program Manager,Education & Coaching,"Healthcare & Medicine,Business & Finance",$35k–$65k,$45k–$75k
9.54,corporate wellness,0.171,Corporate Wellness Coach,Sports & Fitness,"Healthcare & Medicine,Marketing & Communications,Social Impact & Nonprofit",Corporate Wellness Program Manager,Education & Coaching,"Healthcare & Medicine,Business & Finance",$45k–$70k,$45k–$75k
9.54,corporate wellness,0.31,Wellness Director (Corporate),Sports & Fitness,"Healthcare & Medicine,Business & Finance",Corporate Wellness Program Manager,Education & Coaching,"Healthcare & Medicine,Business & Finance",$45k–$75k,$45k–$75k
9.54,corporate wellness,0.079,Personal Trainer (Corporate Wellness),Sports & Fitness,"Healthcare & Medicine,Business & Finance",Corporate Wellness Program Manager,Education & Coaching,"Healthcare & Medicine,Business & Finance",$35k–$65k,$45k–$75k
9.54,corporate wellness,0.258,Corporate Wellness Manager,Sports & Fitness,"Healthcare & Medicine,Business & Finance",Corporate Wellness Program Manager,Education & Coaching,"Healthcare & Medicine,Business & Finance",$48k–$77k,$45k–$75k
9.53,arts writer,0.276,Grants Writer (Arts),Arts & Performance,"Social Impact & Nonprofit,Business & Finance",Grant Writer (Media Arts),Media & Journalism,"Design & Creative,Social Impact & Nonprofit",$45k–$75k,$45k–$70k
9.53,arts writer,0.407,Grants Writer (Arts),Arts & Performance,"Social Impact & Nonprofit,Business & Finance",Grant Writer (Media/Arts),Media & Journalism,"Social Impact & Nonprofit,Business & Finance",$45k–$75k,$45k–$70k
9.52,event technology,0.182,Event Technology Coordinator,Hospitality & Events,"Tech & Engineering,Design & Creative",Event Technology Manager,Gaming & Esports,"Tech & Engineering,Marketing & Communications,Media & Journalism",$40k–$75k,$50k–$85k
9.52,event technology,0.125,Event Technology Coordinator,Hospitality & Events,"Tech & Engineering,Design & Creative",Event Technology Specialist,Gaming & Esports,"Tech & Engineering,Marketing & Communications,Media & Journalism",$40k–$75k,$45k–$85k
9.51,design service,0.286,Service Design Specialist,Design & Creative,"Tech & Engineering,Business & Finance",Service Design Consultant,Healthcare & Medicine,"Science & Research,Tech & Engineering,Architecture & Urban Planning",$60k–$95k,$60k–$95k
9.51,design service,0.258,Service Design Consultant,Healthcare & Medicine,"Science & Research,Tech & Engineering,Architecture & Urban Planning",Service Design Lead,Design & Creative,"Tech & Engineering,Business & Finance",$60k–$95k,$65k–$110k
9.51,design service,0.128,Service Design Consultant,Healthcare & Medicine,"Science & Research,Tech & Engineering,Architecture & Urban Planning",Service Design Manager,Design & Creative,"Tech & Engineering,Business & Finance",$60k–$95k,$65k–$110k
9.51,design service,0.267,Service Design Consultant,Healthcare & Medicine,"Science & Research,Tech & Engineering,Architecture & Urban Planning",Service Design Strategist,Design & Creative,"Tech & Engineering,Business & Finance",$60k–$95k,$60k–$95k
9.51,brand makeup,0.128,Makeup Brand Founder,Marketing & Communications,"Business & Finance,Design & Creative,Science & Research",Makeup Artist Manager (Beauty Brand),Fashion & Beauty,"Business & Finance,Design & Creative",$45k–$150k,$45k–$75k
9.51,brand makeup,0.162,Makeup Brand Founder,Marketing & Communications,"Business & Finance,Design & Creative,Science & Research",Makeup Brand Developer,Fashion & Beauty,"Design & Creative,Entrepreneurship",$45k–$150k,$50k–$95k
9.5,entrepreneur niche,0.114,Niche Subscription Box Entrepreneur,Entrepreneurship,"Design & Creative,Business & Finance",Niche Product Entrepreneur,Marketing & Communications,"Business & Finance,Design & Creative",$40k–$120k,$20k–$150k
9.5,entrepreneur niche,0.156,Niche Marketplace Entrepreneur,Entrepreneurship,"Business & Finance,Tech & Engineering",Niche Product Entrepreneur,Marketing & Communications,"Business & Finance,Design & Creative",$45k–$150k,$20k–$150k
9.5,entrepreneur niche,0.188,Niche E-commerce Entrepreneur,Entrepreneurship,"Business & Finance,Tech & Engineering,Science & Research",Niche Product Entrepreneur,Marketing & Communications,"Business & Finance,Design & Creative",$20k–$150k,$20k–$150k
9.5,entrepreneur training,0.061,Personal Training Entrepreneur,Sports & Fitness,"Business & Finance,Education & Coaching",AI Training Data Entrepreneur,Entrepreneurship,"Tech & Engineering,Business & Finance",$35k–$85k,$45k–$150k
9.5,entrepreneur niche,0.172,Niche Publishing Entrepreneur,Entrepreneurship,"Media & Journalism,Design & Creative",Niche Product Entrepreneur,Marketing & Communications,"Business & Finance,Design & Creative",$45k–$150k,$20k–$150k
9.5,content video,0.029,Content Producer (Video),Science & Research,"Healthcare & Medicine,Tech & Engineering,Marketing & Communications",Video Game Reviewer (Content Creator),Media & Journalism,"Design & Creative,Tech & Engineering",$45k–$75k,$40k–$120k
9.5,content video,0.065,Content Producer (Video),Science & Research,"Healthcare & Medicine,Tech & Engineering,Marketing & Communications",Video Editor (Content Creator),Media & Journalism,"Design & Creative,Tech & Engineering",$45k–$75k,$35k–$75k
9.5,content video,0.069,Content Producer (Video),Science & Research,"Healthcare & Medicine,Tech & Engineering,Marketing & Communications",Video Editor (Content Creation),Media & Journalism,"Design & Creative,Arts & Performance",$45k–$75k,$45k–$85k
9.5,content video,0.083,Video Game Reviewer (Content Creator),Media & Journalism,"Design & Creative,Tech & Engineering",Video Content Strategist,Science & Research,"Healthcare & Medicine,Tech & Engineering,Marketing & Communications",$40k–$120k,$48k–$85k
9.5,content video,0.088,Video Editor (Content Creator),Media & Journalism,"Design & Creative,Tech & Engineering",Video Content Strategist,Science & Research,"Healthcare & Medicine,Tech & Engineering,Marketing & Communications",$35k–$75k,$48k–$85k
9.5,content video,0.129,Video Content Strategist,Science & Research,"Healthcare & Medicine,Tech & Engineering,Marketing & Communications",Video Editor (Content Creation),Media & Journalism,"Design & Creative,Arts & Performance",$48k–$85k,$45k–$85k
9.48,film makeup,0.333,Makeup Artist (Film & TV),Gaming & Esports,"Tech & Engineering,Marketing & Communications,Media & Journalism",Makeup Effects Designer (Film),Fashion & Beauty,"Arts & Performance,Design & Creative",$35k–$75k,$45k–$85k
9.48,film makeup,0.407,Makeup Artist (Film & TV),Gaming & Esports,"Tech & Engineering,Marketing & Communications,Media & Journalism",Makeup Effects Specialist (Film/TV),Fashion & Beauty,"Arts & Performance,Design & Creative",$35k–$75k,$35k–$75k
9.42,nonprofit operations,0.458,Nonprofit Operations Director,Social Impact & Nonprofit,"Business & Finance,Education & Coaching",Nonprofit Operations Manager,Supply Chain & Operations,"Business & Finance,Tech & Engineering,Arts & Performance",$45k–$75k,$45k–$75k
9.42,advocate education,0.333,Education Equity Advocate,Social Impact & Nonprofit,"Law & Government,Education & Coaching",Education Access Advocate,Gaming & Esports,"Tech & Engineering,Marketing & Communications,Architecture & Urban Planning",$45k–$70k,$45k–$75k
9.42,advocate education,0.1,Special Education Law Advocate,Education & Coaching,"Law & Government,Social Impact & Nonprofit",Education Access Advocate,Gaming & Esports,"Tech & Engineering,Marketing & Communications,Architecture & Urban Planning",$55k–$85k,$45k–$75k
9.42,advocate education,0.269,Education Access Advocate,Gaming & Esports,"Tech & Engineering,Marketing & Communications,Architecture & Urban Planning",Education Policy Advocate,Social Impact & Nonprofit,"Law & Government,Education & Coaching",$45k–$75k,$48k–$77k
9.42,advocate education,0.133,Education Access Advocate,Gaming & Esports,"Tech & Engineering,Marketing & Communications,Architecture & Urban Planning",Education Rights Advocate,Social Impact & Nonprofit,"Law & Government,Media & Journalism",$45k–$75k,$45k–$75k
9.42,advocate education,0.091,Education Access Advocate,Gaming & Esports,"Tech & Engineering,Marketing & Communications,Architecture & Urban Planning",Special Needs Education Advocate,Education & Coaching,"Social Impact & Nonprofit,Law & Government",$45k–$75k,$42k–$70k
9.42,advocate education,0.032,Education Access Advocate,Gaming & Esports,"Tech & Engineering,Marketing & Communications,Architecture & Urban Planning",Special Education Advocate,Education & Coaching,"Social Impact & Nonprofit,Law & Government",$45k–$75k,$37k–$63k
9.42,advocate education,0.632,Education Access Advocate,Gaming & Esports,"Tech & Engineering,Marketing & Communications,Architecture & Urban Planning",Education Justice Advocate,Social Impact & Nonprofit,"Law & Government,Education & Coaching",$45k–$75k,$45k–$75k
9.42,personal trainer,0.0,Personal Styling AI Trainer,Fashion & Beauty,"Tech & Engineering,Design & Creative",Personal Trainer,Sports & Fitness,"Healthcare & Medicine,Marketing & Communications,Science & Research",$60k–$95k,$35k–$65k
9.42,personal trainer,0.0,Personal Styling AI Trainer,Fashion & Beauty,"Tech & Engineering,Design & Creative",Personal Fitness Trainer (Adaptive),Sports & Fitness,"Healthcare & Medicine,Education & Coaching",$60k–$95k,$35k–$65k
9.42,personal trainer,0.0,Personal Styling AI Trainer,Fashion & Beauty,"Tech & Engineering,Design & Creative",Personal Trainer (Fitness),Sports & Fitness,"Healthcare & Medicine,Business & Finance",$60k–$95k,$35k–$70k
9.42,personal trainer,0.0,Personal Styling AI Trainer,Fashion & Beauty,"Tech & Engineering,Design & Creative",Personal Trainer Certification Specialist,Sports & Fitness,"Healthcare & Medicine,Education & Coaching",$60k–$95k,$35k–$65k
9.42,personal trainer,0.0,Personal Styling AI Trainer,Fashion & Beauty,"Tech & Engineering,Design & Creative",Fitness Trainer (Personal),Sports & Fitness,"Healthcare & Medicine,Business & Finance",$60k–$95k,$35k–$65k
9.42,personal trainer,0.0,Personal Styling AI Trainer,Fashion & Beauty,"Tech & Engineering,Design & Creative",Personal Trainer Specializing in Senior Fitness,Sports & Fitness,"Healthcare & Medicine,Marketing & Communications,Science & Research",$60k–$95k,$35k–$65k
9.42,personal trainer,0.0,Personal Styling AI Trainer,Fashion & Beauty,"Tech & Engineering,Design & Creative",Personal Trainer (Corporate Wellness),Sports & Fitness,"Healthcare & Medicine,Business & Finance",$60k–$95k,$35k–$65k
9.42,personal trainer,0.0,Personal Styling AI Trainer,Fashion & Beauty,"Tech & Engineering,Design & Creative",Personal Trainer Specialist (Adaptive),Sports & Fitness,"Healthcare & Medicine,Marketing & Communications,Science & Research",$60k–$95k,$35k–$65k
9.42,personal trainer,0.0,Personal Styling AI Trainer,Fashion & Beauty,"Tech & Engineering,Design & Creative",Certified Personal Trainer (Online),Sports & Fitness,"Healthcare & Medicine,Education & Coaching",$60k–$95k,$35k–$75k
9.42,personal trainer,0.0,Personal Styling AI Trainer,Fashion & Beauty,"Tech & Engineering,Design & Creative",Personal Trainer (Certification Specialist),Sports & Fitness,"Healthcare & Medicine,Education & Coaching",$60k–$95k,$40k–$65k
9.42,personal trainer,0.0,Personal Styling AI Trainer,Fashion & Beauty,"Tech & Engineering,Design & Creative",Personal Athletic Trainer,Sports & Fitness,"Healthcare & Medicine,Education & Coaching",$60k–$95k,$40k–$70k
9.42,personal trainer,0.0,Personal Styling AI Trainer,Fashion & Beauty,"Tech & Engineering,Design & Creative",Strength Trainer (Personal Training),Sports & Fitness,"Education & Coaching,Healthcare & Medicine",$60k–$95k,$35k–$70k
9.42,personal trainer,0.0,Personal Styling AI Trainer,Fashion & Beauty,"Tech & Engineering,Design & Creative",Personal Trainer (Certified),Sports & Fitness,"Healthcare & Medicine,Education & Coaching",$60k–$95k,$35k–$65k
9.42,personal trainer,0.0,Personal Styling AI Trainer,Fashion & Beauty,"Tech & Engineering,Design & Creative",Personal Trainer (Group Fitness),Sports & Fitness,"Education & Coaching,Business & Finance",$60k–$95k,$35k–$65k
9.4,brand sustainability,0.088,Beauty Brand Sustainability Officer,Fashion & Beauty,"Environment & Sustainability,Business & Finance",Sustainability Brand Designer,Design & Creative,"Entrepreneurship,Environment & Sustainability",$60k–$95k,$50k–$85k
9.4,brand sustainability,0.143,Beauty Brand Sustainability Officer,Fashion & Beauty,"Environment & Sustainability,Business & Finance",Sustainability-Focused Brand Designer,Design & Creative,"Environment & Sustainability,Entrepreneurship",$60k–$95k,$50k–$85k
9.37,digital editor,0.026,Digital Video Editor,Media & Journalism,"Design & Creative,Arts & Performance",Digital Magazine Editor,Science & Research,"Healthcare & Medicine,Tech & Engineering,Marketing & Communications",$45k–$85k,$45k–$75k
9.37,film video,0.0,Digital Restoration Specialist (Film & Video),Arts & Performance,"Tech & Engineering,Design & Creative",Color Grader (Film/Video),Media & Journalism,"Design & Creative,Tech & Engineering",$45k–$75k,$50k–$95k
9.34,event hotel,0.138,Hotel Event Sales Manager,Hospitality & Events,"Business & Finance,Entrepreneurship",Hotel Event Manager,Supply Chain & Operations,"Business & Finance,Tech & Engineering,Science & Research",$40k–$75k,$40k–$75k
9.34,event hotel,0.067,Hotel Event Manager,Supply Chain & Operations,"Business & Finance,Tech & Engineering,Science & Research",Sommelier (Hotel/Event),Hospitality & Events,"Business & Finance,Arts & Performance",$40k–$75k,$35k–$65k
9.32,digital product,0.444,Digital Product Creator,Marketing & Communications,"Business & Finance,Design & Creative,Architecture & Urban Planning",Digital Product Entrepreneur,Entrepreneurship,"Tech & Engineering,Business & Finance",$45k–$150k,$45k–$150k
9.32,digital product,0.158,Digital Product Creator,Marketing & Communications,"Business & Finance,Design & Creative,Architecture & Urban Planning",Digital Product Strategist (Freelance),Entrepreneurship,"Tech & Engineering,Design & Creative",$45k–$150k,$60k–$120k
9.32,digital product,0.2,Digital Product Entrepreneur,Entrepreneurship,"Tech & Engineering,Business & Finance",Digital Product Designer,Design & Creative,"Tech & Engineering,Business & Finance",$45k–$150k,$65k–$120k
9.31,counselor medical,0.024,Genetic Counselor (Medical),Healthcare & Medicine,"Science & Research,Tech & Engineering,Social Impact & Nonprofit",Medical School Admissions Counselor,Education & Coaching,"Social Impact & Nonprofit,Tech & Engineering,Architecture & Urban Planning",$60k–$95k,$50k–$85k
9.3,grant nonprofit,0.129,Grant Underwriter (Nonprofit Finance),Business & Finance,"Social Impact & Nonprofit,Law & Government",Grant Writer (Nonprofit),Media & Journalism,"Social Impact & Nonprofit,Law & Government",$50k–$75k,$45k–$70k
9.29,event venue,0.138,Wedding and Event Venue Manager,Hospitality & Events,"Design & Creative,Business & Finance",Event Venue Manager,Supply Chain & Operations,"Business & Finance,Tech & Engineering,Science & Research",$35k–$65k,$35k–$65k
9.29,event venue,0.259,Event Venue Operator,Hospitality & Events,"Business & Finance,Entrepreneurship",Event Venue Manager,Supply Chain & Operations,"Business & Finance,Tech & Engineering,Science & Research",$35k–$65k,$35k–$65k
9.29,event venue,0.091,Event Venue Sales Manager,Hospitality & Events,"Business & Finance,Entrepreneurship",Event Venue Manager,Supply Chain & Operations,"Business & Finance,Tech & Engineering,Science & Research",$40k–$75k,$35k–$65k
9.29,event venue,0.088,Live Event Venue Booking Agent,Arts & Performance,"Hospitality & Events,Business & Finance",Event Venue Manager,Supply Chain & Operations,"Business & Finance,Tech & Engineering,Science & Research",$35k–$65k,$35k–$65k
9.29,event venue,0.1,Event Venue Designer,Hospitality & Events,"Design & Creative,Arts & Performance",Event Venue Manager,Supply Chain & Operations,"Business & Finance,Tech & Engineering,Science & Research",$45k–$75k,$35k–$65k
9.27,advocate environmental,0.088,Environmental Justice Advocate,Gaming & Esports,"Tech & Engineering,Marketing & Communications,Science & Research",Environmental Policy Advocate,Environment & Sustainability,"Law & Government,Social Impact & Nonprofit",$45k–$70k,$48k–$85k
9.27,advocate environmental,0.026,Environmental Justice Advocate,Gaming & Esports,"Tech & Engineering,Marketing & Communications,Science & Research",Environmental Law Advocate,Law & Government,"Environment & Sustainability,Social Impact & Nonprofit",$45k–$70k,$55k–$95k
9.26,journalist social,0.061,Social Media Journalist,Media & Journalism,"Marketing & Communications,Arts & Performance,Law & Government",Social Impact Journalist,Social Impact & Nonprofit,"Education & Coaching,Law & Government,Science & Research",$35k–$75k,$45k–$75k
9.26,impact social,0.0,Social Impact Entrepreneur,Environment & Sustainability,"Science & Research,Law & Government,Entrepreneurship",Social Impact Data Analyst,Social Impact & Nonprofit,"Education & Coaching,Law & Government,Science & Research",$45k–$120k,$52k–$80k
9.26,impact social,0.121,Social Impact Entrepreneur,Environment & Sustainability,"Science & Research,Law & Government,Entrepreneurship",Social Impact Strategist,Social Impact & Nonprofit,"Education & Coaching,Law & Government,Science & Research",$45k–$120k,$48k–$77k
9.26,impact social,0.028,Social Impact Entrepreneur,Environment & Sustainability,"Science & Research,Law & Government,Entrepreneurship",Social Impact Journalist,Social Impact & Nonprofit,"Education & Coaching,Law & Government,Science & Research",$45k–$120k,$45k–$75k
9.26,impact social,0.161,Social Impact Entrepreneur,Environment & Sustainability,"Science & Research,Law & Government,Entrepreneurship",Social Impact Consultant,Social Impact & Nonprofit,"Education & Coaching,Law & Government,Science & Research",$45k–$120k,$55k–$90k
9.24,design experience,0.179,Experience Design Lead,Science & Research,"Healthcare & Medicine,Tech & Engineering,Architecture & Urban Planning",Experience Researcher (Design),Design & Creative,"Tech & Engineering,Business & Finance",$75k–$120k,$55k–$85k
9.24,design experience,0.37,Experience Design Lead,Science & Research,"Healthcare & Medicine,Tech & Engineering,Architecture & Urban Planning",Experience Design Strategist,Design & Creative,"Tech & Engineering,Business & Finance",$75k–$120k,$65k–$110k
9.24,design experience,0.545,Experience Design Lead,Science & Research,"Healthcare & Medicine,Tech & Engineering,Architecture & Urban Planning",Experience Design Director,Design & Creative,"Tech & Engineering,Business & Finance",$75k–$120k,$70k–$130k
9.24,content editor,0.027,Content Editor,Science & Research,"Healthcare & Medicine,Tech & Engineering,Marketing & Communications",Video Editor (Content Creator),Media & Journalism,"Design & Creative,Tech & Engineering",$45k–$75k,$35k–$75k
9.24,content editor,0.029,Content Editor,Science & Research,"Healthcare & Medicine,Tech & Engineering,Marketing & Communications",Video Editor (Content Creation),Media & Journalism,"Design & Creative,Arts & Performance",$45k–$75k,$45k–$85k
9.24,media rights,0.105,Media Rights Negotiator,Marketing & Communications,"Business & Finance,Design & Creative,Media & Journalism",Media Rights Analyst,Law & Government,"Business & Finance,Social Impact & Nonprofit,Science & Research",$65k–$130k,$58k–$95k
9.24,conservation scientist,0.057,Soil Conservation Scientist,Environment & Sustainability,"Science & Research,Law & Government",Art Conservation Scientist,Arts & Performance,"Science & Research,Education & Coaching",$40k–$75k,$45k–$75k
9.24,conservation scientist,0.0,Soil Conservation Scientist,Environment & Sustainability,"Science & Research,Law & Government",Museum Conservation Scientist,Arts & Performance,"Science & Research,Education & Coaching",$40k–$75k,$45k–$75k
9.24,conservation scientist,0.0,Conservation Scientist,Environment & Sustainability,"Science & Research,Law & Government,Tech & Engineering",Art Conservation Scientist,Arts & Performance,"Science & Research,Education & Coaching",$45k–$75k,$45k–$75k
9.24,conservation scientist,0.0,Conservation Scientist,Environment & Sustainability,"Science & Research,Law & Government,Tech & Engineering",Museum Conservation Scientist,Arts & Performance,"Science & Research,Education & Coaching",$45k–$75k,$45k–$75k
9.24,conservation scientist,0.031,Art Conservation Scientist,Arts & Performance,"Science & Research,Education & Coaching",Ocean Conservation Scientist,Environment & Sustainability,"Science & Research,Law & Government,Tech & Engineering",$45k–$75k,$45k–$85k
9.24,conservation scientist,0.0,Museum Conservation Scientist,Arts & Performance,"Science & Research,Education & Coaching",Ocean Conservation Scientist,Environment & Sustainability,"Science & Research,Law & Government,Tech & Engineering",$45k–$75k,$45k–$85k
9.24,community development,0.36,Community Development Specialist,Social Impact & Nonprofit,"Education & Coaching,Law & Government",Community Development Manager,Gaming & Esports,"Tech & Engineering,Marketing & Communications,Science & Research",$42k–$65k,$42k–$65k
9.24,community development,0.214,Community Development Specialist,Social Impact & Nonprofit,"Education & Coaching,Law & Government",Community Development Officer,Gaming & Esports,"Tech & Engineering,Marketing & Communications,Architecture & Urban Planning",$42k–$65k,$40k–$65k
9.24,community development,0.2,Community Development Specialist,Social Impact & Nonprofit,"Education & Coaching,Law & Government",Community Development Director,Gaming & Esports,"Tech & Engineering,Marketing & Communications,Architecture & Urban Planning",$42k–$65k,$45k–$65k
9.24,community development,0.214,Community Development Coordinator,Social Impact & Nonprofit,"Education & Coaching,Law & Government",Community Development Manager,Gaming & Esports,"Tech & Engineering,Marketing & Communications,Science & Research",$37k–$63k,$42k–$65k
9.24,community development,0.172,Community Development Coordinator,Social Impact & Nonprofit,"Education & Coaching,Law & Government",Community Development Officer,Gaming & Esports,"Tech & Engineering,Marketing & Communications,Architecture & Urban Planning",$37k–$63k,$40k–$65k
9.24,community development,0.25,Community Development Coordinator,Social Impact & Nonprofit,"Education & Coaching,Law & Government",Community Development Director,Gaming & Esports,"Tech & Engineering,Marketing & Communications,Architecture & Urban Planning",$37k–$63k,$45k–$65k
9.24,community development,0.25,Community Development Manager,Gaming & Esports,"Tech & Engineering,Marketing & Communications,Science & Research",Community Development Program Manager,Social Impact & Nonprofit,"Education & Coaching,Law & Government",$42k–$65k,$45k–$65k
9.24,community development,0.4,Community Development Officer,Gaming & Esports,"Tech & Engineering,Marketing & Communications,Architecture & Urban Planning",Community Development Program Manager,Social Impact & Nonprofit,"Education & Coaching,Law & Government",$40k–$65k,$45k–$65k
9.24,community development,0.292,Community Development Director,Gaming & Esports,"Tech & Engineering,Marketing & Communications,Architecture & Urban Planning",Community Development Program Manager,Social Impact & Nonprofit,"Education & Coaching,Law & Government",$45k–$65k,$45k–$65k
9.23,community health,0.1,Community Health Worker,Gaming & Esports,"Tech & Engineering,Marketing & Communications,Science & Research",Community Health Advocate,Social Impact & Nonprofit,"Healthcare & Medicine,Law & Government",$38k–$56k,$35k–$55k
9.23,community health,0.091,Community Health Worker,Gaming & Esports,"Tech & Engineering,Marketing & Communications,Science & Research",Community Health Educator,Social Impact & Nonprofit,"Education & Coaching,Healthcare & Medicine",$38k–$56k,$35k–$60k
9.23,community health,0.171,Community Health Worker (Paid),Social Impact & Nonprofit,"Healthcare & Medicine,Education & Coaching",Community Health Nurse,Gaming & Esports,"Tech & Engineering,Marketing & Communications,Education & Coaching",$30k–$45k,$30k–$45k
9.23,community health,0.206,Community Health Worker Trainer,Social Impact & Nonprofit,"Healthcare & Medicine,Education & Coaching",Community Health Nurse,Gaming & Esports,"Tech & Engineering,Marketing & Communications,Education & Coaching",$42k–$65k,$30k–$45k
9.23,community health,0.077,Community Health Advocate,Social Impact & Nonprofit,"Healthcare & Medicine,Law & Government",Community Health Nurse,Gaming & Esports,"Tech & Engineering,Marketing & Communications,Education & Coaching",$35k–$55k,$30k–$45k
9.23,community health,0.122,Community Health Nurse,Gaming & Esports,"Tech & Engineering,Marketing & Communications,Education & Coaching",Community Health Educator,Social Impact & Nonprofit,"Education & Coaching,Healthcare & Medicine",$30k–$45k,$35k–$60k
9.23,community health,0.175,Community Health Nurse,Gaming & Esports,"Tech & Engineering,Marketing & Communications,Education & Coaching",Community Health Worker Supervisor,Social Impact & Nonprofit,"Healthcare & Medicine,Law & Government",$30k–$45k,$42k–$65k
9.23,community health,0.108,Community Health Nurse,Gaming & Esports,"Tech & Engineering,Marketing & Communications,Education & Coaching",Community Health Worker Coordinator,Social Impact & Nonprofit,"Healthcare & Medicine,Education & Coaching",$30k–$45k,$38k–$58k
9.21,artist makeup,0.458,Makeup Effect Artist,Fashion & Beauty,"Arts & Performance,Design & Creative",Makeup Effects Artist,Hospitality & Events,"Food & Culinary,Marketing & Communications,Architecture & Urban Planning",$35k–$75k,$35k–$85k
9.21,artist makeup,0.233,Makeup Effect Artist,Fashion & Beauty,"Arts & Performance,Design & Creative",Makeup Artist (Film & TV),Gaming & Esports,"Tech & Engineering,Marketing & Communications,Media & Journalism",$35k–$75k,$35k–$75k
9.21,artist makeup,0.054,Makeup Effect Artist,Fashion & Beauty,"Arts & Performance,Design & Creative",Makeup Artist (Bridal),Supply Chain & Operations,"Business & Finance,Tech & Engineering,Arts & Performance",$35k–$75k,$35k–$75k
9.21,artist makeup,0.267,Makeup Artist (TV & Film),Fashion & Beauty,"Arts & Performance,Design & Creative",Makeup Effects Artist,Hospitality & Events,"Food & Culinary,Marketing & Communications,Architecture & Urban Planning",$35k–$75k,$35k–$85k
9.21,artist makeup,0.077,Makeup Artist (TV & Film),Fashion & Beauty,"Arts & Performance,Design & Creative",Makeup Artist (Bridal),Supply Chain & Operations,"Business & Finance,Tech & Engineering,Arts & Performance",$35k–$75k,$35k–$75k
9.21,artist makeup,0.435,Makeup Artist (Theater/Film),Fashion & Beauty,"Arts & Performance,Design & Creative",Makeup Effects Artist,Hospitality & Events,"Food & Culinary,Marketing & Communications,Architecture & Urban Planning",$35k–$75k,$35k–$85k
9.21,artist makeup,0.088,Makeup Artist (Theater/Film),Fashion & Beauty,"Arts & Performance,Design & Creative",Makeup Artist (Bridal),Supply Chain & Operations,"Business & Finance,Tech & Engineering,Arts & Performance",$35k–$75k,$35k–$75k
9.21,artist makeup,0.25,Makeup Effects Artist,Hospitality & Events,"Food & Culinary,Marketing & Communications,Architecture & Urban Planning",Makeup Artist for Film and Television,Fashion & Beauty,"Design & Creative,Marketing & Communications,Arts & Performance",$35k–$85k,$35k–$85k
9.21,artist makeup,0.435,Makeup Effects Artist,Hospitality & Events,"Food & Culinary,Marketing & Communications,Architecture & Urban Planning",Makeup Artist (Film/Theater),Fashion & Beauty,"Arts & Performance,Design & Creative",$35k–$85k,$35k–$75k
9.21,artist makeup,0.235,Makeup Effects Artist,Hospitality & Events,"Food & Culinary,Marketing & Communications,Architecture & Urban Planning",Theatrical Makeup Artist,Fashion & Beauty,"Design & Creative,Marketing & Communications,Arts & Performance",$35k–$85k,$30k–$75k
9.21,artist makeup,0.027,Makeup Effects Artist,Hospitality & Events,"Food & Culinary,Marketing & Communications,Architecture & Urban Planning",Permanent Makeup Artist,Fashion & Beauty,"Healthcare & Medicine,Entrepreneurship",$35k–$85k,$35k–$75k
9.21,artist makeup,0.133,Makeup Effects Artist,Hospitality & Events,"Food & Culinary,Marketing & Communications,Architecture & Urban Planning",Makeup Artist (Film & Theater),Fashion & Beauty,"Arts & Performance,Design & Creative",$35k–$85k,$32k–$65k
9.21,artist makeup,0.054,Makeup Effects Artist,Hospitality & Events,"Food & Culinary,Marketing & Communications,Architecture & Urban Planning",Wedding Makeup Artist,Fashion & Beauty,"Design & Creative,Marketing & Communications,Science & Research",$35k–$85k,$35k–$65k
9.21,artist makeup,0.026,Makeup Effects Artist,Hospitality & Events,"Food & Culinary,Marketing & Communications,Architecture & Urban Planning",Makeup Artist Manager (Beauty Brand),Fashion & Beauty,"Business & Finance,Design & Creative",$35k–$85k,$45k–$75k
9.21,artist makeup,0.31,Makeup Effects Artist,Hospitality & Events,"Food & Culinary,Marketing & Communications,Architecture & Urban Planning",Makeup Artist (Film & TV),Gaming & Esports,"Tech & Engineering,Marketing & Communications,Media & Journalism",$35k–$85k,$35k–$75k
9.21,artist makeup,0.053,Makeup Effects Artist,Hospitality & Events,"Food & Culinary,Marketing & Communications,Architecture & Urban Planning",Makeup Artist,Fashion & Beauty,"Design & Creative,Marketing & Communications,Media & Journalism",$35k–$85k,$30k–$65k
9.21,artist makeup,0.026,Makeup Effects Artist,Hospitality & Events,"Food & Culinary,Marketing & Communications,Architecture & Urban Planning",Permanent Makeup Artist (Medical),Fashion & Beauty,"Healthcare & Medicine,Design & Creative",$35k–$85k,$40k–$75k
9.21,artist makeup,0.267,Makeup Effects Artist,Hospitality & Events,"Food & Culinary,Marketing & Communications,Architecture & Urban Planning",Makeup Artist (Film & Television),Fashion & Beauty,"Arts & Performance,Design & Creative",$35k–$85k,$35k–$85k
9.21,artist makeup,0.241,Makeup Effects Artist,Hospitality & Events,"Food & Culinary,Marketing & Communications,Architecture & Urban Planning",Makeup Artist (Film/TV),Fashion & Beauty,"Design & Creative,Marketing & Communications,Arts & Performance",$35k–$85k,$35k–$75k
9.21,artist makeup,0.267,Makeup Effects Artist,Hospitality & Events,"Food & Culinary,Marketing & Communications,Architecture & Urban Planning",Custom Makeup Artist (Film/TV),Fashion & Beauty,"Arts & Performance,Design & Creative",$35k–$85k,$45k–$85k
9.21,artist makeup,0.081,Makeup Effects Artist,Hospitality & Events,"Food & Culinary,Marketing & Communications,Architecture & Urban Planning",Makeup Artist (Bridal),Supply Chain & Operations,"Business & Finance,Tech & Engineering,Arts & Performance",$35k–$85k,$35k–$75k
9.21,artist makeup,0.133,Makeup Effects Artist,Hospitality & Events,"Food & Culinary,Marketing & Communications,Architecture & Urban Planning",Makeup Artist for Film,Fashion & Beauty,"Design & Creative,Marketing & Communications,Science & Research",$35k–$85k,$35k–$75k
9.21,artist makeup,0.219,Makeup Effects Artist,Hospitality & Events,"Food & Culinary,Marketing & Communications,Architecture & Urban Planning",Makeup Artist for Film & Television,Fashion & Beauty,"Arts & Performance,Design & Creative",$35k–$85k,$35k–$85k
9.21,artist makeup,0.226,Makeup Effects Artist,Hospitality & Events,"Food & Culinary,Marketing & Communications,Architecture & Urban Planning",Makeup Artist for Theater & Film,Fashion & Beauty,"Arts & Performance,Design & Creative",$35k–$85k,$35k–$75k
9.21,artist makeup,0.226,Makeup Effects Artist (Non-Theater),Fashion & Beauty,"Media & Journalism,Design & Creative",Makeup Artist (Film & TV),Gaming & Esports,"Tech & Engineering,Marketing & Communications,Media & Journalism",$35k–$75k,$35k–$75k
9.21,artist makeup,0.0,Makeup Effects Artist (Non-Theater),Fashion & Beauty,"Media & Journalism,Design & Creative",Makeup Artist (Bridal),Supply Chain & Operations,"Business & Finance,Tech & Engineering,Arts & Performance",$35k–$75k,$35k–$75k
9.21,artist makeup,0.31,Makeup Artist (Special Effects),Fashion & Beauty,"Arts & Performance,Media & Journalism",Makeup Artist (Film & TV),Gaming & Esports,"Tech & Engineering,Marketing & Communications,Media & Journalism",$35k–$75k,$35k–$75k
9.21,artist makeup,0.026,Makeup Artist (Special Effects),Fashion & Beauty,"Arts & Performance,Media & Journalism",Makeup Artist (Bridal),Supply Chain & Operations,"Business & Finance,Tech & Engineering,Arts & Performance",$35k–$75k,$35k–$75k
9.21,artist makeup,0.083,Makeup Artist for Film and Television,Fashion & Beauty,"Design & Creative,Marketing & Communications,Arts & Performance",Makeup Artist (Bridal),Supply Chain & Operations,"Business & Finance,Tech & Engineering,Arts & Performance",$35k–$85k,$35k–$75k
9.21,artist makeup,0.088,Makeup Artist (Film/Theater),Fashion & Beauty,"Arts & Performance,Design & Creative",Makeup Artist (Bridal),Supply Chain & Operations,"Business & Finance,Tech & Engineering,Arts & Performance",$35k–$75k,$35k–$75k
9.21,artist makeup,0.294,Theatrical Makeup Artist,Fashion & Beauty,"Design & Creative,Marketing & Communications,Arts & Performance",Makeup Artist (Film & TV),Gaming & Esports,"Tech & Engineering,Marketing & Communications,Media & Journalism",$30k–$75k,$35k–$75k
9.21,artist makeup,0.07,Theatrical Makeup Artist,Fashion & Beauty,"Design & Creative,Marketing & Communications,Arts & Performance",Makeup Artist (Bridal),Supply Chain & Operations,"Business & Finance,Tech & Engineering,Arts & Performance",$30k–$75k,$35k–$75k
9.21,artist makeup,0.026,Permanent Makeup Artist,Fashion & Beauty,"Healthcare & Medicine,Entrepreneurship",Makeup Artist (Film & TV),Gaming & Esports,"Tech & Engineering,Marketing & Communications,Media & Journalism",$35k–$75k,$35k–$75k
9.21,artist makeup,0.05,Permanent Makeup Artist,Fashion & Beauty,"Healthcare & Medicine,Entrepreneurship",Makeup Artist (Bridal),Supply Chain & Operations,"Business & Finance,Tech & Engineering,Arts & Performance",$35k–$75k,$35k–$75k
9.21,artist makeup,0.056,Makeup Artist (Film & Theater),Fashion & Beauty,"Arts & Performance,Design & Creative",Makeup Artist (Bridal),Supply Chain & Operations,"Business & Finance,Tech & Engineering,Arts & Performance",$32k–$65k,$35k–$75k
9.21,artist makeup,0.079,Wedding Makeup Artist,Fashion & Beauty,"Design & Creative,Marketing & Communications,Science & Research",Makeup Artist (Film & TV),Gaming & Esports,"Tech & Engineering,Marketing & Communications,Media & Journalism",$35k–$65k,$35k–$75k
9.21,artist makeup,0.075,Wedding Makeup Artist,Fashion & Beauty,"Design & Creative,Marketing & Communications,Science & Research",Makeup Artist (Bridal),Supply Chain & Operations,"Business & Finance,Tech & Engineering,Arts & Performance",$35k–$65k,$35k–$75k
9.21,artist makeup,0.05,Makeup Artist Manager (Beauty Brand),Fashion & Beauty,"Business & Finance,Design & Creative",Makeup Artist (Film & TV),Gaming & Esports,"Tech & Engineering,Marketing & Communications,Media & Journalism",$45k–$75k,$35k–$75k
9.21,artist makeup,0.023,Makeup Artist Manager (Beauty Brand),Fashion & Beauty,"Business & Finance,Design & Creative",Makeup Artist (Bridal),Supply Chain & Operations,"Business & Finance,Tech & Engineering,Arts & Performance",$45k–$75k,$35k–$75k
9.21,artist makeup,0.233,Makeup Effects Artist (SFX),Fashion & Beauty,"Arts & Performance,Media & Journalism",Makeup Artist (Film & TV),Gaming & Esports,"Tech & Engineering,Marketing & Communications,Media & Journalism",$35k–$75k,$35k–$75k
9.21,artist makeup,0.0,Makeup Effects Artist (SFX),Fashion & Beauty,"Arts & Performance,Media & Journalism",Makeup Artist (Bridal),Supply Chain & Operations,"Business & Finance,Tech & Engineering,Arts & Performance",$35k–$75k,$35k–$75k
9.21,artist makeup,0.105,Makeup Artist (Film & TV),Gaming & Esports,"Tech & Engineering,Marketing & Communications,Media & Journalism",Makeup Artist,Fashion & Beauty,"Design & Creative,Marketing & Communications,Media & Journalism",$35k–$75k,$30k–$65k
9.21,artist makeup,0.024,Makeup Artist (Film & TV),Gaming & Esports,"Tech & Engineering,Marketing & Communications,Media & Journalism",Permanent Makeup Artist (Medical),Fashion & Beauty,"Healthcare & Medicine,Design & Creative",$35k–$75k,$40k–$75k
9.21,artist makeup,0.05,Makeup Artist (Film & TV),Gaming & Esports,"Tech & Engineering,Marketing & Communications,Media & Journalism",Makeup Artist (Bridal),Supply Chain & Operations,"Business & Finance,Tech & Engineering,Arts & Performance",$35k–$75k,$35k–$75k
9.21,artist makeup,0.226,Makeup Artist (Film & TV),Gaming & Esports,"Tech & Engineering,Marketing & Communications,Media & Journalism",Makeup Effects Artist (Special FX),Fashion & Beauty,"Arts & Performance,Design & Creative",$35k–$75k,$35k–$75k
9.21,artist makeup,0.462,Makeup Artist (Film & TV),Gaming & Esports,"Tech & Engineering,Marketing & Communications,Media & Journalism",Special Effects Makeup Artist,Fashion & Beauty,"Design & Creative,Marketing & Communications,Arts & Performance",$35k–$75k,$35k–$75k
9.21,artist makeup,0.026,Makeup Effects Artist (Theater/Film),Fashion & Beauty,"Arts & Performance,Design & Creative",Makeup Artist (Bridal),Supply Chain & Operations,"Business & Finance,Tech & Engineering,Arts & Performance",$35k–$75k,$35k–$75k
9.21,artist makeup,0.158,Makeup Artist,Fashion & Beauty,"Design & Creative,Marketing & Communications,Media & Journalism",Makeup Artist (Bridal),Supply Chain & Operations,"Business & Finance,Tech & Engineering,Arts & Performance",$30k–$65k,$35k–$75k
9.21,artist makeup,0.024,Makeup Effects Artist (Theater & Film),Fashion & Beauty,"Arts & Performance,Design & Creative",Makeup Artist (Bridal),Supply Chain & Operations,"Business & Finance,Tech & Engineering,Arts & Performance",$35k–$75k,$35k–$75k
9.21,artist makeup,0.027,Makeup Effects Artist (Film),Fashion & Beauty,"Arts & Performance,Design & Creative",Makeup Artist (Bridal),Supply Chain & Operations,"Business & Finance,Tech & Engineering,Arts & Performance",$40k–$85k,$35k–$75k
9.21,artist makeup,0.073,Permanent Makeup Artist (Medical),Fashion & Beauty,"Healthcare & Medicine,Design & Creative",Makeup Artist (Bridal),Supply Chain & Operations,"Business & Finance,Tech & Engineering,Arts & Performance",$40k–$75k,$35k–$75k
9.21,artist makeup,0.05,Makeup Artist (Film & Television),Fashion & Beauty,"Arts & Performance,Design & Creative",Makeup Artist (Bridal),Supply Chain & Operations,"Business & Finance,Tech & Engineering,Arts & Performance",$35k–$85k,$35k–$75k
9.21,artist makeup,0.026,Makeup Artist (Film/TV),Fashion & Beauty,"Design & Creative,Marketing & Communications,Arts & Performance",Makeup Artist (Bridal),Supply Chain & Operations,"Business & Finance,Tech & Engineering,Arts & Performance",$35k–$75k,$35k–$75k
9.21,artist makeup,0.05,Custom Makeup Artist (Film/TV),Fashion & Beauty,"Arts & Performance,Design & Creative",Makeup Artist (Bridal),Supply Chain & Operations,"Business & Finance,Tech & Engineering,Arts & Performance",$45k–$85k,$35k–$75k
9.21,artist makeup,0.118,Makeup Effects Artist (Film/TV),Fashion & Beauty,"Arts & Performance,Design & Creative",Makeup Artist (Bridal),Supply Chain & Operations,"Business & Finance,Tech & Engineering,Arts & Performance",$35k–$75k,$35k–$75k
9.21,artist makeup,0.027,Makeup Artist (Bridal),Supply Chain & Operations,"Business & Finance,Tech & Engineering,Arts & Performance",Makeup Artist for Film,Fashion & Beauty,"Design & Creative,Marketing & Communications,Science & Research",$35k–$75k,$35k–$75k
9.21,artist makeup,0.049,Makeup Artist (Bridal),Supply Chain & Operations,"Business & Finance,Tech & Engineering,Arts & Performance",Makeup Artist for Film & Television,Fashion & Beauty,"Arts & Performance,Design & Creative",$35k–$75k,$35k–$85k
9.21,artist makeup,0.053,Makeup Artist (Bridal),Supply Chain & Operations,"Business & Finance,Tech & Engineering,Arts & Performance",Makeup Effects Artist (Special FX),Fashion & Beauty,"Arts & Performance,Design & Creative",$35k–$75k,$35k–$75k
9.21,artist makeup,0.053,Makeup Artist (Bridal),Supply Chain & Operations,"Business & Finance,Tech & Engineering,Arts & Performance",Special Effects Makeup Artist,Fashion & Beauty,"Design & Creative,Marketing & Communications,Arts & Performance",$35k–$75k,$35k–$75k
9.21,artist makeup,0.05,Makeup Artist (Bridal),Supply Chain & Operations,"Business & Finance,Tech & Engineering,Arts & Performance",Makeup Artist for Theater & Film,Fashion & Beauty,"Arts & Performance,Design & Creative",$35k–$75k,$35k–$75k
9.2,grant researcher,0.25,Grant Researcher (Nonprofits),Social Impact & Nonprofit,"Law & Government,Business & Finance",Grant Writing Researcher,Science & Research,"Law & Government,Education & Coaching",$45k–$75k,$52k–$85k
9.2,grant researcher,0.3,Grant Researcher (Nonprofits),Social Impact & Nonprofit,"Law & Government,Business & Finance",Grant Researcher,Science & Research,Education & Coaching,$45k–$75k,$50k–$85k
9.2,developer software,0.111,Software as a Service (SaaS) Developer,Entrepreneurship,"Business & Finance,Tech & Engineering,Science & Research",Software Developer,Aviation & Transportation,"Tech & Engineering,Science & Research",$70k–$150k,$70k–$150k
9.2,developer software,0.024,Software as a Service (SaaS) Developer,Entrepreneurship,"Business & Finance,Tech & Engineering,Science & Research",Quantum Software Developer,Healthcare & Medicine,"Science & Research,Tech & Engineering,Architecture & Urban Planning",$70k–$150k,$30k–$45k
9.2,developer software,0.053,Bootstrapped Software Developer,Entrepreneurship,"Tech & Engineering,Business & Finance",Software Developer,Aviation & Transportation,"Tech & Engineering,Science & Research",$20k–$150k,$70k–$150k
9.2,developer software,0.024,Bootstrapped Software Developer,Entrepreneurship,"Tech & Engineering,Business & Finance",Quantum Software Developer,Healthcare & Medicine,"Science & Research,Tech & Engineering,Architecture & Urban Planning",$20k–$150k,$30k–$45k
9.2,developer software,0.081,Software Developer,Aviation & Transportation,"Tech & Engineering,Science & Research",Quantum Software Developer,Healthcare & Medicine,"Science & Research,Tech & Engineering,Architecture & Urban Planning",$70k–$150k,$30k–$45k
9.19,content writer,0.0,Content Writer (Specialized),Marketing & Communications,"Business & Finance,Design & Creative,Science & Research",UX Writer (Tech Content),Media & Journalism,"Tech & Engineering,Design & Creative",$45k–$75k,$65k–$110k
9.19,fitness instructor,0.296,Fitness Bootcamp Instructor,Sports & Fitness,"Education & Coaching,Healthcare & Medicine",Dance Fitness Instructor,Gaming & Esports,"Tech & Engineering,Marketing & Communications,Architecture & Urban Planning",$32k–$65k,$28k–$55k
9.19,fitness instructor,0.179,Fitness Bootcamp Instructor,Sports & Fitness,"Education & Coaching,Healthcare & Medicine",Fitness Class Instructor,Gaming & Esports,"Tech & Engineering,Marketing & Communications,Architecture & Urban Planning",$32k–$65k,$35k–$65k
9.19,fitness instructor,0.25,Fitness Class Instructor (Specialty),Sports & Fitness,"Education & Coaching,Hospitality & Events",Dance Fitness Instructor,Gaming & Esports,"Tech & Engineering,Marketing & Communications,Architecture & Urban Planning",$35k–$65k,$28k–$55k
9.19,fitness instructor,0.25,Dance Fitness Instructor,Gaming & Esports,"Tech & Engineering,Marketing & Communications,Architecture & Urban Planning",Fitness Class Instructor (Group),Sports & Fitness,"Education & Coaching,Hospitality & Events",$28k–$55k,$28k–$55k
9.19,fitness instructor,0.3,Dance Fitness Instructor,Gaming & Esports,"Tech & Engineering,Marketing & Communications,Architecture & Urban Planning",Group Fitness Instructor,Sports & Fitness,"Education & Coaching,Social Impact & Nonprofit",$28k–$55k,$28k–$55k
9.19,fitness instructor,0.171,Dance Fitness Instructor,Gaming & Esports,"Tech & Engineering,Marketing & Communications,Architecture & Urban Planning",Fitness Class Instructor (Specialized),Sports & Fitness,"Education & Coaching,Healthcare & Medicine",$28k–$55k,$35k–$65k
9.19,fitness instructor,0.321,Group Fitness Instructor,Sports & Fitness,"Education & Coaching,Social Impact & Nonprofit",Fitness Class Instructor,Gaming & Esports,"Tech & Engineering,Marketing & Communications,Architecture & Urban Planning",$28k–$55k,$35k–$65k
9.19,corporate learning,0.357,Corporate Learning Director,Sports & Fitness,"Healthcare & Medicine,Marketing & Communications,Science & Research",Corporate Learning Manager,Education & Coaching,"Business & Finance,Tech & Engineering",$65k–$110k,$60k–$95k
9.19,corporate learning,0.212,Corporate Learning Director,Sports & Fitness,"Healthcare & Medicine,Marketing & Communications,Science & Research",Corporate Learning and Development Manager,Education & Coaching,"Business & Finance,Tech & Engineering",$65k–$110k,$58k–$95k
9.19,corporate learning,0.29,Corporate Learning Director,Sports & Fitness,"Healthcare & Medicine,Marketing & Communications,Science & Research",Learning Experience Designer (Corporate),Education & Coaching,"Tech & Engineering,Business & Finance",$65k–$110k,$60k–$95k
9.19,auditor fashion,0.357,Sustainability Fashion Auditor,Fashion & Beauty,"Environment & Sustainability,Business & Finance",Sustainable Fashion Auditor,Marketing & Communications,"Business & Finance,Design & Creative,Science & Research",$52k–$85k,$58k–$95k
9.19,auditor fashion,0.333,Ethical Fashion Auditor,Fashion & Beauty,"Law & Government,Environment & Sustainability",Sustainable Fashion Auditor,Marketing & Communications,"Business & Finance,Design & Creative,Science & Research",$52k–$85k,$58k–$95k
9.18,researcher science,0.027,Strength Science Researcher,Sports & Fitness,"Healthcare & Medicine,Science & Research",Science Researcher Communicator,Media & Journalism,"Science & Research,Education & Coaching",$50k–$85k,$45k–$75k
9.18,researcher science,0.024,Strength Science Researcher,Sports & Fitness,"Healthcare & Medicine,Science & Research",Beauty Science Researcher,Fashion & Beauty,"Science & Research,Healthcare & Medicine",$50k–$85k,$60k–$95k
9.18,researcher science,0.029,Science Researcher Communicator,Media & Journalism,"Science & Research,Education & Coaching",Exercise Science Researcher,Sports & Fitness,"Healthcare & Medicine,Science & Research",$45k–$75k,$48k–$85k
9.18,researcher science,0.086,Science Researcher Communicator,Media & Journalism,"Science & Research,Education & Coaching",Beauty Science Researcher,Fashion & Beauty,"Science & Research,Healthcare & Medicine",$45k–$75k,$60k–$95k
9.18,researcher science,0.026,Exercise Science Researcher,Sports & Fitness,"Healthcare & Medicine,Science & Research",Beauty Science Researcher,Fashion & Beauty,"Science & Research,Healthcare & Medicine",$48k–$85k,$60k–$95k
9.15,content digital,0.132,Digital Content Strategist,Media & Journalism,"Design & Creative,Business & Finance",Digital Content Manager,Science & Research,"Healthcare & Medicine,Tech & Engineering,Marketing & Communications",$50k–$85k,$45k–$75k
9.15,content digital,0.152,Digital Content Manager,Science & Research,"Healthcare & Medicine,Tech & Engineering,Marketing & Communications",Content Strategist (Digital Media),Media & Journalism,"Design & Creative,Business & Finance",$45k–$75k,$48k–$85k
9.13,experience virtual,0.162,Virtual Try-On Experience Designer,Fashion & Beauty,"Tech & Engineering,Design & Creative",Virtual Reality Experience Operator,Entrepreneurship,"Tech & Engineering,Design & Creative",$60k–$95k,$45k–$75k
9.13,experience virtual,0.077,Virtual Try-On Experience Designer,Fashion & Beauty,"Tech & Engineering,Design & Creative",Virtual Reality Experience Startup Founder,Entrepreneurship,"Tech & Engineering,Design & Creative",$60k–$95k,$45k–$150k
9.13,experience virtual,0.235,Virtual Try-On Experience Designer,Fashion & Beauty,"Tech & Engineering,Design & Creative",Virtual Reality Experience Artist,Arts & Performance,"Design & Creative,Tech & Engineering",$60k–$95k,$50k–$85k
9.13,experience virtual,0.171,Virtual Try-On Experience Designer,Fashion & Beauty,"Tech & Engineering,Design & Creative",Virtual Reality Experience Designer (Arts),Arts & Performance,"Design & Creative,Tech & Engineering",$60k–$95k,$55k–$95k
9.13,experience virtual,0.176,Virtual Try-On Experience Designer,Fashion & Beauty,"Tech & Engineering,Design & Creative",Virtual Reality Experience Creator,Entrepreneurship,"Business & Finance,Tech & Engineering,Architecture & Urban Planning",$60k–$95k,$45k–$120k
9.13,experience virtual,0.171,Virtual Try-On Experience Designer,Fashion & Beauty,"Tech & Engineering,Design & Creative",Virtual Reality Experience Curator,Arts & Performance,"Design & Creative,Tech & Engineering",$60k–$95k,$50k–$85k
9.13,experience virtual,0.206,Virtual Try-On Experience Designer,Fashion & Beauty,"Tech & Engineering,Design & Creative",Virtual Reality Experience Designer,Arts & Performance,"Design & Creative,Tech & Engineering",$60k–$95k,$60k–$95k
9.13,sports therapist,0.048,Sports Physical Therapist,Gaming & Esports,"Tech & Engineering,Marketing & Communications,Science & Research",Sports Rehabilitation Therapist,Sports & Fitness,"Healthcare & Medicine,Education & Coaching",$70k–$100k,$48k–$77k
9.13,sports therapist,0.162,Sports Physical Therapist,Gaming & Esports,"Tech & Engineering,Marketing & Communications,Science & Research",Massage Therapist (Sports),Sports & Fitness,"Healthcare & Medicine,Marketing & Communications,Science & Research",$70k–$100k,$35k–$65k
9.13,sports therapist,0.114,Sports Physical Therapist,Gaming & Esports,"Tech & Engineering,Marketing & Communications,Science & Research",Sports Injury Therapist,Sports & Fitness,"Healthcare & Medicine,Education & Coaching",$70k–$100k,$35k–$65k
9.13,sports therapist,0.56,Sports Medicine Physical Therapist,Sports & Fitness,"Healthcare & Medicine,Education & Coaching",Sports Therapist,Gaming & Esports,"Tech & Engineering,Marketing & Communications,Media & Journalism",$60k–$95k,$48k–$77k
9.13,sports therapist,0.333,Sports Rehabilitation Therapist,Sports & Fitness,"Healthcare & Medicine,Education & Coaching",Sports Therapist,Gaming & Esports,"Tech & Engineering,Marketing & Communications,Media & Journalism",$48k–$77k,$48k–$77k
9.13,sports therapist,0.083,Massage Therapist (Sports),Sports & Fitness,"Healthcare & Medicine,Marketing & Communications,Science & Research",Sports Therapist,Gaming & Esports,"Tech & Engineering,Marketing & Communications,Media & Journalism",$35k–$65k,$48k–$77k
9.13,sports therapist,0.85,Sports Therapist,Gaming & Esports,"Tech & Engineering,Marketing & Communications,Media & Journalism",Physical Therapist (Sports),Sports & Fitness,"Healthcare & Medicine,Education & Coaching",$48k–$77k,$60k–$95k
9.13,sports therapist,0.061,Sports Therapist,Gaming & Esports,"Tech & Engineering,Marketing & Communications,Media & Journalism",Sports Injury Therapist,Sports & Fitness,"Healthcare & Medicine,Education & Coaching",$48k–$77k,$35k–$65k
9.12,app entrepreneur,0.111,Mental Health App Entrepreneur,Entrepreneurship,"Tech & Engineering,Healthcare & Medicine",Mobile App Entrepreneur,Marketing & Communications,"Business & Finance,Design & Creative,Architecture & Urban Planning",$45k–$150k,$20k–$150k
9.12,app entrepreneur,0.162,Mobile App Entrepreneur,Marketing & Communications,"Business & Finance,Design & Creative,Architecture & Urban Planning",Wellness App Entrepreneur,Entrepreneurship,"Tech & Engineering,Healthcare & Medicine",$20k–$150k,$50k–$200k+
9.12,app entrepreneur,0.152,Mobile App Entrepreneur,Marketing & Communications,"Business & Finance,Design & Creative,Architecture & Urban Planning",App-Based Service Entrepreneur,Entrepreneurship,"Tech & Engineering,Business & Finance",$20k–$150k,$45k–$150k
9.12,app entrepreneur,0.171,Mobile App Entrepreneur,Marketing & Communications,"Business & Finance,Design & Creative,Architecture & Urban Planning",Wellness App Developer (Entrepreneur),Entrepreneurship,"Healthcare & Medicine,Tech & Engineering",$20k–$150k,$45k–$150k
9.11,development youth,0.222,Youth Development Sports Director,Sports & Fitness,"Education & Coaching,Social Impact & Nonprofit",Youth Development Specialist,Gaming & Esports,"Tech & Engineering,Marketing & Communications,Architecture & Urban Planning",$35k–$60k,$38k–$52k
9.11,development youth,0.135,Strength Training Specialist (Youth Development),Sports & Fitness,"Education & Coaching,Healthcare & Medicine",Youth Development Specialist,Gaming & Esports,"Tech & Engineering,Marketing & Communications,Architecture & Urban Planning",$32k–$55k,$38k–$52k
9.11,development youth,0.129,Strength Training Specialist (Youth Development),Sports & Fitness,"Education & Coaching,Healthcare & Medicine",Youth Development Coordinator,Social Impact & Nonprofit,"Education & Coaching,Law & Government",$32k–$55k,$30k–$50k
9.11,development youth,0.118,Strength Training Specialist (Youth Development),Sports & Fitness,"Education & Coaching,Healthcare & Medicine",Youth Development Manager,Social Impact & Nonprofit,"Education & Coaching,Entrepreneurship",$32k–$55k,$37k–$63k
9.11,development youth,0.091,Strength Training Specialist (Youth Development),Sports & Fitness,"Education & Coaching,Healthcare & Medicine",Youth Development Program Manager,Social Impact & Nonprofit,"Education & Coaching,Law & Government",$32k–$55k,$40k–$65k
9.11,development youth,0.088,Strength Training Specialist (Youth Development),Sports & Fitness,"Education & Coaching,Healthcare & Medicine",Youth Development Director,Social Impact & Nonprofit,"Education & Coaching,Law & Government",$32k–$55k,$40k–$65k
9.11,development youth,0.143,Strength Coach (Youth Development),Sports & Fitness,"Education & Coaching,Healthcare & Medicine",Youth Development Specialist,Gaming & Esports,"Tech & Engineering,Marketing & Communications,Architecture & Urban Planning",$32k–$55k,$38k–$52k
9.11,development youth,0.138,Strength Coach (Youth Development),Sports & Fitness,"Education & Coaching,Healthcare & Medicine",Youth Development Coordinator,Social Impact & Nonprofit,"Education & Coaching,Law & Government",$32k–$55k,$30k–$50k
9.11,development youth,0.125,Strength Coach (Youth Development),Sports & Fitness,"Education & Coaching,Healthcare & Medicine",Youth Development Manager,Social Impact & Nonprofit,"Education & Coaching,Entrepreneurship",$32k–$55k,$37k–$63k
9.11,development youth,0.097,Strength Coach (Youth Development),Sports & Fitness,"Education & Coaching,Healthcare & Medicine",Youth Development Program Manager,Social Impact & Nonprofit,"Education & Coaching,Law & Government",$32k–$55k,$40k–$65k
9.11,development youth,0.094,Strength Coach (Youth Development),Sports & Fitness,"Education & Coaching,Healthcare & Medicine",Youth Development Director,Social Impact & Nonprofit,"Education & Coaching,Law & Government",$32k–$55k,$40k–$65k
9.11,development youth,0.114,Coach (Youth Development),Education & Coaching,"Sports & Fitness,Social Impact & Nonprofit",Youth Development Specialist,Gaming & Esports,"Tech & Engineering,Marketing & Communications,Architecture & Urban Planning",$28k–$55k,$38k–$52k
9.11,development youth,0.281,Youth Development Program Director,Education & Coaching,"Social Impact & Nonprofit,Hospitality & Events",Youth Development Specialist,Gaming & Esports,"Tech & Engineering,Marketing & Communications,Architecture & Urban Planning",$40k–$65k,$38k–$52k
9.11,development youth,0.171,Youth Development Specialist,Gaming & Esports,"Tech & Engineering,Marketing & Communications,Architecture & Urban Planning",Youth Development Coordinator,Social Impact & Nonprofit,"Education & Coaching,Law & Government",$38k–$52k,$30k–$50k
9.11,development youth,0.139,Youth Development Specialist,Gaming & Esports,"Tech & Engineering,Marketing & Communications,Architecture & Urban Planning",Youth Development Specialist (Sports),Sports & Fitness,"Education & Coaching,Social Impact & Nonprofit",$38k–$52k,$32k–$52k
9.11,development youth,0.294,Youth Development Specialist,Gaming & Esports,"Tech & Engineering,Marketing & Communications,Architecture & Urban Planning",Youth Development Manager,Social Impact & Nonprofit,"Education & Coaching,Entrepreneurship",$38k–$52k,$37k–$63k
9.11,development youth,0.25,Youth Development Specialist,Gaming & Esports,"Tech & Engineering,Marketing & Communications,Architecture & Urban Planning",Youth Development Sports Coordinator,Sports & Fitness,"Education & Coaching,Social Impact & Nonprofit",$38k–$52k,$32k–$52k
9.11,development youth,0.235,Youth Development Specialist,Gaming & Esports,"Tech & Engineering,Marketing & Communications,Architecture & Urban Planning",Youth Development Program Manager,Social Impact & Nonprofit,"Education & Coaching,Law & Government",$38k–$52k,$40k–$65k
9.11,development youth,0.206,Youth Development Specialist,Gaming & Esports,"Tech & Engineering,Marketing & Communications,Architecture & Urban Planning",Youth Athletic Development Specialist,Sports & Fitness,"Education & Coaching,Social Impact & Nonprofit",$38k–$52k,$35k–$65k
9.11,development youth,0.303,Youth Development Specialist,Gaming & Esports,"Tech & Engineering,Marketing & Communications,Architecture & Urban Planning",Youth Development Director,Social Impact & Nonprofit,"Education & Coaching,Law & Government",$38k–$52k,$40k–$65k
9.11,development youth,0.079,Youth Development Specialist,Gaming & Esports,"Tech & Engineering,Marketing & Communications,Architecture & Urban Planning",Youth Development Coach,Sports & Fitness,"Education & Coaching,Social Impact & Nonprofit",$38k–$52k,$30k–$45k
9.11,development youth,0.143,Youth Development Specialist,Gaming & Esports,"Tech & Engineering,Marketing & Communications,Architecture & Urban Planning",Youth Athletic Development Coach,Sports & Fitness,"Education & Coaching,Social Impact & Nonprofit",$38k–$52k,$28k–$55k
9.11,development youth,0.194,Youth Development Specialist,Gaming & Esports,"Tech & Engineering,Marketing & Communications,Architecture & Urban Planning",Youth Athlete Development Manager,Sports & Fitness,"Education & Coaching,Healthcare & Medicine",$38k–$52k,$35k–$65k
9.11,development youth,0.125,Youth Development Coordinator,Social Impact & Nonprofit,"Education & Coaching,Law & Government",Youth Athlete Development Manager,Sports & Fitness,"Education & Coaching,Healthcare & Medicine",$30k–$50k,$35k–$65k
9.11,development youth,0.219,Youth Development Manager,Social Impact & Nonprofit,"Education & Coaching,Entrepreneurship",Youth Athlete Development Manager,Sports & Fitness,"Education & Coaching,Healthcare & Medicine",$37k–$63k,$35k–$65k
9.11,development youth,0.121,Youth Development Program Manager,Social Impact & Nonprofit,"Education & Coaching,Law & Government",Youth Athlete Development Manager,Sports & Fitness,"Education & Coaching,Healthcare & Medicine",$40k–$65k,$35k–$65k
9.11,development youth,0.118,Youth Development Director,Social Impact & Nonprofit,"Education & Coaching,Law & Government",Youth Athlete Development Manager,Sports & Fitness,"Education & Coaching,Healthcare & Medicine",$40k–$65k,$35k–$65k
9.09,health services,0.029,Health Services Manager,Healthcare & Medicine,"Business & Finance,Law & Government",Grant Writer (Health & Human Services),Social Impact & Nonprofit,"Law & Government,Education & Coaching",$80k–$130k,$45k–$70k
9.09,health services,0.027,Health Services Administrator,Healthcare & Medicine,"Business & Finance,Law & Government",Grant Writer (Health & Human Services),Social Impact & Nonprofit,"Law & Government,Education & Coaching",$80k–$130k,$45k–$70k
9.05,live theater,0.059,Live Theater Lighting Technician,Science & Research,"Healthcare & Medicine,Tech & Engineering,Architecture & Urban Planning",Set Designer (Live Theater),Arts & Performance,"Design & Creative,Hospitality & Events",$32k–$55k,$35k–$65k
9.05,live theater,0.125,Live Theater Lighting Technician,Science & Research,"Healthcare & Medicine,Tech & Engineering,Architecture & Urban Planning",Live Streaming Producer (Theater),Arts & Performance,"Tech & Engineering,Media & Journalism",$32k–$55k,$35k–$65k
9.05,live theater,0.125,Live Theater Lighting Technician,Science & Research,"Healthcare & Medicine,Tech & Engineering,Architecture & Urban Planning",Live Streaming Producer (Music/Theater),Arts & Performance,"Tech & Engineering,Media & Journalism",$32k–$55k,$35k–$75k
9.05,live theater,0.091,Live Theater Lighting Technician,Science & Research,"Healthcare & Medicine,Tech & Engineering,Architecture & Urban Planning",Live Streamer (Theater),Arts & Performance,"Media & Journalism,Entrepreneurship",$32k–$55k,$40k–$120k
9.05,live theater,0.059,Set Designer (Live Theater),Arts & Performance,"Design & Creative,Hospitality & Events",Sound Designer (Live Theater),Science & Research,"Healthcare & Medicine,Tech & Engineering,Architecture & Urban Planning",$35k–$65k,$35k–$65k
9.05,live theater,0.091,Live Streaming Producer (Theater),Arts & Performance,"Tech & Engineering,Media & Journalism",Sound Designer (Live Theater),Science & Research,"Healthcare & Medicine,Tech & Engineering,Architecture & Urban Planning",$35k–$65k,$35k–$65k
9.05,live theater,0.125,Live Streaming Producer (Music/Theater),Arts & Performance,"Tech & Engineering,Media & Journalism",Sound Designer (Live Theater),Science & Research,"Healthcare & Medicine,Tech & Engineering,Architecture & Urban Planning",$35k–$75k,$35k–$65k
9.05,live theater,0.091,Sound Designer (Live Theater),Science & Research,"Healthcare & Medicine,Tech & Engineering,Architecture & Urban Planning",Live Streamer (Theater),Arts & Performance,"Media & Journalism,Entrepreneurship",$35k–$65k,$40k–$120k
9.05,creator product,0.114,Digital Product Creator,Marketing & Communications,"Business & Finance,Design & Creative,Architecture & Urban Planning",White-Label Product Creator,Entrepreneurship,"Business & Finance,Design & Creative",$45k–$150k,$45k–$150k
9.05,corporate trainer,0.079,Corporate Trainer,Education & Coaching,"Social Impact & Nonprofit,Tech & Engineering,Science & Research",Personal Trainer (Corporate Wellness),Sports & Fitness,"Healthcare & Medicine,Business & Finance",$50k–$85k,$35k–$65k
9.05,corporate trainer,0.059,Corporate Trainer (Soft Skills),Education & Coaching,"Business & Finance,Entrepreneurship",Personal Trainer (Corporate Wellness),Sports & Fitness,"Healthcare & Medicine,Business & Finance",$50k–$85k,$35k–$65k
9.05,corporate trainer,0.086,Personal Trainer (Corporate Wellness),Sports & Fitness,"Healthcare & Medicine,Business & Finance",Corporate Skills Trainer,Education & Coaching,"Business & Finance,Social Impact & Nonprofit",$35k–$65k,$45k–$75k
9.05,corporate trainer,0.111,Personal Trainer (Corporate Wellness),Sports & Fitness,"Healthcare & Medicine,Business & Finance",Corporate Trainer (Leadership Development),Education & Coaching,"Business & Finance,Social Impact & Nonprofit",$35k–$65k,$55k–$85k
9.04,design researcher,0.152,UX/UI Design Researcher,Design & Creative,"Tech & Engineering,Social Impact & Nonprofit",Design Researcher,Science & Research,"Healthcare & Medicine,Tech & Engineering,Architecture & Urban Planning",$60k–$105k,$60k–$95k
9.04,design researcher,0.103,Experience Researcher (Design),Design & Creative,"Tech & Engineering,Business & Finance",Design Researcher,Science & Research,"Healthcare & Medicine,Tech & Engineering,Architecture & Urban Planning",$55k–$85k,$60k–$95k
9.04,fitness program,0.114,Fitness Program Director,Gaming & Esports,"Tech & Engineering,Marketing & Communications,Healthcare & Medicine",Fitness Program Developer,Sports & Fitness,"Education & Coaching,Healthcare & Medicine",$40k–$70k,$45k–$75k
9.04,fitness program,0.143,Fitness Program Director,Gaming & Esports,"Tech & Engineering,Marketing & Communications,Healthcare & Medicine",Fitness Program Director (Corporate Wellness),Sports & Fitness,"Business & Finance,Healthcare & Medicine",$40k–$70k,$45k–$75k
9.03,entrepreneur service,0.077,API-as-a-Service Entrepreneur,Entrepreneurship,"Tech & Engineering,Business & Finance",Subscription Service Entrepreneur,Gaming & Esports,"Tech & Engineering,Marketing & Communications,Science & Research",$35k–$200k,$45k–$150k
9.03,entrepreneur service,0.1,AI Chatbot Service Entrepreneur,Entrepreneurship,"Tech & Engineering,Business & Finance",Subscription Service Entrepreneur,Gaming & Esports,"Tech & Engineering,Marketing & Communications,Science & Research",$45k–$150k,$45k–$150k
9.03,entrepreneur service,0.083,Agency Service Provider Entrepreneur,Entrepreneurship,"Business & Finance,Social Impact & Nonprofit",Subscription Service Entrepreneur,Gaming & Esports,"Tech & Engineering,Marketing & Communications,Science & Research",$45k–$150k,$45k–$150k
9.03,entrepreneur service,0.111,Subscription Service Entrepreneur,Gaming & Esports,"Tech & Engineering,Marketing & Communications,Science & Research",AI-Powered Service Entrepreneur,Entrepreneurship,"Tech & Engineering,Business & Finance",$45k–$150k,$45k–$150k
9.03,entrepreneur service,0.103,Subscription Service Entrepreneur,Gaming & Esports,"Tech & Engineering,Marketing & Communications,Science & Research",App-Based Service Entrepreneur,Entrepreneurship,"Tech & Engineering,Business & Finance",$45k–$150k,$45k–$150k
9.02,live performance,0.0,Performance Artist (Live Installation),Arts & Performance,"Design & Creative,Hospitality & Events",Live Performance Rights Manager,Gaming & Esports,"Tech & Engineering,Marketing & Communications,Science & Research",$35k–$75k,$50k–$85k
9.02,live performance,0.023,Live Streaming Director (Performance),Arts & Performance,"Media & Journalism,Tech & Engineering",Live Performance Rights Manager,Gaming & Esports,"Tech & Engineering,Marketing & Communications,Science & Research",$45k–$75k,$50k–$85k
9.02,live performance,0.132,Live Streaming Director (Performance),Arts & Performance,"Media & Journalism,Tech & Engineering",Live Performance Technician,Hospitality & Events,"Food & Culinary,Marketing & Communications,Architecture & Urban Planning",$45k–$75k,$35k–$65k
9.02,live performance,0.028,Live Performance Sound Engineer,Hospitality & Events,"Food & Culinary,Marketing & Communications,Arts & Performance",Live Performance Rights Manager,Gaming & Esports,"Tech & Engineering,Marketing & Communications,Science & Research",$35k–$75k,$50k–$85k
9.02,live performance,0.024,Performance Artist (Live),Arts & Performance,"Hospitality & Events,Media & Journalism",Live Performance Rights Manager,Gaming & Esports,"Tech & Engineering,Marketing & Communications,Science & Research",$30k–$80k,$50k–$85k
9.02,live performance,0.0,Live Performance Rights Manager,Gaming & Esports,"Tech & Engineering,Marketing & Communications,Science & Research",Scenic Artist (Live Performance),Arts & Performance,"Design & Creative,Hospitality & Events",$50k–$85k,$35k–$65k
9.02,live performance,0.048,Live Performance Rights Manager,Gaming & Esports,"Tech & Engineering,Marketing & Communications,Science & Research",Live Streaming Producer (Performance),Arts & Performance,"Media & Journalism,Tech & Engineering",$50k–$85k,$35k–$75k
9.02,live performance,0.048,Live Performance Rights Manager,Gaming & Esports,"Tech & Engineering,Marketing & Communications,Science & Research",Live Streaming Producer (Performance Arts),Arts & Performance,"Tech & Engineering,Media & Journalism",$50k–$85k,$35k–$75k
9.02,live performance,0.025,Live Performance Rights Manager,Gaming & Esports,"Tech & Engineering,Marketing & Communications,Science & Research",Projection Designer (Live Performance),Arts & Performance,"Tech & Engineering,Hospitality & Events",$50k–$85k,$45k–$75k
9.02,live performance,0.026,Live Performance Rights Manager,Gaming & Esports,"Tech & Engineering,Marketing & Communications,Science & Research",Live Event Streamer (Performance),Arts & Performance,"Media & Journalism,Entrepreneurship",$50k–$85k,$20k–$150k
9.02,live performance,0.026,Live Performance Rights Manager,Gaming & Esports,"Tech & Engineering,Marketing & Communications,Science & Research",Live Performance Technician,Hospitality & Events,"Food & Culinary,Marketing & Communications,Architecture & Urban Planning",$50k–$85k,$35k–$65k
9.02,live performance,0.105,Live Streaming Producer (Performance),Arts & Performance,"Media & Journalism,Tech & Engineering",Live Performance Technician,Hospitality & Events,"Food & Culinary,Marketing & Communications,Architecture & Urban Planning",$35k–$75k,$35k–$65k
9.02,live performance,0.105,Live Streaming Producer (Performance Arts),Arts & Performance,"Tech & Engineering,Media & Journalism",Live Performance Technician,Hospitality & Events,"Food & Culinary,Marketing & Communications,Architecture & Urban Planning",$35k–$75k,$35k–$65k
9.02,live performance,0.118,Live Event Streamer (Performance),Arts & Performance,"Media & Journalism,Entrepreneurship",Live Performance Technician,Hospitality & Events,"Food & Culinary,Marketing & Communications,Architecture & Urban Planning",$20k–$150k,$35k–$65k
9.01,business personal,0.179,Personal Training Business Owner,Marketing & Communications,"Business & Finance,Design & Creative,Science & Research",Personal Styling Business Owner,Fashion & Beauty,"Business & Finance,Design & Creative",$35k–$85k,$45k–$85k
9.0,fashion sustainability,0.367,Sustainability Fashion Auditor,Fashion & Beauty,"Environment & Sustainability,Business & Finance",Fashion Sustainability Consultant,Marketing & Communications,"Business & Finance,Design & Creative,Science & Research",$52k–$85k,$50k–$85k
9.0,fashion sustainability,0.226,Sustainability Fashion Auditor,Fashion & Beauty,"Environment & Sustainability,Business & Finance",Fashion Sustainability Manager,Marketing & Communications,"Business & Finance,Design & Creative,Science & Research",$52k–$85k,$60k–$110k
9.0,creator digital,0.108,Digital Course Creator (Standalone),Entrepreneurship,"Education & Coaching,Design & Creative",Digital Product Creator,Marketing & Communications,"Business & Finance,Design & Creative,Architecture & Urban Planning",$20k–$150k,$45k–$150k
9.0,creator digital,0.161,Digital Product Creator,Marketing & Communications,"Business & Finance,Design & Creative,Architecture & Urban Planning",Digital Course Creator (B2B),Entrepreneurship,"Education & Coaching,Design & Creative",$45k–$150k,$45k–$120k
9.0,creator digital,0.057,Digital Product Creator,Marketing & Communications,"Business & Finance,Design & Creative,Architecture & Urban Planning",Digital Course Creator,Entrepreneurship,"Education & Coaching,Design & Creative",$45k–$150k,$45k–$150k
9.0,performance theater,0.107,Wig Designer (Custom Theater & Performance),Fashion & Beauty,"Arts & Performance,Design & Creative",Performance Coach (Theater),Sports & Fitness,"Healthcare & Medicine,Marketing & Communications,Architecture & Urban Planning",$35k–$65k,$35k–$70k
8.99,creator virtual,0.027,Virtual Goods Creator,Entrepreneurship,"Design & Creative,Tech & Engineering",Virtual Reality Theater Creator,Arts & Performance,"Tech & Engineering,Design & Creative",$40k–$120k,$50k–$85k
8.99,creator virtual,0.057,Virtual Goods Creator,Entrepreneurship,"Design & Creative,Tech & Engineering",Virtual Reality Creator,Environment & Sustainability,"Science & Research,Law & Government,Architecture & Urban Planning",$40k–$120k,$60k–$120k
8.99,operations sports,0.258,Sports Facility Operations Manager,Supply Chain & Operations,"Business & Finance,Tech & Engineering,Science & Research",Sports Venue Operations Manager,Sports & Fitness,"Hospitality & Events,Business & Finance",$45k–$75k,$45k–$75k
8.99,operations sports,0.059,Sports Facility Operations Manager,Supply Chain & Operations,"Business & Finance,Tech & Engineering,Science & Research",Sports Franchise Operations Manager,Sports & Fitness,"Business & Finance,Hospitality & Events",$45k–$75k,$45k–$120k
8.99,operations sports,0.207,Sports Venue Operations Manager,Sports & Fitness,"Hospitality & Events,Business & Finance",Sports Event Operations Manager,Supply Chain & Operations,"Business & Finance,Tech & Engineering,Science & Research",$45k–$75k,$45k–$75k
8.99,operations sports,0.231,Sports Franchise Operations Manager,Sports & Fitness,"Business & Finance,Hospitality & Events",Sports Event Operations Manager,Supply Chain & Operations,"Business & Finance,Tech & Engineering,Science & Research",$45k–$120k,$45k–$75k
8.99,advocate social,0.097,Social Services Advocate,Social Impact & Nonprofit,"Law & Government,Healthcare & Medicine",Social Justice Advocate,Gaming & Esports,"Tech & Engineering,Marketing & Communications,Science & Research",$35k–$55k,$40k–$65k
8.99,advocate social,0.0,Social Security Disability Advocate,Law & Government,"Social Impact & Nonprofit,Healthcare & Medicine",Social Justice Advocate,Gaming & Esports,"Tech & Engineering,Marketing & Communications,Science & Research",$45k–$75k,$40k–$65k
8.99,advocate social,0.061,Policy Advocate (Social Change),Social Impact & Nonprofit,"Law & Government,Education & Coaching",Social Justice Advocate,Gaming & Esports,"Tech & Engineering,Marketing & Communications,Science & Research",$45k–$75k,$40k–$65k
8.97,sports video,0.189,Sports Analyst (Video),Sports & Fitness,"Media & Journalism,Tech & Engineering",Sports Video Analyst,Gaming & Esports,"Tech & Engineering,Marketing & Communications,Science & Research",$45k–$75k,$40k–$70k
8.97,brand personal,0.086,Social Media Entrepreneur (Personal Brand),Entrepreneurship,"Media & Journalism,Design & Creative",Stylist (Personal Brand),Fashion & Beauty,"Design & Creative,Business & Finance",$30k–$200k+,$45k–$85k
8.97,brand personal,0.027,Social Media Entrepreneur (Personal Brand),Entrepreneurship,"Media & Journalism,Design & Creative",Personal Brand Manager,Marketing & Communications,"Business & Finance,Design & Creative,Media & Journalism",$30k–$200k+,$45k–$85k
8.97,brand personal,0.056,Social Media Entrepreneur (Personal Brand),Entrepreneurship,"Media & Journalism,Design & Creative",Personal Brand Stylist,Fashion & Beauty,"Business & Finance,Design & Creative",$30k–$200k+,$40k–$85k
8.97,brand personal,0.029,Social Media Entrepreneur (Personal Brand),Entrepreneurship,"Media & Journalism,Design & Creative",Personal Brand Manager (Athlete),Marketing & Communications,"Business & Finance,Design & Creative,Media & Journalism",$30k–$200k+,$45k–$95k
8.97,brand personal,0.091,Social Media Entrepreneur (Personal Brand),Entrepreneurship,"Media & Journalism,Design & Creative",Personal Brand Coach,Fashion & Beauty,"Business & Finance,Media & Journalism",$30k–$200k+,$45k–$85k
8.97,brand personal,0.027,Social Media Entrepreneur (Personal Brand),Entrepreneurship,"Media & Journalism,Design & Creative",Personal Brand Stylist (Virtual),Fashion & Beauty,"Design & Creative,Business & Finance",$30k–$200k+,$45k–$85k
8.97,brand personal,0.028,Personal Brand Strategist,Entrepreneurship,"Design & Creative,Media & Journalism",Stylist (Personal Brand),Fashion & Beauty,"Design & Creative,Business & Finance",$45k–$85k,$45k–$85k
8.97,brand personal,0.194,Personal Brand Strategist,Entrepreneurship,"Design & Creative,Media & Journalism",Personal Brand Manager,Marketing & Communications,"Business & Finance,Design & Creative,Media & Journalism",$45k–$85k,$45k–$85k
8.97,brand personal,0.028,Personal Brand Strategist,Entrepreneurship,"Design & Creative,Media & Journalism",Personal Brand Stylist,Fashion & Beauty,"Business & Finance,Design & Creative",$45k–$85k,$40k–$85k
8.97,brand personal,0.029,Personal Brand Strategist,Entrepreneurship,"Design & Creative,Media & Journalism",Personal Brand Manager (Athlete),Marketing & Communications,"Business & Finance,Design & Creative,Media & Journalism",$45k–$85k,$45k–$95k
8.97,brand personal,0.094,Personal Brand Strategist,Entrepreneurship,"Design & Creative,Media & Journalism",Personal Brand Coach,Fashion & Beauty,"Business & Finance,Media & Journalism",$45k–$85k,$45k–$85k
8.97,brand personal,0.0,Personal Brand Strategist,Entrepreneurship,"Design & Creative,Media & Journalism",Personal Brand Stylist (Virtual),Fashion & Beauty,"Design & Creative,Business & Finance",$45k–$85k,$45k–$85k
8.97,brand personal,0.029,Personal Brand Consultant (Self-Employment),Entrepreneurship,"Business & Finance,Media & Journalism",Stylist (Personal Brand),Fashion & Beauty,"Design & Creative,Business & Finance",$45k–$120k,$45k–$85k
8.97,brand personal,0.167,Personal Brand Consultant (Self-Employment),Entrepreneurship,"Business & Finance,Media & Journalism",Personal Brand Manager,Marketing & Communications,"Business & Finance,Design & Creative,Media & Journalism",$45k–$120k,$45k–$85k
8.97,brand personal,0.061,Personal Brand Consultant (Self-Employment),Entrepreneurship,"Business & Finance,Media & Journalism",Personal Brand Stylist,Fashion & Beauty,"Business & Finance,Design & Creative",$45k–$120k,$40k–$85k
8.97,brand personal,0.1,Personal Brand Consultant (Self-Employment),Entrepreneurship,"Business & Finance,Media & Journalism",Personal Brand Manager (Athlete),Marketing & Communications,"Business & Finance,Design & Creative,Media & Journalism",$45k–$120k,$45k–$95k
8.97,brand personal,0.32,Personal Brand Consultant (Self-Employment),Entrepreneurship,"Business & Finance,Media & Journalism",Personal Brand Coach,Fashion & Beauty,"Business & Finance,Media & Journalism",$45k–$120k,$45k–$85k
8.97,brand personal,0.129,Personal Brand Consultant (Self-Employment),Entrepreneurship,"Business & Finance,Media & Journalism",Personal Brand Stylist (Virtual),Fashion & Beauty,"Design & Creative,Business & Finance",$45k–$120k,$45k–$85k
8.97,brand personal,0.028,Personal Brand Strategist (Self-Employed),Entrepreneurship,"Design & Creative,Media & Journalism",Stylist (Personal Brand),Fashion & Beauty,"Design & Creative,Business & Finance",$45k–$120k,$45k–$85k
8.97,brand personal,0.121,Personal Brand Strategist (Self-Employed),Entrepreneurship,"Design & Creative,Media & Journalism",Personal Brand Manager,Marketing & Communications,"Business & Finance,Design & Creative,Media & Journalism",$45k–$120k,$45k–$85k
8.97,brand personal,0.057,Personal Brand Strategist (Self-Employed),Entrepreneurship,"Design & Creative,Media & Journalism",Personal Brand Stylist,Fashion & Beauty,"Business & Finance,Design & Creative",$45k–$120k,$40k–$85k
8.97,brand personal,0.129,Personal Brand Strategist (Self-Employed),Entrepreneurship,"Design & Creative,Media & Journalism",Personal Brand Manager (Athlete),Marketing & Communications,"Business & Finance,Design & Creative,Media & Journalism",$45k–$120k,$45k–$95k
8.97,brand personal,0.4,Personal Brand Strategist (Self-Employed),Entrepreneurship,"Design & Creative,Media & Journalism",Personal Brand Coach,Fashion & Beauty,"Business & Finance,Media & Journalism",$45k–$120k,$45k–$85k
8.97,brand personal,0.088,Personal Brand Strategist (Self-Employed),Entrepreneurship,"Design & Creative,Media & Journalism",Personal Brand Stylist (Virtual),Fashion & Beauty,"Design & Creative,Business & Finance",$45k–$120k,$45k–$85k
8.97,brand personal,0.029,Stylist (Personal Brand),Fashion & Beauty,"Design & Creative,Business & Finance",Personal Brand Consultant,Entrepreneurship,"Design & Creative,Media & Journalism",$45k–$85k,$45k–$85k
8.97,brand personal,0.0,Stylist (Personal Brand),Fashion & Beauty,"Design & Creative,Business & Finance",Personal Brand Manager,Marketing & Communications,"Business & Finance,Design & Creative,Media & Journalism",$45k–$85k,$45k–$85k
8.97,brand personal,0.0,Stylist (Personal Brand),Fashion & Beauty,"Design & Creative,Business & Finance",Personal Brand Manager (Athlete),Marketing & Communications,"Business & Finance,Design & Creative,Media & Journalism",$45k–$85k,$45k–$95k
8.97,brand personal,0.03,Stylist (Personal Brand),Fashion & Beauty,"Design & Creative,Business & Finance",Personal Brand Coach (Self-Published),Entrepreneurship,"Business & Finance,Design & Creative",$45k–$85k,$45k–$120k
8.97,brand personal,0.125,Personal Brand Consultant,Entrepreneurship,"Design & Creative,Media & Journalism",Personal Brand Manager,Marketing & Communications,"Business & Finance,Design & Creative,Media & Journalism",$45k–$85k,$45k–$85k
8.97,brand personal,0.091,Personal Brand Consultant,Entrepreneurship,"Design & Creative,Media & Journalism",Personal Brand Stylist,Fashion & Beauty,"Business & Finance,Design & Creative",$45k–$85k,$40k–$85k
8.97,brand personal,0.097,Personal Brand Consultant,Entrepreneurship,"Design & Creative,Media & Journalism",Personal Brand Manager (Athlete),Marketing & Communications,"Business & Finance,Design & Creative,Media & Journalism",$45k–$85k,$45k–$95k
8.97,brand personal,0.36,Personal Brand Consultant,Entrepreneurship,"Design & Creative,Media & Journalism",Personal Brand Coach,Fashion & Beauty,"Business & Finance,Media & Journalism",$45k–$85k,$45k–$85k
8.97,brand personal,0.091,Personal Brand Consultant,Entrepreneurship,"Design & Creative,Media & Journalism",Personal Brand Stylist (Virtual),Fashion & Beauty,"Design & Creative,Business & Finance",$45k–$85k,$45k–$85k
8.97,brand personal,0.0,Personal Brand Manager,Marketing & Communications,"Business & Finance,Design & Creative,Media & Journalism",Personal Brand Stylist,Fashion & Beauty,"Business & Finance,Design & Creative",$45k–$85k,$40k–$85k
8.97,brand personal,0.062,Personal Brand Manager,Marketing & Communications,"Business & Finance,Design & Creative,Media & Journalism",Personal Brand Coach,Fashion & Beauty,"Business & Finance,Media & Journalism",$45k–$85k,$45k–$85k
8.97,brand personal,0.0,Personal Brand Manager,Marketing & Communications,"Business & Finance,Design & Creative,Media & Journalism",Personal Brand Stylist (Virtual),Fashion & Beauty,"Design & Creative,Business & Finance",$45k–$85k,$45k–$85k
8.97,brand personal,0.308,Personal Brand Manager,Marketing & Communications,"Business & Finance,Design & Creative,Media & Journalism",Personal Brand Coach (Self-Published),Entrepreneurship,"Business & Finance,Design & Creative",$45k–$85k,$45k–$120k
8.97,brand personal,0.0,Personal Brand Stylist,Fashion & Beauty,"Business & Finance,Design & Creative",Personal Brand Manager (Athlete),Marketing & Communications,"Business & Finance,Design & Creative,Media & Journalism",$40k–$85k,$45k–$95k
8.97,brand personal,0.062,Personal Brand Stylist,Fashion & Beauty,"Business & Finance,Design & Creative",Personal Brand Coach (Self-Published),Entrepreneurship,"Business & Finance,Design & Creative",$40k–$85k,$45k–$120k
8.97,brand personal,0.103,Personal Brand Manager (Athlete),Marketing & Communications,"Business & Finance,Design & Creative,Media & Journalism",Personal Brand Coach,Fashion & Beauty,"Business & Finance,Media & Journalism",$45k–$95k,$45k–$85k
8.97,brand personal,0.03,Personal Brand Manager (Athlete),Marketing & Communications,"Business & Finance,Design & Creative,Media & Journalism",Personal Brand Stylist (Virtual),Fashion & Beauty,"Design & Creative,Business & Finance",$45k–$95k,$45k–$85k
8.97,brand personal,0.143,Personal Brand Manager (Athlete),Marketing & Communications,"Business & Finance,Design & Creative,Media & Journalism",Personal Brand Coach (Self-Published),Entrepreneurship,"Business & Finance,Design & Creative",$45k–$95k,$45k–$120k
8.97,brand personal,0.185,Personal Brand Coach,Fashion & Beauty,"Business & Finance,Media & Journalism",Personal Brand Coach (Self-Published),Entrepreneurship,"Business & Finance,Design & Creative",$45k–$85k,$45k–$120k
8.97,brand personal,0.097,Personal Brand Stylist (Virtual),Fashion & Beauty,"Design & Creative,Business & Finance",Personal Brand Coach (Self-Published),Entrepreneurship,"Business & Finance,Design & Creative",$45k–$85k,$45k–$120k
8.95,app developer,0.182,Wellness App Developer (Founder),Entrepreneurship,"Tech & Engineering,Healthcare & Medicine",Mobile App Developer (Indie),Marketing & Communications,"Business & Finance,Design & Creative,Architecture & Urban Planning",$45k–$150k,$20k–$150k
8.95,app developer,0.111,Wellness App Developer (Founder),Entrepreneurship,"Tech & Engineering,Healthcare & Medicine",Mobile App Developer,Science & Research,"Healthcare & Medicine,Tech & Engineering,Architecture & Urban Planning",$45k–$150k,$70k–$130k
8.95,app developer,0.077,Wellness App Developer (Founder),Entrepreneurship,"Tech & Engineering,Healthcare & Medicine",Fitness App Developer,Sports & Fitness,"Healthcare & Medicine,Marketing & Communications,Science & Research",$45k–$150k,$65k–$120k
8.95,app developer,0.118,Wellness App Developer (Founder),Entrepreneurship,"Tech & Engineering,Healthcare & Medicine",App Developer (Independent),Marketing & Communications,"Business & Finance,Design & Creative,Architecture & Urban Planning",$45k–$150k,$20k–$150k
8.95,app developer,0.086,Wellness App Developer (Founder),Entrepreneurship,"Tech & Engineering,Healthcare & Medicine",Workout App Developer,Sports & Fitness,"Tech & Engineering,Design & Creative",$45k–$150k,$70k–$130k
8.95,app developer,0.097,Wellness App Developer (Founder),Entrepreneurship,"Tech & Engineering,Healthcare & Medicine",iOS App Developer,Science & Research,"Healthcare & Medicine,Tech & Engineering,Architecture & Urban Planning",$45k–$150k,$80k–$160k
8.95,app developer,0.088,Wellness App Developer (Founder),Entrepreneurship,"Tech & Engineering,Healthcare & Medicine",Mobile App Developer (iOS/Android),Aviation & Transportation,"Tech & Engineering,Science & Research,Architecture & Urban Planning",$45k–$150k,$70k–$150k
8.95,app developer,0.167,Mobile App Developer (Indie),Marketing & Communications,"Business & Finance,Design & Creative,Architecture & Urban Planning",App Developer (Freelance),Entrepreneurship,"Tech & Engineering,Design & Creative",$20k–$150k,$45k–$120k
8.95,app developer,0.212,Mobile App Developer (Indie),Marketing & Communications,"Business & Finance,Design & Creative,Architecture & Urban Planning",Personal Wellness App Developer,Entrepreneurship,"Healthcare & Medicine,Tech & Engineering",$20k–$150k,$45k–$120k
8.95,app developer,0.129,Mobile App Developer (Indie),Marketing & Communications,"Business & Finance,Design & Creative,Architecture & Urban Planning",Fintech App Developer Founder,Entrepreneurship,"Tech & Engineering,Business & Finance",$20k–$150k,$45k–$150k
8.95,app developer,0.36,Mobile App Developer (Indie),Marketing & Communications,"Business & Finance,Design & Creative,Architecture & Urban Planning",App Developer (Solo),Entrepreneurship,"Business & Finance,Tech & Engineering,Architecture & Urban Planning",$20k–$150k,$45k–$150k
8.95,app developer,0.226,Mobile App Developer (Indie),Marketing & Communications,"Business & Finance,Design & Creative,Architecture & Urban Planning",App Developer (Solo Founder),Entrepreneurship,"Tech & Engineering,Business & Finance",$20k–$150k,$20k–$150k
8.95,app developer,0.276,Mobile App Developer (Indie),Marketing & Communications,"Business & Finance,Design & Creative,Architecture & Urban Planning",Niche App Developer (Solo),Entrepreneurship,"Tech & Engineering,Design & Creative",$20k–$150k,$45k–$150k
8.95,app developer,0.37,Mobile App Developer (Indie),Marketing & Communications,"Business & Finance,Design & Creative,Architecture & Urban Planning",Niche App Developer,Entrepreneurship,"Tech & Engineering,Design & Creative",$20k–$150k,$45k–$150k
8.95,app developer,0.108,Mobile App Developer (Indie),Marketing & Communications,"Business & Finance,Design & Creative,Architecture & Urban Planning",Educational App Developer,Entrepreneurship,"Tech & Engineering,Education & Coaching",$20k–$150k,$60k–$120k
8.95,app developer,0.088,Mobile App Developer (Indie),Marketing & Communications,"Business & Finance,Design & Creative,Architecture & Urban Planning",Mental Health App Developer,Entrepreneurship,"Healthcare & Medicine,Tech & Engineering",$20k–$150k,$65k–$150k
8.95,app developer,0.226,Mobile App Developer (Indie),Marketing & Communications,"Business & Finance,Design & Creative,Architecture & Urban Planning",AI-Powered App Developer,Entrepreneurship,"Tech & Engineering,Design & Creative",$20k–$150k,$65k–$150k
8.95,app developer,0.162,Mobile App Developer (Indie),Marketing & Communications,"Business & Finance,Design & Creative,Architecture & Urban Planning",Wellness App Developer,Entrepreneurship,"Tech & Engineering,Healthcare & Medicine",$20k–$150k,$45k–$150k
8.95,app developer,0.25,Mobile App Developer (Indie),Marketing & Communications,"Business & Finance,Design & Creative,Architecture & Urban Planning",Healthcare App Developer (Founder),Entrepreneurship,"Tech & Engineering,Healthcare & Medicine",$20k–$150k,$50k–$150k
8.95,app developer,0.088,Mobile App Developer (Indie),Marketing & Communications,"Business & Finance,Design & Creative,Architecture & Urban Planning",Workout App Developer,Sports & Fitness,"Tech & Engineering,Design & Creative",$20k–$150k,$70k–$130k
8.95,app developer,0.222,Mobile App Developer (Indie),Marketing & Communications,"Business & Finance,Design & Creative,Architecture & Urban Planning",iOS App Developer,Science & Research,"Healthcare & Medicine,Tech & Engineering,Architecture & Urban Planning",$20k–$150k,$80k–$160k
8.95,app developer,0.161,Mobile App Developer (Indie),Marketing & Communications,"Business & Finance,Design & Creative,Architecture & Urban Planning",Wellness App Developer (Solopreneur),Entrepreneurship,"Tech & Engineering,Healthcare & Medicine",$20k–$150k,$20k–$150k
8.95,app developer,0.061,Mobile App Developer (Indie),Marketing & Communications,"Business & Finance,Design & Creative,Architecture & Urban Planning",App Developer Startup Founder,Entrepreneurship,"Tech & Engineering,Business & Finance",$20k–$150k,$45k–$150k
8.95,app developer,0.108,Mobile App Developer (Indie),Marketing & Communications,"Business & Finance,Design & Creative,Architecture & Urban Planning",Wellness App Developer (Entrepreneur),Entrepreneurship,"Healthcare & Medicine,Tech & Engineering",$20k–$150k,$45k–$150k
8.95,app developer,0.156,Mobile App Developer (Indie),Marketing & Communications,"Business & Finance,Design & Creative,Architecture & Urban Planning",Coaching App Developer,Entrepreneurship,"Tech & Engineering,Sports & Fitness",$20k–$150k,$65k–$120k
8.95,app developer,0.132,Mobile App Developer (Indie),Marketing & Communications,"Business & Finance,Design & Creative,Architecture & Urban Planning",Niche Fitness App Developer,Entrepreneurship,"Tech & Engineering,Sports & Fitness",$20k–$150k,$45k–$120k
8.95,app developer,0.077,Mobile App Developer (Indie),Marketing & Communications,"Business & Finance,Design & Creative,Architecture & Urban Planning",Mental Health App Developer (Startup),Entrepreneurship,"Healthcare & Medicine,Tech & Engineering",$20k–$150k,$45k–$120k
8.95,app developer,0.125,App Developer (Freelance),Entrepreneurship,"Tech & Engineering,Design & Creative",Mobile App Developer,Science & Research,"Healthcare & Medicine,Tech & Engineering,Architecture & Urban Planning",$45k–$120k,$70k–$130k
8.95,app developer,0.056,App Developer (Freelance),Entrepreneurship,"Tech & Engineering,Design & Creative",Fitness App Developer,Sports & Fitness,"Healthcare & Medicine,Marketing & Communications,Science & Research",$45k–$120k,$65k–$120k
8.95,app developer,0.308,App Developer (Freelance),Entrepreneurship,"Tech & Engineering,Design & Creative",App Developer (Independent),Marketing & Communications,"Business & Finance,Design & Creative,Architecture & Urban Planning",$45k–$120k,$20k–$150k
8.95,app developer,0.062,App Developer (Freelance),Entrepreneurship,"Tech & Engineering,Design & Creative",Workout App Developer,Sports & Fitness,"Tech & Engineering,Design & Creative",$45k–$120k,$70k–$130k
8.95,app developer,0.154,App Developer (Freelance),Entrepreneurship,"Tech & Engineering,Design & Creative",iOS App Developer,Science & Research,"Healthcare & Medicine,Tech & Engineering,Architecture & Urban Planning",$45k–$120k,$80k–$160k
8.95,app developer,0.1,App Developer (Freelance),Entrepreneurship,"Tech & Engineering,Design & Creative",Mobile App Developer (iOS/Android),Aviation & Transportation,"Tech & Engineering,Science & Research,Architecture & Urban Planning",$45k–$120k,$70k–$150k
8.95,app developer,0.171,Personal Wellness App Developer,Entrepreneurship,"Healthcare & Medicine,Tech & Engineering",Mobile App Developer,Science & Research,"Healthcare & Medicine,Tech & Engineering,Architecture & Urban Planning",$45k–$120k,$70k–$130k
8.95,app developer,0.194,Personal Wellness App Developer,Entrepreneurship,"Healthcare & Medicine,Tech & Engineering",Fitness App Developer,Sports & Fitness,"Healthcare & Medicine,Marketing & Communications,Science & Research",$45k–$120k,$65k–$120k
8.95,app developer,0.219,Personal Wellness App Developer,Entrepreneurship,"Healthcare & Medicine,Tech & Engineering",App Developer (Independent),Marketing & Communications,"Business & Finance,Design & Creative,Architecture & Urban Planning",$45k–$120k,$20k–$150k
8.95,app developer,0.219,Personal Wellness App Developer,Entrepreneurship,"Healthcare & Medicine,Tech & Engineering",Workout App Developer,Sports & Fitness,"Tech & Engineering,Design & Creative",$45k–$120k,$70k–$130k
8.95,app developer,0.167,Personal Wellness App Developer,Entrepreneurship,"Healthcare & Medicine,Tech & Engineering",iOS App Developer,Science & Research,"Healthcare & Medicine,Tech & Engineering,Architecture & Urban Planning",$45k–$120k,$80k–$160k
8.95,app developer,0.188,Personal Wellness App Developer,Entrepreneurship,"Healthcare & Medicine,Tech & Engineering",Mobile App Developer (iOS/Android),Aviation & Transportation,"Tech & Engineering,Science & Research,Architecture & Urban Planning",$45k–$120k,$70k–$150k
8.95,app developer,0.152,Mobile App Indie Developer,Entrepreneurship,"Tech & Engineering,Design & Creative",Fitness App Developer,Sports & Fitness,"Healthcare & Medicine,Marketing & Communications,Science & Research",$20k–$150k,$65k–$120k
8.95,app developer,0.417,Mobile App Indie Developer,Entrepreneurship,"Tech & Engineering,Design & Creative",App Developer (Independent),Marketing & Communications,"Business & Finance,Design & Creative,Architecture & Urban Planning",$20k–$150k,$20k–$150k
8.95,app developer,0.133,Mobile App Indie Developer,Entrepreneurship,"Tech & Engineering,Design & Creative",Workout App Developer,Sports & Fitness,"Tech & Engineering,Design & Creative",$20k–$150k,$70k–$130k
8.95,app developer,0.25,Mobile App Indie Developer,Entrepreneurship,"Tech & Engineering,Design & Creative",iOS App Developer,Science & Research,"Healthcare & Medicine,Tech & Engineering,Architecture & Urban Planning",$20k–$150k,$80k–$160k
8.95,app developer,0.091,Fintech App Developer Founder,Entrepreneurship,"Tech & Engineering,Business & Finance",Mobile App Developer,Science & Research,"Healthcare & Medicine,Tech & Engineering,Architecture & Urban Planning",$45k–$150k,$70k–$130k
8.95,app developer,0.086,Fintech App Developer Founder,Entrepreneurship,"Tech & Engineering,Business & Finance",Fitness App Developer,Sports & Fitness,"Healthcare & Medicine,Marketing & Communications,Science & Research",$45k–$150k,$65k–$120k
8.95,app developer,0.062,Fintech App Developer Founder,Entrepreneurship,"Tech & Engineering,Business & Finance",App Developer (Independent),Marketing & Communications,"Business & Finance,Design & Creative,Architecture & Urban Planning",$45k–$150k,$20k–$150k
8.95,app developer,0.097,Fintech App Developer Founder,Entrepreneurship,"Tech & Engineering,Business & Finance",Workout App Developer,Sports & Fitness,"Tech & Engineering,Design & Creative",$45k–$150k,$70k–$130k
8.95,app developer,0.071,Fintech App Developer Founder,Entrepreneurship,"Tech & Engineering,Business & Finance",iOS App Developer,Science & Research,"Healthcare & Medicine,Tech & Engineering,Architecture & Urban Planning",$45k–$150k,$80k–$160k
8.95,app developer,0.1,Fintech App Developer Founder,Entrepreneurship,"Tech & Engineering,Business & Finance",Mobile App Developer (iOS/Android),Aviation & Transportation,"Tech & Engineering,Science & Research,Architecture & Urban Planning",$45k–$150k,$70k–$150k
8.95,app developer,0.167,App Developer (Solo),Entrepreneurship,"Business & Finance,Tech & Engineering,Architecture & Urban Planning",Mobile App Developer,Science & Research,"Healthcare & Medicine,Tech & Engineering,Architecture & Urban Planning",$45k–$150k,$70k–$130k
8.95,app developer,0.121,App Developer (Solo),Entrepreneurship,"Business & Finance,Tech & Engineering,Architecture & Urban Planning",Fitness App Developer,Sports & Fitness,"Healthcare & Medicine,Marketing & Communications,Science & Research",$45k–$150k,$65k–$120k
8.95,app developer,0.571,App Developer (Solo),Entrepreneurship,"Business & Finance,Tech & Engineering,Architecture & Urban Planning",App Developer (Independent),Marketing & Communications,"Business & Finance,Design & Creative,Architecture & Urban Planning",$45k–$150k,$20k–$150k
8.95,app developer,0.1,App Developer (Solo),Entrepreneurship,"Business & Finance,Tech & Engineering,Architecture & Urban Planning",Workout App Developer,Sports & Fitness,"Tech & Engineering,Design & Creative",$45k–$150k,$70k–$130k
8.95,app developer,0.208,App Developer (Solo),Entrepreneurship,"Business & Finance,Tech & Engineering,Architecture & Urban Planning",iOS App Developer,Science & Research,"Healthcare & Medicine,Tech & Engineering,Architecture & Urban Planning",$45k–$150k,$80k–$160k
8.95,app developer,0.143,App Developer (Solo),Entrepreneurship,"Business & Finance,Tech & Engineering,Architecture & Urban Planning",Mobile App Developer (iOS/Android),Aviation & Transportation,"Tech & Engineering,Science & Research,Architecture & Urban Planning",$45k–$150k,$70k–$150k
8.95,app developer,0.054,App Developer (Solo Founder),Entrepreneurship,"Tech & Engineering,Business & Finance",Mobile App Developer,Science & Research,"Healthcare & Medicine,Tech & Engineering,Architecture & Urban Planning",$20k–$150k,$70k–$130k
8.95,app developer,0.079,App Developer (Solo Founder),Entrepreneurship,"Tech & Engineering,Business & Finance",Fitness App Developer,Sports & Fitness,"Healthcare & Medicine,Marketing & Communications,Science & Research",$20k–$150k,$65k–$120k
8.95,app developer,0.37,App Developer (Solo Founder),Entrepreneurship,"Tech & Engineering,Business & Finance",App Developer (Independent),Marketing & Communications,"Business & Finance,Design & Creative,Architecture & Urban Planning",$20k–$150k,$20k–$150k
8.95,app developer,0.088,App Developer (Solo Founder),Entrepreneurship,"Tech & Engineering,Business & Finance",Workout App Developer,Sports & Fitness,"Tech & Engineering,Design & Creative",$20k–$150k,$70k–$130k
8.95,app developer,0.065,App Developer (Solo Founder),Entrepreneurship,"Tech & Engineering,Business & Finance",iOS App Developer,Science & Research,"Healthcare & Medicine,Tech & Engineering,Architecture & Urban Planning",$20k–$150k,$80k–$160k
8.95,app developer,0.059,App Developer (Solo Founder),Entrepreneurship,"Tech & Engineering,Business & Finance",Mobile App Developer (iOS/Android),Aviation & Transportation,"Tech & Engineering,Science & Research,Architecture & Urban Planning",$20k–$150k,$70k–$150k
8.95,app developer,0.056,Niche App Developer (Solo),Entrepreneurship,"Tech & Engineering,Design & Creative",Mobile App Developer,Science & Research,"Healthcare & Medicine,Tech & Engineering,Architecture & Urban Planning",$45k–$150k,$70k–$130k
8.95,app developer,0.081,Niche App Developer (Solo),Entrepreneurship,"Tech & Engineering,Design & Creative",Fitness App Developer,Sports & Fitness,"Healthcare & Medicine,Marketing & Communications,Science & Research",$45k–$150k,$65k–$120k
8.95,app developer,0.333,Niche App Developer (Solo),Entrepreneurship,"Tech & Engineering,Design & Creative",App Developer (Independent),Marketing & Communications,"Business & Finance,Design & Creative,Architecture & Urban Planning",$45k–$150k,$20k–$150k
8.95,app developer,0.091,Niche App Developer (Solo),Entrepreneurship,"Tech & Engineering,Design & Creative",Workout App Developer,Sports & Fitness,"Tech & Engineering,Design & Creative",$45k–$150k,$70k–$130k
8.95,app developer,0.067,Niche App Developer (Solo),Entrepreneurship,"Tech & Engineering,Design & Creative",iOS App Developer,Science & Research,"Healthcare & Medicine,Tech & Engineering,Architecture & Urban Planning",$45k–$150k,$80k–$160k
8.95,app developer,0.061,Niche App Developer (Solo),Entrepreneurship,"Tech & Engineering,Design & Creative",Mobile App Developer (iOS/Android),Aviation & Transportation,"Tech & Engineering,Science & Research,Architecture & Urban Planning",$45k–$150k,$70k–$150k
8.95,app developer,0.188,Niche App Developer,Entrepreneurship,"Tech & Engineering,Design & Creative",Mobile App Developer,Science & Research,"Healthcare & Medicine,Tech & Engineering,Architecture & Urban Planning",$45k–$150k,$70k–$130k
8.95,app developer,0.111,Niche App Developer,Entrepreneurship,"Tech & Engineering,Design & Creative",Fitness App Developer,Sports & Fitness,"Healthcare & Medicine,Marketing & Communications,Science & Research",$45k–$150k,$65k–$120k
8.95,app developer,0.333,Niche App Developer,Entrepreneurship,"Tech & Engineering,Design & Creative",App Developer (Independent),Marketing & Communications,"Business & Finance,Design & Creative,Architecture & Urban Planning",$45k–$150k,$20k–$150k
8.95,app developer,0.125,Niche App Developer,Entrepreneurship,"Tech & Engineering,Design & Creative",Workout App Developer,Sports & Fitness,"Tech & Engineering,Design & Creative",$45k–$150k,$70k–$130k
8.95,app developer,0.185,Niche App Developer,Entrepreneurship,"Tech & Engineering,Design & Creative",iOS App Developer,Science & Research,"Healthcare & Medicine,Tech & Engineering,Architecture & Urban Planning",$45k–$150k,$80k–$160k
8.95,app developer,0.167,Niche App Developer,Entrepreneurship,"Tech & Engineering,Design & Creative",Mobile App Developer (iOS/Android),Aviation & Transportation,"Tech & Engineering,Science & Research,Architecture & Urban Planning",$45k–$150k,$70k–$150k
8.95,app developer,0.129,Mobile App Developer (iOS),Tech & Engineering,"Design & Creative,Business & Finance",App Developer Entrepreneur,Marketing & Communications,"Business & Finance,Design & Creative,Entrepreneurship",$70k–$130k,$45k–$150k
8.95,app developer,0.156,Mobile App Developer (iOS),Tech & Engineering,"Design & Creative,Business & Finance",Fitness App Developer,Sports & Fitness,"Healthcare & Medicine,Marketing & Communications,Science & Research",$70k–$130k,$65k–$120k
8.95,app developer,0.138,Mobile App Developer (iOS),Tech & Engineering,"Design & Creative,Business & Finance",App Developer (Independent),Marketing & Communications,"Business & Finance,Design & Creative,Architecture & Urban Planning",$70k–$130k,$20k–$150k
8.95,app developer,0.105,Educational App Developer,Entrepreneurship,"Tech & Engineering,Education & Coaching",Mobile App Developer,Science & Research,"Healthcare & Medicine,Tech & Engineering,Architecture & Urban Planning",$60k–$120k,$70k–$130k
8.95,app developer,0.1,Educational App Developer,Entrepreneurship,"Tech & Engineering,Education & Coaching",Fitness App Developer,Sports & Fitness,"Healthcare & Medicine,Marketing & Communications,Science & Research",$60k–$120k,$65k–$120k
8.95,app developer,0.026,Educational App Developer,Entrepreneurship,"Tech & Engineering,Education & Coaching",App Developer (Independent),Marketing & Communications,"Business & Finance,Design & Creative,Architecture & Urban Planning",$60k–$120k,$20k–$150k
8.95,app developer,0.143,Educational App Developer,Entrepreneurship,"Tech & Engineering,Education & Coaching",Workout App Developer,Sports & Fitness,"Tech & Engineering,Design & Creative",$60k–$120k,$70k–$130k
8.95,app developer,0.091,Educational App Developer,Entrepreneurship,"Tech & Engineering,Education & Coaching",iOS App Developer,Science & Research,"Healthcare & Medicine,Tech & Engineering,Architecture & Urban Planning",$60k–$120k,$80k–$160k
8.95,app developer,0.114,Educational App Developer,Entrepreneurship,"Tech & Engineering,Education & Coaching",Mobile App Developer (iOS/Android),Aviation & Transportation,"Tech & Engineering,Science & Research,Architecture & Urban Planning",$60k–$120k,$70k–$150k
8.95,app developer,0.105,Mobile App Developer Entrepreneur,Entrepreneurship,"Business & Finance,Tech & Engineering,Architecture & Urban Planning",Fitness App Developer,Sports & Fitness,"Healthcare & Medicine,Marketing & Communications,Science & Research",$50k–$150k,$65k–$120k
8.95,app developer,0.357,Mobile App Developer Entrepreneur,Entrepreneurship,"Business & Finance,Tech & Engineering,Architecture & Urban Planning",App Developer (Independent),Marketing & Communications,"Business & Finance,Design & Creative,Architecture & Urban Planning",$50k–$150k,$20k–$150k
8.95,app developer,0.086,Mobile App Developer Entrepreneur,Entrepreneurship,"Business & Finance,Tech & Engineering,Architecture & Urban Planning",Workout App Developer,Sports & Fitness,"Tech & Engineering,Design & Creative",$50k–$150k,$70k–$130k
8.95,app developer,0.214,Mobile App Developer Entrepreneur,Entrepreneurship,"Business & Finance,Tech & Engineering,Architecture & Urban Planning",iOS App Developer,Science & Research,"Healthcare & Medicine,Tech & Engineering,Architecture & Urban Planning",$50k–$150k,$80k–$160k
8.95,app developer,0.152,Mental Health App Developer,Entrepreneurship,"Healthcare & Medicine,Tech & Engineering",Mobile App Developer,Science & Research,"Healthcare & Medicine,Tech & Engineering,Architecture & Urban Planning",$65k–$150k,$70k–$130k
8.95,app developer,0.143,Mental Health App Developer,Entrepreneurship,"Healthcare & Medicine,Tech & Engineering",Fitness App Developer,Sports & Fitness,"Healthcare & Medicine,Marketing & Communications,Science & Research",$65k–$150k,$65k–$120k
8.95,app developer,0.029,Mental Health App Developer,Entrepreneurship,"Healthcare & Medicine,Tech & Engineering",App Developer (Independent),Marketing & Communications,"Business & Finance,Design & Creative,Architecture & Urban Planning",$65k–$150k,$20k–$150k
8.95,app developer,0.161,Mental Health App Developer,Entrepreneurship,"Healthcare & Medicine,Tech & Engineering",Workout App Developer,Sports & Fitness,"Tech & Engineering,Design & Creative",$65k–$150k,$70k–$130k
8.95,app developer,0.185,Mental Health App Developer,Entrepreneurship,"Healthcare & Medicine,Tech & Engineering",iOS App Developer,Science & Research,"Healthcare & Medicine,Tech & Engineering,Architecture & Urban Planning",$65k–$150k,$80k–$160k
8.95,app developer,0.167,Mental Health App Developer,Entrepreneurship,"Healthcare & Medicine,Tech & Engineering",Mobile App Developer (iOS/Android),Aviation & Transportation,"Tech & Engineering,Science & Research,Architecture & Urban Planning",$65k–$150k,$70k–$150k
8.95,app developer,0.118,App Developer Entrepreneur,Marketing & Communications,"Business & Finance,Design & Creative,Entrepreneurship",Mobile App Developer (Health & Fitness),Tech & Engineering,"Healthcare & Medicine,Sports & Fitness",$45k–$150k,$70k–$130k
8.95,app developer,0.081,App Developer Entrepreneur,Marketing & Communications,"Business & Finance,Design & Creative,Entrepreneurship",Mobile App Developer,Science & Research,"Healthcare & Medicine,Tech & Engineering,Architecture & Urban Planning",$45k–$150k,$70k–$130k
8.95,app developer,0.118,App Developer Entrepreneur,Marketing & Communications,"Business & Finance,Design & Creative,Entrepreneurship",Workout App Developer,Sports & Fitness,"Tech & Engineering,Design & Creative",$45k–$150k,$70k–$130k
8.95,app developer,0.097,App Developer Entrepreneur,Marketing & Communications,"Business & Finance,Design & Creative,Entrepreneurship",iOS App Developer,Science & Research,"Healthcare & Medicine,Tech & Engineering,Architecture & Urban Planning",$45k–$150k,$80k–$160k
8.95,app developer,0.121,App Developer Entrepreneur,Marketing & Communications,"Business & Finance,Design & Creative,Entrepreneurship",Mobile App Developer (iOS/Android),Aviation & Transportation,"Tech & Engineering,Science & Research,Architecture & Urban Planning",$45k–$150k,$70k–$150k
8.95,app developer,0.171,App Developer Entrepreneur,Marketing & Communications,"Business & Finance,Design & Creative,Entrepreneurship",Mobile App Developer (Native),Tech & Engineering,"Design & Creative,Entrepreneurship",$45k–$150k,$70k–$150k
8.95,app developer,0.114,AI-Powered App Developer,Entrepreneurship,"Tech & Engineering,Design & Creative",Mobile App Developer,Science & Research,"Healthcare & Medicine,Tech & Engineering,Architecture & Urban Planning",$65k–$150k,$70k–$130k
8.95,app developer,0.108,AI-Powered App Developer,Entrepreneurship,"Tech & Engineering,Design & Creative",Fitness App Developer,Sports & Fitness,"Healthcare & Medicine,Marketing & Communications,Science & Research",$65k–$150k,$65k–$120k
8.95,app developer,0.233,AI-Powered App Developer,Entrepreneurship,"Tech & Engineering,Design & Creative",App Developer (Independent),Marketing & Communications,"Business & Finance,Design & Creative,Architecture & Urban Planning",$65k–$150k,$20k–$150k
8.95,app developer,0.088,AI-Powered App Developer,Entrepreneurship,"Tech & Engineering,Design & Creative",Workout App Developer,Sports & Fitness,"Tech & Engineering,Design & Creative",$65k–$150k,$70k–$130k
8.95,app developer,0.138,AI-Powered App Developer,Entrepreneurship,"Tech & Engineering,Design & Creative",iOS App Developer,Science & Research,"Healthcare & Medicine,Tech & Engineering,Architecture & Urban Planning",$65k–$150k,$80k–$160k
8.95,app developer,0.161,AI-Powered App Developer,Entrepreneurship,"Tech & Engineering,Design & Creative",Mobile App Developer (iOS/Android),Aviation & Transportation,"Tech & Engineering,Science & Research,Architecture & Urban Planning",$65k–$150k,$70k–$150k
8.95,app developer,0.125,Mobile App Developer (Health & Fitness),Tech & Engineering,"Healthcare & Medicine,Sports & Fitness",App Developer (Independent),Marketing & Communications,"Business & Finance,Design & Creative,Architecture & Urban Planning",$70k–$130k,$20k–$150k
8.95,app developer,0.128,Wellness App Developer,Entrepreneurship,"Tech & Engineering,Healthcare & Medicine",Mobile App Developer,Science & Research,"Healthcare & Medicine,Tech & Engineering,Architecture & Urban Planning",$45k–$150k,$70k–$130k
8.95,app developer,0.179,Wellness App Developer,Entrepreneurship,"Tech & Engineering,Healthcare & Medicine",Fitness App Developer,Sports & Fitness,"Healthcare & Medicine,Marketing & Communications,Science & Research",$45k–$150k,$65k–$120k
8.95,app developer,0.2,Wellness App Developer,Entrepreneurship,"Tech & Engineering,Healthcare & Medicine",App Developer (Independent),Marketing & Communications,"Business & Finance,Design & Creative,Architecture & Urban Planning",$45k–$150k,$20k–$150k
8.95,app developer,0.2,Wellness App Developer,Entrepreneurship,"Tech & Engineering,Healthcare & Medicine",Workout App Developer,Sports & Fitness,"Tech & Engineering,Design & Creative",$45k–$150k,$70k–$130k
8.95,app developer,0.118,Wellness App Developer,Entrepreneurship,"Tech & Engineering,Healthcare & Medicine",iOS App Developer,Science & Research,"Healthcare & Medicine,Tech & Engineering,Architecture & Urban Planning",$45k–$150k,$80k–$160k
8.95,app developer,0.171,Wellness App Developer,Entrepreneurship,"Tech & Engineering,Healthcare & Medicine",Mobile App Developer (iOS/Android),Aviation & Transportation,"Tech & Engineering,Science & Research,Architecture & Urban Planning",$45k–$150k,$70k–$150k
8.95,app developer,0.139,Healthcare App Developer (Founder),Entrepreneurship,"Tech & Engineering,Healthcare & Medicine",Mobile App Developer,Science & Research,"Healthcare & Medicine,Tech & Engineering,Architecture & Urban Planning",$50k–$150k,$70k–$130k
8.95,app developer,0.103,Healthcare App Developer (Founder),Entrepreneurship,"Tech & Engineering,Healthcare & Medicine",Fitness App Developer,Sports & Fitness,"Healthcare & Medicine,Marketing & Communications,Science & Research",$50k–$150k,$65k–$120k
8.95,app developer,0.258,Healthcare App Developer (Founder),Entrepreneurship,"Tech & Engineering,Healthcare & Medicine",App Developer (Independent),Marketing & Communications,"Business & Finance,Design & Creative,Architecture & Urban Planning",$50k–$150k,$20k–$150k
8.95,app developer,0.083,Healthcare App Developer (Founder),Entrepreneurship,"Tech & Engineering,Healthcare & Medicine",Workout App Developer,Sports & Fitness,"Tech & Engineering,Design & Creative",$50k–$150k,$70k–$130k
8.95,app developer,0.129,Healthcare App Developer (Founder),Entrepreneurship,"Tech & Engineering,Healthcare & Medicine",iOS App Developer,Science & Research,"Healthcare & Medicine,Tech & Engineering,Architecture & Urban Planning",$50k–$150k,$80k–$160k
8.95,app developer,0.152,Healthcare App Developer (Founder),Entrepreneurship,"Tech & Engineering,Healthcare & Medicine",Mobile App Developer (iOS/Android),Aviation & Transportation,"Tech & Engineering,Science & Research,Architecture & Urban Planning",$50k–$150k,$70k–$150k
8.95,app developer,0.152,Mobile App Developer,Science & Research,"Healthcare & Medicine,Tech & Engineering,Architecture & Urban Planning",App Developer (Independent),Marketing & Communications,"Business & Finance,Design & Creative,Architecture & Urban Planning",$70k–$130k,$20k–$150k
8.95,app developer,0.188,Mobile App Developer,Science & Research,"Healthcare & Medicine,Tech & Engineering,Architecture & Urban Planning",Workout App Developer,Sports & Fitness,"Tech & Engineering,Design & Creative",$70k–$130k,$70k–$130k
8.95,app developer,0.081,Mobile App Developer,Science & Research,"Healthcare & Medicine,Tech & Engineering,Architecture & Urban Planning",Indie App Developer,Entrepreneurship,"Tech & Engineering,Design & Creative",$70k–$130k,$20k–$150k
8.95,app developer,0.057,Mobile App Developer,Science & Research,"Healthcare & Medicine,Tech & Engineering,Architecture & Urban Planning",Wellness App Developer (Solopreneur),Entrepreneurship,"Tech & Engineering,Healthcare & Medicine",$70k–$130k,$20k–$150k
8.95,app developer,0.226,Mobile App Developer,Science & Research,"Healthcare & Medicine,Tech & Engineering,Architecture & Urban Planning",App Developer (Indie),Entrepreneurship,"Business & Finance,Tech & Engineering,Architecture & Urban Planning",$70k–$130k,$20k–$150k
8.95,app developer,0.125,Mobile App Developer,Science & Research,"Healthcare & Medicine,Tech & Engineering,Architecture & Urban Planning",App Developer Startup Founder,Entrepreneurship,"Tech & Engineering,Business & Finance",$70k–$130k,$45k–$150k
8.95,app developer,0.135,Mobile App Developer,Science & Research,"Healthcare & Medicine,Tech & Engineering,Architecture & Urban Planning",Wellness App Developer (Entrepreneur),Entrepreneurship,"Healthcare & Medicine,Tech & Engineering",$70k–$130k,$45k–$150k
8.95,app developer,0.086,Mobile App Developer,Science & Research,"Healthcare & Medicine,Tech & Engineering,Architecture & Urban Planning",Coaching App Developer,Entrepreneurship,"Tech & Engineering,Sports & Fitness",$70k–$130k,$65k–$120k
8.95,app developer,0.1,Mobile App Developer,Science & Research,"Healthcare & Medicine,Tech & Engineering,Architecture & Urban Planning",Niche Fitness App Developer,Entrepreneurship,"Tech & Engineering,Sports & Fitness",$70k–$130k,$45k–$120k
8.95,app developer,0.132,Mobile App Developer,Science & Research,"Healthcare & Medicine,Tech & Engineering,Architecture & Urban Planning",Mental Health App Developer (Startup),Entrepreneurship,"Healthcare & Medicine,Tech & Engineering",$70k–$130k,$45k–$120k
8.95,app developer,0.167,Fitness App Developer,Sports & Fitness,"Healthcare & Medicine,Marketing & Communications,Science & Research",App Developer (Mobile Startup),Entrepreneurship,"Tech & Engineering,Design & Creative",$65k–$120k,$60k–$120k
8.95,app developer,0.105,Fitness App Developer,Sports & Fitness,"Healthcare & Medicine,Marketing & Communications,Science & Research",Indie App Developer,Entrepreneurship,"Tech & Engineering,Design & Creative",$65k–$120k,$20k–$150k
8.95,app developer,0.054,Fitness App Developer,Sports & Fitness,"Healthcare & Medicine,Marketing & Communications,Science & Research",Wellness App Developer (Solopreneur),Entrepreneurship,"Tech & Engineering,Healthcare & Medicine",$65k–$120k,$20k–$150k
8.95,app developer,0.143,Fitness App Developer,Sports & Fitness,"Healthcare & Medicine,Marketing & Communications,Science & Research",App Developer (Indie),Entrepreneurship,"Business & Finance,Tech & Engineering,Architecture & Urban Planning",$65k–$120k,$20k–$150k
8.95,app developer,0.219,Fitness App Developer,Sports & Fitness,"Healthcare & Medicine,Marketing & Communications,Science & Research",Mobile App Developer (iOS/Android),Aviation & Transportation,"Tech & Engineering,Science & Research,Architecture & Urban Planning",$65k–$120k,$70k–$150k
8.95,app developer,0.086,Fitness App Developer,Sports & Fitness,"Healthcare & Medicine,Marketing & Communications,Science & Research",App Developer Startup Founder,Entrepreneurship,"Tech & Engineering,Business & Finance",$65k–$120k,$45k–$150k
8.95,app developer,0.158,Fitness App Developer,Sports & Fitness,"Healthcare & Medicine,Marketing & Communications,Science & Research",Wellness App Developer (Entrepreneur),Entrepreneurship,"Healthcare & Medicine,Tech & Engineering",$65k–$120k,$45k–$150k
8.95,app developer,0.132,Fitness App Developer,Sports & Fitness,"Healthcare & Medicine,Marketing & Communications,Science & Research",Mobile App Developer (Native),Tech & Engineering,"Design & Creative,Entrepreneurship",$65k–$120k,$70k–$150k
8.95,app developer,0.154,Fitness App Developer,Sports & Fitness,"Healthcare & Medicine,Marketing & Communications,Science & Research",Mental Health App Developer (Startup),Entrepreneurship,"Healthcare & Medicine,Tech & Engineering",$65k–$120k,$45k–$120k
8.95,app developer,0.31,App Developer (Independent),Marketing & Communications,"Business & Finance,Design & Creative,Architecture & Urban Planning",App Developer (Mobile Startup),Entrepreneurship,"Tech & Engineering,Design & Creative",$20k–$150k,$60k–$120k
8.95,app developer,0.091,App Developer (Independent),Marketing & Communications,"Business & Finance,Design & Creative,Architecture & Urban Planning",Workout App Developer,Sports & Fitness,"Tech & Engineering,Design & Creative",$20k–$150k,$70k–$130k
8.95,app developer,0.188,App Developer (Independent),Marketing & Communications,"Business & Finance,Design & Creative,Architecture & Urban Planning",Indie App Developer,Entrepreneurship,"Tech & Engineering,Design & Creative",$20k–$150k,$20k–$150k
8.95,app developer,0.185,App Developer (Independent),Marketing & Communications,"Business & Finance,Design & Creative,Architecture & Urban Planning",iOS App Developer,Science & Research,"Healthcare & Medicine,Tech & Engineering,Architecture & Urban Planning",$20k–$150k,$80k–$160k
8.95,app developer,0.129,App Developer (Independent),Marketing & Communications,"Business & Finance,Design & Creative,Architecture & Urban Planning",Wellness App Developer (Solopreneur),Entrepreneurship,"Tech & Engineering,Healthcare & Medicine",$20k–$150k,$20k–$150k
8.95,app developer,0.44,App Developer (Independent),Marketing & Communications,"Business & Finance,Design & Creative,Architecture & Urban Planning",App Developer (Indie),Entrepreneurship,"Business & Finance,Tech & Engineering,Architecture & Urban Planning",$20k–$150k,$20k–$150k
8.95,app developer,0.129,App Developer (Independent),Marketing & Communications,"Business & Finance,Design & Creative,Architecture & Urban Planning",Mobile App Developer (iOS/Android),Aviation & Transportation,"Tech & Engineering,Science & Research,Architecture & Urban Planning",$20k–$150k,$70k–$150k
8.95,app developer,0.097,App Developer (Independent),Marketing & Communications,"Business & Finance,Design & Creative,Architecture & Urban Planning",App Developer Startup Founder,Entrepreneurship,"Tech & Engineering,Business & Finance",$20k–$150k,$45k–$150k
8.95,app developer,0.053,App Developer (Independent),Marketing & Communications,"Business & Finance,Design & Creative,Architecture & Urban Planning",Wellness App Developer (Entrepreneur),Entrepreneurship,"Healthcare & Medicine,Tech & Engineering",$20k–$150k,$45k–$150k
8.95,app developer,0.059,App Developer (Independent),Marketing & Communications,"Business & Finance,Design & Creative,Architecture & Urban Planning",Coaching App Developer,Entrepreneurship,"Tech & Engineering,Sports & Fitness",$20k–$150k,$65k–$120k
8.95,app developer,0.083,App Developer (Independent),Marketing & Communications,"Business & Finance,Design & Creative,Architecture & Urban Planning",Mobile App Developer (Native),Tech & Engineering,"Design & Creative,Entrepreneurship",$20k–$150k,$70k–$150k
8.95,app developer,0.05,App Developer (Independent),Marketing & Communications,"Business & Finance,Design & Creative,Architecture & Urban Planning",Niche Fitness App Developer,Entrepreneurship,"Tech & Engineering,Sports & Fitness",$20k–$150k,$45k–$120k
8.95,app developer,0.051,App Developer (Independent),Marketing & Communications,"Business & Finance,Design & Creative,Architecture & Urban Planning",Mental Health App Developer (Startup),Entrepreneurship,"Healthcare & Medicine,Tech & Engineering",$20k–$150k,$45k–$120k
8.95,app developer,0.188,App Developer (Mobile Startup),Entrepreneurship,"Tech & Engineering,Design & Creative",Workout App Developer,Sports & Fitness,"Tech & Engineering,Design & Creative",$60k–$120k,$70k–$130k
8.95,app developer,0.259,App Developer (Mobile Startup),Entrepreneurship,"Tech & Engineering,Design & Creative",iOS App Developer,Science & Research,"Healthcare & Medicine,Tech & Engineering,Architecture & Urban Planning",$60k–$120k,$80k–$160k
8.95,app developer,0.118,Workout App Developer,Sports & Fitness,"Tech & Engineering,Design & Creative",Indie App Developer,Entrepreneurship,"Tech & Engineering,Design & Creative",$70k–$130k,$20k–$150k
8.95,app developer,0.185,Workout App Developer,Sports & Fitness,"Tech & Engineering,Design & Creative",iOS App Developer,Science & Research,"Healthcare & Medicine,Tech & Engineering,Architecture & Urban Planning",$70k–$130k,$80k–$160k
8.95,app developer,0.061,Workout App Developer,Sports & Fitness,"Tech & Engineering,Design & Creative",Wellness App Developer (Solopreneur),Entrepreneurship,"Tech & Engineering,Healthcare & Medicine",$70k–$130k,$20k–$150k
8.95,app developer,0.125,Workout App Developer,Sports & Fitness,"Tech & Engineering,Design & Creative",App Developer (Indie),Entrepreneurship,"Business & Finance,Tech & Engineering,Architecture & Urban Planning",$70k–$130k,$20k–$150k
8.95,app developer,0.207,Workout App Developer,Sports & Fitness,"Tech & Engineering,Design & Creative",Mobile App Developer (iOS/Android),Aviation & Transportation,"Tech & Engineering,Science & Research,Architecture & Urban Planning",$70k–$130k,$70k–$150k
8.95,app developer,0.097,Workout App Developer,Sports & Fitness,"Tech & Engineering,Design & Creative",App Developer Startup Founder,Entrepreneurship,"Tech & Engineering,Business & Finance",$70k–$130k,$45k–$150k
8.95,app developer,0.176,Workout App Developer,Sports & Fitness,"Tech & Engineering,Design & Creative",Wellness App Developer (Entrepreneur),Entrepreneurship,"Healthcare & Medicine,Tech & Engineering",$70k–$130k,$45k–$150k
8.95,app developer,0.171,Workout App Developer,Sports & Fitness,"Tech & Engineering,Design & Creative",Mental Health App Developer (Startup),Entrepreneurship,"Healthcare & Medicine,Tech & Engineering",$70k–$130k,$45k–$120k
8.95,app developer,0.097,Indie App Developer,Entrepreneurship,"Tech & Engineering,Design & Creative",iOS App Developer,Science & Research,"Healthcare & Medicine,Tech & Engineering,Architecture & Urban Planning",$20k–$150k,$80k–$160k
8.95,app developer,0.088,Indie App Developer,Entrepreneurship,"Tech & Engineering,Design & Creative",Mobile App Developer (iOS/Android),Aviation & Transportation,"Tech & Engineering,Science & Research,Architecture & Urban Planning",$20k–$150k,$70k–$150k
8.95,app developer,0.033,iOS App Developer,Science & Research,"Healthcare & Medicine,Tech & Engineering,Architecture & Urban Planning",Wellness App Developer (Solopreneur),Entrepreneurship,"Tech & Engineering,Healthcare & Medicine",$80k–$160k,$20k–$150k
8.95,app developer,0.28,iOS App Developer,Science & Research,"Healthcare & Medicine,Tech & Engineering,Architecture & Urban Planning",App Developer (Indie),Entrepreneurship,"Business & Finance,Tech & Engineering,Architecture & Urban Planning",$80k–$160k,$20k–$150k
8.95,app developer,0.111,iOS App Developer,Science & Research,"Healthcare & Medicine,Tech & Engineering,Architecture & Urban Planning",App Developer Startup Founder,Entrepreneurship,"Tech & Engineering,Business & Finance",$80k–$160k,$45k–$150k
8.95,app developer,0.125,iOS App Developer,Science & Research,"Healthcare & Medicine,Tech & Engineering,Architecture & Urban Planning",Wellness App Developer (Entrepreneur),Entrepreneurship,"Healthcare & Medicine,Tech & Engineering",$80k–$160k,$45k–$150k
8.95,app developer,0.103,iOS App Developer,Science & Research,"Healthcare & Medicine,Tech & Engineering,Architecture & Urban Planning",Coaching App Developer,Entrepreneurship,"Tech & Engineering,Sports & Fitness",$80k–$160k,$65k–$120k
8.95,app developer,0.086,iOS App Developer,Science & Research,"Healthcare & Medicine,Tech & Engineering,Architecture & Urban Planning",Niche Fitness App Developer,Entrepreneurship,"Tech & Engineering,Sports & Fitness",$80k–$160k,$45k–$120k
8.95,app developer,0.121,iOS App Developer,Science & Research,"Healthcare & Medicine,Tech & Engineering,Architecture & Urban Planning",Mental Health App Developer (Startup),Entrepreneurship,"Healthcare & Medicine,Tech & Engineering",$80k–$160k,$45k–$120k
8.95,app developer,0.062,Wellness App Developer (Solopreneur),Entrepreneurship,"Tech & Engineering,Healthcare & Medicine",Mobile App Developer (iOS/Android),Aviation & Transportation,"Tech & Engineering,Science & Research,Architecture & Urban Planning",$20k–$150k,$70k–$150k
8.95,app developer,0.167,App Developer (Indie),Entrepreneurship,"Business & Finance,Tech & Engineering,Architecture & Urban Planning",Mobile App Developer (iOS/Android),Aviation & Transportation,"Tech & Engineering,Science & Research,Architecture & Urban Planning",$20k–$150k,$70k–$150k
8.95,app developer,0.138,Mobile App Developer (iOS/Android),Aviation & Transportation,"Tech & Engineering,Science & Research,Architecture & Urban Planning",App Developer Startup Founder,Entrepreneurship,"Tech & Engineering,Business & Finance",$70k–$150k,$45k–$150k
8.95,app developer,0.147,Mobile App Developer (iOS/Android),Aviation & Transportation,"Tech & Engineering,Science & Research,Architecture & Urban Planning",Wellness App Developer (Entrepreneur),Entrepreneurship,"Healthcare & Medicine,Tech & Engineering",$70k–$150k,$45k–$150k
8.95,app developer,0.094,Mobile App Developer (iOS/Android),Aviation & Transportation,"Tech & Engineering,Science & Research,Architecture & Urban Planning",Coaching App Developer,Entrepreneurship,"Tech & Engineering,Sports & Fitness",$70k–$150k,$65k–$120k
8.95,app developer,0.108,Mobile App Developer (iOS/Android),Aviation & Transportation,"Tech & Engineering,Science & Research,Architecture & Urban Planning",Niche Fitness App Developer,Entrepreneurship,"Tech & Engineering,Sports & Fitness",$70k–$150k,$45k–$120k
8.95,app developer,0.143,Mobile App Developer (iOS/Android),Aviation & Transportation,"Tech & Engineering,Science & Research,Architecture & Urban Planning",Mental Health App Developer (Startup),Entrepreneurship,"Healthcare & Medicine,Tech & Engineering",$70k–$150k,$45k–$120k
8.93,entrepreneur product,0.091,SaaS Product Entrepreneur,Entrepreneurship,"Business & Finance,Tech & Engineering,Science & Research",Niche Product Entrepreneur,Marketing & Communications,"Business & Finance,Design & Creative",$0–$500k+,$20k–$150k
8.93,entrepreneur product,0.125,Digital Product Entrepreneur,Entrepreneurship,"Tech & Engineering,Business & Finance",Niche Product Entrepreneur,Marketing & Communications,"Business & Finance,Design & Creative",$45k–$150k,$20k–$150k
8.93,entrepreneur product,0.156,Beauty Product Entrepreneur,Entrepreneurship,"Fashion & Beauty,Business & Finance",Niche Product Entrepreneur,Marketing & Communications,"Business & Finance,Design & Creative",$45k–$150k,$20k–$150k
8.93,entrepreneur product,0.057,Pet Product Innovation Entrepreneur,Entrepreneurship,"Design & Creative,Business & Finance",Niche Product Entrepreneur,Marketing & Communications,"Business & Finance,Design & Creative",$45k–$120k,$20k–$150k
8.93,entrepreneur product,0.179,Nanotech Product Entrepreneur,Entrepreneurship,"Tech & Engineering,Science & Research",Niche Product Entrepreneur,Marketing & Communications,"Business & Finance,Design & Creative",$65k–$150k,$20k–$150k
8.93,researcher tech,0.056,UX Researcher (Tech Publications),Media & Journalism,"Design & Creative,Tech & Engineering",Climate Tech Researcher,Environment & Sustainability,"Tech & Engineering,Science & Research",$60k–$95k,$65k–$110k
8.93,researcher tech,0.075,Climate Tech Researcher,Environment & Sustainability,"Tech & Engineering,Science & Research",UX Researcher (Consumer Tech),Design & Creative,"Tech & Engineering,Science & Research",$65k–$110k,$60k–$95k
8.92,media news,0.108,Media Producer (News),Media & Journalism,"Law & Government,Business & Finance",Social Media Manager (News),Marketing & Communications,"Business & Finance,Design & Creative,Science & Research",$35k–$75k,$40k–$65k
8.92,media news,0.189,News Producer (Digital Media),Media & Journalism,"Tech & Engineering,Business & Finance",Social Media Manager (News),Marketing & Communications,"Business & Finance,Design & Creative,Science & Research",$45k–$75k,$40k–$65k
8.92,media news,0.182,Social Media Manager (News),Marketing & Communications,"Business & Finance,Design & Creative,Science & Research",Content Strategist (News Media),Media & Journalism,"Business & Finance,Social Impact & Nonprofit",$40k–$65k,$45k–$75k
8.92,business development,0.025,Business Development Manager,Hospitality & Events,"Food & Culinary,Marketing & Communications,Arts & Performance",Small Business Development Advisor,Entrepreneurship,"Business & Finance,Tech & Engineering,Science & Research",$65k–$140k,$50k–$85k
8.92,business development,0.053,Business Development Manager,Hospitality & Events,"Food & Culinary,Marketing & Communications,Arts & Performance",Small Business Development Consultant,Entrepreneurship,"Business & Finance,Education & Coaching",$65k–$140k,$55k–$95k
8.92,business development,0.229,Business Development Manager,Hospitality & Events,"Food & Culinary,Marketing & Communications,Arts & Performance",Business Development Manager (Startups),Entrepreneurship,"Tech & Engineering,Business & Finance",$65k–$140k,$50k–$85k
8.89,fashion luxury,0.108,Luxury Fashion Consultant,Marketing & Communications,"Business & Finance,Design & Creative,Media & Journalism",Luxury Fashion Buyer,Fashion & Beauty,"Business & Finance,Design & Creative",$45k–$120k,$50k–$95k
8.89,fashion luxury,0.156,Luxury Fashion Consultant,Marketing & Communications,"Business & Finance,Design & Creative,Media & Journalism",Luxury Fashion Brand Manager,Fashion & Beauty,"Business & Finance,Design & Creative",$45k–$120k,$65k–$150k
8.88,program youth,0.179,Youth Mentor Program Director,Gaming & Esports,"Tech & Engineering,Marketing & Communications,Architecture & Urban Planning",Youth Program Coordinator,Social Impact & Nonprofit,"Education & Coaching,Hospitality & Events",$40k–$65k,$30k–$50k
8.88,program youth,0.069,Youth Mentor Program Director,Gaming & Esports,"Tech & Engineering,Marketing & Communications,Architecture & Urban Planning",Youth Sports Program Director,Sports & Fitness,"Education & Coaching,Social Impact & Nonprofit",$40k–$65k,$35k–$65k
8.88,program youth,0.103,Youth Mentor Program Director,Gaming & Esports,"Tech & Engineering,Marketing & Communications,Architecture & Urban Planning",Youth Development Program Director,Education & Coaching,"Social Impact & Nonprofit,Hospitality & Events",$40k–$65k,$40k–$65k
8.88,program youth,0.476,Youth Mentor Program Director,Gaming & Esports,"Tech & Engineering,Marketing & Communications,Architecture & Urban Planning",Youth Mentorship Program Director,Social Impact & Nonprofit,"Education & Coaching,Law & Government",$40k–$65k,$37k–$63k
8.88,program youth,0.25,Youth Mentor Program Director,Gaming & Esports,"Tech & Engineering,Marketing & Communications,Architecture & Urban Planning",Youth Program Manager,Social Impact & Nonprofit,"Education & Coaching,Entrepreneurship",$40k–$65k,$35k–$55k
8.88,program youth,0.179,Youth Mentor Program Director,Gaming & Esports,"Tech & Engineering,Marketing & Communications,Architecture & Urban Planning",Youth Development Program Manager,Social Impact & Nonprofit,"Education & Coaching,Law & Government",$40k–$65k,$40k–$65k
8.88,program youth,0.133,Youth Mentor Program Director,Gaming & Esports,"Tech & Engineering,Marketing & Communications,Architecture & Urban Planning",Youth Empowerment Program Manager,Social Impact & Nonprofit,"Education & Coaching,Entrepreneurship",$40k–$65k,$40k–$65k
8.88,program youth,0.45,Youth Mentor Program Director,Gaming & Esports,"Tech & Engineering,Marketing & Communications,Architecture & Urban Planning",Youth Mentoring Program Director,Social Impact & Nonprofit,"Education & Coaching,Law & Government",$40k–$65k,$37k–$63k
8.88,program youth,0.231,Youth Program Coordinator,Social Impact & Nonprofit,"Education & Coaching,Hospitality & Events",Youth Mentorship Program Manager,Gaming & Esports,"Tech & Engineering,Marketing & Communications,Architecture & Urban Planning",$30k–$50k,$37k–$63k
8.88,program youth,0.226,Youth Program Coordinator,Social Impact & Nonprofit,"Education & Coaching,Hospitality & Events",Youth Program Director,Gaming & Esports,"Tech & Engineering,Marketing & Communications,Architecture & Urban Planning",$30k–$50k,$35k–$55k
8.88,program youth,0.2,Youth Sports Program Director,Sports & Fitness,"Education & Coaching,Social Impact & Nonprofit",Youth Mentorship Program Manager,Gaming & Esports,"Tech & Engineering,Marketing & Communications,Architecture & Urban Planning",$35k–$65k,$37k–$63k
8.88,program youth,0.161,Youth Sports Program Director,Sports & Fitness,"Education & Coaching,Social Impact & Nonprofit",Youth Program Director,Gaming & Esports,"Tech & Engineering,Marketing & Communications,Architecture & Urban Planning",$35k–$65k,$35k–$55k
8.88,program youth,0.192,Youth Development Program Director,Education & Coaching,"Social Impact & Nonprofit,Hospitality & Events",Youth Mentorship Program Manager,Gaming & Esports,"Tech & Engineering,Marketing & Communications,Architecture & Urban Planning",$40k–$65k,$37k–$63k
8.88,program youth,0.156,Youth Development Program Director,Education & Coaching,"Social Impact & Nonprofit,Hospitality & Events",Youth Program Director,Gaming & Esports,"Tech & Engineering,Marketing & Communications,Architecture & Urban Planning",$40k–$65k,$35k–$55k
8.88,program youth,0.2,Youth Mentorship Program Director,Social Impact & Nonprofit,"Education & Coaching,Law & Government",Youth Program Director,Gaming & Esports,"Tech & Engineering,Marketing & Communications,Architecture & Urban Planning",$37k–$63k,$35k–$55k
8.88,program youth,0.214,Youth Program Manager,Social Impact & Nonprofit,"Education & Coaching,Entrepreneurship",Youth Mentorship Program Manager,Gaming & Esports,"Tech & Engineering,Marketing & Communications,Architecture & Urban Planning",$35k–$55k,$37k–$63k
8.88,program youth,0.429,Youth Program Manager,Social Impact & Nonprofit,"Education & Coaching,Entrepreneurship",Youth Program Director,Gaming & Esports,"Tech & Engineering,Marketing & Communications,Architecture & Urban Planning",$35k–$55k,$35k–$55k
8.88,program youth,0.231,Youth Development Program Manager,Social Impact & Nonprofit,"Education & Coaching,Law & Government",Youth Mentorship Program Manager,Gaming & Esports,"Tech & Engineering,Marketing & Communications,Architecture & Urban Planning",$40k–$65k,$37k–$63k
8.88,program youth,0.188,Youth Development Program Manager,Social Impact & Nonprofit,"Education & Coaching,Law & Government",Youth Program Director,Gaming & Esports,"Tech & Engineering,Marketing & Communications,Architecture & Urban Planning",$40k–$65k,$35k–$55k
8.88,program youth,0.222,Youth Empowerment Program Manager,Social Impact & Nonprofit,"Education & Coaching,Entrepreneurship",Youth Mentorship Program Manager,Gaming & Esports,"Tech & Engineering,Marketing & Communications,Architecture & Urban Planning",$40k–$65k,$37k–$63k
8.88,program youth,0.219,Youth Empowerment Program Manager,Social Impact & Nonprofit,"Education & Coaching,Entrepreneurship",Youth Program Director,Gaming & Esports,"Tech & Engineering,Marketing & Communications,Architecture & Urban Planning",$40k–$65k,$35k–$55k
8.88,program youth,0.217,Youth Mentorship Program Manager,Gaming & Esports,"Tech & Engineering,Marketing & Communications,Architecture & Urban Planning",Youth Mentoring Program Director,Social Impact & Nonprofit,"Education & Coaching,Law & Government",$37k–$63k,$37k–$63k
8.88,program youth,0.172,Youth Mentoring Program Director,Social Impact & Nonprofit,"Education & Coaching,Law & Government",Youth Program Director,Gaming & Esports,"Tech & Engineering,Marketing & Communications,Architecture & Urban Planning",$37k–$63k,$35k–$55k
8.88,content creator,0.026,Content Creator (YouTube),Marketing & Communications,"Business & Finance,Design & Creative,Science & Research",Social Media Content Creator (News),Media & Journalism,"Design & Creative,Tech & Engineering",$20k–$150k,$35k–$65k
8.88,content creator,0.108,Content Creator (YouTube),Marketing & Communications,"Business & Finance,Design & Creative,Science & Research",Personal Development Content Creator,Entrepreneurship,"Education & Coaching,Media & Journalism",$20k–$150k,$45k–$150k
8.88,content creator,0.028,Content Creator (YouTube),Marketing & Communications,"Business & Finance,Design & Creative,Science & Research",Virtual Reality Content Creator,Tech & Engineering,"Design & Creative,Arts & Performance",$20k–$150k,$55k–$95k
8.88,content creator,0.05,Content Creator (YouTube),Marketing & Communications,"Business & Finance,Design & Creative,Science & Research",UGC Content Creator Manager,Media & Journalism,"Design & Creative,Business & Finance",$20k–$150k,$45k–$75k
8.88,content creator,0.051,Content Creator (YouTube),Marketing & Communications,"Business & Finance,Design & Creative,Science & Research",Content Creator Studio Owner,Entrepreneurship,"Media & Journalism,Design & Creative",$20k–$150k,$40k–$120k
8.88,content creator,0.057,Content Creator (YouTube),Marketing & Communications,"Business & Finance,Design & Creative,Science & Research",E-learning Content Creator,Entrepreneurship,"Education & Coaching,Tech & Engineering",$20k–$150k,$45k–$120k
8.88,content creator,0.121,Content Creator (YouTube),Marketing & Communications,"Business & Finance,Design & Creative,Science & Research",TikTok Content Creator,Media & Journalism,"Design & Creative,Entrepreneurship",$20k–$150k,$0–$500k+
8.88,content creator,0.188,Content Creator (YouTube),Marketing & Communications,"Business & Finance,Design & Creative,Science & Research",Branded Content Creator,Media & Journalism,"Design & Creative,Business & Finance",$20k–$150k,$45k–$85k
8.88,content creator,0.108,Content Creator (YouTube),Marketing & Communications,"Business & Finance,Design & Creative,Science & Research",Content Creator Entrepreneur,Entrepreneurship,"Media & Journalism,Design & Creative",$20k–$150k,$20k–$150k
8.88,content creator,0.143,Content Creator (YouTube),Marketing & Communications,"Business & Finance,Design & Creative,Science & Research",UGC Creator (User Generated Content),Media & Journalism,"Design & Creative,Entrepreneurship",$20k–$150k,$45k–$150k
8.88,content creator,0.054,Content Creator (YouTube),Marketing & Communications,"Business & Finance,Design & Creative,Science & Research",Video Game Reviewer (Content Creator),Media & Journalism,"Design & Creative,Tech & Engineering",$20k–$150k,$40k–$120k
8.88,content creator,0.057,Content Creator (YouTube),Marketing & Communications,"Business & Finance,Design & Creative,Science & Research",Video Editor (Content Creator),Media & Journalism,"Design & Creative,Tech & Engineering",$20k–$150k,$35k–$75k
8.88,content creator,0.121,Content Creator (YouTube),Marketing & Communications,"Business & Finance,Design & Creative,Science & Research",Social Media Manager (Content Creator),Media & Journalism,"Design & Creative,Business & Finance",$20k–$150k,$35k–$75k
8.88,content creator,0.114,Content Creator (YouTube),Marketing & Communications,"Business & Finance,Design & Creative,Science & Research",Fitness Content Creator,Sports & Fitness,"Media & Journalism,Entrepreneurship",$20k–$150k,$40k–$120k
8.88,content creator,0.061,Content Creator (YouTube),Marketing & Communications,"Business & Finance,Design & Creative,Science & Research",Content Creator Monetization Strategist,Entrepreneurship,"Media & Journalism,Design & Creative",$20k–$150k,$45k–$85k
8.88,content creator,0.053,Content Creator (YouTube),Marketing & Communications,"Business & Finance,Design & Creative,Science & Research",Content Creator Agency Founder,Entrepreneurship,"Media & Journalism,Design & Creative",$20k–$150k,$45k–$150k
8.88,content creator,0.233,Content Creator (YouTube),Marketing & Communications,"Business & Finance,Design & Creative,Science & Research",Live Streaming Content Creator,Arts & Performance,"Media & Journalism,Entrepreneurship",$20k–$150k,$20k–$150k
8.88,content creator,0.182,Content Creator (YouTube),Marketing & Communications,"Business & Finance,Design & Creative,Science & Research",UGC Creator (User-Generated Content),Media & Journalism,"Design & Creative,Entrepreneurship",$20k–$150k,$45k–$150k
8.88,content creator,0.059,Content Creator (YouTube),Marketing & Communications,"Business & Finance,Design & Creative,Science & Research",UGC Content Creator,Media & Journalism,"Design & Creative,Entrepreneurship",$20k–$150k,$30k–$75k
8.88,content creator,0.0,Social Media Content Creator (News),Media & Journalism,"Design & Creative,Tech & Engineering",E-learning Content Creator,Entrepreneurship,"Education & Coaching,Tech & Engineering",$35k–$65k,$45k–$120k
8.88,content creator,0.027,Social Media Content Creator (News),Media & Journalism,"Design & Creative,Tech & Engineering",Content Creator Network Founder,Gaming & Esports,"Tech & Engineering,Marketing & Communications,Entrepreneurship",$35k–$65k,$45k–$120k
8.88,content creator,0.075,Social Media Content Creator (News),Media & Journalism,"Design & Creative,Tech & Engineering",Fitness Influencer and Content Creator,Gaming & Esports,"Tech & Engineering,Marketing & Communications,Science & Research",$35k–$65k,$45k–$150k
8.88,content creator,0.075,Social Media Content Creator (News),Media & Journalism,"Design & Creative,Tech & Engineering",Fashion Blogger/Content Creator,Marketing & Communications,"Business & Finance,Design & Creative,Science & Research",$35k–$65k,$35k–$85k
8.88,content creator,0.057,Social Media Content Creator (News),Media & Journalism,"Design & Creative,Tech & Engineering",Content Creator (YouTube/TikTok),Gaming & Esports,"Tech & Engineering,Marketing & Communications,Science & Research",$35k–$65k,$30k–$200k+
8.88,content creator,0.075,Social Media Content Creator,Marketing & Communications,"Business & Finance,Design & Creative,Media & Journalism",Personal Development Content Creator,Entrepreneurship,"Education & Coaching,Media & Journalism",$35k–$85k,$45k–$150k
8.88,content creator,0.026,Social Media Content Creator,Marketing & Communications,"Business & Finance,Design & Creative,Media & Journalism",Virtual Reality Content Creator,Tech & Engineering,"Design & Creative,Arts & Performance",$35k–$85k,$55k–$95k
8.88,content creator,0.049,Social Media Content Creator,Marketing & Communications,"Business & Finance,Design & Creative,Media & Journalism",Content Creator Studio Owner,Entrepreneurship,"Media & Journalism,Design & Creative",$35k–$85k,$40k–$120k
8.88,content creator,0.083,Social Media Content Creator,Marketing & Communications,"Business & Finance,Design & Creative,Media & Journalism",E-learning Content Creator,Entrepreneurship,"Education & Coaching,Tech & Engineering",$35k–$85k,$45k–$120k
8.88,content creator,0.194,Social Media Content Creator,Marketing & Communications,"Business & Finance,Design & Creative,Media & Journalism",Content Creator Entrepreneur,Entrepreneurship,"Media & Journalism,Design & Creative",$35k–$85k,$20k–$150k
8.88,content creator,0.171,Social Media Content Creator,Marketing & Communications,"Business & Finance,Design & Creative,Media & Journalism",Fitness Content Creator,Sports & Fitness,"Media & Journalism,Entrepreneurship",$35k–$85k,$40k–$120k
8.88,content creator,0.121,Social Media Content Creator,Marketing & Communications,"Business & Finance,Design & Creative,Media & Journalism",Content Creator Monetization Strategist,Entrepreneurship,"Media & Journalism,Design & Creative",$35k–$85k,$45k–$85k
8.88,content creator,0.105,Social Media Content Creator,Marketing & Communications,"Business & Finance,Design & Creative,Media & Journalism",Content Creator Agency Founder,Entrepreneurship,"Media & Journalism,Design & Creative",$35k–$85k,$45k–$150k
8.88,content creator,0.182,Social Media Content Creator,Marketing & Communications,"Business & Finance,Design & Creative,Media & Journalism",Live Streaming Content Creator,Arts & Performance,"Media & Journalism,Entrepreneurship",$35k–$85k,$20k–$150k
8.88,content creator,0.108,Social Media Content Creator,Marketing & Communications,"Business & Finance,Design & Creative,Media & Journalism",Beauty Content Creator (TikTok/YouTube),Fashion & Beauty,"Entrepreneurship,Media & Journalism",$35k–$85k,$20k–$150k
8.88,content creator,0.053,Personal Development Content Creator,Entrepreneurship,"Education & Coaching,Media & Journalism",Virtual Reality Content Creator,Tech & Engineering,"Design & Creative,Arts & Performance",$45k–$150k,$55k–$95k
8.88,content creator,0.088,Personal Development Content Creator,Entrepreneurship,"Education & Coaching,Media & Journalism",Content Creator,Marketing & Communications,"Business & Finance,Design & Creative,Media & Journalism",$45k–$150k,$30k–$80k
8.88,content creator,0.095,Personal Development Content Creator,Entrepreneurship,"Education & Coaching,Media & Journalism",Beauty Content Creator,Marketing & Communications,"Business & Finance,Design & Creative,Media & Journalism",$45k–$150k,$45k–$150k
8.88,content creator,0.071,Personal Development Content Creator,Entrepreneurship,"Education & Coaching,Media & Journalism",Fitness Influencer and Content Creator,Gaming & Esports,"Tech & Engineering,Marketing & Communications,Science & Research",$45k–$150k,$45k–$150k
8.88,content creator,0.098,Personal Development Content Creator,Entrepreneurship,"Education & Coaching,Media & Journalism",Fashion Blogger/Content Creator,Marketing & Communications,"Business & Finance,Design & Creative,Science & Research",$45k–$150k,$35k–$85k
8.88,content creator,0.083,Personal Development Content Creator,Entrepreneurship,"Education & Coaching,Media & Journalism",Content Creator (YouTube/TikTok),Gaming & Esports,"Tech & Engineering,Marketing & Communications,Science & Research",$45k–$150k,$30k–$200k+
8.88,content creator,0.0,Virtual Reality Content Creator,Tech & Engineering,"Design & Creative,Arts & Performance",UGC Content Creator Manager,Media & Journalism,"Design & Creative,Business & Finance",$55k–$95k,$45k–$75k
8.88,content creator,0.053,Virtual Reality Content Creator,Tech & Engineering,"Design & Creative,Arts & Performance",Content Creator Studio Owner,Entrepreneurship,"Media & Journalism,Design & Creative",$55k–$95k,$40k–$120k
8.88,content creator,0.091,Virtual Reality Content Creator,Tech & Engineering,"Design & Creative,Arts & Performance",TikTok Content Creator,Media & Journalism,"Design & Creative,Entrepreneurship",$55k–$95k,$0–$500k+
8.88,content creator,0.057,Virtual Reality Content Creator,Tech & Engineering,"Design & Creative,Arts & Performance",Branded Content Creator,Media & Journalism,"Design & Creative,Business & Finance",$55k–$95k,$45k–$85k
8.88,content creator,0.0,Virtual Reality Content Creator,Tech & Engineering,"Design & Creative,Arts & Performance",Content Creator,Marketing & Communications,"Business & Finance,Design & Creative,Media & Journalism",$55k–$95k,$30k–$80k
8.88,content creator,0.053,Virtual Reality Content Creator,Tech & Engineering,"Design & Creative,Arts & Performance",Content Creator Entrepreneur,Entrepreneurship,"Media & Journalism,Design & Creative",$55k–$95k,$20k–$150k
8.88,content creator,0.026,Virtual Reality Content Creator,Tech & Engineering,"Design & Creative,Arts & Performance",UGC Creator (User Generated Content),Media & Journalism,"Design & Creative,Entrepreneurship",$55k–$95k,$45k–$150k
8.88,content creator,0.024,Virtual Reality Content Creator,Tech & Engineering,"Design & Creative,Arts & Performance",Beauty Content Creator,Marketing & Communications,"Business & Finance,Design & Creative,Media & Journalism",$55k–$95k,$45k–$150k
8.88,content creator,0.059,Virtual Reality Content Creator,Tech & Engineering,"Design & Creative,Arts & Performance",Social Media Manager (Content Creator),Media & Journalism,"Design & Creative,Business & Finance",$55k–$95k,$35k–$75k
8.88,content creator,0.027,Virtual Reality Content Creator,Tech & Engineering,"Design & Creative,Arts & Performance",Fitness Content Creator,Sports & Fitness,"Media & Journalism,Entrepreneurship",$55k–$95k,$40k–$120k
8.88,content creator,0.0,Virtual Reality Content Creator,Tech & Engineering,"Design & Creative,Arts & Performance",Content Creator Monetization Strategist,Entrepreneurship,"Media & Journalism,Design & Creative",$55k–$95k,$45k–$85k
8.88,content creator,0.054,Virtual Reality Content Creator,Tech & Engineering,"Design & Creative,Arts & Performance",Content Creator Agency Founder,Entrepreneurship,"Media & Journalism,Design & Creative",$55k–$95k,$45k–$150k
8.88,content creator,0.027,Virtual Reality Content Creator,Tech & Engineering,"Design & Creative,Arts & Performance",UGC Creator (User-Generated Content),Media & Journalism,"Design & Creative,Entrepreneurship",$55k–$95k,$45k–$150k
8.88,content creator,0.029,Virtual Reality Content Creator,Tech & Engineering,"Design & Creative,Arts & Performance",UGC Content Creator,Media & Journalism,"Design & Creative,Entrepreneurship",$55k–$95k,$30k–$75k
8.88,content creator,0.025,Virtual Reality Content Creator,Tech & Engineering,"Design & Creative,Arts & Performance",Fashion Blogger/Content Creator,Marketing & Communications,"Business & Finance,Design & Creative,Science & Research",$55k–$95k,$35k–$85k
8.88,content creator,0.0,Virtual Reality Content Creator,Tech & Engineering,"Design & Creative,Arts & Performance",Beauty Content Creator (TikTok/YouTube),Fashion & Beauty,"Entrepreneurship,Media & Journalism",$55k–$95k,$20k–$150k
8.88,content creator,0.025,UGC Content Creator Manager,Media & Journalism,"Design & Creative,Business & Finance",E-learning Content Creator,Entrepreneurship,"Education & Coaching,Tech & Engineering",$45k–$75k,$45k–$120k
8.88,content creator,0.108,UGC Content Creator Manager,Media & Journalism,"Design & Creative,Business & Finance",Content Creator Network Founder,Gaming & Esports,"Tech & Engineering,Marketing & Communications,Entrepreneurship",$45k–$75k,$45k–$120k
8.88,content creator,0.15,UGC Content Creator Manager,Media & Journalism,"Design & Creative,Business & Finance",Fitness Influencer and Content Creator,Gaming & Esports,"Tech & Engineering,Marketing & Communications,Science & Research",$45k–$75k,$45k–$150k
8.88,content creator,0.15,UGC Content Creator Manager,Media & Journalism,"Design & Creative,Business & Finance",Fashion Blogger/Content Creator,Marketing & Communications,"Business & Finance,Design & Creative,Science & Research",$45k–$75k,$35k–$85k
8.88,content creator,0.0,UGC Content Creator Manager,Media & Journalism,"Design & Creative,Business & Finance",Content Creator (YouTube/TikTok),Gaming & Esports,"Tech & Engineering,Marketing & Communications,Science & Research",$45k–$75k,$30k–$200k+
8.88,content creator,0.0,Content Creator Studio Owner,Entrepreneurship,"Media & Journalism,Design & Creative",Content Creator,Marketing & Communications,"Business & Finance,Design & Creative,Media & Journalism",$40k–$120k,$30k–$80k
8.88,content creator,0.0,Content Creator Studio Owner,Entrepreneurship,"Media & Journalism,Design & Creative",Beauty Content Creator,Marketing & Communications,"Business & Finance,Design & Creative,Media & Journalism",$40k–$120k,$45k–$150k
8.88,content creator,0.023,Content Creator Studio Owner,Entrepreneurship,"Media & Journalism,Design & Creative",Fitness Influencer and Content Creator,Gaming & Esports,"Tech & Engineering,Marketing & Communications,Science & Research",$40k–$120k,$45k–$150k
8.88,content creator,0.023,Content Creator Studio Owner,Entrepreneurship,"Media & Journalism,Design & Creative",Fashion Blogger/Content Creator,Marketing & Communications,"Business & Finance,Design & Creative,Science & Research",$40k–$120k,$35k–$85k
8.88,content creator,0.0,Content Creator Studio Owner,Entrepreneurship,"Media & Journalism,Design & Creative",Content Creator (YouTube/TikTok),Gaming & Esports,"Tech & Engineering,Marketing & Communications,Science & Research",$40k–$120k,$30k–$200k+
8.88,content creator,0.088,E-learning Content Creator,Entrepreneurship,"Education & Coaching,Tech & Engineering",Branded Content Creator,Media & Journalism,"Design & Creative,Business & Finance",$45k–$120k,$45k–$85k
8.88,content creator,0.1,E-learning Content Creator,Entrepreneurship,"Education & Coaching,Tech & Engineering",Content Creator,Marketing & Communications,"Business & Finance,Design & Creative,Media & Journalism",$45k–$120k,$30k–$80k
8.88,content creator,0.105,E-learning Content Creator,Entrepreneurship,"Education & Coaching,Tech & Engineering",Beauty Content Creator,Marketing & Communications,"Business & Finance,Design & Creative,Media & Journalism",$45k–$120k,$45k–$150k
8.88,content creator,0.0,E-learning Content Creator,Entrepreneurship,"Education & Coaching,Tech & Engineering",Video Game Reviewer (Content Creator),Media & Journalism,"Design & Creative,Tech & Engineering",$45k–$120k,$40k–$120k
8.88,content creator,0.0,E-learning Content Creator,Entrepreneurship,"Education & Coaching,Tech & Engineering",Video Editor (Content Creator),Media & Journalism,"Design & Creative,Tech & Engineering",$45k–$120k,$35k–$75k
8.88,content creator,0.029,E-learning Content Creator,Entrepreneurship,"Education & Coaching,Tech & Engineering",Social Media Manager (Content Creator),Media & Journalism,"Design & Creative,Business & Finance",$45k–$120k,$35k–$75k
8.88,content creator,0.051,E-learning Content Creator,Entrepreneurship,"Education & Coaching,Tech & Engineering",Fitness Influencer and Content Creator,Gaming & Esports,"Tech & Engineering,Marketing & Communications,Science & Research",$45k–$120k,$45k–$150k
8.88,content creator,0.051,E-learning Content Creator,Entrepreneurship,"Education & Coaching,Tech & Engineering",Fashion Blogger/Content Creator,Marketing & Communications,"Business & Finance,Design & Creative,Science & Research",$45k–$120k,$35k–$85k
8.88,content creator,0.094,E-learning Content Creator,Entrepreneurship,"Education & Coaching,Tech & Engineering",Content Creator (YouTube/TikTok),Gaming & Esports,"Tech & Engineering,Marketing & Communications,Science & Research",$45k–$120k,$30k–$200k+
8.88,content creator,0.029,TikTok Content Creator,Media & Journalism,"Design & Creative,Entrepreneurship",Content Creator Network Founder,Gaming & Esports,"Tech & Engineering,Marketing & Communications,Entrepreneurship",$0–$500k+,$45k–$120k
8.88,content creator,0.079,TikTok Content Creator,Media & Journalism,"Design & Creative,Entrepreneurship",Fitness Influencer and Content Creator,Gaming & Esports,"Tech & Engineering,Marketing & Communications,Science & Research",$0–$500k+,$45k–$150k
8.88,content creator,0.079,TikTok Content Creator,Media & Journalism,"Design & Creative,Entrepreneurship",Fashion Blogger/Content Creator,Marketing & Communications,"Business & Finance,Design & Creative,Science & Research",$0–$500k+,$35k–$85k
8.88,content creator,0.057,Branded Content Creator,Media & Journalism,"Design & Creative,Business & Finance",Content Creator Network Founder,Gaming & Esports,"Tech & Engineering,Marketing & Communications,Entrepreneurship",$45k–$85k,$45k–$120k
8.88,content creator,0.235,Branded Content Creator,Media & Journalism,"Design & Creative,Business & Finance",Fitness Influencer and Content Creator,Gaming & Esports,"Tech & Engineering,Marketing & Communications,Science & Research",$45k–$85k,$45k–$150k
8.88,content creator,0.235,Branded Content Creator,Media & Journalism,"Design & Creative,Business & Finance",Fashion Blogger/Content Creator,Marketing & Communications,"Business & Finance,Design & Creative,Science & Research",$45k–$85k,$35k–$85k
8.88,content creator,0.125,Branded Content Creator,Media & Journalism,"Design & Creative,Business & Finance",Content Creator (YouTube/TikTok),Gaming & Esports,"Tech & Engineering,Marketing & Communications,Science & Research",$45k–$85k,$30k–$200k+
8.88,content creator,0.194,Content Creator,Marketing & Communications,"Business & Finance,Design & Creative,Media & Journalism",Content Creator Entrepreneur,Entrepreneurship,"Media & Journalism,Design & Creative",$30k–$80k,$20k–$150k
8.88,content creator,0.167,Content Creator,Marketing & Communications,"Business & Finance,Design & Creative,Media & Journalism",Fitness Content Creator,Sports & Fitness,"Media & Journalism,Entrepreneurship",$30k–$80k,$40k–$120k
8.88,content creator,0.107,Content Creator,Marketing & Communications,"Business & Finance,Design & Creative,Media & Journalism",Content Creator Monetization Strategist,Entrepreneurship,"Media & Journalism,Design & Creative",$30k–$80k,$45k–$85k
8.88,content creator,0.059,Content Creator,Marketing & Communications,"Business & Finance,Design & Creative,Media & Journalism",Content Creator Agency Founder,Entrepreneurship,"Media & Journalism,Design & Creative",$30k–$80k,$45k–$150k
8.88,content creator,0.138,Content Creator,Marketing & Communications,"Business & Finance,Design & Creative,Media & Journalism",Live Streaming Content Creator,Arts & Performance,"Media & Journalism,Entrepreneurship",$30k–$80k,$20k–$150k
8.88,content creator,0.167,Content Creator,Marketing & Communications,"Business & Finance,Design & Creative,Media & Journalism",Beauty Content Creator (TikTok/YouTube),Fashion & Beauty,"Entrepreneurship,Media & Journalism",$30k–$80k,$20k–$150k
8.88,content creator,0.179,Content Creator Entrepreneur,Entrepreneurship,"Media & Journalism,Design & Creative",Beauty Content Creator,Marketing & Communications,"Business & Finance,Design & Creative,Media & Journalism",$20k–$150k,$45k–$150k
8.88,content creator,0.154,Content Creator Entrepreneur,Entrepreneurship,"Media & Journalism,Design & Creative",Fitness Influencer and Content Creator,Gaming & Esports,"Tech & Engineering,Marketing & Communications,Science & Research",$20k–$150k,$45k–$150k
8.88,content creator,0.184,Content Creator Entrepreneur,Entrepreneurship,"Media & Journalism,Design & Creative",Fashion Blogger/Content Creator,Marketing & Communications,"Business & Finance,Design & Creative,Science & Research",$20k–$150k,$35k–$85k
8.88,content creator,0.054,Content Creator Entrepreneur,Entrepreneurship,"Media & Journalism,Design & Creative",Content Creator (YouTube/TikTok),Gaming & Esports,"Tech & Engineering,Marketing & Communications,Science & Research",$20k–$150k,$30k–$200k+
8.88,content creator,0.054,UGC Creator (User Generated Content),Media & Journalism,"Design & Creative,Entrepreneurship",Content Creator Network Founder,Gaming & Esports,"Tech & Engineering,Marketing & Communications,Entrepreneurship",$45k–$150k,$45k–$120k
8.88,content creator,0.158,UGC Creator (User Generated Content),Media & Journalism,"Design & Creative,Entrepreneurship",Fitness Influencer and Content Creator,Gaming & Esports,"Tech & Engineering,Marketing & Communications,Science & Research",$45k–$150k,$45k–$150k
8.88,content creator,0.257,UGC Creator (User Generated Content),Media & Journalism,"Design & Creative,Entrepreneurship",Fashion Blogger/Content Creator,Marketing & Communications,"Business & Finance,Design & Creative,Science & Research",$45k–$150k,$35k–$85k
8.88,content creator,0.188,UGC Creator (User Generated Content),Media & Journalism,"Design & Creative,Entrepreneurship",Content Creator (YouTube/TikTok),Gaming & Esports,"Tech & Engineering,Marketing & Communications,Science & Research",$45k–$150k,$30k–$200k+
8.88,content creator,0.222,Beauty Content Creator,Marketing & Communications,"Business & Finance,Design & Creative,Media & Journalism",Fitness Content Creator,Sports & Fitness,"Media & Journalism,Entrepreneurship",$45k–$150k,$40k–$120k
8.88,content creator,0.081,Beauty Content Creator,Marketing & Communications,"Business & Finance,Design & Creative,Media & Journalism",Content Creator Monetization Strategist,Entrepreneurship,"Media & Journalism,Design & Creative",$45k–$150k,$45k–$85k
8.88,content creator,0.098,Beauty Content Creator,Marketing & Communications,"Business & Finance,Design & Creative,Media & Journalism",Content Creator Agency Founder,Entrepreneurship,"Media & Journalism,Design & Creative",$45k–$150k,$45k–$150k
8.88,content creator,0.135,Beauty Content Creator,Marketing & Communications,"Business & Finance,Design & Creative,Media & Journalism",Live Streaming Content Creator,Arts & Performance,"Media & Journalism,Entrepreneurship",$45k–$150k,$20k–$150k
8.88,content creator,0.0,Video Game Reviewer (Content Creator),Media & Journalism,"Design & Creative,Tech & Engineering",Content Creator Network Founder,Gaming & Esports,"Tech & Engineering,Marketing & Communications,Entrepreneurship",$40k–$120k,$45k–$120k
8.88,content creator,0.024,Video Game Reviewer (Content Creator),Media & Journalism,"Design & Creative,Tech & Engineering",Fitness Influencer and Content Creator,Gaming & Esports,"Tech & Engineering,Marketing & Communications,Science & Research",$40k–$120k,$45k–$150k
8.88,content creator,0.024,Video Game Reviewer (Content Creator),Media & Journalism,"Design & Creative,Tech & Engineering",Fashion Blogger/Content Creator,Marketing & Communications,"Business & Finance,Design & Creative,Science & Research",$40k–$120k,$35k–$85k
8.88,content creator,0.028,Video Game Reviewer (Content Creator),Media & Journalism,"Design & Creative,Tech & Engineering",Content Creator (YouTube/TikTok),Gaming & Esports,"Tech & Engineering,Marketing & Communications,Science & Research",$40k–$120k,$30k–$200k+
8.88,content creator,0.029,Video Editor (Content Creator),Media & Journalism,"Design & Creative,Tech & Engineering",Content Creator Network Founder,Gaming & Esports,"Tech & Engineering,Marketing & Communications,Entrepreneurship",$35k–$75k,$45k–$120k
8.88,content creator,0.051,Video Editor (Content Creator),Media & Journalism,"Design & Creative,Tech & Engineering",Fitness Influencer and Content Creator,Gaming & Esports,"Tech & Engineering,Marketing & Communications,Science & Research",$35k–$75k,$45k–$150k
8.88,content creator,0.051,Video Editor (Content Creator),Media & Journalism,"Design & Creative,Tech & Engineering",Fashion Blogger/Content Creator,Marketing & Communications,"Business & Finance,Design & Creative,Science & Research",$35k–$75k,$35k–$85k
8.88,content creator,0.0,Video Editor (Content Creator),Media & Journalism,"Design & Creative,Tech & Engineering",Content Creator (YouTube/TikTok),Gaming & Esports,"Tech & Engineering,Marketing & Communications,Science & Research",$35k–$75k,$30k–$200k+
8.88,content creator,0.059,Social Media Manager (Content Creator),Media & Journalism,"Design & Creative,Business & Finance",Content Creator Network Founder,Gaming & Esports,"Tech & Engineering,Marketing & Communications,Entrepreneurship",$35k–$75k,$45k–$120k
8.88,content creator,0.079,Social Media Manager (Content Creator),Media & Journalism,"Design & Creative,Business & Finance",Fitness Influencer and Content Creator,Gaming & Esports,"Tech & Engineering,Marketing & Communications,Science & Research",$35k–$75k,$45k–$150k
8.88,content creator,0.108,Social Media Manager (Content Creator),Media & Journalism,"Design & Creative,Business & Finance",Fashion Blogger/Content Creator,Marketing & Communications,"Business & Finance,Design & Creative,Science & Research",$35k–$75k,$35k–$85k
8.88,content creator,0.061,Social Media Manager (Content Creator),Media & Journalism,"Design & Creative,Business & Finance",Content Creator (YouTube/TikTok),Gaming & Esports,"Tech & Engineering,Marketing & Communications,Science & Research",$35k–$75k,$30k–$200k+
8.88,content creator,0.086,Fitness Content Creator,Sports & Fitness,"Media & Journalism,Entrepreneurship",Content Creator Network Founder,Gaming & Esports,"Tech & Engineering,Marketing & Communications,Entrepreneurship",$40k–$120k,$45k–$120k
8.88,content creator,0.226,Fitness Content Creator,Sports & Fitness,"Media & Journalism,Entrepreneurship",Live Streaming Content Creator,Arts & Performance,"Media & Journalism,Entrepreneurship",$40k–$120k,$20k–$150k
8.88,content creator,0.194,Fitness Content Creator,Sports & Fitness,"Media & Journalism,Entrepreneurship",Fashion Blogger/Content Creator,Marketing & Communications,"Business & Finance,Design & Creative,Science & Research",$40k–$120k,$35k–$85k
8.88,content creator,0.156,Fitness Content Creator,Sports & Fitness,"Media & Journalism,Entrepreneurship",Content Creator (YouTube/TikTok),Gaming & Esports,"Tech & Engineering,Marketing & Communications,Science & Research",$40k–$120k,$30k–$200k+
8.88,content creator,0.081,Fitness Content Creator,Sports & Fitness,"Media & Journalism,Entrepreneurship",Beauty Content Creator (TikTok/YouTube),Fashion & Beauty,"Entrepreneurship,Media & Journalism",$40k–$120k,$20k–$150k
8.88,content creator,0.083,Content Creator Monetization Strategist,Entrepreneurship,"Media & Journalism,Design & Creative",Fitness Influencer and Content Creator,Gaming & Esports,"Tech & Engineering,Marketing & Communications,Science & Research",$45k–$85k,$45k–$150k
8.88,content creator,0.083,Content Creator Monetization Strategist,Entrepreneurship,"Media & Journalism,Design & Creative",Fashion Blogger/Content Creator,Marketing & Communications,"Business & Finance,Design & Creative,Science & Research",$45k–$85k,$35k–$85k
8.88,content creator,0.031,Content Creator Monetization Strategist,Entrepreneurship,"Media & Journalism,Design & Creative",Content Creator (YouTube/TikTok),Gaming & Esports,"Tech & Engineering,Marketing & Communications,Science & Research",$45k–$85k,$30k–$200k+
8.88,content creator,0.125,Content Creator Network Founder,Gaming & Esports,"Tech & Engineering,Marketing & Communications,Entrepreneurship",Live Streaming Content Creator,Arts & Performance,"Media & Journalism,Entrepreneurship",$45k–$120k,$20k–$150k
8.88,content creator,0.056,Content Creator Network Founder,Gaming & Esports,"Tech & Engineering,Marketing & Communications,Entrepreneurship",UGC Creator (User-Generated Content),Media & Journalism,"Design & Creative,Entrepreneurship",$45k–$120k,$45k–$150k
8.88,content creator,0.061,Content Creator Network Founder,Gaming & Esports,"Tech & Engineering,Marketing & Communications,Entrepreneurship",UGC Content Creator,Media & Journalism,"Design & Creative,Entrepreneurship",$45k–$120k,$30k–$75k
8.88,content creator,0.027,Content Creator Network Founder,Gaming & Esports,"Tech & Engineering,Marketing & Communications,Entrepreneurship",Beauty Content Creator (TikTok/YouTube),Fashion & Beauty,"Entrepreneurship,Media & Journalism",$45k–$120k,$20k–$150k
8.88,content creator,0.1,Content Creator Agency Founder,Entrepreneurship,"Media & Journalism,Design & Creative",Fitness Influencer and Content Creator,Gaming & Esports,"Tech & Engineering,Marketing & Communications,Science & Research",$45k–$150k,$45k–$150k
8.88,content creator,0.073,Content Creator Agency Founder,Entrepreneurship,"Media & Journalism,Design & Creative",Fashion Blogger/Content Creator,Marketing & Communications,"Business & Finance,Design & Creative,Science & Research",$45k–$150k,$35k–$85k
8.88,content creator,0.056,Content Creator Agency Founder,Entrepreneurship,"Media & Journalism,Design & Creative",Content Creator (YouTube/TikTok),Gaming & Esports,"Tech & Engineering,Marketing & Communications,Science & Research",$45k–$150k,$30k–$200k+
8.88,content creator,0.206,Live Streaming Content Creator,Arts & Performance,"Media & Journalism,Entrepreneurship",Fitness Influencer and Content Creator,Gaming & Esports,"Tech & Engineering,Marketing & Communications,Science & Research",$20k–$150k,$45k–$150k
8.88,content creator,0.171,Live Streaming Content Creator,Arts & Performance,"Media & Journalism,Entrepreneurship",Fashion Blogger/Content Creator,Marketing & Communications,"Business & Finance,Design & Creative,Science & Research",$20k–$150k,$35k–$85k
8.88,content creator,0.167,Live Streaming Content Creator,Arts & Performance,"Media & Journalism,Entrepreneurship",Content Creator (YouTube/TikTok),Gaming & Esports,"Tech & Engineering,Marketing & Communications,Science & Research",$20k–$150k,$30k–$200k+
8.88,content creator,0.086,Live Streaming Content Creator,Arts & Performance,"Media & Journalism,Entrepreneurship",Beauty Content Creator (TikTok/YouTube),Fashion & Beauty,"Entrepreneurship,Media & Journalism",$20k–$150k,$20k–$150k
8.88,content creator,0.229,UGC Creator (User-Generated Content),Media & Journalism,"Design & Creative,Entrepreneurship",Fitness Influencer and Content Creator,Gaming & Esports,"Tech & Engineering,Marketing & Communications,Science & Research",$45k–$150k,$45k–$150k
8.88,content creator,0.229,UGC Creator (User-Generated Content),Media & Journalism,"Design & Creative,Entrepreneurship",Fashion Blogger/Content Creator,Marketing & Communications,"Business & Finance,Design & Creative,Science & Research",$45k–$150k,$35k–$85k
8.88,content creator,0.194,UGC Creator (User-Generated Content),Media & Journalism,"Design & Creative,Entrepreneurship",Content Creator (YouTube/TikTok),Gaming & Esports,"Tech & Engineering,Marketing & Communications,Science & Research",$45k–$150k,$30k–$200k+
8.88,content creator,0.143,UGC Content Creator,Media & Journalism,"Design & Creative,Entrepreneurship",Fitness Influencer and Content Creator,Gaming & Esports,"Tech & Engineering,Marketing & Communications,Science & Research",$30k–$75k,$45k–$150k
8.88,content creator,0.176,UGC Content Creator,Media & Journalism,"Design & Creative,Entrepreneurship",Fashion Blogger/Content Creator,Marketing & Communications,"Business & Finance,Design & Creative,Science & Research",$30k–$75k,$35k–$85k
8.88,content creator,0.097,UGC Content Creator,Media & Journalism,"Design & Creative,Entrepreneurship",Content Creator (YouTube/TikTok),Gaming & Esports,"Tech & Engineering,Marketing & Communications,Science & Research",$30k–$75k,$30k–$200k+
8.88,content creator,0.103,Fitness Influencer and Content Creator,Gaming & Esports,"Tech & Engineering,Marketing & Communications,Science & Research",Beauty Content Creator (TikTok/YouTube),Fashion & Beauty,"Entrepreneurship,Media & Journalism",$45k–$150k,$20k–$150k
8.88,content creator,0.132,Fashion Blogger/Content Creator,Marketing & Communications,"Business & Finance,Design & Creative,Science & Research",Beauty Content Creator (TikTok/YouTube),Fashion & Beauty,"Entrepreneurship,Media & Journalism",$35k–$85k,$20k–$150k
8.87,grant research,0.139,Grant Reviewer (Research),Science & Research,"Business & Finance,Law & Government",Grant Writer (Research),Social Impact & Nonprofit,"Education & Coaching,Law & Government,Architecture & Urban Planning",$60k–$95k,$50k–$85k
8.87,grant research,0.091,Grant Reviewer (Research),Science & Research,"Business & Finance,Law & Government",Research Grant Manager,Social Impact & Nonprofit,"Business & Finance,Law & Government",$60k–$95k,$48k–$77k
8.87,grant research,0.103,Grant Reviewer (Research),Science & Research,"Business & Finance,Law & Government",Grant Research Specialist,Social Impact & Nonprofit,"Law & Government,Education & Coaching",$60k–$95k,$45k–$75k
8.87,entrepreneur tech,0.229,Tech Entrepreneur,Entrepreneurship,"Business & Finance,Tech & Engineering",Climate Tech Entrepreneur,Environment & Sustainability,"Science & Research,Law & Government",$0–$500k+,$45k–$150k
8.87,entrepreneur tech,0.139,Accessibility Tech Entrepreneur,Entrepreneurship,"Tech & Engineering,Social Impact & Nonprofit",Climate Tech Entrepreneur,Environment & Sustainability,"Science & Research,Law & Government",$45k–$150k,$45k–$150k
8.87,entrepreneur tech,0.154,Pet Tech Entrepreneur,Entrepreneurship,"Tech & Engineering,Business & Finance",Climate Tech Entrepreneur,Environment & Sustainability,"Science & Research,Law & Government",$45k–$150k,$45k–$150k
8.87,entrepreneur tech,0.103,Supply Chain Tech Entrepreneur,Entrepreneurship,"Tech & Engineering,Business & Finance",Climate Tech Entrepreneur,Environment & Sustainability,"Science & Research,Law & Government",$65k–$150k,$45k–$150k
8.87,entrepreneur tech,0.125,Climate Tech Entrepreneur,Environment & Sustainability,"Science & Research,Law & Government",Healthcare Tech Entrepreneur,Entrepreneurship,"Tech & Engineering,Healthcare & Medicine",$45k–$150k,$65k–$150k
8.87,entrepreneur tech,0.158,Climate Tech Entrepreneur,Environment & Sustainability,"Science & Research,Law & Government",Food Tech Entrepreneur,Entrepreneurship,"Business & Finance,Tech & Engineering",$45k–$150k,$45k–$150k
8.87,entrepreneur tech,0.171,Climate Tech Entrepreneur,Environment & Sustainability,"Science & Research,Law & Government",Health Tech Entrepreneur,Entrepreneurship,"Business & Finance,Tech & Engineering,Healthcare & Medicine",$45k–$150k,$50k–$150k
8.84,startup tech,0.125,Tech Startup Founder,Entrepreneurship,"Business & Finance,Tech & Engineering,Arts & Performance",Climate Tech Startup Founder,Environment & Sustainability,"Science & Research,Law & Government,Tech & Engineering",$0–$500k+,$50k–$200k+
8.84,startup tech,0.094,Climate Tech Startup Founder,Environment & Sustainability,"Science & Research,Law & Government,Tech & Engineering",Health Tech Startup Founder,Entrepreneurship,"Tech & Engineering,Healthcare & Medicine",$50k–$200k+,$45k–$150k
8.84,startup tech,0.241,Climate Tech Startup Founder,Environment & Sustainability,"Science & Research,Law & Government,Tech & Engineering",Tech-Enabled Service Startup Founder,Entrepreneurship,"Tech & Engineering,Business & Finance",$50k–$200k+,$45k–$150k
8.84,startup tech,0.029,Climate Tech Startup Founder,Environment & Sustainability,"Science & Research,Law & Government,Tech & Engineering",Tech Startup Advisor (Angel Investor),Entrepreneurship,"Business & Finance,Tech & Engineering",$50k–$200k+,$100k–$200k
8.84,startup tech,0.094,Climate Tech Startup Founder,Environment & Sustainability,"Science & Research,Law & Government,Tech & Engineering",Tech Hardware Startup Founder,Entrepreneurship,"Business & Finance,Tech & Engineering,Science & Research",$50k–$200k+,$50k–$200k+
8.84,startup tech,0.1,Climate Tech Startup Founder,Environment & Sustainability,"Science & Research,Law & Government,Tech & Engineering",Tech Product Startup Founder,Entrepreneurship,"Business & Finance,Tech & Engineering",$50k–$200k+,$0–$500k+
8.84,startup tech,0.179,Climate Tech Startup Founder,Environment & Sustainability,"Science & Research,Law & Government,Tech & Engineering",Nonprofit Tech Startup Founder,Entrepreneurship,"Tech & Engineering,Social Impact & Nonprofit",$50k–$200k+,$40k–$120k
8.84,startup tech,0.156,Climate Tech Startup Founder,Environment & Sustainability,"Science & Research,Law & Government,Tech & Engineering",Healthcare Tech Startup Founder,Entrepreneurship,"Tech & Engineering,Healthcare & Medicine",$50k–$200k+,$50k–$150k
8.84,startup tech,0.083,Climate Tech Startup Founder,Environment & Sustainability,"Science & Research,Law & Government,Tech & Engineering",Pet Tech Startup Founder,Entrepreneurship,"Tech & Engineering,Business & Finance",$50k–$200k+,$45k–$150k
8.84,startup tech,0.167,Climate Tech Startup Founder,Environment & Sustainability,"Science & Research,Law & Government,Tech & Engineering",Recruitment Tech Startup Founder,Entrepreneurship,"Tech & Engineering,Business & Finance",$50k–$200k+,$0–$500k+
8.84,startup tech,0.091,Climate Tech Startup Founder,Environment & Sustainability,"Science & Research,Law & Government,Tech & Engineering",Startup Founder (Tech Hardware),Entrepreneurship,"Tech & Engineering,Business & Finance",$50k–$200k+,$0–$500k+
8.84,startup tech,0.067,Climate Tech Startup Founder,Environment & Sustainability,"Science & Research,Law & Government,Tech & Engineering",Logistics Tech Startup Founder,Entrepreneurship,"Tech & Engineering,Business & Finance",$50k–$200k+,$45k–$150k
8.84,startup tech,0.029,Climate Tech Startup Founder,Environment & Sustainability,"Science & Research,Law & Government,Tech & Engineering",Tech Startup Accelerator Director,Entrepreneurship,"Business & Finance,Tech & Engineering,Cybersecurity",$50k–$200k+,$70k–$150k
8.82,experience researcher,0.233,Experience Architect (UX Researcher),Design & Creative,"Tech & Engineering,Business & Finance",User Experience Researcher,Science & Research,"Healthcare & Medicine,Tech & Engineering,Architecture & Urban Planning",$60k–$95k,$65k–$110k
8.82,experience researcher,0.029,Experience Researcher (Design),Design & Creative,"Tech & Engineering,Business & Finance",User Experience Researcher,Science & Research,"Healthcare & Medicine,Tech & Engineering,Architecture & Urban Planning",$55k–$85k,$65k–$110k
8.8,entrepreneur personal,0.056,Social Media Entrepreneur (Personal Brand),Entrepreneurship,"Media & Journalism,Design & Creative",Personal Training Entrepreneur,Sports & Fitness,"Business & Finance,Education & Coaching",$30k–$200k+,$35k–$85k
8.8,editor media,0.135,Video Editor (Media),Media & Journalism,"Design & Creative,Arts & Performance",Social Media Editor,Marketing & Communications,"Business & Finance,Design & Creative,Science & Research",$45k–$85k,$40k–$65k
8.8,editor media,0.118,Video Editor (Media Production),Media & Journalism,"Design & Creative,Tech & Engineering",Social Media Editor,Marketing & Communications,"Business & Finance,Design & Creative,Science & Research",$45k–$85k,$40k–$65k
8.8,editor media,0.028,Social Media Editor,Marketing & Communications,"Business & Finance,Design & Creative,Science & Research",Subtitle Editor (Media),Media & Journalism,"Design & Creative,Tech & Engineering",$40k–$65k,$35k–$65k
8.77,developer product,0.026,Concept Developer (Product Innovation),Entrepreneurship,"Design & Creative,Tech & Engineering",Grooming Product Developer,Fashion & Beauty,"Science & Research,Design & Creative",$60k–$95k,$55k–$95k
8.77,developer product,0.056,Concept Developer (Product Innovation),Entrepreneurship,"Design & Creative,Tech & Engineering",Beauty Product Developer,Fashion & Beauty,"Design & Creative,Marketing & Communications,Science & Research",$60k–$95k,$55k–$95k
8.77,developer product,0.053,Concept Developer (Product Innovation),Entrepreneurship,"Design & Creative,Tech & Engineering",Footwear Product Developer,Fashion & Beauty,"Design & Creative,Tech & Engineering",$60k–$95k,$50k–$85k
8.77,developer product,0.0,Concept Developer (Product Innovation),Entrepreneurship,"Design & Creative,Tech & Engineering",Inclusive Beauty Product Developer,Fashion & Beauty,"Science & Research,Design & Creative",$60k–$95k,$58k–$95k
8.77,developer product,0.114,Concept Developer (Product Innovation),Entrepreneurship,"Design & Creative,Tech & Engineering",Skincare Product Developer,Fashion & Beauty,"Science & Research,Design & Creative",$60k–$95k,$55k–$95k
8.77,developer product,0.028,SaaS Product Developer (Solo),Entrepreneurship,"Tech & Engineering,Business & Finance",Grooming Product Developer,Fashion & Beauty,"Science & Research,Design & Creative",$20k–$150k,$55k–$95k
8.77,developer product,0.059,SaaS Product Developer (Solo),Entrepreneurship,"Tech & Engineering,Business & Finance",Beauty Product Developer,Fashion & Beauty,"Design & Creative,Marketing & Communications,Science & Research",$20k–$150k,$55k–$95k
8.77,developer product,0.0,SaaS Product Developer (Solo),Entrepreneurship,"Tech & Engineering,Business & Finance",Footwear Product Developer,Fashion & Beauty,"Design & Creative,Tech & Engineering",$20k–$150k,$50k–$85k
8.77,developer product,0.025,SaaS Product Developer (Solo),Entrepreneurship,"Tech & Engineering,Business & Finance",Inclusive Beauty Product Developer,Fashion & Beauty,"Science & Research,Design & Creative",$20k–$150k,$58k–$95k
8.77,developer product,0.088,SaaS Product Developer (Solo),Entrepreneurship,"Tech & Engineering,Business & Finance",Skincare Product Developer,Fashion & Beauty,"Science & Research,Design & Creative",$20k–$150k,$55k–$95k
8.77,developer product,0.061,Grooming Product Developer,Fashion & Beauty,"Science & Research,Design & Creative",Specialty Food Product Developer,Entrepreneurship,"Business & Finance,Design & Creative",$55k–$95k,$45k–$85k
8.77,developer product,0.026,Grooming Product Developer,Fashion & Beauty,"Science & Research,Design & Creative",Nanotech Product Developer,Entrepreneurship,"Science & Research,Tech & Engineering",$55k–$95k,$70k–$120k
8.77,developer product,0.023,Grooming Product Developer,Fashion & Beauty,"Science & Research,Design & Creative",SaaS Product Developer,Entrepreneurship,"Tech & Engineering,Business & Finance",$55k–$95k,$70k–$150k
8.77,developer product,0.214,Beauty Product Developer,Fashion & Beauty,"Design & Creative,Marketing & Communications,Science & Research",Specialty Food Product Developer,Entrepreneurship,"Business & Finance,Design & Creative",$55k–$95k,$45k–$85k
8.77,developer product,0.027,Beauty Product Developer,Fashion & Beauty,"Design & Creative,Marketing & Communications,Science & Research",Nanotech Product Developer,Entrepreneurship,"Science & Research,Tech & Engineering",$55k–$95k,$70k–$120k
8.77,developer product,0.049,Beauty Product Developer,Fashion & Beauty,"Design & Creative,Marketing & Communications,Science & Research",SaaS Product Developer,Entrepreneurship,"Tech & Engineering,Business & Finance",$55k–$95k,$70k–$150k
8.77,developer product,0.0,Specialty Food Product Developer,Entrepreneurship,"Business & Finance,Design & Creative",Footwear Product Developer,Fashion & Beauty,"Design & Creative,Tech & Engineering",$45k–$85k,$50k–$85k
8.77,developer product,0.026,Specialty Food Product Developer,Entrepreneurship,"Business & Finance,Design & Creative",Inclusive Beauty Product Developer,Fashion & Beauty,"Science & Research,Design & Creative",$45k–$85k,$58k–$95k
8.77,developer product,0.094,Specialty Food Product Developer,Entrepreneurship,"Business & Finance,Design & Creative",Skincare Product Developer,Fashion & Beauty,"Science & Research,Design & Creative",$45k–$85k,$55k–$95k
8.77,developer product,0.026,Nanotech Product Developer,Entrepreneurship,"Science & Research,Tech & Engineering",Footwear Product Developer,Fashion & Beauty,"Design & Creative,Tech & Engineering",$70k–$120k,$50k–$85k
8.77,developer product,0.024,Nanotech Product Developer,Entrepreneurship,"Science & Research,Tech & Engineering",Inclusive Beauty Product Developer,Fashion & Beauty,"Science & Research,Design & Creative",$70k–$120k,$58k–$95k
8.77,developer product,0.114,Nanotech Product Developer,Entrepreneurship,"Science & Research,Tech & Engineering",Skincare Product Developer,Fashion & Beauty,"Science & Research,Design & Creative",$70k–$120k,$55k–$95k
8.77,developer product,0.0,SaaS Product Developer,Entrepreneurship,"Tech & Engineering,Business & Finance",Footwear Product Developer,Fashion & Beauty,"Design & Creative,Tech & Engineering",$70k–$150k,$50k–$85k
8.77,developer product,0.021,SaaS Product Developer,Entrepreneurship,"Tech & Engineering,Business & Finance",Inclusive Beauty Product Developer,Fashion & Beauty,"Science & Research,Design & Creative",$70k–$150k,$58k–$95k
8.77,developer product,0.128,SaaS Product Developer,Entrepreneurship,"Tech & Engineering,Business & Finance",Skincare Product Developer,Fashion & Beauty,"Science & Research,Design & Creative",$70k–$150k,$55k–$95k
8.74,corporate personal,0.051,Personal Trainer (Corporate Wellness),Sports & Fitness,"Healthcare & Medicine,Business & Finance",Personal Stylist (Corporate),Fashion & Beauty,"Business & Finance,Design & Creative",$35k–$65k,$45k–$85k
8.71,developer tech,0.121,Fitness Tech Developer,Sports & Fitness,"Tech & Engineering,Design & Creative",Fashion Tech Developer,Marketing & Communications,"Business & Finance,Design & Creative,Media & Journalism",$65k–$120k,$65k–$120k
8.7,entrepreneur sustainable,0.242,Sustainable Packaging Entrepreneur,Environment & Sustainability,"Design & Creative,Entrepreneurship",Sustainable Fashion Entrepreneur,Marketing & Communications,"Business & Finance,Design & Creative,Science & Research",$45k–$120k,$45k–$150k
8.7,entrepreneur sustainable,0.235,Sustainable Fashion Entrepreneur,Marketing & Communications,"Business & Finance,Design & Creative,Science & Research",Niche Product Entrepreneur (Sustainable Goods),Entrepreneurship,"Environment & Sustainability,Design & Creative",$45k–$150k,$45k–$150k
8.7,entrepreneur sustainable,0.125,Sustainable Fashion Entrepreneur,Marketing & Communications,"Business & Finance,Design & Creative,Science & Research",Sustainable Agriculture Entrepreneur,Entrepreneurship,"Environment & Sustainability,Business & Finance",$45k–$150k,$35k–$85k
8.7,digital media,0.097,Media Buyer (Digital Advertising),Media & Journalism,"Business & Finance,Tech & Engineering",Fact Checker (Digital Media),Science & Research,"Healthcare & Medicine,Tech & Engineering,Architecture & Urban Planning",$55k–$90k,$45k–$75k
8.7,digital media,0.152,Media Buyer (Digital Advertising),Media & Journalism,"Business & Finance,Tech & Engineering",Digital Media Strategist,Marketing & Communications,"Business & Finance,Design & Creative,Science & Research",$55k–$90k,$52k–$85k
8.7,digital media,0.167,Fact Checker (Digital Media),Science & Research,"Healthcare & Medicine,Tech & Engineering,Architecture & Urban Planning",Digital Media Producer,Media & Journalism,"Design & Creative,Tech & Engineering",$45k–$75k,$45k–$85k
8.7,digital media,0.088,Fact Checker (Digital Media),Science & Research,"Healthcare & Medicine,Tech & Engineering,Architecture & Urban Planning",Motion Designer (Digital Media),Design & Creative,"Tech & Engineering,Media & Journalism",$45k–$75k,$50k–$85k
8.7,digital media,0.152,Fact Checker (Digital Media),Science & Research,"Healthcare & Medicine,Tech & Engineering,Architecture & Urban Planning",News Producer (Digital Media),Media & Journalism,"Tech & Engineering,Business & Finance",$45k–$75k,$45k–$75k
8.7,digital media,0.167,Fact Checker (Digital Media),Science & Research,"Healthcare & Medicine,Tech & Engineering,Architecture & Urban Planning",Editorial Producer (Digital Media),Media & Journalism,"Design & Creative,Tech & Engineering",$45k–$75k,$48k–$77k
8.7,digital media,0.034,Fact Checker (Digital Media),Science & Research,"Healthcare & Medicine,Tech & Engineering,Architecture & Urban Planning",Interactive Designer (Digital Media),Design & Creative,"Tech & Engineering,Media & Journalism",$45k–$75k,$55k–$95k
8.7,digital media,0.125,Fact Checker (Digital Media),Science & Research,"Healthcare & Medicine,Tech & Engineering,Architecture & Urban Planning",Digital Strategist (Media Company),Media & Journalism,"Tech & Engineering,Business & Finance",$45k–$75k,$60k–$95k
8.7,digital media,0.125,Fact Checker (Digital Media),Science & Research,"Healthcare & Medicine,Tech & Engineering,Architecture & Urban Planning",Content Strategist (Digital Media),Media & Journalism,"Design & Creative,Business & Finance",$45k–$75k,$48k–$85k
8.7,digital media,0.219,Digital Media Producer,Media & Journalism,"Design & Creative,Tech & Engineering",Digital Media Strategist,Marketing & Communications,"Business & Finance,Design & Creative,Science & Research",$45k–$85k,$52k–$85k
8.7,digital media,0.2,News Producer (Digital Media),Media & Journalism,"Tech & Engineering,Business & Finance",Digital Media Strategist,Marketing & Communications,"Business & Finance,Design & Creative,Science & Research",$45k–$75k,$52k–$85k
8.7,digital media,0.219,Editorial Producer (Digital Media),Media & Journalism,"Design & Creative,Tech & Engineering",Digital Media Strategist,Marketing & Communications,"Business & Finance,Design & Creative,Science & Research",$48k–$77k,$52k–$85k
8.7,digital media,0.29,Digital Strategist (Media Company),Media & Journalism,"Tech & Engineering,Business & Finance",Digital Media Strategist,Marketing & Communications,"Business & Finance,Design & Creative,Science & Research",$60k–$95k,$52k–$85k
8.7,digital media,0.125,Fact-Checker (Digital Media),Media & Journalism,"Tech & Engineering,Law & Government",Digital Media Strategist,Marketing & Communications,"Business & Finance,Design & Creative,Science & Research",$45k–$75k,$52k–$85k
8.7,digital media,0.25,Content Strategist (Digital Media),Media & Journalism,"Design & Creative,Business & Finance",Digital Media Strategist,Marketing & Communications,"Business & Finance,Design & Creative,Science & Research",$48k–$85k,$52k–$85k
8.69,event virtual,0.147,Virtual Event Production Entrepreneur,Entrepreneurship,"Hospitality & Events,Tech & Engineering",Virtual Event Designer,Environment & Sustainability,"Science & Research,Law & Government,Architecture & Urban Planning",$45k–$120k,$45k–$75k
8.69,event virtual,0.212,Virtual Event Platform Founder,Entrepreneurship,"Business & Finance,Tech & Engineering,Architecture & Urban Planning",Virtual Event Designer,Environment & Sustainability,"Science & Research,Law & Government,Architecture & Urban Planning",$45k–$150k,$45k–$75k
8.69,event virtual,0.108,Virtual Event Platform Founder,Entrepreneurship,"Business & Finance,Tech & Engineering,Architecture & Urban Planning",Virtual Event Producer,Hospitality & Events,"Tech & Engineering,Media & Journalism",$45k–$150k,$45k–$75k
8.69,event virtual,0.162,Virtual Event Platform Founder,Entrepreneurship,"Business & Finance,Tech & Engineering,Architecture & Urban Planning",Virtual Event Coordinator,Hospitality & Events,"Tech & Engineering,Business & Finance",$45k–$150k,$45k–$75k
8.69,event virtual,0.233,Virtual Event Production Company Owner,Entrepreneurship,"Tech & Engineering,Hospitality & Events",Virtual Event Designer,Environment & Sustainability,"Science & Research,Law & Government,Architecture & Urban Planning",$45k–$120k,$45k–$75k
8.69,event virtual,0.079,Virtual Event Designer,Environment & Sustainability,"Science & Research,Law & Government,Architecture & Urban Planning",Virtual Event Producer,Hospitality & Events,"Tech & Engineering,Media & Journalism",$45k–$75k,$45k–$75k
8.69,event virtual,0.194,Virtual Event Designer,Environment & Sustainability,"Science & Research,Law & Government,Architecture & Urban Planning",Virtual Event Coordinator,Hospitality & Events,"Tech & Engineering,Business & Finance",$45k–$75k,$45k–$75k
8.69,event virtual,0.054,Virtual Event Designer,Environment & Sustainability,"Science & Research,Law & Government,Architecture & Urban Planning",Virtual Event Platform Operator,Entrepreneurship,"Tech & Engineering,Hospitality & Events",$45k–$75k,$45k–$85k
8.69,event virtual,0.206,Virtual Event Designer,Environment & Sustainability,"Science & Research,Law & Government,Architecture & Urban Planning",Virtual Event Platform Owner,Entrepreneurship,"Business & Finance,Tech & Engineering,Cybersecurity",$45k–$75k,$45k–$150k
8.69,event virtual,0.167,Virtual Event Producer,Hospitality & Events,"Tech & Engineering,Media & Journalism",Virtual Event Platform Owner,Entrepreneurship,"Business & Finance,Tech & Engineering,Cybersecurity",$45k–$75k,$45k–$150k
8.69,event virtual,0.189,Virtual Event Coordinator,Hospitality & Events,"Tech & Engineering,Business & Finance",Virtual Event Platform Owner,Entrepreneurship,"Business & Finance,Tech & Engineering,Cybersecurity",$45k–$75k,$45k–$150k
8.68,services social,0.081,Social Services Manager,Social Impact & Nonprofit,"Education & Coaching,Law & Government",Social Services Coordinator,Gaming & Esports,"Tech & Engineering,Marketing & Communications,Science & Research",$50k–$75k,$30k–$50k
8.68,services social,0.075,Social Services Manager,Social Impact & Nonprofit,"Education & Coaching,Law & Government",Social Services Intake Specialist,Food & Culinary,"Hospitality & Events,Business & Finance,Healthcare & Medicine",$50k–$75k,$30k–$50k
8.68,services social,0.129,Social Services Advocate,Social Impact & Nonprofit,"Law & Government,Healthcare & Medicine",Social Services Coordinator,Gaming & Esports,"Tech & Engineering,Marketing & Communications,Science & Research",$35k–$55k,$30k–$50k
8.68,services social,0.086,Social Services Advocate,Social Impact & Nonprofit,"Law & Government,Healthcare & Medicine",Social Services Intake Specialist,Food & Culinary,"Hospitality & Events,Business & Finance,Healthcare & Medicine",$35k–$55k,$30k–$50k
8.68,services social,0.077,Social Worker (Adult Services),Social Impact & Nonprofit,"Healthcare & Medicine,Law & Government",Social Services Coordinator,Gaming & Esports,"Tech & Engineering,Marketing & Communications,Science & Research",$37k–$63k,$30k–$50k
8.68,services social,0.125,Social Worker (Adult Services),Social Impact & Nonprofit,"Healthcare & Medicine,Law & Government",Social Services Intake Specialist,Food & Culinary,"Hospitality & Events,Business & Finance,Healthcare & Medicine",$37k–$63k,$30k–$50k
8.68,services social,0.114,Social Services Counselor,Social Impact & Nonprofit,"Healthcare & Medicine,Law & Government",Social Services Coordinator,Gaming & Esports,"Tech & Engineering,Marketing & Communications,Science & Research",$35k–$55k,$30k–$50k
8.68,services social,0.105,Social Services Counselor,Social Impact & Nonprofit,"Healthcare & Medicine,Law & Government",Social Services Intake Specialist,Food & Culinary,"Hospitality & Events,Business & Finance,Healthcare & Medicine",$35k–$55k,$30k–$50k
8.68,services social,0.241,Case Manager (Social Services),Social Impact & Nonprofit,"Healthcare & Medicine,Law & Government",Social Services Coordinator,Gaming & Esports,"Tech & Engineering,Marketing & Communications,Science & Research",$35k–$50k,$30k–$50k
8.68,services social,0.114,Case Manager (Social Services),Social Impact & Nonprofit,"Healthcare & Medicine,Law & Government",Social Services Intake Specialist,Food & Culinary,"Hospitality & Events,Business & Finance,Healthcare & Medicine",$35k–$50k,$30k–$50k
8.68,services social,0.114,Social Services Director,Gaming & Esports,"Tech & Engineering,Marketing & Communications,Social Impact & Nonprofit",Social Services Intake Specialist,Food & Culinary,"Hospitality & Events,Business & Finance,Healthcare & Medicine",$48k–$77k,$30k–$50k
8.68,services social,0.114,Social Worker (Adult Protective Services),Social Impact & Nonprofit,"Law & Government,Healthcare & Medicine",Social Services Coordinator,Gaming & Esports,"Tech & Engineering,Marketing & Communications,Science & Research",$37k–$63k,$30k–$50k
8.68,services social,0.024,Social Worker (Adult Protective Services),Social Impact & Nonprofit,"Law & Government,Healthcare & Medicine",Social Services Intake Specialist,Food & Culinary,"Hospitality & Events,Business & Finance,Healthcare & Medicine",$37k–$63k,$30k–$50k
8.68,services social,0.056,Social Worker (Elderly Services),Social Impact & Nonprofit,"Healthcare & Medicine,Law & Government",Social Services Coordinator,Gaming & Esports,"Tech & Engineering,Marketing & Communications,Science & Research",$37k–$63k,$30k–$50k
8.68,services social,0.139,Social Worker (Elderly Services),Social Impact & Nonprofit,"Healthcare & Medicine,Law & Government",Social Services Intake Specialist,Food & Culinary,"Hospitality & Events,Business & Finance,Healthcare & Medicine",$37k–$63k,$30k–$50k
8.68,services social,0.188,Social Services Program Manager,Social Impact & Nonprofit,"Education & Coaching,Law & Government",Social Services Coordinator,Gaming & Esports,"Tech & Engineering,Marketing & Communications,Science & Research",$45k–$75k,$30k–$50k
8.68,services social,0.079,Social Services Program Manager,Social Impact & Nonprofit,"Education & Coaching,Law & Government",Social Services Intake Specialist,Food & Culinary,"Hospitality & Events,Business & Finance,Healthcare & Medicine",$45k–$75k,$30k–$50k
8.68,services social,0.167,Social Services Coordinator,Gaming & Esports,"Tech & Engineering,Marketing & Communications,Science & Research",Social Services Supervisor,Social Impact & Nonprofit,"Education & Coaching,Healthcare & Medicine",$30k–$50k,$45k–$65k
8.68,services social,0.147,Social Services Coordinator,Gaming & Esports,"Tech & Engineering,Marketing & Communications,Science & Research",Program Coordinator (Social Services),Social Impact & Nonprofit,"Education & Coaching,Law & Government",$30k–$50k,$38k–$58k
8.68,services social,0.194,Social Services Coordinator,Gaming & Esports,"Tech & Engineering,Marketing & Communications,Science & Research",Social Services Intake Specialist,Food & Culinary,"Hospitality & Events,Business & Finance,Healthcare & Medicine",$30k–$50k,$30k–$50k
8.68,services social,0.167,Social Services Coordinator,Gaming & Esports,"Tech & Engineering,Marketing & Communications,Science & Research",Social Services Case Manager,Social Impact & Nonprofit,"Healthcare & Medicine,Law & Government",$30k–$50k,$30k–$45k
8.68,services social,0.071,Social Services Supervisor,Social Impact & Nonprofit,"Education & Coaching,Healthcare & Medicine",Social Services Intake Specialist,Food & Culinary,"Hospitality & Events,Business & Finance,Healthcare & Medicine",$45k–$65k,$30k–$50k
8.68,services social,0.077,Program Coordinator (Social Services),Social Impact & Nonprofit,"Education & Coaching,Law & Government",Social Services Intake Specialist,Food & Culinary,"Hospitality & Events,Business & Finance,Healthcare & Medicine",$38k–$58k,$30k–$50k
8.68,services social,0.086,Social Services Intake Specialist,Food & Culinary,"Hospitality & Events,Business & Finance,Healthcare & Medicine",Social Services Case Manager,Social Impact & Nonprofit,"Healthcare & Medicine,Law & Government",$30k–$50k,$30k–$45k
8.66,research writer,0.103,Research Writer/Communicator,Science & Research,"Media & Journalism,Education & Coaching",Grant Writer (Research),Social Impact & Nonprofit,"Education & Coaching,Law & Government,Architecture & Urban Planning",$50k–$85k,$50k–$85k
8.64,nonprofit program,0.4,Nonprofit Program Director,Social Impact & Nonprofit,"Education & Coaching,Law & Government",Nonprofit Program Officer,Gaming & Esports,"Tech & Engineering,Marketing & Communications,Science & Research",$48k–$77k,$45k–$65k
8.64,nonprofit program,0.2,Nonprofit Program Coordinator,Social Impact & Nonprofit,"Education & Coaching,Law & Government",Nonprofit Program Officer,Gaming & Esports,"Tech & Engineering,Marketing & Communications,Science & Research",$37k–$63k,$45k–$65k
8.64,nonprofit program,0.25,Program Officer (Nonprofit Foundation),Social Impact & Nonprofit,"Education & Coaching,Law & Government",Nonprofit Program Officer,Gaming & Esports,"Tech & Engineering,Marketing & Communications,Science & Research",$50k–$75k,$45k–$65k
8.64,nonprofit program,0.059,Nonprofit Researcher (Program Evaluation),Social Impact & Nonprofit,"Education & Coaching,Science & Research",Nonprofit Program Officer,Gaming & Esports,"Tech & Engineering,Marketing & Communications,Science & Research",$45k–$70k,$45k–$65k
8.64,nonprofit program,0.31,Nonprofit Program Officer,Gaming & Esports,"Tech & Engineering,Marketing & Communications,Science & Research",Nonprofit Program Manager,Social Impact & Nonprofit,"Education & Coaching,Law & Government,Science & Research",$45k–$65k,$45k–$70k
8.64,nonprofit program,0.129,Nonprofit Program Officer,Gaming & Esports,"Tech & Engineering,Marketing & Communications,Science & Research",Program Evaluator (Nonprofit),Social Impact & Nonprofit,"Education & Coaching,Law & Government",$45k–$65k,$45k–$70k
8.64,nonprofit program,0.296,Nonprofit Program Officer,Gaming & Esports,"Tech & Engineering,Marketing & Communications,Science & Research",Program Officer (Nonprofit),Social Impact & Nonprofit,"Education & Coaching,Law & Government",$45k–$65k,$45k–$75k
8.64,nonprofit program,0.091,Nonprofit Program Officer,Gaming & Esports,"Tech & Engineering,Marketing & Communications,Science & Research",Nonprofit Program Evaluator,Social Impact & Nonprofit,"Education & Coaching,Law & Government,Science & Research",$45k–$65k,$55k–$85k
8.64,sports youth,0.143,Youth Sports Coach,Sports & Fitness,"Healthcare & Medicine,Marketing & Communications,Science & Research",Youth Sports Coordinator,Gaming & Esports,"Tech & Engineering,Marketing & Communications,Architecture & Urban Planning",$30k–$45k,$30k–$45k
8.64,sports youth,0.094,Youth Sports Coach,Sports & Fitness,"Healthcare & Medicine,Marketing & Communications,Science & Research",Youth Sports Director,Gaming & Esports,"Tech & Engineering,Marketing & Communications,Architecture & Urban Planning",$30k–$45k,$35k–$65k
8.64,sports youth,0.462,Youth Development Sports Director,Sports & Fitness,"Education & Coaching,Social Impact & Nonprofit",Youth Sports Coordinator,Gaming & Esports,"Tech & Engineering,Marketing & Communications,Architecture & Urban Planning",$35k–$60k,$30k–$45k
8.64,sports youth,0.281,Youth Development Sports Director,Sports & Fitness,"Education & Coaching,Social Impact & Nonprofit",Youth Sports Director,Gaming & Esports,"Tech & Engineering,Marketing & Communications,Architecture & Urban Planning",$35k–$60k,$35k–$65k
8.64,sports youth,0.152,Youth Sports Referee Coordinator,Sports & Fitness,"Education & Coaching,Hospitality & Events",Youth Sports Coordinator,Gaming & Esports,"Tech & Engineering,Marketing & Communications,Architecture & Urban Planning",$35k–$65k,$30k–$45k
8.64,sports youth,0.079,Youth Sports Referee Coordinator,Sports & Fitness,"Education & Coaching,Hospitality & Events",Youth Sports Director,Gaming & Esports,"Tech & Engineering,Marketing & Communications,Architecture & Urban Planning",$35k–$65k,$35k–$65k
8.64,sports youth,0.233,Youth Sports League Director,Sports & Fitness,"Education & Coaching,Hospitality & Events",Youth Sports Coordinator,Gaming & Esports,"Tech & Engineering,Marketing & Communications,Architecture & Urban Planning",$35k–$65k,$30k–$45k
8.64,sports youth,0.111,Youth Sports League Director,Sports & Fitness,"Education & Coaching,Hospitality & Events",Youth Sports Director,Gaming & Esports,"Tech & Engineering,Marketing & Communications,Architecture & Urban Planning",$35k–$65k,$35k–$65k
8.64,sports youth,0.36,Youth Sports Program Director,Sports & Fitness,"Education & Coaching,Social Impact & Nonprofit",Youth Sports Coordinator,Gaming & Esports,"Tech & Engineering,Marketing & Communications,Architecture & Urban Planning",$35k–$65k,$30k–$45k
8.64,sports youth,0.233,Youth Sports Program Director,Sports & Fitness,"Education & Coaching,Social Impact & Nonprofit",Youth Sports Director,Gaming & Esports,"Tech & Engineering,Marketing & Communications,Architecture & Urban Planning",$35k–$65k,$35k–$65k
8.64,sports youth,0.276,Youth Sports League Administrator,Sports & Fitness,"Education & Coaching,Hospitality & Events",Youth Sports Coordinator,Gaming & Esports,"Tech & Engineering,Marketing & Communications,Architecture & Urban Planning",$35k–$65k,$30k–$45k
8.64,sports youth,0.143,Youth Sports League Administrator,Sports & Fitness,"Education & Coaching,Hospitality & Events",Youth Sports Director,Gaming & Esports,"Tech & Engineering,Marketing & Communications,Architecture & Urban Planning",$35k–$65k,$35k–$65k
8.64,sports youth,0.207,Youth Development Specialist (Sports),Sports & Fitness,"Education & Coaching,Social Impact & Nonprofit",Youth Sports Coordinator,Gaming & Esports,"Tech & Engineering,Marketing & Communications,Architecture & Urban Planning",$32k–$52k,$30k–$45k
8.64,sports youth,0.226,Youth Development Specialist (Sports),Sports & Fitness,"Education & Coaching,Social Impact & Nonprofit",Youth Sports Director,Gaming & Esports,"Tech & Engineering,Marketing & Communications,Architecture & Urban Planning",$32k–$52k,$35k–$65k
8.64,sports youth,0.259,Youth Sports Coordinator,Gaming & Esports,"Tech & Engineering,Marketing & Communications,Architecture & Urban Planning",Youth Development Sports Coordinator,Sports & Fitness,"Education & Coaching,Social Impact & Nonprofit",$30k–$45k,$32k–$52k
8.64,sports youth,0.522,Youth Sports Coordinator,Gaming & Esports,"Tech & Engineering,Marketing & Communications,Architecture & Urban Planning",Youth Sports Organization Director,Sports & Fitness,"Education & Coaching,Social Impact & Nonprofit",$30k–$45k,$35k–$65k
8.64,sports youth,0.2,Youth Sports Coordinator,Gaming & Esports,"Tech & Engineering,Marketing & Communications,Architecture & Urban Planning",Strength Coach (Youth Sports),Sports & Fitness,"Education & Coaching,Healthcare & Medicine",$30k–$45k,$32k–$55k
8.64,sports youth,0.233,Youth Development Sports Coordinator,Sports & Fitness,"Education & Coaching,Social Impact & Nonprofit",Youth Sports Director,Gaming & Esports,"Tech & Engineering,Marketing & Communications,Architecture & Urban Planning",$32k–$52k,$35k–$65k
8.64,sports youth,0.267,Youth Sports Organization Director,Sports & Fitness,"Education & Coaching,Social Impact & Nonprofit",Youth Sports Director,Gaming & Esports,"Tech & Engineering,Marketing & Communications,Architecture & Urban Planning",$35k–$65k,$35k–$65k
8.64,sports youth,0.083,Youth Sports Director,Gaming & Esports,"Tech & Engineering,Marketing & Communications,Architecture & Urban Planning",Strength Coach (Youth Sports),Sports & Fitness,"Education & Coaching,Healthcare & Medicine",$35k–$65k,$32k–$55k
8.64,fashion tech,0.121,Fashion Tech Specialist,Fashion & Beauty,"Design & Creative,Tech & Engineering",Fashion Tech Developer,Marketing & Communications,"Business & Finance,Design & Creative,Media & Journalism",$60k–$95k,$65k–$120k
8.64,fashion tech,0.029,Fashion Tech Designer,Fashion & Beauty,"Tech & Engineering,Design & Creative",Fashion Tech Developer,Marketing & Communications,"Business & Finance,Design & Creative,Media & Journalism",$60k–$95k,$65k–$120k
8.64,fashion tech,0.091,Fashion Tech Developer,Marketing & Communications,"Business & Finance,Design & Creative,Media & Journalism",Fashion Tech Innovator,Fashion & Beauty,"Tech & Engineering,Design & Creative",$65k–$120k,$65k–$120k
8.63,artist theater,0.028,Experimental Theater Artist,Arts & Performance,"Design & Creative,Education & Coaching",Makeup Effects Artist (Non-Theater),Fashion & Beauty,"Media & Journalism,Design & Creative",$35k–$70k,$35k–$75k
8.63,artist theater,0.059,Makeup Effects Artist (Non-Theater),Fashion & Beauty,"Media & Journalism,Design & Creative",Scenic Artist (Theater),Arts & Performance,"Design & Creative,Hospitality & Events",$35k–$75k,$35k–$65k
8.61,event live,0.171,Live Event Streaming Director,Arts & Performance,"Media & Journalism,Hospitality & Events",Live Event Producer,Supply Chain & Operations,"Business & Finance,Tech & Engineering,Science & Research",$45k–$85k,$45k–$85k
8.61,event live,0.3,Live Event Projectionist,Arts & Performance,"Hospitality & Events,Tech & Engineering",Live Event Producer,Supply Chain & Operations,"Business & Finance,Tech & Engineering,Science & Research",$35k–$65k,$45k–$85k
8.61,event live,0.242,Live Event Visual Effects Designer,Arts & Performance,"Design & Creative,Hospitality & Events",Live Event Producer,Supply Chain & Operations,"Business & Finance,Tech & Engineering,Science & Research",$45k–$85k,$45k–$85k
8.61,event live,0.206,Live Event Producer,Supply Chain & Operations,"Business & Finance,Tech & Engineering,Science & Research",Live Event Mixer,Arts & Performance,"Hospitality & Events,Tech & Engineering",$45k–$85k,$35k–$75k
8.61,event live,0.321,Live Event Producer,Supply Chain & Operations,"Business & Finance,Tech & Engineering,Science & Research",Live Event Technician,Hospitality & Events,"Food & Culinary,Marketing & Communications,Arts & Performance",$45k–$85k,$32k–$65k
8.61,event live,0.111,Live Event Producer,Supply Chain & Operations,"Business & Finance,Tech & Engineering,Science & Research",Live Event Sound Engineer,Arts & Performance,"Hospitality & Events,Tech & Engineering",$45k–$85k,$35k–$75k
8.61,event live,0.105,Live Event Producer,Supply Chain & Operations,"Business & Finance,Tech & Engineering,Science & Research",Live Event Video Director,Arts & Performance,"Media & Journalism,Hospitality & Events",$45k–$85k,$45k–$85k
8.61,event live,0.184,Live Event Producer,Supply Chain & Operations,"Business & Finance,Tech & Engineering,Science & Research",Live Event Lighting Technician,Arts & Performance,"Hospitality & Events,Tech & Engineering",$45k–$85k,$35k–$75k
8.61,event live,0.118,Live Event Producer,Supply Chain & Operations,"Business & Finance,Tech & Engineering,Science & Research",Live Event Sculptor,Arts & Performance,"Design & Creative,Hospitality & Events",$45k–$85k,$45k–$75k
8.61,event live,0.194,Live Event Producer,Supply Chain & Operations,"Business & Finance,Tech & Engineering,Science & Research",Live Event Curator,Arts & Performance,"Hospitality & Events,Business & Finance",$45k–$85k,$45k–$75k
8.61,event live,0.051,Live Event Producer,Supply Chain & Operations,"Business & Finance,Tech & Engineering,Science & Research",Live Event Interpreter (ASL),Arts & Performance,"Education & Coaching,Hospitality & Events",$45k–$85k,$35k–$65k
8.61,event live,0.105,Live Event Producer,Supply Chain & Operations,"Business & Finance,Tech & Engineering,Science & Research",Live Event Composer,Arts & Performance,"Hospitality & Events,Design & Creative",$45k–$85k,$45k–$85k
8.61,event live,0.194,Live Event Producer,Supply Chain & Operations,"Business & Finance,Tech & Engineering,Science & Research",Live Event Audio Engineer,Arts & Performance,"Hospitality & Events,Tech & Engineering",$45k–$85k,$35k–$75k
8.61,event live,0.25,Live Event Producer,Supply Chain & Operations,"Business & Finance,Tech & Engineering,Science & Research",Live Event Production Coordinator,Arts & Performance,"Hospitality & Events,Business & Finance",$45k–$85k,$35k–$65k
8.61,event live,0.1,Live Event Producer,Supply Chain & Operations,"Business & Finance,Tech & Engineering,Science & Research",Live Event Captioning Specialist,Arts & Performance,"Hospitality & Events,Media & Journalism",$45k–$85k,$45k–$75k
8.61,event live,0.054,Live Event Producer,Supply Chain & Operations,"Business & Finance,Tech & Engineering,Science & Research",Live Event Photographer,Arts & Performance,"Media & Journalism,Hospitality & Events",$45k–$85k,$35k–$75k
8.61,event live,0.182,Live Event Producer,Supply Chain & Operations,"Business & Finance,Tech & Engineering,Science & Research",Live Event Artistic Director,Arts & Performance,"Design & Creative,Hospitality & Events",$45k–$85k,$45k–$85k
8.61,event live,0.267,Live Event Producer,Supply Chain & Operations,"Business & Finance,Tech & Engineering,Science & Research",Live Event Director,Arts & Performance,"Hospitality & Events,Design & Creative",$45k–$85k,$45k–$85k
8.61,event live,0.088,Live Event Producer,Supply Chain & Operations,"Business & Finance,Tech & Engineering,Science & Research",Live Event Streamer,Arts & Performance,"Tech & Engineering,Media & Journalism",$45k–$85k,$30k–$75k
8.61,event live,0.226,Live Event Producer,Supply Chain & Operations,"Business & Finance,Tech & Engineering,Science & Research",Live Event Production Designer,Arts & Performance,"Design & Creative,Hospitality & Events",$45k–$85k,$45k–$85k
8.61,event live,0.0,Live Event Producer,Supply Chain & Operations,"Business & Finance,Tech & Engineering,Science & Research",Live Event Venue Booking Agent,Arts & Performance,"Hospitality & Events,Business & Finance",$45k–$85k,$35k–$65k
8.61,event live,0.171,Live Event Producer,Supply Chain & Operations,"Business & Finance,Tech & Engineering,Science & Research",Live Event Projection Designer,Arts & Performance,"Design & Creative,Hospitality & Events",$45k–$85k,$45k–$85k
8.61,event live,0.132,Live Event Producer,Supply Chain & Operations,"Business & Finance,Tech & Engineering,Science & Research",Live Event Streamer (Professional),Arts & Performance,"Tech & Engineering,Media & Journalism",$45k–$85k,$35k–$85k
8.61,event live,0.086,Live Event Producer,Supply Chain & Operations,"Business & Finance,Tech & Engineering,Science & Research",Live Event Streamer (Performance),Arts & Performance,"Media & Journalism,Entrepreneurship",$45k–$85k,$20k–$150k
8.61,event live,0.086,Live Event Producer,Supply Chain & Operations,"Business & Finance,Tech & Engineering,Science & Research",Live Event Stage Manager,Arts & Performance,"Hospitality & Events,Design & Creative",$45k–$85k,$32k–$65k
8.61,event live,0.194,Live Event Producer,Supply Chain & Operations,"Business & Finance,Tech & Engineering,Science & Research",Live Event Lighting Designer,Arts & Performance,"Hospitality & Events,Design & Creative",$45k–$85k,$35k–$75k
8.61,event live,0.029,Live Event Producer,Supply Chain & Operations,"Business & Finance,Tech & Engineering,Science & Research",Live Event Videographer,Arts & Performance,"Media & Journalism,Hospitality & Events",$45k–$85k,$35k–$75k
8.61,event live,0.139,Live Event Producer,Supply Chain & Operations,"Business & Finance,Tech & Engineering,Science & Research",Live Event Scenic Designer,Arts & Performance,"Design & Creative,Hospitality & Events",$45k–$85k,$45k–$85k
8.61,event live,0.118,Live Event Producer,Supply Chain & Operations,"Business & Finance,Tech & Engineering,Science & Research",Live Event Booking Agent,Arts & Performance,"Hospitality & Events,Business & Finance",$45k–$85k,$40k–$85k
8.61,event live,0.135,Live Event Producer,Supply Chain & Operations,"Business & Finance,Tech & Engineering,Science & Research",Live Event Dramaturg,Arts & Performance,"Education & Coaching,Design & Creative",$45k–$85k,$45k–$75k
8.61,artist performance,0.147,Digital Performance Artist,Arts & Performance,"Design & Creative,Tech & Engineering",Performance Capture Artist,Gaming & Esports,"Tech & Engineering,Marketing & Communications,Media & Journalism",$45k–$85k,$45k–$85k
8.61,artist performance,0.054,Puppetry Artist (Performance),Arts & Performance,"Education & Coaching,Hospitality & Events",Performance Capture Artist,Gaming & Esports,"Tech & Engineering,Marketing & Communications,Media & Journalism",$30k–$65k,$45k–$85k
8.61,artist performance,0.083,Puppetry Artist (Professional Performance),Arts & Performance,"Education & Coaching,Hospitality & Events",Performance Capture Artist,Gaming & Esports,"Tech & Engineering,Marketing & Communications,Media & Journalism",$30k–$65k,$45k–$85k
8.61,artist performance,0.025,Performance Artist (Live Installation),Arts & Performance,"Design & Creative,Hospitality & Events",Performance Capture Artist,Gaming & Esports,"Tech & Engineering,Marketing & Communications,Media & Journalism",$35k–$75k,$45k–$85k
8.61,artist performance,0.053,Performance Artist (Installation),Arts & Performance,"Design & Creative,Tech & Engineering",Performance Capture Artist,Gaming & Esports,"Tech & Engineering,Marketing & Communications,Media & Journalism",$35k–$75k,$45k–$85k
8.61,artist performance,0.026,Performance Artist (Dance/Movement),Arts & Performance,"Hospitality & Events,Media & Journalism",Performance Capture Artist,Gaming & Esports,"Tech & Engineering,Marketing & Communications,Media & Journalism",$30k–$65k,$45k–$85k
8.61,artist performance,0.031,Performance Artist,Science & Research,"Healthcare & Medicine,Tech & Engineering,Arts & Performance",Performance Installation Artist,Architecture & Urban Planning,"Design & Creative,Environment & Sustainability,Arts & Performance",$30k–$65k,$35k–$75k
8.61,artist performance,0.027,Performance Artist,Science & Research,"Healthcare & Medicine,Tech & Engineering,Arts & Performance",Performance Capture Artist,Gaming & Esports,"Tech & Engineering,Marketing & Communications,Media & Journalism",$30k–$65k,$45k–$85k
8.61,artist performance,0.0,Street Performance Artist (Busking Agent),Arts & Performance,"Entrepreneurship,Hospitality & Events",Performance Capture Artist,Gaming & Esports,"Tech & Engineering,Marketing & Communications,Media & Journalism",$30k–$65k,$45k–$85k
8.61,artist performance,0.0,Performance Artist (Live),Arts & Performance,"Hospitality & Events,Media & Journalism",Performance Capture Artist,Gaming & Esports,"Tech & Engineering,Marketing & Communications,Media & Journalism",$30k–$80k,$45k–$85k
8.61,artist performance,0.086,Performance Video Artist,Arts & Performance,"Design & Creative,Media & Journalism",Performance Capture Artist,Gaming & Esports,"Tech & Engineering,Marketing & Communications,Media & Journalism",$35k–$75k,$45k–$85k
8.61,artist performance,0.049,Scenic Artist (Live Performance),Arts & Performance,"Design & Creative,Hospitality & Events",Performance Capture Artist,Gaming & Esports,"Tech & Engineering,Marketing & Communications,Media & Journalism",$35k–$65k,$45k–$85k
8.61,artist performance,0.028,Performance Installation Artist,Architecture & Urban Planning,"Design & Creative,Environment & Sustainability,Arts & Performance",Performance Capture Artist,Gaming & Esports,"Tech & Engineering,Marketing & Communications,Media & Journalism",$35k–$75k,$45k–$85k
8.61,artist performance,0.026,Street Performance Artist,Arts & Performance,"Entrepreneurship,Hospitality & Events",Performance Capture Artist,Gaming & Esports,"Tech & Engineering,Marketing & Communications,Media & Journalism",$30k–$60k,$45k–$85k
8.61,artist performance,0.051,Performance Artist (Conceptual Art),Arts & Performance,"Design & Creative,Media & Journalism",Performance Capture Artist,Gaming & Esports,"Tech & Engineering,Marketing & Communications,Media & Journalism",$35k–$75k,$45k–$85k
8.61,artist performance,0.054,Performance Art Installation Artist,Arts & Performance,"Design & Creative,Hospitality & Events",Performance Capture Artist,Gaming & Esports,"Tech & Engineering,Marketing & Communications,Media & Journalism",$35k–$75k,$45k–$85k
8.61,artist performance,0.079,Puppetry Performance Artist,Arts & Performance,"Education & Coaching,Hospitality & Events",Performance Capture Artist,Gaming & Esports,"Tech & Engineering,Marketing & Communications,Media & Journalism",$30k–$65k,$45k–$85k
8.61,artist performance,0.0,Performance Artist Manager,Arts & Performance,"Business & Finance,Entrepreneurship",Performance Capture Artist,Gaming & Esports,"Tech & Engineering,Marketing & Communications,Media & Journalism",$45k–$95k,$45k–$85k
8.58,content media,0.049,Content Strategist (Media Companies),Media & Journalism,"Design & Creative,Business & Finance",Social Media Content Manager,Marketing & Communications,"Business & Finance,Design & Creative,Science & Research",$50k–$85k,$48k–$77k
8.58,content media,0.075,Content Strategist (Media),Media & Journalism,"Design & Creative,Business & Finance",Social Media Content Manager,Marketing & Communications,"Business & Finance,Design & Creative,Science & Research",$52k–$85k,$48k–$77k
8.58,content media,0.048,Social Media Content Manager,Marketing & Communications,"Business & Finance,Design & Creative,Science & Research",Content Strategist (Media Company),Media & Journalism,"Design & Creative,Business & Finance",$48k–$77k,$52k–$85k
8.58,content media,0.026,Social Media Content Manager,Marketing & Communications,"Business & Finance,Design & Creative,Science & Research",Content Strategist (News Media),Media & Journalism,"Business & Finance,Social Impact & Nonprofit",$48k–$77k,$45k–$75k
8.58,content media,0.024,Social Media Content Manager,Marketing & Communications,"Business & Finance,Design & Creative,Science & Research",Content Strategist (Media Organization),Media & Journalism,"Design & Creative,Business & Finance",$48k–$77k,$50k–$85k
8.58,content media,0.075,Social Media Content Manager,Marketing & Communications,"Business & Finance,Design & Creative,Science & Research",Content Strategist (Digital Media),Media & Journalism,"Design & Creative,Business & Finance",$48k–$77k,$48k–$85k
8.54,data scientist,0.118,Data Scientist (Academic),Environment & Sustainability,"Science & Research,Law & Government,Tech & Engineering",Biotech Data Scientist,Healthcare & Medicine,"Science & Research,Tech & Engineering",$65k–$120k,$30k–$45k
8.54,data scientist,0.075,Data Scientist (Academic),Environment & Sustainability,"Science & Research,Law & Government,Tech & Engineering",Behavioral Data Scientist,Business & Finance,"Tech & Engineering,Science & Research",$65k–$120k,$70k–$130k
8.54,data scientist,0.357,Data Scientist (Academic),Environment & Sustainability,"Science & Research,Law & Government,Tech & Engineering",Data Scientist (Research),Fashion & Beauty,"Design & Creative,Marketing & Communications,Science & Research",$65k–$120k,$65k–$120k
8.54,data scientist,0.0,Data Scientist (Academic),Environment & Sustainability,"Science & Research,Law & Government,Tech & Engineering",Actuarial Data Scientist,Business & Finance,"Tech & Engineering,Science & Research",$65k–$120k,$70k–$130k
8.54,data scientist,0.091,Data Scientist (Healthcare),Tech & Engineering,"Healthcare & Medicine,Science & Research",Data Scientist (Research),Fashion & Beauty,"Design & Creative,Marketing & Communications,Science & Research",$70k–$130k,$65k–$120k
8.54,data scientist,0.081,Biotech Data Scientist,Healthcare & Medicine,"Science & Research,Tech & Engineering",Environmental Data Scientist,Environment & Sustainability,"Science & Research,Tech & Engineering",$30k–$45k,$65k–$110k
8.54,data scientist,0.125,Biotech Data Scientist,Healthcare & Medicine,"Science & Research,Tech & Engineering",Research Data Scientist,Environment & Sustainability,"Science & Research,Law & Government,Tech & Engineering",$30k–$45k,$70k–$120k
8.54,data scientist,0.114,Biotech Data Scientist,Healthcare & Medicine,"Science & Research,Tech & Engineering",Behavioral Data Scientist,Business & Finance,"Tech & Engineering,Science & Research",$30k–$45k,$70k–$130k
8.54,data scientist,0.097,Biotech Data Scientist,Healthcare & Medicine,"Science & Research,Tech & Engineering",Data Scientist (Research),Fashion & Beauty,"Design & Creative,Marketing & Communications,Science & Research",$30k–$45k,$65k–$120k
8.54,data scientist,0.059,Biotech Data Scientist,Healthcare & Medicine,"Science & Research,Tech & Engineering",Actuarial Data Scientist,Business & Finance,"Tech & Engineering,Science & Research",$30k–$45k,$70k–$130k
8.54,data scientist,0.083,Biotech Data Scientist,Healthcare & Medicine,"Science & Research,Tech & Engineering",Air Quality Data Scientist,Environment & Sustainability,"Science & Research,Tech & Engineering",$30k–$45k,$60k–$105k
8.54,data scientist,0.184,Environmental Data Scientist,Environment & Sustainability,"Science & Research,Tech & Engineering",Behavioral Data Scientist,Business & Finance,"Tech & Engineering,Science & Research",$65k–$110k,$70k–$130k
8.54,data scientist,0.081,Environmental Data Scientist,Environment & Sustainability,"Science & Research,Tech & Engineering",Data Scientist (Research),Fashion & Beauty,"Design & Creative,Marketing & Communications,Science & Research",$65k–$110k,$65k–$120k
8.54,data scientist,0.135,Environmental Data Scientist,Environment & Sustainability,"Science & Research,Tech & Engineering",Actuarial Data Scientist,Business & Finance,"Tech & Engineering,Science & Research",$65k–$110k,$70k–$130k
8.54,data scientist,0.056,Data Scientist (AI/ML),Tech & Engineering,"Business & Finance,Science & Research",Data Scientist (Research),Fashion & Beauty,"Design & Creative,Marketing & Communications,Science & Research",$80k–$160k,$65k–$120k
8.54,data scientist,0.079,Research Data Scientist,Environment & Sustainability,"Science & Research,Law & Government,Tech & Engineering",Behavioral Data Scientist,Business & Finance,"Tech & Engineering,Science & Research",$70k–$120k,$70k–$130k
8.54,data scientist,0.086,Research Data Scientist,Environment & Sustainability,"Science & Research,Law & Government,Tech & Engineering",Actuarial Data Scientist,Business & Finance,"Tech & Engineering,Science & Research",$70k–$120k,$70k–$130k
8.54,data scientist,0.083,Behavioral Data Scientist,Business & Finance,"Tech & Engineering,Science & Research",Data Scientist (Research),Fashion & Beauty,"Design & Creative,Marketing & Communications,Science & Research",$70k–$130k,$65k–$120k
8.54,data scientist,0.189,Behavioral Data Scientist,Business & Finance,"Tech & Engineering,Science & Research",Air Quality Data Scientist,Environment & Sustainability,"Science & Research,Tech & Engineering",$70k–$130k,$60k–$105k
8.54,data scientist,0.029,Data Scientist (Research),Fashion & Beauty,"Design & Creative,Marketing & Communications,Science & Research",Data Scientist (ML),Tech & Engineering,"Science & Research,Business & Finance",$65k–$120k,$70k–$145k
8.54,data scientist,0.059,Data Scientist (Research),Fashion & Beauty,"Design & Creative,Marketing & Communications,Science & Research",Actuarial Data Scientist,Business & Finance,"Tech & Engineering,Science & Research",$65k–$120k,$70k–$130k
8.54,data scientist,0.083,Data Scientist (Research),Fashion & Beauty,"Design & Creative,Marketing & Communications,Science & Research",Air Quality Data Scientist,Environment & Sustainability,"Science & Research,Tech & Engineering",$65k–$120k,$60k–$105k
8.54,data scientist,0.171,Actuarial Data Scientist,Business & Finance,"Tech & Engineering,Science & Research",Air Quality Data Scientist,Environment & Sustainability,"Science & Research,Tech & Engineering",$70k–$130k,$60k–$105k
8.53,developer sustainable,0.125,Sustainable Textile Developer,Fashion & Beauty,"Science & Research,Design & Creative",Sustainable Packaging Developer,Environment & Sustainability,"Science & Research,Tech & Engineering",$52k–$85k,$58k–$95k
8.51,artist film,0.025,Foley Artist (Film & TV),Arts & Performance,"Media & Journalism,Design & Creative",Makeup Artist (Film & TV),Gaming & Esports,"Tech & Engineering,Marketing & Communications,Media & Journalism",$35k–$75k,$35k–$75k
8.51,artist film,0.028,Foley Artist (Film & TV),Arts & Performance,"Media & Journalism,Design & Creative",Makeup Artist for Film,Fashion & Beauty,"Design & Creative,Marketing & Communications,Science & Research",$35k–$75k,$35k–$75k
8.51,artist film,0.053,Scenic Artist (Film & Television),Arts & Performance,"Design & Creative,Hospitality & Events",Makeup Artist (Film & TV),Gaming & Esports,"Tech & Engineering,Marketing & Communications,Media & Journalism",$35k–$75k,$35k–$75k
8.51,artist film,0.059,Scenic Artist (Film & Television),Arts & Performance,"Design & Creative,Hospitality & Events",Makeup Artist for Film,Fashion & Beauty,"Design & Creative,Marketing & Communications,Science & Research",$35k–$75k,$35k–$75k
8.51,artist film,0.059,Makeup Artist (Film & TV),Gaming & Esports,"Tech & Engineering,Marketing & Communications,Media & Journalism",Scenic Artist (Film & TV),Arts & Performance,"Design & Creative,Hospitality & Events",$35k–$75k,$45k–$85k
8.51,artist film,0.028,Makeup Artist (Film & TV),Gaming & Esports,"Tech & Engineering,Marketing & Communications,Media & Journalism",Scenic Artist (Film/TV),Arts & Performance,"Design & Creative,Hospitality & Events",$35k–$75k,$40k–$75k
8.51,artist film,0.0,Scenic Artist (Film & TV),Arts & Performance,"Design & Creative,Hospitality & Events",Makeup Artist for Film,Fashion & Beauty,"Design & Creative,Marketing & Communications,Science & Research",$45k–$85k,$35k–$75k
8.51,artist film,0.0,Makeup Artist for Film,Fashion & Beauty,"Design & Creative,Marketing & Communications,Science & Research",Scenic Artist (Film/TV),Arts & Performance,"Design & Creative,Hospitality & Events",$35k–$75k,$40k–$75k
8.47,fashion sustainable,0.152,Sustainable Fashion Brand Manager,Fashion & Beauty,"Entrepreneurship,Environment & Sustainability",Sustainable Fashion Designer,Supply Chain & Operations,"Business & Finance,Tech & Engineering,Science & Research",$50k–$85k,$45k–$75k
8.47,fashion sustainable,0.086,Sustainable Fashion Brand Manager,Fashion & Beauty,"Entrepreneurship,Environment & Sustainability",Sustainable Fashion Supply Chain Manager,Supply Chain & Operations,"Business & Finance,Tech & Engineering,Science & Research",$50k–$85k,$60k–$95k
8.47,fashion sustainable,0.281,Sustainable Fashion Brand Manager,Fashion & Beauty,"Entrepreneurship,Environment & Sustainability",Sustainable Fashion Entrepreneur,Marketing & Communications,"Business & Finance,Design & Creative,Science & Research",$50k–$85k,$45k–$150k
8.47,fashion sustainable,0.114,Sustainable Fashion Brand Manager,Fashion & Beauty,"Entrepreneurship,Environment & Sustainability",Sustainable Fashion Auditor,Marketing & Communications,"Business & Finance,Design & Creative,Science & Research",$50k–$85k,$58k–$95k
8.47,fashion sustainable,0.079,Sustainable Fashion Brand Manager,Fashion & Beauty,"Entrepreneurship,Environment & Sustainability",Sustainable Fashion Educator,Gaming & Esports,"Tech & Engineering,Marketing & Communications,Science & Research",$50k–$85k,$45k–$75k
8.47,fashion sustainable,0.125,Sustainable Fashion Brand Manager,Fashion & Beauty,"Entrepreneurship,Environment & Sustainability",Sustainable Fashion Consultant,Marketing & Communications,"Business & Finance,Design & Creative,Science & Research",$50k–$85k,$48k–$85k
8.47,fashion sustainable,0.25,Sustainable Fashion Brand Manager,Fashion & Beauty,"Entrepreneurship,Environment & Sustainability",Sustainable Fashion Founder,Marketing & Communications,"Business & Finance,Design & Creative,Science & Research",$50k–$85k,$45k–$150k
8.47,fashion sustainable,0.025,Sustainable Fashion Marketer,Fashion & Beauty,"Design & Creative,Environment & Sustainability",Sustainable Fashion Designer,Supply Chain & Operations,"Business & Finance,Tech & Engineering,Science & Research",$48k–$85k,$45k–$75k
8.47,fashion sustainable,0.025,Sustainable Fashion Marketer,Fashion & Beauty,"Design & Creative,Environment & Sustainability",Sustainable Fashion Supply Chain Manager,Supply Chain & Operations,"Business & Finance,Tech & Engineering,Science & Research",$48k–$85k,$60k–$95k
8.47,fashion sustainable,0.128,Sustainable Fashion Marketer,Fashion & Beauty,"Design & Creative,Environment & Sustainability",Sustainable Fashion Entrepreneur,Marketing & Communications,"Business & Finance,Design & Creative,Science & Research",$48k–$85k,$45k–$150k
8.47,fashion sustainable,0.077,Sustainable Fashion Marketer,Fashion & Beauty,"Design & Creative,Environment & Sustainability",Sustainable Fashion Auditor,Marketing & Communications,"Business & Finance,Design & Creative,Science & Research",$48k–$85k,$58k–$95k
8.47,fashion sustainable,0.1,Sustainable Fashion Marketer,Fashion & Beauty,"Design & Creative,Environment & Sustainability",Sustainable Fashion Educator,Gaming & Esports,"Tech & Engineering,Marketing & Communications,Science & Research",$48k–$85k,$45k–$75k
8.47,fashion sustainable,0.024,Sustainable Fashion Marketer,Fashion & Beauty,"Design & Creative,Environment & Sustainability",Sustainable Fashion Brand Founder,Marketing & Communications,"Business & Finance,Design & Creative,Science & Research",$48k–$85k,$45k–$150k
8.47,fashion sustainable,0.147,Sustainable Fashion Marketer,Fashion & Beauty,"Design & Creative,Environment & Sustainability",Sustainable Fashion Consultant,Marketing & Communications,"Business & Finance,Design & Creative,Science & Research",$48k–$85k,$48k–$85k
8.47,fashion sustainable,0.086,Sustainable Fashion Marketer,Fashion & Beauty,"Design & Creative,Environment & Sustainability",Sustainable Fashion Founder,Marketing & Communications,"Business & Finance,Design & Creative,Science & Research",$48k–$85k,$45k–$150k
8.47,fashion sustainable,0.258,Sustainable Fashion Pattern Maker,Fashion & Beauty,"Design & Creative,Environment & Sustainability",Sustainable Fashion Designer,Supply Chain & Operations,"Business & Finance,Tech & Engineering,Science & Research",$45k–$75k,$45k–$75k
8.47,fashion sustainable,0.182,Sustainable Fashion Pattern Maker,Fashion & Beauty,"Design & Creative,Environment & Sustainability",Sustainable Fashion Supply Chain Manager,Supply Chain & Operations,"Business & Finance,Tech & Engineering,Science & Research",$45k–$75k,$60k–$95k
8.47,fashion sustainable,0.167,Sustainable Fashion Pattern Maker,Fashion & Beauty,"Design & Creative,Environment & Sustainability",Sustainable Fashion Entrepreneur,Marketing & Communications,"Business & Finance,Design & Creative,Science & Research",$45k–$75k,$45k–$150k
8.47,fashion sustainable,0.081,Sustainable Fashion Pattern Maker,Fashion & Beauty,"Design & Creative,Environment & Sustainability",Sustainable Fashion Auditor,Marketing & Communications,"Business & Finance,Design & Creative,Science & Research",$45k–$75k,$58k–$95k
8.47,fashion sustainable,0.105,Sustainable Fashion Pattern Maker,Fashion & Beauty,"Design & Creative,Environment & Sustainability",Sustainable Fashion Educator,Gaming & Esports,"Tech & Engineering,Marketing & Communications,Science & Research",$45k–$75k,$45k–$75k
8.47,fashion sustainable,0.242,Sustainable Fashion Pattern Maker,Fashion & Beauty,"Design & Creative,Environment & Sustainability",Sustainable Fashion Brand Founder,Marketing & Communications,"Business & Finance,Design & Creative,Science & Research",$45k–$75k,$45k–$150k
8.47,fashion sustainable,0.233,Sustainable Fashion Pattern Maker,Fashion & Beauty,"Design & Creative,Environment & Sustainability",Sustainable Fashion Consultant,Marketing & Communications,"Business & Finance,Design & Creative,Science & Research",$45k–$75k,$48k–$85k
8.47,fashion sustainable,0.2,Sustainable Fashion Pattern Maker,Fashion & Beauty,"Design & Creative,Environment & Sustainability",Sustainable Fashion Founder,Marketing & Communications,"Business & Finance,Design & Creative,Science & Research",$45k–$75k,$45k–$150k
8.47,fashion sustainable,0.075,Sustainable Fashion Brand Strategist,Fashion & Beauty,"Entrepreneurship,Environment & Sustainability",Sustainable Fashion Designer,Supply Chain & Operations,"Business & Finance,Tech & Engineering,Science & Research",$58k–$95k,$45k–$75k
8.47,fashion sustainable,0.024,Sustainable Fashion Brand Strategist,Fashion & Beauty,"Entrepreneurship,Environment & Sustainability",Sustainable Fashion Supply Chain Manager,Supply Chain & Operations,"Business & Finance,Tech & Engineering,Science & Research",$58k–$95k,$60k–$95k
8.47,fashion sustainable,0.15,Sustainable Fashion Brand Strategist,Fashion & Beauty,"Entrepreneurship,Environment & Sustainability",Sustainable Fashion Entrepreneur,Marketing & Communications,"Business & Finance,Design & Creative,Science & Research",$58k–$95k,$45k–$150k
8.47,fashion sustainable,0.1,Sustainable Fashion Brand Strategist,Fashion & Beauty,"Entrepreneurship,Environment & Sustainability",Sustainable Fashion Auditor,Marketing & Communications,"Business & Finance,Design & Creative,Science & Research",$58k–$95k,$58k–$95k
8.47,fashion sustainable,0.07,Sustainable Fashion Brand Strategist,Fashion & Beauty,"Entrepreneurship,Environment & Sustainability",Sustainable Fashion Educator,Gaming & Esports,"Tech & Engineering,Marketing & Communications,Science & Research",$58k–$95k,$45k–$75k
8.47,fashion sustainable,0.171,Sustainable Fashion Brand Strategist,Fashion & Beauty,"Entrepreneurship,Environment & Sustainability",Sustainable Fashion Consultant,Marketing & Communications,"Business & Finance,Design & Creative,Science & Research",$58k–$95k,$48k–$85k
8.47,fashion sustainable,0.111,Sustainable Fashion Brand Strategist,Fashion & Beauty,"Entrepreneurship,Environment & Sustainability",Sustainable Fashion Founder,Marketing & Communications,"Business & Finance,Design & Creative,Science & Research",$58k–$95k,$45k–$150k
8.47,fashion sustainable,0.114,Sustainable Fashion Brand Consultant,Fashion & Beauty,"Environment & Sustainability,Business & Finance",Sustainable Fashion Designer,Supply Chain & Operations,"Business & Finance,Tech & Engineering,Science & Research",$60k–$95k,$45k–$75k
8.47,fashion sustainable,0.114,Sustainable Fashion Brand Consultant,Fashion & Beauty,"Environment & Sustainability,Business & Finance",Sustainable Fashion Supply Chain Manager,Supply Chain & Operations,"Business & Finance,Tech & Engineering,Science & Research",$60k–$95k,$60k–$95k
8.47,fashion sustainable,0.273,Sustainable Fashion Brand Consultant,Fashion & Beauty,"Environment & Sustainability,Business & Finance",Sustainable Fashion Entrepreneur,Marketing & Communications,"Business & Finance,Design & Creative,Science & Research",$60k–$95k,$45k–$150k
8.47,fashion sustainable,0.143,Sustainable Fashion Brand Consultant,Fashion & Beauty,"Environment & Sustainability,Business & Finance",Sustainable Fashion Auditor,Marketing & Communications,"Business & Finance,Design & Creative,Science & Research",$60k–$95k,$58k–$95k
8.47,fashion sustainable,0.167,Sustainable Fashion Brand Consultant,Fashion & Beauty,"Environment & Sustainability,Business & Finance",Sustainable Fashion Educator,Gaming & Esports,"Tech & Engineering,Marketing & Communications,Science & Research",$60k–$95k,$45k–$75k
8.47,fashion sustainable,0.276,Sustainable Fashion Brand Consultant,Fashion & Beauty,"Environment & Sustainability,Business & Finance",Sustainable Fashion Consultant,Marketing & Communications,"Business & Finance,Design & Creative,Science & Research",$60k–$95k,$48k–$85k
8.47,fashion sustainable,0.2,Sustainable Fashion Brand Consultant,Fashion & Beauty,"Environment & Sustainability,Business & Finance",Sustainable Fashion Founder,Marketing & Communications,"Business & Finance,Design & Creative,Science & Research",$60k–$95k,$45k–$150k
8.47,fashion sustainable,0.143,Sustainable Fashion Brand Developer,Fashion & Beauty,"Entrepreneurship,Environment & Sustainability",Sustainable Fashion Designer,Supply Chain & Operations,"Business & Finance,Tech & Engineering,Science & Research",$50k–$85k,$45k–$75k
8.47,fashion sustainable,0.176,Sustainable Fashion Brand Developer,Fashion & Beauty,"Entrepreneurship,Environment & Sustainability",Sustainable Fashion Supply Chain Manager,Supply Chain & Operations,"Business & Finance,Tech & Engineering,Science & Research",$50k–$85k,$60k–$95k
8.47,fashion sustainable,0.162,Sustainable Fashion Brand Developer,Fashion & Beauty,"Entrepreneurship,Environment & Sustainability",Sustainable Fashion Entrepreneur,Marketing & Communications,"Business & Finance,Design & Creative,Science & Research",$50k–$85k,$45k–$150k
8.47,fashion sustainable,0.051,Sustainable Fashion Brand Developer,Fashion & Beauty,"Entrepreneurship,Environment & Sustainability",Sustainable Fashion Auditor,Marketing & Communications,"Business & Finance,Design & Creative,Science & Research",$50k–$85k,$58k–$95k
8.47,fashion sustainable,0.162,Sustainable Fashion Brand Developer,Fashion & Beauty,"Entrepreneurship,Environment & Sustainability",Sustainable Fashion Educator,Gaming & Esports,"Tech & Engineering,Marketing & Communications,Science & Research",$50k–$85k,$45k–$75k
8.47,fashion sustainable,0.226,Sustainable Fashion Brand Developer,Fashion & Beauty,"Entrepreneurship,Environment & Sustainability",Sustainable Fashion Consultant,Marketing & Communications,"Business & Finance,Design & Creative,Science & Research",$50k–$85k,$48k–$85k
8.47,fashion sustainable,0.156,Sustainable Fashion Brand Developer,Fashion & Beauty,"Entrepreneurship,Environment & Sustainability",Sustainable Fashion Founder,Marketing & Communications,"Business & Finance,Design & Creative,Science & Research",$50k–$85k,$45k–$150k
8.47,fashion sustainable,0.171,Sustainable Fashion Designer,Supply Chain & Operations,"Business & Finance,Tech & Engineering,Science & Research",Sustainable Fashion Material Sourcer,Fashion & Beauty,"Environment & Sustainability,Design & Creative",$45k–$75k,$50k–$85k
8.47,fashion sustainable,0.37,Sustainable Fashion Designer,Supply Chain & Operations,"Business & Finance,Tech & Engineering,Science & Research",Fashion Designer (Sustainable),Fashion & Beauty,"Design & Creative,Environment & Sustainability",$45k–$75k,$48k–$85k
8.47,fashion sustainable,0.105,Sustainable Fashion Designer,Supply Chain & Operations,"Business & Finance,Tech & Engineering,Science & Research",Sustainable Fashion Buyer,Fashion & Beauty,"Environment & Sustainability,Design & Creative",$45k–$75k,$48k–$85k
8.47,fashion sustainable,0.139,Sustainable Fashion Designer,Supply Chain & Operations,"Business & Finance,Tech & Engineering,Science & Research",Sustainable Fashion Entrepreneur,Marketing & Communications,"Business & Finance,Design & Creative,Science & Research",$45k–$75k,$45k–$150k
8.47,fashion sustainable,0.212,Sustainable Fashion Designer,Supply Chain & Operations,"Business & Finance,Tech & Engineering,Science & Research",Sustainable Fashion Startup Founder,Entrepreneurship,"Fashion & Beauty,Design & Creative",$45k–$75k,$40k–$120k
8.47,fashion sustainable,0.118,Sustainable Fashion Designer,Supply Chain & Operations,"Business & Finance,Tech & Engineering,Science & Research",Wardrobe Consultant (Sustainable Fashion),Fashion & Beauty,"Design & Creative,Environment & Sustainability",$45k–$75k,$40k–$75k
8.47,fashion sustainable,0.029,Sustainable Fashion Designer,Supply Chain & Operations,"Business & Finance,Tech & Engineering,Science & Research",Sustainable Fashion Pattern Grader,Fashion & Beauty,"Design & Creative,Environment & Sustainability",$45k–$75k,$48k–$72k
8.47,fashion sustainable,0.167,Sustainable Fashion Designer,Supply Chain & Operations,"Business & Finance,Tech & Engineering,Science & Research",Personal Stylist (Sustainable Fashion),Fashion & Beauty,"Design & Creative,Environment & Sustainability",$45k–$75k,$35k–$75k
8.47,fashion sustainable,0.051,Sustainable Fashion Designer,Supply Chain & Operations,"Business & Finance,Tech & Engineering,Science & Research",Sustainable Fashion Marketplace Creator,Entrepreneurship,"Fashion & Beauty,Environment & Sustainability",$45k–$75k,$45k–$120k
8.47,fashion sustainable,0.054,Sustainable Fashion Designer,Supply Chain & Operations,"Business & Finance,Tech & Engineering,Science & Research",Sustainable Fashion Auditor,Marketing & Communications,"Business & Finance,Design & Creative,Science & Research",$45k–$75k,$58k–$95k
8.47,fashion sustainable,0.143,Sustainable Fashion Designer,Supply Chain & Operations,"Business & Finance,Tech & Engineering,Science & Research",Sustainable Materials Researcher (Fashion),Fashion & Beauty,"Science & Research,Environment & Sustainability",$45k–$75k,$58k–$95k
8.47,fashion sustainable,0.182,Sustainable Fashion Designer,Supply Chain & Operations,"Business & Finance,Tech & Engineering,Science & Research",Sustainable Fashion Researcher,Environment & Sustainability,"Science & Research,Design & Creative",$45k–$75k,$52k–$85k
8.47,fashion sustainable,0.188,Sustainable Fashion Designer,Supply Chain & Operations,"Business & Finance,Tech & Engineering,Science & Research",Sustainable Materials Sourcer (Fashion),Fashion & Beauty,"Environment & Sustainability,Business & Finance",$45k–$75k,$52k–$85k
8.47,fashion sustainable,0.108,Sustainable Fashion Designer,Supply Chain & Operations,"Business & Finance,Tech & Engineering,Science & Research",Sustainable Fashion Educator,Gaming & Esports,"Tech & Engineering,Marketing & Communications,Science & Research",$45k–$75k,$45k–$75k
8.47,fashion sustainable,0.333,Sustainable Fashion Designer,Supply Chain & Operations,"Business & Finance,Tech & Engineering,Science & Research",Sustainable Fashion Brand Founder,Marketing & Communications,"Business & Finance,Design & Creative,Science & Research",$45k–$75k,$45k–$150k
8.47,fashion sustainable,0.139,Sustainable Fashion Designer,Supply Chain & Operations,"Business & Finance,Tech & Engineering,Science & Research",Sustainable Fashion Line Founder,Entrepreneurship,"Fashion & Beauty,Design & Creative",$45k–$75k,$40k–$120k
8.47,fashion sustainable,0.026,Sustainable Fashion Designer,Supply Chain & Operations,"Business & Finance,Tech & Engineering,Science & Research",Sustainable Fashion Incubator Manager,Entrepreneurship,"Fashion & Beauty,Environment & Sustainability",$45k–$75k,$60k–$95k
8.47,fashion sustainable,0.135,Sustainable Fashion Designer,Supply Chain & Operations,"Business & Finance,Tech & Engineering,Science & Research",Sustainable Fashion Brand Owner,Fashion & Beauty,"Entrepreneurship,Design & Creative",$45k–$75k,$45k–$120k
8.47,fashion sustainable,0.054,Sustainable Fashion Designer,Supply Chain & Operations,"Business & Finance,Tech & Engineering,Science & Research",Fashion Blogger (Sustainable),Fashion & Beauty,"Media & Journalism,Entrepreneurship",$45k–$75k,$35k–$85k
8.47,fashion sustainable,0.2,Sustainable Fashion Designer,Supply Chain & Operations,"Business & Finance,Tech & Engineering,Science & Research",Sustainable Fashion Consultant,Marketing & Communications,"Business & Finance,Design & Creative,Science & Research",$45k–$75k,$48k–$85k
8.47,fashion sustainable,0.179,Sustainable Fashion Designer,Supply Chain & Operations,"Business & Finance,Tech & Engineering,Science & Research",Sustainable Fashion Engineer,Environment & Sustainability,"Fashion & Beauty,Design & Creative",$45k–$75k,$60k–$95k
8.47,fashion sustainable,0.118,Sustainable Fashion Designer,Supply Chain & Operations,"Business & Finance,Tech & Engineering,Science & Research",Sustainable Fashion Technologist,Fashion & Beauty,"Tech & Engineering,Environment & Sustainability",$45k–$75k,$60k–$95k
8.47,fashion sustainable,0.114,Sustainable Fashion Designer,Supply Chain & Operations,"Business & Finance,Tech & Engineering,Science & Research",Sustainable Fashion Analyst,Environment & Sustainability,"Business & Finance,Science & Research",$45k–$75k,$52k–$85k
8.47,fashion sustainable,0.143,Sustainable Fashion Designer,Supply Chain & Operations,"Business & Finance,Tech & Engineering,Science & Research",Sustainable Fashion Line Owner,Entrepreneurship,"Fashion & Beauty,Environment & Sustainability",$45k–$75k,$40k–$120k
8.47,fashion sustainable,0.167,Sustainable Fashion Designer,Supply Chain & Operations,"Business & Finance,Tech & Engineering,Science & Research",Sustainable Fashion Founder,Marketing & Communications,"Business & Finance,Design & Creative,Science & Research",$45k–$75k,$45k–$150k
8.47,fashion sustainable,0.028,Sustainable Fashion Designer,Supply Chain & Operations,"Business & Finance,Tech & Engineering,Science & Research",Sustainable Fashion Marketplace Founder,Entrepreneurship,"Fashion & Beauty,Business & Finance",$45k–$75k,$45k–$150k
8.47,fashion sustainable,0.118,Sustainable Fashion Designer,Supply Chain & Operations,"Business & Finance,Tech & Engineering,Science & Research",Sustainable Fashion Material Developer,Environment & Sustainability,"Science & Research,Fashion & Beauty",$45k–$75k,$58k–$95k
8.47,fashion sustainable,0.051,Sustainable Fashion Material Sourcer,Fashion & Beauty,"Environment & Sustainability,Design & Creative",Sustainable Fashion Supply Chain Manager,Supply Chain & Operations,"Business & Finance,Tech & Engineering,Science & Research",$50k–$85k,$60k–$95k
8.47,fashion sustainable,0.189,Sustainable Fashion Material Sourcer,Fashion & Beauty,"Environment & Sustainability,Design & Creative",Sustainable Fashion Entrepreneur,Marketing & Communications,"Business & Finance,Design & Creative,Science & Research",$50k–$85k,$45k–$150k
8.47,fashion sustainable,0.077,Sustainable Fashion Material Sourcer,Fashion & Beauty,"Environment & Sustainability,Design & Creative",Sustainable Fashion Auditor,Marketing & Communications,"Business & Finance,Design & Creative,Science & Research",$50k–$85k,$58k–$95k
8.47,fashion sustainable,0.1,Sustainable Fashion Material Sourcer,Fashion & Beauty,"Environment & Sustainability,Design & Creative",Sustainable Fashion Educator,Gaming & Esports,"Tech & Engineering,Marketing & Communications,Science & Research",$50k–$85k,$45k–$75k
8.47,fashion sustainable,0.103,Sustainable Fashion Material Sourcer,Fashion & Beauty,"Environment & Sustainability,Design & Creative",Sustainable Fashion Brand Founder,Marketing & Communications,"Business & Finance,Design & Creative,Science & Research",$50k–$85k,$45k–$150k
8.47,fashion sustainable,0.182,Sustainable Fashion Material Sourcer,Fashion & Beauty,"Environment & Sustainability,Design & Creative",Sustainable Fashion Consultant,Marketing & Communications,"Business & Finance,Design & Creative,Science & Research",$50k–$85k,$48k–$85k
8.47,fashion sustainable,0.188,Sustainable Fashion Material Sourcer,Fashion & Beauty,"Environment & Sustainability,Design & Creative",Sustainable Fashion Founder,Marketing & Communications,"Business & Finance,Design & Creative,Science & Research",$50k–$85k,$45k–$150k
8.47,fashion sustainable,0.088,Fashion Designer (Sustainable),Fashion & Beauty,"Design & Creative,Environment & Sustainability",Sustainable Fashion Supply Chain Manager,Supply Chain & Operations,"Business & Finance,Tech & Engineering,Science & Research",$48k–$85k,$60k–$95k
8.47,fashion sustainable,0.111,Fashion Designer (Sustainable),Fashion & Beauty,"Design & Creative,Environment & Sustainability",Sustainable Fashion Entrepreneur,Marketing & Communications,"Business & Finance,Design & Creative,Science & Research",$48k–$85k,$45k–$150k
8.47,fashion sustainable,0.027,Fashion Designer (Sustainable),Fashion & Beauty,"Design & Creative,Environment & Sustainability",Sustainable Fashion Auditor,Marketing & Communications,"Business & Finance,Design & Creative,Science & Research",$48k–$85k,$58k–$95k
8.47,fashion sustainable,0.053,Fashion Designer (Sustainable),Fashion & Beauty,"Design & Creative,Environment & Sustainability",Sustainable Fashion Educator,Gaming & Esports,"Tech & Engineering,Marketing & Communications,Science & Research",$48k–$85k,$45k–$75k
8.47,fashion sustainable,0.147,Fashion Designer (Sustainable),Fashion & Beauty,"Design & Creative,Environment & Sustainability",Sustainable Fashion Brand Founder,Marketing & Communications,"Business & Finance,Design & Creative,Science & Research",$48k–$85k,$45k–$150k
8.47,fashion sustainable,0.129,Fashion Designer (Sustainable),Fashion & Beauty,"Design & Creative,Environment & Sustainability",Sustainable Fashion Consultant,Marketing & Communications,"Business & Finance,Design & Creative,Science & Research",$48k–$85k,$48k–$85k
8.47,fashion sustainable,0.133,Fashion Designer (Sustainable),Fashion & Beauty,"Design & Creative,Environment & Sustainability",Sustainable Fashion Founder,Marketing & Communications,"Business & Finance,Design & Creative,Science & Research",$48k–$85k,$45k–$150k
8.47,fashion sustainable,0.077,Sustainable Fashion Buyer,Fashion & Beauty,"Environment & Sustainability,Design & Creative",Sustainable Fashion Supply Chain Manager,Supply Chain & Operations,"Business & Finance,Tech & Engineering,Science & Research",$48k–$85k,$60k–$95k
8.47,fashion sustainable,0.047,Sustainable Fashion Buyer,Fashion & Beauty,"Environment & Sustainability,Design & Creative",Sustainable Fashion Entrepreneur,Marketing & Communications,"Business & Finance,Design & Creative,Science & Research",$48k–$85k,$45k–$150k
8.47,fashion sustainable,0.075,Sustainable Fashion Buyer,Fashion & Beauty,"Environment & Sustainability,Design & Creative",Sustainable Fashion Auditor,Marketing & Communications,"Business & Finance,Design & Creative,Science & Research",$48k–$85k,$58k–$95k
8.47,fashion sustainable,0.023,Sustainable Fashion Buyer,Fashion & Beauty,"Environment & Sustainability,Design & Creative",Sustainable Fashion Educator,Gaming & Esports,"Tech & Engineering,Marketing & Communications,Science & Research",$48k–$85k,$45k–$75k
8.47,fashion sustainable,0.073,Sustainable Fashion Buyer,Fashion & Beauty,"Environment & Sustainability,Design & Creative",Sustainable Fashion Brand Founder,Marketing & Communications,"Business & Finance,Design & Creative,Science & Research",$48k–$85k,$45k–$150k
8.47,fashion sustainable,0.026,Sustainable Fashion Buyer,Fashion & Beauty,"Environment & Sustainability,Design & Creative",Sustainable Fashion Consultant,Marketing & Communications,"Business & Finance,Design & Creative,Science & Research",$48k–$85k,$48k–$85k
8.47,fashion sustainable,0.026,Sustainable Fashion Buyer,Fashion & Beauty,"Environment & Sustainability,Design & Creative",Sustainable Fashion Founder,Marketing & Communications,"Business & Finance,Design & Creative,Science & Research",$48k–$85k,$45k–$150k
8.47,fashion sustainable,0.108,Sustainable Fashion Supply Chain Manager,Supply Chain & Operations,"Business & Finance,Tech & Engineering,Science & Research",Sustainable Fashion Entrepreneur,Marketing & Communications,"Business & Finance,Design & Creative,Science & Research",$60k–$95k,$45k–$150k
8.47,fashion sustainable,0.176,Sustainable Fashion Supply Chain Manager,Supply Chain & Operations,"Business & Finance,Tech & Engineering,Science & Research",Sustainable Fashion Startup Founder,Entrepreneurship,"Fashion & Beauty,Design & Creative",$60k–$95k,$40k–$120k
8.47,fashion sustainable,0.056,Sustainable Fashion Supply Chain Manager,Supply Chain & Operations,"Business & Finance,Tech & Engineering,Science & Research",Wardrobe Consultant (Sustainable Fashion),Fashion & Beauty,"Design & Creative,Environment & Sustainability",$60k–$95k,$40k–$75k
8.47,fashion sustainable,0.059,Sustainable Fashion Supply Chain Manager,Supply Chain & Operations,"Business & Finance,Tech & Engineering,Science & Research",Sustainable Fashion Pattern Grader,Fashion & Beauty,"Design & Creative,Environment & Sustainability",$60k–$95k,$48k–$72k
8.47,fashion sustainable,0.029,Sustainable Fashion Supply Chain Manager,Supply Chain & Operations,"Business & Finance,Tech & Engineering,Science & Research",Personal Stylist (Sustainable Fashion),Fashion & Beauty,"Design & Creative,Environment & Sustainability",$60k–$95k,$35k–$75k
8.47,fashion sustainable,0.025,Sustainable Fashion Supply Chain Manager,Supply Chain & Operations,"Business & Finance,Tech & Engineering,Science & Research",Sustainable Fashion Marketplace Creator,Entrepreneurship,"Fashion & Beauty,Environment & Sustainability",$60k–$95k,$45k–$120k
8.47,fashion sustainable,0.054,Sustainable Fashion Supply Chain Manager,Supply Chain & Operations,"Business & Finance,Tech & Engineering,Science & Research",Sustainable Fashion Auditor,Marketing & Communications,"Business & Finance,Design & Creative,Science & Research",$60k–$95k,$58k–$95k
8.47,fashion sustainable,0.053,Sustainable Fashion Supply Chain Manager,Supply Chain & Operations,"Business & Finance,Tech & Engineering,Science & Research",Sustainable Materials Researcher (Fashion),Fashion & Beauty,"Science & Research,Environment & Sustainability",$60k–$95k,$58k–$95k
8.47,fashion sustainable,0.054,Sustainable Fashion Supply Chain Manager,Supply Chain & Operations,"Business & Finance,Tech & Engineering,Science & Research",Sustainable Fashion Researcher,Environment & Sustainability,"Science & Research,Design & Creative",$60k–$95k,$52k–$85k
8.47,fashion sustainable,0.118,Sustainable Fashion Supply Chain Manager,Supply Chain & Operations,"Business & Finance,Tech & Engineering,Science & Research",Sustainable Materials Sourcer (Fashion),Fashion & Beauty,"Environment & Sustainability,Business & Finance",$60k–$95k,$52k–$85k
8.47,fashion sustainable,0.079,Sustainable Fashion Supply Chain Manager,Supply Chain & Operations,"Business & Finance,Tech & Engineering,Science & Research",Sustainable Fashion Educator,Gaming & Esports,"Tech & Engineering,Marketing & Communications,Science & Research",$60k–$95k,$45k–$75k
8.47,fashion sustainable,0.143,Sustainable Fashion Supply Chain Manager,Supply Chain & Operations,"Business & Finance,Tech & Engineering,Science & Research",Sustainable Fashion Brand Founder,Marketing & Communications,"Business & Finance,Design & Creative,Science & Research",$60k–$95k,$45k–$150k
8.47,fashion sustainable,0.108,Sustainable Fashion Supply Chain Manager,Supply Chain & Operations,"Business & Finance,Tech & Engineering,Science & Research",Sustainable Fashion Line Founder,Entrepreneurship,"Fashion & Beauty,Design & Creative",$60k–$95k,$40k–$120k
8.47,fashion sustainable,0.0,Sustainable Fashion Supply Chain Manager,Supply Chain & Operations,"Business & Finance,Tech & Engineering,Science & Research",Sustainable Fashion Incubator Manager,Entrepreneurship,"Fashion & Beauty,Environment & Sustainability",$60k–$95k,$60k–$95k
8.47,fashion sustainable,0.105,Sustainable Fashion Supply Chain Manager,Supply Chain & Operations,"Business & Finance,Tech & Engineering,Science & Research",Sustainable Fashion Brand Owner,Fashion & Beauty,"Entrepreneurship,Design & Creative",$60k–$95k,$45k–$120k
8.47,fashion sustainable,0.026,Sustainable Fashion Supply Chain Manager,Supply Chain & Operations,"Business & Finance,Tech & Engineering,Science & Research",Fashion Blogger (Sustainable),Fashion & Beauty,"Media & Journalism,Entrepreneurship",$60k–$95k,$35k–$85k
8.47,fashion sustainable,0.125,Sustainable Fashion Supply Chain Manager,Supply Chain & Operations,"Business & Finance,Tech & Engineering,Science & Research",Sustainable Fashion Consultant,Marketing & Communications,"Business & Finance,Design & Creative,Science & Research",$60k–$95k,$48k–$85k
8.47,fashion sustainable,0.179,Sustainable Fashion Supply Chain Manager,Supply Chain & Operations,"Business & Finance,Tech & Engineering,Science & Research",Sustainable Fashion Engineer,Environment & Sustainability,"Fashion & Beauty,Design & Creative",$60k–$95k,$60k–$95k
8.47,fashion sustainable,0.086,Sustainable Fashion Supply Chain Manager,Supply Chain & Operations,"Business & Finance,Tech & Engineering,Science & Research",Sustainable Fashion Technologist,Fashion & Beauty,"Tech & Engineering,Environment & Sustainability",$60k–$95k,$60k–$95k
8.47,fashion sustainable,0.083,Sustainable Fashion Supply Chain Manager,Supply Chain & Operations,"Business & Finance,Tech & Engineering,Science & Research",Sustainable Fashion Analyst,Environment & Sustainability,"Business & Finance,Science & Research",$60k–$95k,$52k–$85k
8.47,fashion sustainable,0.111,Sustainable Fashion Supply Chain Manager,Supply Chain & Operations,"Business & Finance,Tech & Engineering,Science & Research",Sustainable Fashion Line Owner,Entrepreneurship,"Fashion & Beauty,Environment & Sustainability",$60k–$95k,$40k–$120k
8.47,fashion sustainable,0.129,Sustainable Fashion Supply Chain Manager,Supply Chain & Operations,"Business & Finance,Tech & Engineering,Science & Research",Sustainable Fashion Founder,Marketing & Communications,"Business & Finance,Design & Creative,Science & Research",$60k–$95k,$45k–$150k
8.47,fashion sustainable,0.028,Sustainable Fashion Supply Chain Manager,Supply Chain & Operations,"Business & Finance,Tech & Engineering,Science & Research",Sustainable Fashion Marketplace Founder,Entrepreneurship,"Fashion & Beauty,Business & Finance",$60k–$95k,$45k–$150k
8.47,fashion sustainable,0.027,Sustainable Fashion Supply Chain Manager,Supply Chain & Operations,"Business & Finance,Tech & Engineering,Science & Research",Sustainable Fashion Material Developer,Environment & Sustainability,"Science & Research,Fashion & Beauty",$60k–$95k,$58k–$95k
8.47,fashion sustainable,0.194,Sustainable Fashion Entrepreneur,Marketing & Communications,"Business & Finance,Design & Creative,Science & Research",Sustainable Fashion Startup Founder,Entrepreneurship,"Fashion & Beauty,Design & Creative",$45k–$150k,$40k–$120k
8.47,fashion sustainable,0.108,Sustainable Fashion Entrepreneur,Marketing & Communications,"Business & Finance,Design & Creative,Science & Research",Wardrobe Consultant (Sustainable Fashion),Fashion & Beauty,"Design & Creative,Environment & Sustainability",$45k–$150k,$40k–$75k
8.47,fashion sustainable,0.083,Sustainable Fashion Entrepreneur,Marketing & Communications,"Business & Finance,Design & Creative,Science & Research",Sustainable Fashion Pattern Grader,Fashion & Beauty,"Design & Creative,Environment & Sustainability",$45k–$150k,$48k–$72k
8.47,fashion sustainable,0.118,Sustainable Fashion Entrepreneur,Marketing & Communications,"Business & Finance,Design & Creative,Science & Research",Personal Stylist (Sustainable Fashion),Fashion & Beauty,"Design & Creative,Environment & Sustainability",$45k–$150k,$35k–$75k
8.47,fashion sustainable,0.189,Sustainable Fashion Entrepreneur,Marketing & Communications,"Business & Finance,Design & Creative,Science & Research",Sustainable Fashion Marketplace Creator,Entrepreneurship,"Fashion & Beauty,Environment & Sustainability",$45k–$150k,$45k–$120k
8.47,fashion sustainable,0.162,Sustainable Fashion Entrepreneur,Marketing & Communications,"Business & Finance,Design & Creative,Science & Research",Sustainable Materials Researcher (Fashion),Fashion & Beauty,"Science & Research,Environment & Sustainability",$45k–$150k,$58k–$95k
8.47,fashion sustainable,0.2,Sustainable Fashion Entrepreneur,Marketing & Communications,"Business & Finance,Design & Creative,Science & Research",Sustainable Fashion Researcher,Environment & Sustainability,"Science & Research,Design & Creative",$45k–$150k,$52k–$85k
8.47,fashion sustainable,0.171,Sustainable Fashion Entrepreneur,Marketing & Communications,"Business & Finance,Design & Creative,Science & Research",Sustainable Materials Sourcer (Fashion),Fashion & Beauty,"Environment & Sustainability,Business & Finance",$45k–$150k,$52k–$85k
8.47,fashion sustainable,0.375,Sustainable Fashion Entrepreneur,Marketing & Communications,"Business & Finance,Design & Creative,Science & Research",Sustainable Fashion Line Founder,Entrepreneurship,"Fashion & Beauty,Design & Creative",$45k–$150k,$40k–$120k
8.47,fashion sustainable,0.132,Sustainable Fashion Entrepreneur,Marketing & Communications,"Business & Finance,Design & Creative,Science & Research",Sustainable Fashion Incubator Manager,Entrepreneurship,"Fashion & Beauty,Environment & Sustainability",$45k–$150k,$60k–$95k
8.47,fashion sustainable,0.607,Sustainable Fashion Entrepreneur,Marketing & Communications,"Business & Finance,Design & Creative,Science & Research",Sustainable Fashion Brand Owner,Fashion & Beauty,"Entrepreneurship,Design & Creative",$45k–$150k,$45k–$120k
8.47,fashion sustainable,0.2,Sustainable Fashion Entrepreneur,Marketing & Communications,"Business & Finance,Design & Creative,Science & Research",Fashion Blogger (Sustainable),Fashion & Beauty,"Media & Journalism,Entrepreneurship",$45k–$150k,$35k–$85k
8.47,fashion sustainable,0.125,Sustainable Fashion Entrepreneur,Marketing & Communications,"Business & Finance,Design & Creative,Science & Research",Sustainable Fashion Engineer,Environment & Sustainability,"Fashion & Beauty,Design & Creative",$45k–$150k,$60k–$95k
8.47,fashion sustainable,0.171,Sustainable Fashion Entrepreneur,Marketing & Communications,"Business & Finance,Design & Creative,Science & Research",Sustainable Fashion Technologist,Fashion & Beauty,"Tech & Engineering,Environment & Sustainability",$45k–$150k,$60k–$95k
8.47,fashion sustainable,0.105,Sustainable Fashion Entrepreneur,Marketing & Communications,"Business & Finance,Design & Creative,Science & Research",Sustainable Fashion Analyst,Environment & Sustainability,"Business & Finance,Science & Research",$45k–$150k,$52k–$85k
8.47,fashion sustainable,0.344,Sustainable Fashion Entrepreneur,Marketing & Communications,"Business & Finance,Design & Creative,Science & Research",Sustainable Fashion Line Owner,Entrepreneurship,"Fashion & Beauty,Environment & Sustainability",$45k–$150k,$40k–$120k
8.47,fashion sustainable,0.212,Sustainable Fashion Entrepreneur,Marketing & Communications,"Business & Finance,Design & Creative,Science & Research",Sustainable Fashion Marketplace Founder,Entrepreneurship,"Fashion & Beauty,Business & Finance",$45k–$150k,$45k–$150k
8.47,fashion sustainable,0.108,Sustainable Fashion Entrepreneur,Marketing & Communications,"Business & Finance,Design & Creative,Science & Research",Sustainable Fashion Material Developer,Environment & Sustainability,"Science & Research,Fashion & Beauty",$45k–$150k,$58k–$95k
8.47,fashion sustainable,0.079,Sustainable Fashion Startup Founder,Entrepreneurship,"Fashion & Beauty,Design & Creative",Sustainable Fashion Auditor,Marketing & Communications,"Business & Finance,Design & Creative,Science & Research",$40k–$120k,$58k–$95k
8.47,fashion sustainable,0.108,Sustainable Fashion Startup Founder,Entrepreneurship,"Fashion & Beauty,Design & Creative",Sustainable Fashion Researcher,Environment & Sustainability,"Science & Research,Design & Creative",$40k–$120k,$52k–$85k
8.47,fashion sustainable,0.103,Sustainable Fashion Startup Founder,Entrepreneurship,"Fashion & Beauty,Design & Creative",Sustainable Fashion Educator,Gaming & Esports,"Tech & Engineering,Marketing & Communications,Science & Research",$40k–$120k,$45k–$75k
8.47,fashion sustainable,0.2,Sustainable Fashion Startup Founder,Entrepreneurship,"Fashion & Beauty,Design & Creative",Sustainable Fashion Brand Founder,Marketing & Communications,"Business & Finance,Design & Creative,Science & Research",$40k–$120k,$45k–$150k
8.47,fashion sustainable,0.152,Sustainable Fashion Startup Founder,Entrepreneurship,"Fashion & Beauty,Design & Creative",Sustainable Fashion Consultant,Marketing & Communications,"Business & Finance,Design & Creative,Science & Research",$40k–$120k,$48k–$85k
8.47,fashion sustainable,0.129,Sustainable Fashion Startup Founder,Entrepreneurship,"Fashion & Beauty,Design & Creative",Sustainable Fashion Engineer,Environment & Sustainability,"Fashion & Beauty,Design & Creative",$40k–$120k,$60k–$95k
8.47,fashion sustainable,0.108,Sustainable Fashion Startup Founder,Entrepreneurship,"Fashion & Beauty,Design & Creative",Sustainable Fashion Analyst,Environment & Sustainability,"Business & Finance,Science & Research",$40k–$120k,$52k–$85k
8.47,fashion sustainable,0.194,Sustainable Fashion Startup Founder,Entrepreneurship,"Fashion & Beauty,Design & Creative",Sustainable Fashion Founder,Marketing & Communications,"Business & Finance,Design & Creative,Science & Research",$40k–$120k,$45k–$150k
8.47,fashion sustainable,0.053,Sustainable Fashion Startup Founder,Entrepreneurship,"Fashion & Beauty,Design & Creative",Sustainable Fashion Material Developer,Environment & Sustainability,"Science & Research,Fashion & Beauty",$40k–$120k,$58k–$95k
8.47,fashion sustainable,0.026,Wardrobe Consultant (Sustainable Fashion),Fashion & Beauty,"Design & Creative,Environment & Sustainability",Sustainable Fashion Auditor,Marketing & Communications,"Business & Finance,Design & Creative,Science & Research",$40k–$75k,$58k–$95k
8.47,fashion sustainable,0.079,Wardrobe Consultant (Sustainable Fashion),Fashion & Beauty,"Design & Creative,Environment & Sustainability",Sustainable Fashion Educator,Gaming & Esports,"Tech & Engineering,Marketing & Communications,Science & Research",$40k–$75k,$45k–$75k
8.47,fashion sustainable,0.143,Wardrobe Consultant (Sustainable Fashion),Fashion & Beauty,"Design & Creative,Environment & Sustainability",Sustainable Fashion Brand Founder,Marketing & Communications,"Business & Finance,Design & Creative,Science & Research",$40k–$75k,$45k–$150k
8.47,fashion sustainable,0.059,Wardrobe Consultant (Sustainable Fashion),Fashion & Beauty,"Design & Creative,Environment & Sustainability",Sustainable Fashion Consultant,Marketing & Communications,"Business & Finance,Design & Creative,Science & Research",$40k–$75k,$48k–$85k
8.47,fashion sustainable,0.129,Wardrobe Consultant (Sustainable Fashion),Fashion & Beauty,"Design & Creative,Environment & Sustainability",Sustainable Fashion Founder,Marketing & Communications,"Business & Finance,Design & Creative,Science & Research",$40k–$75k,$45k–$150k
8.47,fashion sustainable,0.156,Sustainable Fashion Pattern Grader,Fashion & Beauty,"Design & Creative,Environment & Sustainability",Sustainable Fashion Auditor,Marketing & Communications,"Business & Finance,Design & Creative,Science & Research",$48k–$72k,$58k–$95k
8.47,fashion sustainable,0.054,Sustainable Fashion Pattern Grader,Fashion & Beauty,"Design & Creative,Environment & Sustainability",Sustainable Fashion Educator,Gaming & Esports,"Tech & Engineering,Marketing & Communications,Science & Research",$48k–$72k,$45k–$75k
8.47,fashion sustainable,0.027,Sustainable Fashion Pattern Grader,Fashion & Beauty,"Design & Creative,Environment & Sustainability",Sustainable Fashion Brand Founder,Marketing & Communications,"Business & Finance,Design & Creative,Science & Research",$48k–$72k,$45k–$150k
8.47,fashion sustainable,0.062,Sustainable Fashion Pattern Grader,Fashion & Beauty,"Design & Creative,Environment & Sustainability",Sustainable Fashion Consultant,Marketing & Communications,"Business & Finance,Design & Creative,Science & Research",$48k–$72k,$48k–$85k
8.47,fashion sustainable,0.065,Sustainable Fashion Pattern Grader,Fashion & Beauty,"Design & Creative,Environment & Sustainability",Sustainable Fashion Founder,Marketing & Communications,"Business & Finance,Design & Creative,Science & Research",$48k–$72k,$45k–$150k
8.47,fashion sustainable,0.059,Personal Stylist (Sustainable Fashion),Fashion & Beauty,"Design & Creative,Environment & Sustainability",Sustainable Fashion Auditor,Marketing & Communications,"Business & Finance,Design & Creative,Science & Research",$35k–$75k,$58k–$95k
8.47,fashion sustainable,0.118,Personal Stylist (Sustainable Fashion),Fashion & Beauty,"Design & Creative,Environment & Sustainability",Sustainable Fashion Educator,Gaming & Esports,"Tech & Engineering,Marketing & Communications,Science & Research",$35k–$75k,$45k–$75k
8.47,fashion sustainable,0.194,Personal Stylist (Sustainable Fashion),Fashion & Beauty,"Design & Creative,Environment & Sustainability",Sustainable Fashion Brand Founder,Marketing & Communications,"Business & Finance,Design & Creative,Science & Research",$35k–$75k,$45k–$150k
8.47,fashion sustainable,0.138,Personal Stylist (Sustainable Fashion),Fashion & Beauty,"Design & Creative,Environment & Sustainability",Sustainable Fashion Consultant,Marketing & Communications,"Business & Finance,Design & Creative,Science & Research",$35k–$75k,$48k–$85k
8.47,fashion sustainable,0.103,Personal Stylist (Sustainable Fashion),Fashion & Beauty,"Design & Creative,Environment & Sustainability",Sustainable Fashion Founder,Marketing & Communications,"Business & Finance,Design & Creative,Science & Research",$35k–$75k,$45k–$150k
8.47,fashion sustainable,0.05,Sustainable Fashion Marketplace Creator,Entrepreneurship,"Fashion & Beauty,Environment & Sustainability",Sustainable Fashion Auditor,Marketing & Communications,"Business & Finance,Design & Creative,Science & Research",$45k–$120k,$58k–$95k
8.47,fashion sustainable,0.128,Sustainable Fashion Marketplace Creator,Entrepreneurship,"Fashion & Beauty,Environment & Sustainability",Sustainable Fashion Educator,Gaming & Esports,"Tech & Engineering,Marketing & Communications,Science & Research",$45k–$120k,$45k–$75k
8.47,fashion sustainable,0.103,Sustainable Fashion Marketplace Creator,Entrepreneurship,"Fashion & Beauty,Environment & Sustainability",Sustainable Fashion Brand Founder,Marketing & Communications,"Business & Finance,Design & Creative,Science & Research",$45k–$120k,$45k–$150k
8.47,fashion sustainable,0.114,Sustainable Fashion Marketplace Creator,Entrepreneurship,"Fashion & Beauty,Environment & Sustainability",Sustainable Fashion Consultant,Marketing & Communications,"Business & Finance,Design & Creative,Science & Research",$45k–$120k,$48k–$85k
8.47,fashion sustainable,0.188,Sustainable Fashion Marketplace Creator,Entrepreneurship,"Fashion & Beauty,Environment & Sustainability",Sustainable Fashion Founder,Marketing & Communications,"Business & Finance,Design & Creative,Science & Research",$45k–$120k,$45k–$150k
8.47,fashion sustainable,0.051,Sustainable Fashion Auditor,Marketing & Communications,"Business & Finance,Design & Creative,Science & Research",Sustainable Materials Researcher (Fashion),Fashion & Beauty,"Science & Research,Environment & Sustainability",$58k–$95k,$58k–$95k
8.47,fashion sustainable,0.026,Sustainable Fashion Auditor,Marketing & Communications,"Business & Finance,Design & Creative,Science & Research",Sustainable Fashion Researcher,Environment & Sustainability,"Science & Research,Design & Creative",$58k–$95k,$52k–$85k
8.47,fashion sustainable,0.083,Sustainable Fashion Auditor,Marketing & Communications,"Business & Finance,Design & Creative,Science & Research",Sustainable Materials Sourcer (Fashion),Fashion & Beauty,"Environment & Sustainability,Business & Finance",$58k–$95k,$52k–$85k
8.47,fashion sustainable,0.05,Sustainable Fashion Auditor,Marketing & Communications,"Business & Finance,Design & Creative,Science & Research",Sustainable Fashion Line Founder,Entrepreneurship,"Fashion & Beauty,Design & Creative",$58k–$95k,$40k–$120k
8.47,fashion sustainable,0.051,Sustainable Fashion Auditor,Marketing & Communications,"Business & Finance,Design & Creative,Science & Research",Sustainable Fashion Incubator Manager,Entrepreneurship,"Fashion & Beauty,Environment & Sustainability",$58k–$95k,$60k–$95k
8.47,fashion sustainable,0.024,Sustainable Fashion Auditor,Marketing & Communications,"Business & Finance,Design & Creative,Science & Research",Sustainable Fashion Brand Owner,Fashion & Beauty,"Entrepreneurship,Design & Creative",$58k–$95k,$45k–$120k
8.47,fashion sustainable,0.053,Sustainable Fashion Auditor,Marketing & Communications,"Business & Finance,Design & Creative,Science & Research",Fashion Blogger (Sustainable),Fashion & Beauty,"Media & Journalism,Entrepreneurship",$58k–$95k,$35k–$85k
8.47,fashion sustainable,0.062,Sustainable Fashion Auditor,Marketing & Communications,"Business & Finance,Design & Creative,Science & Research",Sustainable Fashion Engineer,Environment & Sustainability,"Fashion & Beauty,Design & Creative",$58k–$95k,$60k–$95k
8.47,fashion sustainable,0.054,Sustainable Fashion Auditor,Marketing & Communications,"Business & Finance,Design & Creative,Science & Research",Sustainable Fashion Technologist,Fashion & Beauty,"Tech & Engineering,Environment & Sustainability",$58k–$95k,$60k–$95k
8.47,fashion sustainable,0.143,Sustainable Fashion Auditor,Marketing & Communications,"Business & Finance,Design & Creative,Science & Research",Sustainable Fashion Analyst,Environment & Sustainability,"Business & Finance,Science & Research",$58k–$95k,$52k–$85k
8.47,fashion sustainable,0.079,Sustainable Fashion Auditor,Marketing & Communications,"Business & Finance,Design & Creative,Science & Research",Sustainable Fashion Line Owner,Entrepreneurship,"Fashion & Beauty,Environment & Sustainability",$58k–$95k,$40k–$120k
8.47,fashion sustainable,0.056,Sustainable Fashion Auditor,Marketing & Communications,"Business & Finance,Design & Creative,Science & Research",Sustainable Fashion Marketplace Founder,Entrepreneurship,"Fashion & Beauty,Business & Finance",$58k–$95k,$45k–$150k
8.47,fashion sustainable,0.0,Sustainable Fashion Auditor,Marketing & Communications,"Business & Finance,Design & Creative,Science & Research",Sustainable Fashion Material Developer,Environment & Sustainability,"Science & Research,Fashion & Beauty",$58k–$95k,$58k–$95k
8.47,fashion sustainable,0.103,Sustainable Materials Researcher (Fashion),Fashion & Beauty,"Science & Research,Environment & Sustainability",Sustainable Fashion Educator,Gaming & Esports,"Tech & Engineering,Marketing & Communications,Science & Research",$58k–$95k,$45k–$75k
8.47,fashion sustainable,0.05,Sustainable Materials Researcher (Fashion),Fashion & Beauty,"Science & Research,Environment & Sustainability",Sustainable Fashion Brand Founder,Marketing & Communications,"Business & Finance,Design & Creative,Science & Research",$58k–$95k,$45k–$150k
8.47,fashion sustainable,0.188,Sustainable Materials Researcher (Fashion),Fashion & Beauty,"Science & Research,Environment & Sustainability",Sustainable Fashion Consultant,Marketing & Communications,"Business & Finance,Design & Creative,Science & Research",$58k–$95k,$48k–$85k
8.47,fashion sustainable,0.156,Sustainable Materials Researcher (Fashion),Fashion & Beauty,"Science & Research,Environment & Sustainability",Sustainable Fashion Founder,Marketing & Communications,"Business & Finance,Design & Creative,Science & Research",$58k–$95k,$45k–$150k
8.47,fashion sustainable,0.135,Sustainable Fashion Researcher,Environment & Sustainability,"Science & Research,Design & Creative",Sustainable Fashion Educator,Gaming & Esports,"Tech & Engineering,Marketing & Communications,Science & Research",$52k–$85k,$45k–$75k
8.47,fashion sustainable,0.079,Sustainable Fashion Researcher,Environment & Sustainability,"Science & Research,Design & Creative",Sustainable Fashion Brand Founder,Marketing & Communications,"Business & Finance,Design & Creative,Science & Research",$52k–$85k,$45k–$150k
8.47,fashion sustainable,0.135,Sustainable Fashion Researcher,Environment & Sustainability,"Science & Research,Design & Creative",Sustainable Fashion Line Founder,Entrepreneurship,"Fashion & Beauty,Design & Creative",$52k–$85k,$40k–$120k
8.47,fashion sustainable,0.162,Sustainable Fashion Researcher,Environment & Sustainability,"Science & Research,Design & Creative",Sustainable Fashion Brand Owner,Fashion & Beauty,"Entrepreneurship,Design & Creative",$52k–$85k,$45k–$120k
8.47,fashion sustainable,0.111,Sustainable Fashion Researcher,Environment & Sustainability,"Science & Research,Design & Creative",Fashion Blogger (Sustainable),Fashion & Beauty,"Media & Journalism,Entrepreneurship",$52k–$85k,$35k–$85k
8.47,fashion sustainable,0.156,Sustainable Fashion Researcher,Environment & Sustainability,"Science & Research,Design & Creative",Sustainable Fashion Consultant,Marketing & Communications,"Business & Finance,Design & Creative,Science & Research",$52k–$85k,$48k–$85k
8.47,fashion sustainable,0.161,Sustainable Fashion Researcher,Environment & Sustainability,"Science & Research,Design & Creative",Sustainable Fashion Founder,Marketing & Communications,"Business & Finance,Design & Creative,Science & Research",$52k–$85k,$45k–$150k
8.47,fashion sustainable,0.056,Sustainable Fashion Researcher,Environment & Sustainability,"Science & Research,Design & Creative",Sustainable Fashion Marketplace Founder,Entrepreneurship,"Fashion & Beauty,Business & Finance",$52k–$85k,$45k–$150k
8.47,fashion sustainable,0.108,Sustainable Materials Sourcer (Fashion),Fashion & Beauty,"Environment & Sustainability,Business & Finance",Sustainable Fashion Educator,Gaming & Esports,"Tech & Engineering,Marketing & Communications,Science & Research",$52k–$85k,$45k–$75k
8.47,fashion sustainable,0.143,Sustainable Materials Sourcer (Fashion),Fashion & Beauty,"Environment & Sustainability,Business & Finance",Sustainable Fashion Brand Founder,Marketing & Communications,"Business & Finance,Design & Creative,Science & Research",$52k–$85k,$45k–$150k
8.47,fashion sustainable,0.286,Sustainable Materials Sourcer (Fashion),Fashion & Beauty,"Environment & Sustainability,Business & Finance",Sustainable Fashion Consultant,Marketing & Communications,"Business & Finance,Design & Creative,Science & Research",$52k–$85k,$48k–$85k
8.47,fashion sustainable,0.167,Sustainable Materials Sourcer (Fashion),Fashion & Beauty,"Environment & Sustainability,Business & Finance",Sustainable Fashion Founder,Marketing & Communications,"Business & Finance,Design & Creative,Science & Research",$52k–$85k,$45k–$150k
8.47,fashion sustainable,0.257,Sustainable Fashion Educator,Gaming & Esports,"Tech & Engineering,Marketing & Communications,Science & Research",Sustainable Fashion Line Founder,Entrepreneurship,"Fashion & Beauty,Design & Creative",$45k–$75k,$40k–$120k
8.47,fashion sustainable,0.132,Sustainable Fashion Educator,Gaming & Esports,"Tech & Engineering,Marketing & Communications,Science & Research",Sustainable Fashion Incubator Manager,Entrepreneurship,"Fashion & Beauty,Environment & Sustainability",$45k–$75k,$60k–$95k
8.47,fashion sustainable,0.184,Sustainable Fashion Educator,Gaming & Esports,"Tech & Engineering,Marketing & Communications,Science & Research",Sustainable Fashion Brand Owner,Fashion & Beauty,"Entrepreneurship,Design & Creative",$45k–$75k,$45k–$120k
8.47,fashion sustainable,0.2,Sustainable Fashion Educator,Gaming & Esports,"Tech & Engineering,Marketing & Communications,Science & Research",Fashion Blogger (Sustainable),Fashion & Beauty,"Media & Journalism,Entrepreneurship",$45k–$75k,$35k–$85k
8.47,fashion sustainable,0.091,Sustainable Fashion Educator,Gaming & Esports,"Tech & Engineering,Marketing & Communications,Science & Research",Sustainable Fashion Engineer,Environment & Sustainability,"Fashion & Beauty,Design & Creative",$45k–$75k,$60k–$95k
8.47,fashion sustainable,0.171,Sustainable Fashion Educator,Gaming & Esports,"Tech & Engineering,Marketing & Communications,Science & Research",Sustainable Fashion Technologist,Fashion & Beauty,"Tech & Engineering,Environment & Sustainability",$45k–$75k,$60k–$95k
8.47,fashion sustainable,0.05,Sustainable Fashion Educator,Gaming & Esports,"Tech & Engineering,Marketing & Communications,Science & Research",Sustainable Fashion Analyst,Environment & Sustainability,"Business & Finance,Science & Research",$45k–$75k,$52k–$85k
8.47,fashion sustainable,0.229,Sustainable Fashion Educator,Gaming & Esports,"Tech & Engineering,Marketing & Communications,Science & Research",Sustainable Fashion Line Owner,Entrepreneurship,"Fashion & Beauty,Environment & Sustainability",$45k–$75k,$40k–$120k
8.47,fashion sustainable,0.111,Sustainable Fashion Educator,Gaming & Esports,"Tech & Engineering,Marketing & Communications,Science & Research",Sustainable Fashion Marketplace Founder,Entrepreneurship,"Fashion & Beauty,Business & Finance",$45k–$75k,$45k–$150k
8.47,fashion sustainable,0.079,Sustainable Fashion Educator,Gaming & Esports,"Tech & Engineering,Marketing & Communications,Science & Research",Sustainable Fashion Material Developer,Environment & Sustainability,"Science & Research,Fashion & Beauty",$45k–$75k,$58k–$95k
8.47,fashion sustainable,0.265,Sustainable Fashion Brand Founder,Marketing & Communications,"Business & Finance,Design & Creative,Science & Research",Sustainable Fashion Line Founder,Entrepreneurship,"Fashion & Beauty,Design & Creative",$45k–$150k,$40k–$120k
8.47,fashion sustainable,0.05,Sustainable Fashion Brand Founder,Marketing & Communications,"Business & Finance,Design & Creative,Science & Research",Sustainable Fashion Incubator Manager,Entrepreneurship,"Fashion & Beauty,Environment & Sustainability",$45k–$150k,$60k–$95k
8.47,fashion sustainable,0.051,Sustainable Fashion Brand Founder,Marketing & Communications,"Business & Finance,Design & Creative,Science & Research",Fashion Blogger (Sustainable),Fashion & Beauty,"Media & Journalism,Entrepreneurship",$45k–$150k,$35k–$85k
8.47,fashion sustainable,0.129,Sustainable Fashion Brand Founder,Marketing & Communications,"Business & Finance,Design & Creative,Science & Research",Sustainable Fashion Engineer,Environment & Sustainability,"Fashion & Beauty,Design & Creative",$45k–$150k,$60k–$95k
8.47,fashion sustainable,0.143,Sustainable Fashion Brand Founder,Marketing & Communications,"Business & Finance,Design & Creative,Science & Research",Sustainable Fashion Technologist,Fashion & Beauty,"Tech & Engineering,Environment & Sustainability",$45k–$150k,$60k–$95k
8.47,fashion sustainable,0.171,Sustainable Fashion Brand Founder,Marketing & Communications,"Business & Finance,Design & Creative,Science & Research",Sustainable Fashion Analyst,Environment & Sustainability,"Business & Finance,Science & Research",$45k–$150k,$52k–$85k
8.47,fashion sustainable,0.235,Sustainable Fashion Brand Founder,Marketing & Communications,"Business & Finance,Design & Creative,Science & Research",Sustainable Fashion Line Owner,Entrepreneurship,"Fashion & Beauty,Environment & Sustainability",$45k–$150k,$40k–$120k
8.47,fashion sustainable,0.026,Sustainable Fashion Brand Founder,Marketing & Communications,"Business & Finance,Design & Creative,Science & Research",Sustainable Fashion Marketplace Founder,Entrepreneurship,"Fashion & Beauty,Business & Finance",$45k–$150k,$45k–$150k
8.47,fashion sustainable,0.053,Sustainable Fashion Brand Founder,Marketing & Communications,"Business & Finance,Design & Creative,Science & Research",Sustainable Fashion Material Developer,Environment & Sustainability,"Science & Research,Fashion & Beauty",$45k–$150k,$58k–$95k
8.47,fashion sustainable,0.182,Sustainable Fashion Line Founder,Entrepreneurship,"Fashion & Beauty,Design & Creative",Sustainable Fashion Consultant,Marketing & Communications,"Business & Finance,Design & Creative,Science & Research",$40k–$120k,$48k–$85k
8.47,fashion sustainable,0.091,Sustainable Fashion Line Founder,Entrepreneurship,"Fashion & Beauty,Design & Creative",Sustainable Fashion Engineer,Environment & Sustainability,"Fashion & Beauty,Design & Creative",$40k–$120k,$60k–$95k
8.47,fashion sustainable,0.077,Sustainable Fashion Line Founder,Entrepreneurship,"Fashion & Beauty,Design & Creative",Sustainable Fashion Analyst,Environment & Sustainability,"Business & Finance,Science & Research",$40k–$120k,$52k–$85k
8.47,fashion sustainable,0.31,Sustainable Fashion Line Founder,Entrepreneurship,"Fashion & Beauty,Design & Creative",Sustainable Fashion Founder,Marketing & Communications,"Business & Finance,Design & Creative,Science & Research",$40k–$120k,$45k–$150k
8.47,fashion sustainable,0.079,Sustainable Fashion Line Founder,Entrepreneurship,"Fashion & Beauty,Design & Creative",Sustainable Fashion Material Developer,Environment & Sustainability,"Science & Research,Fashion & Beauty",$40k–$120k,$58k–$95k
8.47,fashion sustainable,0.056,Sustainable Fashion Incubator Manager,Entrepreneurship,"Fashion & Beauty,Environment & Sustainability",Sustainable Fashion Consultant,Marketing & Communications,"Business & Finance,Design & Creative,Science & Research",$60k–$95k,$48k–$85k
8.47,fashion sustainable,0.121,Sustainable Fashion Incubator Manager,Entrepreneurship,"Fashion & Beauty,Environment & Sustainability",Sustainable Fashion Founder,Marketing & Communications,"Business & Finance,Design & Creative,Science & Research",$60k–$95k,$45k–$150k
8.47,fashion sustainable,0.176,Sustainable Fashion Brand Owner,Fashion & Beauty,"Entrepreneurship,Design & Creative",Sustainable Fashion Consultant,Marketing & Communications,"Business & Finance,Design & Creative,Science & Research",$45k–$120k,$48k–$85k
8.47,fashion sustainable,0.075,Sustainable Fashion Brand Owner,Fashion & Beauty,"Entrepreneurship,Design & Creative",Sustainable Fashion Analyst,Environment & Sustainability,"Business & Finance,Science & Research",$45k–$120k,$52k–$85k
8.47,fashion sustainable,0.5,Sustainable Fashion Brand Owner,Fashion & Beauty,"Entrepreneurship,Design & Creative",Sustainable Fashion Founder,Marketing & Communications,"Business & Finance,Design & Creative,Science & Research",$45k–$120k,$45k–$150k
8.47,fashion sustainable,0.156,Fashion Blogger (Sustainable),Fashion & Beauty,"Media & Journalism,Entrepreneurship",Sustainable Fashion Consultant,Marketing & Communications,"Business & Finance,Design & Creative,Science & Research",$35k–$85k,$48k–$85k
8.47,fashion sustainable,0.081,Fashion Blogger (Sustainable),Fashion & Beauty,"Media & Journalism,Entrepreneurship",Sustainable Fashion Analyst,Environment & Sustainability,"Business & Finance,Science & Research",$35k–$85k,$52k–$85k
8.47,fashion sustainable,0.161,Fashion Blogger (Sustainable),Fashion & Beauty,"Media & Journalism,Entrepreneurship",Sustainable Fashion Founder,Marketing & Communications,"Business & Finance,Design & Creative,Science & Research",$35k–$85k,$45k–$150k
8.47,fashion sustainable,0.148,Sustainable Fashion Consultant,Marketing & Communications,"Business & Finance,Design & Creative,Science & Research",Sustainable Fashion Engineer,Environment & Sustainability,"Fashion & Beauty,Design & Creative",$48k–$85k,$60k–$95k
8.47,fashion sustainable,0.161,Sustainable Fashion Consultant,Marketing & Communications,"Business & Finance,Design & Creative,Science & Research",Sustainable Fashion Technologist,Fashion & Beauty,"Tech & Engineering,Environment & Sustainability",$48k–$85k,$60k–$95k
8.47,fashion sustainable,0.194,Sustainable Fashion Consultant,Marketing & Communications,"Business & Finance,Design & Creative,Science & Research",Sustainable Fashion Analyst,Environment & Sustainability,"Business & Finance,Science & Research",$48k–$85k,$52k–$85k
8.47,fashion sustainable,0.152,Sustainable Fashion Consultant,Marketing & Communications,"Business & Finance,Design & Creative,Science & Research",Sustainable Fashion Line Owner,Entrepreneurship,"Fashion & Beauty,Environment & Sustainability",$48k–$85k,$40k–$120k
8.47,fashion sustainable,0.094,Sustainable Fashion Consultant,Marketing & Communications,"Business & Finance,Design & Creative,Science & Research",Sustainable Fashion Marketplace Founder,Entrepreneurship,"Fashion & Beauty,Business & Finance",$48k–$85k,$45k–$150k
8.47,fashion sustainable,0.091,Sustainable Fashion Consultant,Marketing & Communications,"Business & Finance,Design & Creative,Science & Research",Sustainable Fashion Material Developer,Environment & Sustainability,"Science & Research,Fashion & Beauty",$48k–$85k,$58k–$95k
8.47,fashion sustainable,0.111,Sustainable Fashion Engineer,Environment & Sustainability,"Fashion & Beauty,Design & Creative",Sustainable Fashion Founder,Marketing & Communications,"Business & Finance,Design & Creative,Science & Research",$60k–$95k,$45k–$150k
8.47,fashion sustainable,0.067,Sustainable Fashion Engineer,Environment & Sustainability,"Fashion & Beauty,Design & Creative",Sustainable Fashion Marketplace Founder,Entrepreneurship,"Fashion & Beauty,Business & Finance",$60k–$95k,$45k–$150k
8.47,fashion sustainable,0.167,Sustainable Fashion Technologist,Fashion & Beauty,"Tech & Engineering,Environment & Sustainability",Sustainable Fashion Founder,Marketing & Communications,"Business & Finance,Design & Creative,Science & Research",$60k–$95k,$45k–$150k
8.47,fashion sustainable,0.091,Sustainable Fashion Analyst,Environment & Sustainability,"Business & Finance,Science & Research",Sustainable Fashion Founder,Marketing & Communications,"Business & Finance,Design & Creative,Science & Research",$52k–$85k,$45k–$150k
8.47,fashion sustainable,0.056,Sustainable Fashion Analyst,Environment & Sustainability,"Business & Finance,Science & Research",Sustainable Fashion Marketplace Founder,Entrepreneurship,"Fashion & Beauty,Business & Finance",$52k–$85k,$45k–$150k
8.47,fashion sustainable,0.321,Sustainable Fashion Line Owner,Entrepreneurship,"Fashion & Beauty,Environment & Sustainability",Sustainable Fashion Founder,Marketing & Communications,"Business & Finance,Design & Creative,Science & Research",$40k–$120k,$45k–$150k
8.47,fashion sustainable,0.214,Sustainable Fashion Founder,Marketing & Communications,"Business & Finance,Design & Creative,Science & Research",Sustainable Fashion Marketplace Founder,Entrepreneurship,"Fashion & Beauty,Business & Finance",$45k–$150k,$45k–$150k
8.47,fashion sustainable,0.129,Sustainable Fashion Founder,Marketing & Communications,"Business & Finance,Design & Creative,Science & Research",Sustainable Fashion Material Developer,Environment & Sustainability,"Science & Research,Fashion & Beauty",$45k–$150k,$58k–$95k
8.47,fashion sustainable,0.028,Sustainable Fashion Marketplace Founder,Entrepreneurship,"Fashion & Beauty,Business & Finance",Sustainable Fashion Material Developer,Environment & Sustainability,"Science & Research,Fashion & Beauty",$45k–$150k,$58k–$95k
8.43,brand fashion,0.026,Sustainable Fashion Brand Manager,Fashion & Beauty,"Entrepreneurship,Environment & Sustainability",Fashion Brand Merchandiser,Marketing & Communications,"Business & Finance,Design & Creative,Science & Research",$50k–$85k,$45k–$85k
8.43,brand fashion,0.143,Sustainable Fashion Brand Manager,Fashion & Beauty,"Entrepreneurship,Environment & Sustainability",Fashion Brand Manager,Marketing & Communications,"Business & Finance,Design & Creative,Science & Research",$50k–$85k,$50k–$95k
8.43,brand fashion,0.0,Fashion Blogger (Brand Partnership),Fashion & Beauty,"Media & Journalism,Entrepreneurship",Sustainable Fashion Brand Founder,Marketing & Communications,"Business & Finance,Design & Creative,Science & Research",$20k–$150k,$45k–$150k
8.43,brand fashion,0.028,Fashion Blogger (Brand Partnership),Fashion & Beauty,"Media & Journalism,Entrepreneurship",Fashion Brand Merchandiser,Marketing & Communications,"Business & Finance,Design & Creative,Science & Research",$20k–$150k,$45k–$85k
8.43,brand fashion,0.086,Fashion Blogger (Brand Partnership),Fashion & Beauty,"Media & Journalism,Entrepreneurship",Fashion Brand Manager,Marketing & Communications,"Business & Finance,Design & Creative,Science & Research",$20k–$150k,$50k–$95k
8.43,brand fashion,0.023,Sustainable Fashion Brand Strategist,Fashion & Beauty,"Entrepreneurship,Environment & Sustainability",Fashion Brand Merchandiser,Marketing & Communications,"Business & Finance,Design & Creative,Science & Research",$58k–$95k,$45k–$85k
8.43,brand fashion,0.098,Sustainable Fashion Brand Strategist,Fashion & Beauty,"Entrepreneurship,Environment & Sustainability",Fashion Brand Manager,Marketing & Communications,"Business & Finance,Design & Creative,Science & Research",$58k–$95k,$50k–$95k
8.43,brand fashion,0.0,Sustainable Fashion Brand Consultant,Fashion & Beauty,"Environment & Sustainability,Business & Finance",Fashion Brand Merchandiser,Marketing & Communications,"Business & Finance,Design & Creative,Science & Research",$60k–$95k,$45k–$85k
8.43,brand fashion,0.051,Sustainable Fashion Brand Consultant,Fashion & Beauty,"Environment & Sustainability,Business & Finance",Fashion Brand Manager,Marketing & Communications,"Business & Finance,Design & Creative,Science & Research",$60k–$95k,$50k–$95k
8.43,brand fashion,0.0,Sustainable Fashion Brand Developer,Fashion & Beauty,"Entrepreneurship,Environment & Sustainability",Fashion Brand Merchandiser,Marketing & Communications,"Business & Finance,Design & Creative,Science & Research",$50k–$85k,$45k–$85k
8.43,brand fashion,0.077,Sustainable Fashion Brand Developer,Fashion & Beauty,"Entrepreneurship,Environment & Sustainability",Fashion Brand Manager,Marketing & Communications,"Business & Finance,Design & Creative,Science & Research",$50k–$85k,$50k–$95k
8.43,brand fashion,0.057,Luxury Fashion Brand Manager,Fashion & Beauty,"Business & Finance,Design & Creative",Sustainable Fashion Brand Founder,Marketing & Communications,"Business & Finance,Design & Creative,Science & Research",$65k–$150k,$45k–$150k
8.43,brand fashion,0.0,Luxury Fashion Brand Manager,Fashion & Beauty,"Business & Finance,Design & Creative",Fashion Brand Merchandiser,Marketing & Communications,"Business & Finance,Design & Creative,Science & Research",$65k–$150k,$45k–$85k
8.43,brand fashion,0.194,Luxury Fashion Brand Manager,Fashion & Beauty,"Business & Finance,Design & Creative",Fashion Brand Manager,Marketing & Communications,"Business & Finance,Design & Creative,Science & Research",$65k–$150k,$50k–$95k
8.43,brand fashion,0.111,Sustainable Fashion Brand Founder,Marketing & Communications,"Business & Finance,Design & Creative,Science & Research",Ethical Fashion Brand Founder,Entrepreneurship,"Fashion & Beauty,Social Impact & Nonprofit",$45k–$150k,$45k–$150k
8.43,brand fashion,0.049,Fashion Brand Merchandiser,Marketing & Communications,"Business & Finance,Design & Creative,Science & Research",Sustainable Fashion Brand Owner,Fashion & Beauty,"Entrepreneurship,Design & Creative",$45k–$85k,$45k–$120k
8.43,brand fashion,0.026,Fashion Brand Merchandiser,Marketing & Communications,"Business & Finance,Design & Creative,Science & Research",Ethical Fashion Brand Founder,Entrepreneurship,"Fashion & Beauty,Social Impact & Nonprofit",$45k–$85k,$45k–$150k
8.43,brand fashion,0.1,Sustainable Fashion Brand Owner,Fashion & Beauty,"Entrepreneurship,Design & Creative",Fashion Brand Manager,Marketing & Communications,"Business & Finance,Design & Creative,Science & Research",$45k–$120k,$50k–$95k
8.43,brand fashion,0.026,Fashion Brand Manager,Marketing & Communications,"Business & Finance,Design & Creative,Science & Research",Ethical Fashion Brand Founder,Entrepreneurship,"Fashion & Beauty,Social Impact & Nonprofit",$50k–$95k,$45k–$150k
8.42,data research,0.121,Research Data Manager,Supply Chain & Operations,"Business & Finance,Tech & Engineering,Science & Research",Research Data Scientist,Environment & Sustainability,"Science & Research,Law & Government,Tech & Engineering",$55k–$85k,$70k–$120k
8.42,data research,0.029,Research Data Manager,Supply Chain & Operations,"Business & Finance,Tech & Engineering,Science & Research",Data Scientist (Research),Fashion & Beauty,"Design & Creative,Marketing & Communications,Science & Research",$55k–$85k,$65k–$120k
8.41,creator social,0.083,Social Media Content Creator (News),Media & Journalism,"Design & Creative,Tech & Engineering",Social Commerce Platform Creator,Entrepreneurship,"Tech & Engineering,Design & Creative",$35k–$65k,$45k–$120k
8.41,creator social,0.056,Social Media Content Creator,Marketing & Communications,"Business & Finance,Design & Creative,Media & Journalism",Social Commerce Creator,Entrepreneurship,"Design & Creative,Media & Journalism",$35k–$85k,$45k–$120k
8.41,creator social,0.081,Social Media Content Creator,Marketing & Communications,"Business & Finance,Design & Creative,Media & Journalism",Social Commerce Platform Creator,Entrepreneurship,"Tech & Engineering,Design & Creative",$35k–$85k,$45k–$120k
8.41,creator social,0.088,Social Media Manager (Content Creator),Media & Journalism,"Design & Creative,Business & Finance",Social Commerce Platform Creator,Entrepreneurship,"Tech & Engineering,Design & Creative",$35k–$75k,$45k–$120k
8.39,creator fashion,0.098,Sustainable Fashion Marketplace Creator,Entrepreneurship,"Fashion & Beauty,Environment & Sustainability",Fashion Blogger/Content Creator,Marketing & Communications,"Business & Finance,Design & Creative,Science & Research",$45k–$120k,$35k–$85k
8.32,developer program,0.139,Fitness Program Developer,Sports & Fitness,"Education & Coaching,Healthcare & Medicine",Micro-Credential Program Developer,Entrepreneurship,"Education & Coaching,Tech & Engineering",$45k–$75k,$55k–$95k
8.29,entrepreneur social,0.176,Social Commerce Entrepreneur,Marketing & Communications,"Business & Finance,Design & Creative,Media & Journalism",Social Media Entrepreneur (Personal Brand),Entrepreneurship,"Media & Journalism,Design & Creative",$45k–$150k,$30k–$200k+
8.29,entrepreneur social,0.051,Social Commerce Entrepreneur,Marketing & Communications,"Business & Finance,Design & Creative,Media & Journalism",Social Entrepreneur (Mission-Driven),Social Impact & Nonprofit,"Entrepreneurship,Education & Coaching",$45k–$150k,$45k–$85k
8.29,entrepreneur social,0.025,Social Commerce Entrepreneur,Marketing & Communications,"Business & Finance,Design & Creative,Media & Journalism",Social Impact Entrepreneur,Environment & Sustainability,"Science & Research,Law & Government,Entrepreneurship",$45k–$150k,$45k–$120k
8.29,entrepreneur social,0.233,Social Commerce Entrepreneur,Marketing & Communications,"Business & Finance,Design & Creative,Media & Journalism",Social Media Management Entrepreneur,Entrepreneurship,"Media & Journalism,Design & Creative",$45k–$150k,$35k–$85k
8.29,entrepreneur social,0.171,Social Commerce Entrepreneur,Marketing & Communications,"Business & Finance,Design & Creative,Media & Journalism",Social Media Entrepreneur (Influencer),Entrepreneurship,"Design & Creative,Media & Journalism",$45k–$150k,$30k–$200k+
8.29,entrepreneur social,0.094,Social Commerce Entrepreneur,Marketing & Communications,"Business & Finance,Design & Creative,Media & Journalism",Social Entrepreneur,Entrepreneurship,"Business & Finance,Tech & Engineering,Science & Research",$45k–$150k,$45k–$120k
8.29,entrepreneur social,0.167,Social Entrepreneur (Mission-Driven),Social Impact & Nonprofit,"Entrepreneurship,Education & Coaching",Social Impact Entrepreneur,Environment & Sustainability,"Science & Research,Law & Government,Entrepreneurship",$45k–$85k,$45k–$120k
8.29,entrepreneur social,0.0,Social Entrepreneur (Mission-Driven),Social Impact & Nonprofit,"Entrepreneurship,Education & Coaching",Social Media Influencer Entrepreneur,Marketing & Communications,"Business & Finance,Design & Creative,Media & Journalism",$45k–$85k,$0–$500k+
8.29,entrepreneur social,0.086,Social Entrepreneur (Mission-Driven),Social Impact & Nonprofit,"Entrepreneurship,Education & Coaching",Social Media Entrepreneur,Marketing & Communications,"Business & Finance,Design & Creative,Science & Research",$45k–$85k,$20k–$150k
8.29,entrepreneur social,0.026,Social Entrepreneur (Mission-Driven),Social Impact & Nonprofit,"Entrepreneurship,Education & Coaching",Social Media Commerce Entrepreneur,Supply Chain & Operations,"Business & Finance,Tech & Engineering,Science & Research",$45k–$85k,$40k–$120k
8.29,entrepreneur social,0.0,Social Impact Entrepreneur,Environment & Sustainability,"Science & Research,Law & Government,Entrepreneurship",Social Media Influencer Entrepreneur,Marketing & Communications,"Business & Finance,Design & Creative,Media & Journalism",$45k–$120k,$0–$500k+
8.29,entrepreneur social,0.027,Social Impact Entrepreneur,Environment & Sustainability,"Science & Research,Law & Government,Entrepreneurship",Social Media Entrepreneur,Marketing & Communications,"Business & Finance,Design & Creative,Science & Research",$45k–$120k,$20k–$150k
8.29,entrepreneur social,0.026,Social Impact Entrepreneur,Environment & Sustainability,"Science & Research,Law & Government,Entrepreneurship",Social Media Commerce Entrepreneur,Supply Chain & Operations,"Business & Finance,Tech & Engineering,Science & Research",$45k–$120k,$40k–$120k
8.29,entrepreneur social,0.067,Social Media Influencer Entrepreneur,Marketing & Communications,"Business & Finance,Design & Creative,Media & Journalism",Social Entrepreneur,Entrepreneurship,"Business & Finance,Tech & Engineering,Science & Research",$0–$500k+,$45k–$120k
8.29,entrepreneur social,0.103,Social Media Entrepreneur,Marketing & Communications,"Business & Finance,Design & Creative,Science & Research",Social Entrepreneur,Entrepreneurship,"Business & Finance,Tech & Engineering,Science & Research",$20k–$150k,$45k–$120k
8.29,entrepreneur social,0.065,Social Media Commerce Entrepreneur,Supply Chain & Operations,"Business & Finance,Tech & Engineering,Science & Research",Social Entrepreneur,Entrepreneurship,"Business & Finance,Tech & Engineering,Science & Research",$40k–$120k,$45k–$120k
8.27,entrepreneur fashion,0.139,Circular Fashion Entrepreneur,Entrepreneurship,"Fashion & Beauty,Environment & Sustainability",Sustainable Fashion Entrepreneur,Marketing & Communications,"Business & Finance,Design & Creative,Science & Research",$45k–$150k,$45k–$150k
8.27,program social,0.156,Social Justice Program Director,Gaming & Esports,"Tech & Engineering,Marketing & Communications,Architecture & Urban Planning",Social Services Program Manager,Social Impact & Nonprofit,"Education & Coaching,Law & Government",$45k–$75k,$45k–$75k
8.27,program social,0.241,Social Justice Program Director,Gaming & Esports,"Tech & Engineering,Marketing & Communications,Architecture & Urban Planning",Social Enterprise Program Manager,Social Impact & Nonprofit,"Education & Coaching,Entrepreneurship",$45k–$75k,$45k–$75k
8.27,program social,0.226,Social Justice Program Director,Gaming & Esports,"Tech & Engineering,Marketing & Communications,Architecture & Urban Planning",Program Coordinator (Social Services),Social Impact & Nonprofit,"Education & Coaching,Law & Government",$45k–$75k,$38k–$58k
8.26,social startup,0.0,Social Media Manager (Startup),Gaming & Esports,"Tech & Engineering,Marketing & Communications,Science & Research",Social Impact Startup Founder,Entrepreneurship,"Social Impact & Nonprofit,Tech & Engineering",$35k–$65k,$40k–$120k
8.26,social startup,0.0,Social Impact Startup Founder,Entrepreneurship,"Social Impact & Nonprofit,Tech & Engineering",Social Media Manager Startup,Gaming & Esports,"Tech & Engineering,Marketing & Communications,Science & Research",$40k–$120k,$35k–$65k
8.25,corporate event,0.286,Event Planner (Corporate),Marketing & Communications,"Business & Finance,Design & Creative,Science & Research",Private Event Coordinator (Corporate),Hospitality & Events,"Business & Finance,Design & Creative",$48k–$77k,$45k–$75k
8.25,corporate event,0.226,Event Planner (Corporate),Marketing & Communications,"Business & Finance,Design & Creative,Science & Research",Event Planner (Corporate Meetings),Hospitality & Events,"Business & Finance,Design & Creative",$48k–$77k,$45k–$75k
8.25,corporate event,0.423,Event Planner (Corporate),Marketing & Communications,"Business & Finance,Design & Creative,Science & Research",Event Coordinator (Corporate),Hospitality & Events,"Business & Finance,Design & Creative",$48k–$77k,$45k–$75k
8.25,corporate event,0.48,Event Planner (Corporate),Marketing & Communications,"Business & Finance,Design & Creative,Science & Research",Corporate Event Planner,Hospitality & Events,"Business & Finance,Design & Creative",$48k–$77k,$45k–$75k
8.25,corporate event,0.333,Event Planner (Corporate),Marketing & Communications,"Business & Finance,Design & Creative,Science & Research",Corporate Event Coordinator,Hospitality & Events,"Business & Finance,Design & Creative",$48k–$77k,$45k–$75k
8.25,corporate event,0.346,Event Planner (Corporate),Marketing & Communications,"Business & Finance,Design & Creative,Science & Research",Event Designer (Corporate),Hospitality & Events,"Business & Finance,Design & Creative",$48k–$77k,$45k–$75k
8.25,corporate event,0.727,Event Planner (Corporate),Marketing & Communications,"Business & Finance,Design & Creative,Science & Research",Corporate Event Manager,Supply Chain & Operations,"Business & Finance,Tech & Engineering,Science & Research",$48k–$77k,$48k–$77k
8.25,corporate event,0.258,Event Planner (Corporate),Marketing & Communications,"Business & Finance,Design & Creative,Science & Research",Corporate Event Strategist,Hospitality & Events,"Business & Finance,Design & Creative",$48k–$77k,$45k–$75k
8.25,corporate event,0.542,Event Planner (Corporate),Marketing & Communications,"Business & Finance,Design & Creative,Science & Research",Corporate Event Specialist,Hospitality & Events,"Business & Finance,Design & Creative",$48k–$77k,$45k–$75k
8.25,corporate event,0.075,Corporate Event Producer,Marketing & Communications,"Business & Finance,Design & Creative,Media & Journalism",Private Event Coordinator (Corporate),Hospitality & Events,"Business & Finance,Design & Creative",$55k–$110k,$45k–$75k
8.25,corporate event,0.047,Corporate Event Producer,Marketing & Communications,"Business & Finance,Design & Creative,Media & Journalism",Event Planner (Corporate Meetings),Hospitality & Events,"Business & Finance,Design & Creative",$55k–$110k,$45k–$75k
8.25,corporate event,0.023,Corporate Event Producer,Marketing & Communications,"Business & Finance,Design & Creative,Media & Journalism",Event Coordinator (Corporate),Hospitality & Events,"Business & Finance,Design & Creative",$55k–$110k,$45k–$75k
8.25,corporate event,0.048,Corporate Event Producer,Marketing & Communications,"Business & Finance,Design & Creative,Media & Journalism",Corporate Event Planner,Hospitality & Events,"Business & Finance,Design & Creative",$55k–$110k,$45k–$75k
8.25,corporate event,0.049,Corporate Event Producer,Marketing & Communications,"Business & Finance,Design & Creative,Media & Journalism",Corporate Event Coordinator,Hospitality & Events,"Business & Finance,Design & Creative",$55k–$110k,$45k–$75k
8.25,corporate event,0.024,Corporate Event Producer,Marketing & Communications,"Business & Finance,Design & Creative,Media & Journalism",Event Designer (Corporate),Hospitality & Events,"Business & Finance,Design & Creative",$55k–$110k,$45k–$75k
8.25,corporate event,0.071,Corporate Event Producer,Marketing & Communications,"Business & Finance,Design & Creative,Media & Journalism",Corporate Event Manager,Supply Chain & Operations,"Business & Finance,Tech & Engineering,Science & Research",$55k–$110k,$48k–$77k
8.25,corporate event,0.095,Corporate Event Producer,Marketing & Communications,"Business & Finance,Design & Creative,Media & Journalism",Corporate Event Strategist,Hospitality & Events,"Business & Finance,Design & Creative",$55k–$110k,$45k–$75k
8.25,corporate event,0.048,Corporate Event Producer,Marketing & Communications,"Business & Finance,Design & Creative,Media & Journalism",Corporate Event Specialist,Hospitality & Events,"Business & Finance,Design & Creative",$55k–$110k,$45k–$75k
8.25,corporate event,0.267,Private Event Coordinator (Corporate),Hospitality & Events,"Business & Finance,Design & Creative",Corporate Event Manager,Supply Chain & Operations,"Business & Finance,Tech & Engineering,Science & Research",$45k–$75k,$48k–$77k
8.25,corporate event,0.345,Private Event Coordinator (Corporate),Hospitality & Events,"Business & Finance,Design & Creative",Corporate Event Designer,Marketing & Communications,"Business & Finance,Design & Creative,Science & Research",$45k–$75k,$45k–$75k
8.25,corporate event,0.212,Event Planner (Corporate Meetings),Hospitality & Events,"Business & Finance,Design & Creative",Corporate Event Manager,Supply Chain & Operations,"Business & Finance,Tech & Engineering,Science & Research",$45k–$75k,$48k–$77k
8.25,corporate event,0.281,Event Planner (Corporate Meetings),Hospitality & Events,"Business & Finance,Design & Creative",Corporate Event Designer,Marketing & Communications,"Business & Finance,Design & Creative,Science & Research",$45k–$75k,$45k–$75k
8.25,corporate event,0.5,Event Coordinator (Corporate),Hospitality & Events,"Business & Finance,Design & Creative",Corporate Event Manager,Supply Chain & Operations,"Business & Finance,Tech & Engineering,Science & Research",$45k–$75k,$48k–$77k
8.25,corporate event,0.379,Event Coordinator (Corporate),Hospitality & Events,"Business & Finance,Design & Creative",Corporate Event Designer,Marketing & Communications,"Business & Finance,Design & Creative,Science & Research",$45k–$75k,$45k–$75k
8.25,corporate event,0.444,Corporate Event Planner,Hospitality & Events,"Business & Finance,Design & Creative",Corporate Event Manager,Supply Chain & Operations,"Business & Finance,Tech & Engineering,Science & Research",$45k–$75k,$48k–$77k
8.25,corporate event,0.25,Corporate Event Planner,Hospitality & Events,"Business & Finance,Design & Creative",Corporate Event Designer,Marketing & Communications,"Business & Finance,Design & Creative,Science & Research",$45k–$75k,$45k–$75k
8.25,corporate event,0.31,Corporate Event Coordinator,Hospitality & Events,"Business & Finance,Design & Creative",Corporate Event Manager,Supply Chain & Operations,"Business & Finance,Tech & Engineering,Science & Research",$45k–$75k,$48k–$77k
8.25,corporate event,0.258,Corporate Event Coordinator,Hospitality & Events,"Business & Finance,Design & Creative",Corporate Event Designer,Marketing & Communications,"Business & Finance,Design & Creative,Science & Research",$45k–$75k,$45k–$75k
8.25,corporate event,0.276,Event Designer (Corporate),Hospitality & Events,"Business & Finance,Design & Creative",Corporate Event Manager,Supply Chain & Operations,"Business & Finance,Tech & Engineering,Science & Research",$45k–$75k,$48k–$77k
8.25,corporate event,0.462,Event Designer (Corporate),Hospitality & Events,"Business & Finance,Design & Creative",Corporate Event Designer,Marketing & Communications,"Business & Finance,Design & Creative,Science & Research",$45k–$75k,$45k–$75k
8.25,corporate event,0.242,Corporate Event Manager,Supply Chain & Operations,"Business & Finance,Tech & Engineering,Science & Research",Corporate Event Strategist,Hospitality & Events,"Business & Finance,Design & Creative",$48k–$77k,$45k–$75k
8.25,corporate event,0.367,Corporate Event Manager,Supply Chain & Operations,"Business & Finance,Tech & Engineering,Science & Research",Corporate Event Designer,Marketing & Communications,"Business & Finance,Design & Creative,Science & Research",$48k–$77k,$45k–$75k
8.25,corporate event,0.5,Corporate Event Manager,Supply Chain & Operations,"Business & Finance,Tech & Engineering,Science & Research",Corporate Event Specialist,Hospitality & Events,"Business & Finance,Design & Creative",$48k–$77k,$45k–$75k
8.25,corporate event,0.355,Corporate Event Strategist,Hospitality & Events,"Business & Finance,Design & Creative",Corporate Event Designer,Marketing & Communications,"Business & Finance,Design & Creative,Science & Research",$45k–$75k,$45k–$75k
8.25,corporate event,0.379,Corporate Event Designer,Marketing & Communications,"Business & Finance,Design & Creative,Science & Research",Corporate Event Specialist,Hospitality & Events,"Business & Finance,Design & Creative",$45k–$75k,$45k–$75k
8.23,corporate social,0.026,Corporate Social Responsibility Manager,Environment & Sustainability,"Science & Research,Law & Government,Tech & Engineering",Social Media Manager (Corporate),Media & Journalism,"Business & Finance,Design & Creative",$70k–$120k,$45k–$75k
8.11,media social,0.047,Social Media Editor (News Organization),Media & Journalism,"Design & Creative,Tech & Engineering",Social Media App Founder,Entrepreneurship,"Tech & Engineering,Business & Finance",$40k–$65k,$0–$500k+
8.11,media social,0.179,Social Media Editor (News Organization),Media & Journalism,"Design & Creative,Tech & Engineering",Social Media Content Manager,Marketing & Communications,"Business & Finance,Design & Creative,Science & Research",$40k–$65k,$48k–$77k
8.11,media social,0.054,Social Media Editor (News Organization),Media & Journalism,"Design & Creative,Tech & Engineering",Social Media Agency Owner,Marketing & Communications,"Business & Finance,Design & Creative,Science & Research",$40k–$65k,$45k–$120k
8.11,media social,0.125,Social Media Editor (News Organization),Media & Journalism,"Design & Creative,Tech & Engineering",Social Media Startup Founder,Entrepreneurship,"Business & Finance,Tech & Engineering,Science & Research",$40k–$65k,$0–$500k+
8.11,media social,0.051,Social Media Editor (News Organization),Media & Journalism,"Design & Creative,Tech & Engineering",Social Media Monetization Manager,Entrepreneurship,"Business & Finance,Tech & Engineering,Science & Research",$40k–$65k,$45k–$85k
8.11,media social,0.135,Social Media Editor (News Organization),Media & Journalism,"Design & Creative,Tech & Engineering",Social Media Strategist,Marketing & Communications,"Business & Finance,Design & Creative,Science & Research",$40k–$65k,$45k–$75k
8.11,media social,0.0,Social Media Editor (News Organization),Media & Journalism,"Design & Creative,Tech & Engineering",Niche Social Media Brand Owner,Gaming & Esports,"Tech & Engineering,Marketing & Communications,Science & Research",$40k–$65k,$20k–$150k
8.11,media social,0.158,Social Media Editor (News Organization),Media & Journalism,"Design & Creative,Tech & Engineering",Social Media Manager (Startup),Gaming & Esports,"Tech & Engineering,Marketing & Communications,Science & Research",$40k–$65k,$35k–$65k
8.11,media social,0.048,Social Media Editor (News Organization),Media & Journalism,"Design & Creative,Tech & Engineering",Social Media Manager,Gaming & Esports,"Tech & Engineering,Marketing & Communications,Science & Research",$40k–$65k,$45k–$80k
8.11,media social,0.081,Social Media Editor (News Organization),Media & Journalism,"Design & Creative,Tech & Engineering",Social Media Entrepreneur,Marketing & Communications,"Business & Finance,Design & Creative,Science & Research",$40k–$65k,$20k–$150k
8.11,media social,0.154,Social Media Editor (News Organization),Media & Journalism,"Design & Creative,Tech & Engineering",Social Media Strategist (Solopreneur),Marketing & Communications,"Business & Finance,Design & Creative,Science & Research",$40k–$65k,$45k–$150k
8.11,media social,0.051,Social Media Editor (News Organization),Media & Journalism,"Design & Creative,Tech & Engineering",Social Media Commerce Entrepreneur,Supply Chain & Operations,"Business & Finance,Tech & Engineering,Science & Research",$40k–$65k,$40k–$120k
8.11,media social,0.1,Social Media Editor (News Organization),Media & Journalism,"Design & Creative,Tech & Engineering",Social Media Manager Startup,Gaming & Esports,"Tech & Engineering,Marketing & Communications,Science & Research",$40k–$65k,$35k–$65k
8.11,media social,0.05,Social Media Content Creator (News),Media & Journalism,"Design & Creative,Tech & Engineering",Social Media App Founder,Entrepreneurship,"Tech & Engineering,Business & Finance",$35k–$65k,$0–$500k+
8.11,media social,0.0,Social Media Content Creator (News),Media & Journalism,"Design & Creative,Tech & Engineering",Social Media Agency Owner,Marketing & Communications,"Business & Finance,Design & Creative,Science & Research",$35k–$65k,$45k–$120k
8.11,media social,0.105,Social Media Content Creator (News),Media & Journalism,"Design & Creative,Tech & Engineering",Social Media Startup Founder,Entrepreneurship,"Business & Finance,Tech & Engineering,Science & Research",$35k–$65k,$0–$500k+
8.11,media social,0.027,Social Media Content Creator (News),Media & Journalism,"Design & Creative,Tech & Engineering",Social Media Monetization Manager,Entrepreneurship,"Business & Finance,Tech & Engineering,Science & Research",$35k–$65k,$45k–$85k
8.11,media social,0.147,Social Media Content Creator (News),Media & Journalism,"Design & Creative,Tech & Engineering",Social Media Strategist,Marketing & Communications,"Business & Finance,Design & Creative,Science & Research",$35k–$65k,$45k–$75k
8.11,media social,0.0,Social Media Content Creator (News),Media & Journalism,"Design & Creative,Tech & Engineering",Niche Social Media Brand Owner,Gaming & Esports,"Tech & Engineering,Marketing & Communications,Science & Research",$35k–$65k,$20k–$150k
8.11,media social,0.079,Social Media Content Creator (News),Media & Journalism,"Design & Creative,Tech & Engineering",Social Media Manager (Startup),Gaming & Esports,"Tech & Engineering,Marketing & Communications,Science & Research",$35k–$65k,$35k–$65k
8.11,media social,0.051,Social Media Content Creator (News),Media & Journalism,"Design & Creative,Tech & Engineering",Social Media Manager,Gaming & Esports,"Tech & Engineering,Marketing & Communications,Science & Research",$35k–$65k,$45k–$80k
8.11,media social,0.057,Social Media Content Creator (News),Media & Journalism,"Design & Creative,Tech & Engineering",Social Media Entrepreneur,Marketing & Communications,"Business & Finance,Design & Creative,Science & Research",$35k–$65k,$20k–$150k
8.11,media social,0.077,Social Media Content Creator (News),Media & Journalism,"Design & Creative,Tech & Engineering",Social Media Strategist (Solopreneur),Marketing & Communications,"Business & Finance,Design & Creative,Science & Research",$35k–$65k,$45k–$150k
8.11,media social,0.056,Social Media Content Creator (News),Media & Journalism,"Design & Creative,Tech & Engineering",Social Media Commerce Entrepreneur,Supply Chain & Operations,"Business & Finance,Tech & Engineering,Science & Research",$35k–$65k,$40k–$120k
8.11,media social,0.077,Social Media Content Creator (News),Media & Journalism,"Design & Creative,Tech & Engineering",Social Media Editor,Marketing & Communications,"Business & Finance,Design & Creative,Science & Research",$35k–$65k,$40k–$65k
8.11,media social,0.079,Social Media Content Creator (News),Media & Journalism,"Design & Creative,Tech & Engineering",Social Media Manager Startup,Gaming & Esports,"Tech & Engineering,Marketing & Communications,Science & Research",$35k–$65k,$35k–$65k
8.11,media social,0.047,Social Media Manager (Agency),Media & Journalism,"Design & Creative,Business & Finance",Social Media App Founder,Entrepreneurship,"Tech & Engineering,Business & Finance",$45k–$75k,$0–$500k+
8.11,media social,0.07,Social Media Manager (Agency),Media & Journalism,"Design & Creative,Business & Finance",Social Media Content Manager,Marketing & Communications,"Business & Finance,Design & Creative,Science & Research",$45k–$75k,$48k–$77k
8.11,media social,0.154,Social Media Manager (Agency),Media & Journalism,"Design & Creative,Business & Finance",Social Media Startup Founder,Entrepreneurship,"Business & Finance,Tech & Engineering,Science & Research",$45k–$75k,$0–$500k+
8.11,media social,0.139,Social Media Manager (Agency),Media & Journalism,"Design & Creative,Business & Finance",Social Media Monetization Manager,Entrepreneurship,"Business & Finance,Tech & Engineering,Science & Research",$45k–$75k,$45k–$85k
8.11,media social,0.273,Social Media Manager (Agency),Media & Journalism,"Design & Creative,Business & Finance",Social Media Strategist,Marketing & Communications,"Business & Finance,Design & Creative,Science & Research",$45k–$75k,$45k–$75k
8.11,media social,0.044,Social Media Manager (Agency),Media & Journalism,"Design & Creative,Business & Finance",Niche Social Media Brand Owner,Gaming & Esports,"Tech & Engineering,Marketing & Communications,Science & Research",$45k–$75k,$20k–$150k
8.11,media social,0.125,Social Media Manager (Agency),Media & Journalism,"Design & Creative,Business & Finance",Social Media Manager (News),Marketing & Communications,"Business & Finance,Design & Creative,Science & Research",$45k–$75k,$40k–$65k
8.11,media social,0.189,Social Media Manager (Agency),Media & Journalism,"Design & Creative,Business & Finance",Social Media Manager (Startup),Gaming & Esports,"Tech & Engineering,Marketing & Communications,Science & Research",$45k–$75k,$35k–$65k
8.11,media social,0.1,Social Media Manager (Agency),Media & Journalism,"Design & Creative,Business & Finance",Social Media Manager,Gaming & Esports,"Tech & Engineering,Marketing & Communications,Science & Research",$45k–$75k,$45k–$80k
8.11,media social,0.143,Social Media Manager (Agency),Media & Journalism,"Design & Creative,Business & Finance",Social Media Entrepreneur,Marketing & Communications,"Business & Finance,Design & Creative,Science & Research",$45k–$75k,$20k–$150k
8.11,media social,0.216,Social Media Manager (Agency),Media & Journalism,"Design & Creative,Business & Finance",Social Media Strategist (Solopreneur),Marketing & Communications,"Business & Finance,Design & Creative,Science & Research",$45k–$75k,$45k–$150k
8.11,media social,0.108,Social Media Manager (Agency),Media & Journalism,"Design & Creative,Business & Finance",Social Media Commerce Entrepreneur,Supply Chain & Operations,"Business & Finance,Tech & Engineering,Science & Research",$45k–$75k,$40k–$120k
8.11,media social,0.154,Social Media Manager (Agency),Media & Journalism,"Design & Creative,Business & Finance",Social Media Editor,Marketing & Communications,"Business & Finance,Design & Creative,Science & Research",$45k–$75k,$40k–$65k
8.11,media social,0.189,Social Media Manager (Agency),Media & Journalism,"Design & Creative,Business & Finance",Social Media Manager Startup,Gaming & Esports,"Tech & Engineering,Marketing & Communications,Science & Research",$45k–$75k,$35k–$65k
8.11,media social,0.05,Social Media Strategist (Media Company),Media & Journalism,"Design & Creative,Business & Finance",Social Media App Founder,Entrepreneurship,"Tech & Engineering,Business & Finance",$45k–$75k,$0–$500k+
8.11,media social,0.229,Social Media Strategist (Media Company),Media & Journalism,"Design & Creative,Business & Finance",Social Media Content Manager,Marketing & Communications,"Business & Finance,Design & Creative,Science & Research",$45k–$75k,$48k–$77k
8.11,media social,0.2,Social Media Strategist (Media Company),Media & Journalism,"Design & Creative,Business & Finance",Social Media Agency Owner,Marketing & Communications,"Business & Finance,Design & Creative,Science & Research",$45k–$75k,$45k–$120k
8.11,media social,0.135,Social Media Strategist (Media Company),Media & Journalism,"Design & Creative,Business & Finance",Social Media Startup Founder,Entrepreneurship,"Business & Finance,Tech & Engineering,Science & Research",$45k–$75k,$0–$500k+
8.11,media social,0.086,Social Media Strategist (Media Company),Media & Journalism,"Design & Creative,Business & Finance",Social Media Monetization Manager,Entrepreneurship,"Business & Finance,Tech & Engineering,Science & Research",$45k–$75k,$45k–$85k
8.11,media social,0.3,Social Media Strategist (Media Company),Media & Journalism,"Design & Creative,Business & Finance",Social Media Strategist,Marketing & Communications,"Business & Finance,Design & Creative,Science & Research",$45k–$75k,$45k–$75k
8.11,media social,0.1,Social Media Strategist (Media Company),Media & Journalism,"Design & Creative,Business & Finance",Niche Social Media Brand Owner,Gaming & Esports,"Tech & Engineering,Marketing & Communications,Science & Research",$45k–$75k,$20k–$150k
8.11,media social,0.135,Social Media Strategist (Media Company),Media & Journalism,"Design & Creative,Business & Finance",Social Media Manager (News),Marketing & Communications,"Business & Finance,Design & Creative,Science & Research",$45k–$75k,$40k–$65k
8.11,media social,0.242,Social Media Strategist (Media Company),Media & Journalism,"Design & Creative,Business & Finance",Social Media Manager (Startup),Gaming & Esports,"Tech & Engineering,Marketing & Communications,Science & Research",$45k–$75k,$35k–$65k
8.11,media social,0.206,Social Media Strategist (Media Company),Media & Journalism,"Design & Creative,Business & Finance",Social Media Manager,Gaming & Esports,"Tech & Engineering,Marketing & Communications,Science & Research",$45k–$75k,$45k–$80k
8.11,media social,0.233,Social Media Strategist (Media Company),Media & Journalism,"Design & Creative,Business & Finance",Social Media Entrepreneur,Marketing & Communications,"Business & Finance,Design & Creative,Science & Research",$45k–$75k,$20k–$150k
8.11,media social,0.273,Social Media Strategist (Media Company),Media & Journalism,"Design & Creative,Business & Finance",Social Media Strategist (Solopreneur),Marketing & Communications,"Business & Finance,Design & Creative,Science & Research",$45k–$75k,$45k–$150k
8.11,media social,0.118,Social Media Strategist (Media Company),Media & Journalism,"Design & Creative,Business & Finance",Social Media Commerce Entrepreneur,Supply Chain & Operations,"Business & Finance,Tech & Engineering,Science & Research",$45k–$75k,$40k–$120k
8.11,media social,0.2,Social Media Strategist (Media Company),Media & Journalism,"Design & Creative,Business & Finance",Social Media Editor,Marketing & Communications,"Business & Finance,Design & Creative,Science & Research",$45k–$75k,$40k–$65k
8.11,media social,0.171,Social Media Strategist (Media Company),Media & Journalism,"Design & Creative,Business & Finance",Social Media Manager Startup,Gaming & Esports,"Tech & Engineering,Marketing & Communications,Science & Research",$45k–$75k,$35k–$65k
8.11,media social,0.0,Social Media Strategist (Nonprofit),Media & Journalism,"Social Impact & Nonprofit,Design & Creative",Social Media App Founder,Entrepreneurship,"Tech & Engineering,Business & Finance",$40k–$65k,$0–$500k+
8.11,media social,0.083,Social Media Strategist (Nonprofit),Media & Journalism,"Social Impact & Nonprofit,Design & Creative",Social Media Content Manager,Marketing & Communications,"Business & Finance,Design & Creative,Science & Research",$40k–$65k,$48k–$77k
8.11,media social,0.067,Social Media Strategist (Nonprofit),Media & Journalism,"Social Impact & Nonprofit,Design & Creative",Social Media Agency Owner,Marketing & Communications,"Business & Finance,Design & Creative,Science & Research",$40k–$65k,$45k–$120k
8.11,media social,0.056,Social Media Strategist (Nonprofit),Media & Journalism,"Social Impact & Nonprofit,Design & Creative",Social Media Startup Founder,Entrepreneurship,"Business & Finance,Tech & Engineering,Science & Research",$40k–$65k,$0–$500k+
8.11,media social,0.0,Social Media Strategist (Nonprofit),Media & Journalism,"Social Impact & Nonprofit,Design & Creative",Social Media Monetization Manager,Entrepreneurship,"Business & Finance,Tech & Engineering,Science & Research",$40k–$65k,$45k–$85k
8.11,media social,0.094,Social Media Strategist (Nonprofit),Media & Journalism,"Social Impact & Nonprofit,Design & Creative",Social Media Strategist,Marketing & Communications,"Business & Finance,Design & Creative,Science & Research",$40k–$65k,$45k–$75k
8.11,media social,0.026,Social Media Strategist (Nonprofit),Media & Journalism,"Social Impact & Nonprofit,Design & Creative",Niche Social Media Brand Owner,Gaming & Esports,"Tech & Engineering,Marketing & Communications,Science & Research",$40k–$65k,$20k–$150k
8.11,media social,0.086,Social Media Strategist (Nonprofit),Media & Journalism,"Social Impact & Nonprofit,Design & Creative",Social Media Manager (News),Marketing & Communications,"Business & Finance,Design & Creative,Science & Research",$40k–$65k,$40k–$65k
8.11,media social,0.028,Social Media Strategist (Nonprofit),Media & Journalism,"Social Impact & Nonprofit,Design & Creative",Social Media Manager (Startup),Gaming & Esports,"Tech & Engineering,Marketing & Communications,Science & Research",$40k–$65k,$35k–$65k
8.11,media social,0.088,Social Media Strategist (Nonprofit),Media & Journalism,"Social Impact & Nonprofit,Design & Creative",Social Media Manager,Gaming & Esports,"Tech & Engineering,Marketing & Communications,Science & Research",$40k–$65k,$45k–$80k
8.11,media social,0.031,Social Media Strategist (Nonprofit),Media & Journalism,"Social Impact & Nonprofit,Design & Creative",Social Media Entrepreneur,Marketing & Communications,"Business & Finance,Design & Creative,Science & Research",$40k–$65k,$20k–$150k
8.11,media social,0.027,Social Media Strategist (Nonprofit),Media & Journalism,"Social Impact & Nonprofit,Design & Creative",Social Media Strategist (Solopreneur),Marketing & Communications,"Business & Finance,Design & Creative,Science & Research",$40k–$65k,$45k–$150k
8.11,media social,0.097,Social Media Strategist (Nonprofit),Media & Journalism,"Social Impact & Nonprofit,Design & Creative",Social Media Commerce Entrepreneur,Supply Chain & Operations,"Business & Finance,Tech & Engineering,Science & Research",$40k–$65k,$40k–$120k
8.11,media social,0.056,Social Media Strategist (Nonprofit),Media & Journalism,"Social Impact & Nonprofit,Design & Creative",Social Media Editor,Marketing & Communications,"Business & Finance,Design & Creative,Science & Research",$40k–$65k,$40k–$65k
8.11,media social,0.057,Social Media Strategist (Nonprofit),Media & Journalism,"Social Impact & Nonprofit,Design & Creative",Social Media Manager Startup,Gaming & Esports,"Tech & Engineering,Marketing & Communications,Science & Research",$40k–$65k,$35k–$65k
8.11,media social,0.139,Social Media Entrepreneur (Personal Brand),Entrepreneurship,"Media & Journalism,Design & Creative",Social Media Content Creator,Marketing & Communications,"Business & Finance,Design & Creative,Media & Journalism",$30k–$200k+,$35k–$85k
8.11,media social,0.024,Social Media Entrepreneur (Personal Brand),Entrepreneurship,"Media & Journalism,Design & Creative",Social Media Content Manager,Marketing & Communications,"Business & Finance,Design & Creative,Science & Research",$30k–$200k+,$48k–$77k
8.11,media social,0.059,Social Media Entrepreneur (Personal Brand),Entrepreneurship,"Media & Journalism,Design & Creative",Social Media Agency Owner,Marketing & Communications,"Business & Finance,Design & Creative,Science & Research",$30k–$200k+,$45k–$120k
8.11,media social,0.083,Social Media Entrepreneur (Personal Brand),Entrepreneurship,"Media & Journalism,Design & Creative",Social Media Strategist,Marketing & Communications,"Business & Finance,Design & Creative,Science & Research",$30k–$200k+,$45k–$75k
8.11,media social,0.135,Social Media Entrepreneur (Personal Brand),Entrepreneurship,"Media & Journalism,Design & Creative",Social Media Manager (News),Marketing & Communications,"Business & Finance,Design & Creative,Science & Research",$30k–$200k+,$40k–$65k
8.11,media social,0.108,Social Media Entrepreneur (Personal Brand),Entrepreneurship,"Media & Journalism,Design & Creative",Social Media Manager (Startup),Gaming & Esports,"Tech & Engineering,Marketing & Communications,Science & Research",$30k–$200k+,$35k–$65k
8.11,media social,0.025,Social Media Entrepreneur (Personal Brand),Entrepreneurship,"Media & Journalism,Design & Creative",Social Media Manager,Gaming & Esports,"Tech & Engineering,Marketing & Communications,Science & Research",$30k–$200k+,$45k–$80k
8.11,media social,0.105,Social Media Entrepreneur (Personal Brand),Entrepreneurship,"Media & Journalism,Design & Creative",Social Media Strategist (Solopreneur),Marketing & Communications,"Business & Finance,Design & Creative,Science & Research",$30k–$200k+,$45k–$150k
8.11,media social,0.105,Social Media Entrepreneur (Personal Brand),Entrepreneurship,"Media & Journalism,Design & Creative",Social Media Editor,Marketing & Communications,"Business & Finance,Design & Creative,Science & Research",$30k–$200k+,$40k–$65k
8.11,media social,0.108,Social Media Entrepreneur (Personal Brand),Entrepreneurship,"Media & Journalism,Design & Creative",Social Media Manager Startup,Gaming & Esports,"Tech & Engineering,Marketing & Communications,Science & Research",$30k–$200k+,$35k–$65k
8.11,media social,0.025,Social Media Journalist,Media & Journalism,"Marketing & Communications,Arts & Performance,Law & Government",Social Media App Founder,Entrepreneurship,"Tech & Engineering,Business & Finance",$35k–$75k,$0–$500k+
8.11,media social,0.079,Social Media Journalist,Media & Journalism,"Marketing & Communications,Arts & Performance,Law & Government",Social Media Startup Founder,Entrepreneurship,"Business & Finance,Tech & Engineering,Science & Research",$35k–$75k,$0–$500k+
8.11,media social,0.121,Social Media Journalist,Media & Journalism,"Marketing & Communications,Arts & Performance,Law & Government",Social Media Monetization Manager,Entrepreneurship,"Business & Finance,Tech & Engineering,Science & Research",$35k–$75k,$45k–$85k
8.11,media social,0.024,Social Media Journalist,Media & Journalism,"Marketing & Communications,Arts & Performance,Law & Government",Niche Social Media Brand Owner,Gaming & Esports,"Tech & Engineering,Marketing & Communications,Science & Research",$35k–$75k,$20k–$150k
8.11,media social,0.081,Social Media Journalist,Media & Journalism,"Marketing & Communications,Arts & Performance,Law & Government",Social Media Manager (Startup),Gaming & Esports,"Tech & Engineering,Marketing & Communications,Science & Research",$35k–$75k,$35k–$65k
8.11,media social,0.0,Social Media Journalist,Media & Journalism,"Marketing & Communications,Arts & Performance,Law & Government",Social Media Manager,Gaming & Esports,"Tech & Engineering,Marketing & Communications,Science & Research",$35k–$75k,$45k–$80k
8.11,media social,0.028,Social Media Journalist,Media & Journalism,"Marketing & Communications,Arts & Performance,Law & Government",Social Media Commerce Entrepreneur,Supply Chain & Operations,"Business & Finance,Tech & Engineering,Science & Research",$35k–$75k,$40k–$120k
8.11,media social,0.176,Social Media Journalist,Media & Journalism,"Marketing & Communications,Arts & Performance,Law & Government",Social Media Manager Startup,Gaming & Esports,"Tech & Engineering,Marketing & Communications,Science & Research",$35k–$75k,$35k–$65k
8.11,media social,0.024,Social Media App Founder,Entrepreneurship,"Tech & Engineering,Business & Finance",Social Media Content Creator,Marketing & Communications,"Business & Finance,Design & Creative,Media & Journalism",$0–$500k+,$35k–$85k
8.11,media social,0.108,Social Media App Founder,Entrepreneurship,"Tech & Engineering,Business & Finance",Social Media Analyst (News),Media & Journalism,"Tech & Engineering,Business & Finance",$0–$500k+,$45k–$75k
8.11,media social,0.049,Social Media App Founder,Entrepreneurship,"Tech & Engineering,Business & Finance",Social Media Manager (News Org),Media & Journalism,"Design & Creative,Business & Finance",$0–$500k+,$35k–$65k
8.11,media social,0.024,Social Media App Founder,Entrepreneurship,"Tech & Engineering,Business & Finance",Social Media Strategist (Personal Branding),Media & Journalism,"Business & Finance,Design & Creative",$0–$500k+,$45k–$75k
8.11,media social,0.051,Social Media App Founder,Entrepreneurship,"Tech & Engineering,Business & Finance",Social Media Manager (News Organizations),Media & Journalism,"Design & Creative,Business & Finance",$0–$500k+,$40k–$65k
8.11,media social,0.071,Social Media App Founder,Entrepreneurship,"Tech & Engineering,Business & Finance",Social Media Content Manager,Marketing & Communications,"Business & Finance,Design & Creative,Science & Research",$0–$500k+,$48k–$77k
8.11,media social,0.051,Social Media App Founder,Entrepreneurship,"Tech & Engineering,Business & Finance",Social Media Manager (News Organization),Media & Journalism,"Tech & Engineering,Design & Creative",$0–$500k+,$40k–$65k
8.11,media social,0.108,Social Media App Founder,Entrepreneurship,"Tech & Engineering,Business & Finance",Social Media Analyst (Trends),Media & Journalism,"Business & Finance,Tech & Engineering",$0–$500k+,$48k–$85k
8.11,media social,0.05,Social Media App Founder,Entrepreneurship,"Tech & Engineering,Business & Finance",Social Media Strategist (News Organization),Media & Journalism,"Business & Finance,Design & Creative",$0–$500k+,$45k–$75k
8.11,media social,0.056,Social Media App Founder,Entrepreneurship,"Tech & Engineering,Business & Finance",Social Media Agency Owner,Marketing & Communications,"Business & Finance,Design & Creative,Science & Research",$0–$500k+,$45k–$120k
8.11,media social,0.054,Social Media App Founder,Entrepreneurship,"Tech & Engineering,Business & Finance",Social Media Influencer Entrepreneur,Marketing & Communications,"Business & Finance,Design & Creative,Media & Journalism",$0–$500k+,$0–$500k+
8.11,media social,0.056,Social Media App Founder,Entrepreneurship,"Tech & Engineering,Business & Finance",Social Media Content Strategist (Media),Media & Journalism,"Design & Creative,Business & Finance",$0–$500k+,$45k–$75k
8.11,media social,0.049,Social Media App Founder,Entrepreneurship,"Tech & Engineering,Business & Finance",Social Media Manager (Media Company),Media & Journalism,"Design & Creative,Business & Finance",$0–$500k+,$40k–$65k
8.11,media social,0.075,Social Media App Founder,Entrepreneurship,"Tech & Engineering,Business & Finance",Social Media Content Strategist,Media & Journalism,"Design & Creative,Business & Finance",$0–$500k+,$45k–$75k
8.11,media social,0.051,Social Media App Founder,Entrepreneurship,"Tech & Engineering,Business & Finance",Social Media Strategist,Marketing & Communications,"Business & Finance,Design & Creative,Science & Research",$0–$500k+,$45k–$75k
8.11,media social,0.045,Social Media App Founder,Entrepreneurship,"Tech & Engineering,Business & Finance",Niche Social Media Brand Owner,Gaming & Esports,"Tech & Engineering,Marketing & Communications,Science & Research",$0–$500k+,$20k–$150k
8.11,media social,0.022,Social Media App Founder,Entrepreneurship,"Tech & Engineering,Business & Finance",Social Media Strategist (News Org),Media & Journalism,"Tech & Engineering,Business & Finance",$0–$500k+,$45k–$75k
8.11,media social,0.048,Social Media App Founder,Entrepreneurship,"Tech & Engineering,Business & Finance",Social Media Manager (News),Marketing & Communications,"Business & Finance,Design & Creative,Science & Research",$0–$500k+,$40k–$65k
8.11,media social,0.024,Social Media App Founder,Entrepreneurship,"Tech & Engineering,Business & Finance",Social Media Manager (Startup),Gaming & Esports,"Tech & Engineering,Marketing & Communications,Science & Research",$0–$500k+,$35k–$65k
8.11,media social,0.049,Social Media App Founder,Entrepreneurship,"Tech & Engineering,Business & Finance",Social Media Manager,Gaming & Esports,"Tech & Engineering,Marketing & Communications,Science & Research",$0–$500k+,$45k–$80k
8.11,media social,0.103,Social Media App Founder,Entrepreneurship,"Tech & Engineering,Business & Finance",Social Media Manager (Corporate),Media & Journalism,"Business & Finance,Design & Creative",$0–$500k+,$45k–$75k
8.11,media social,0.114,Social Media App Founder,Entrepreneurship,"Tech & Engineering,Business & Finance",Social Media Entrepreneur,Marketing & Communications,"Business & Finance,Design & Creative,Science & Research",$0–$500k+,$20k–$150k
8.11,media social,0.048,Social Media App Founder,Entrepreneurship,"Tech & Engineering,Business & Finance",Social Media Strategist (Solopreneur),Marketing & Communications,"Business & Finance,Design & Creative,Science & Research",$0–$500k+,$45k–$150k
8.11,media social,0.081,Social Media App Founder,Entrepreneurship,"Tech & Engineering,Business & Finance",Social Media Commerce Entrepreneur,Supply Chain & Operations,"Business & Finance,Tech & Engineering,Science & Research",$0–$500k+,$40k–$120k
8.11,media social,0.023,Social Media App Founder,Entrepreneurship,"Tech & Engineering,Business & Finance",Social Media Editor,Marketing & Communications,"Business & Finance,Design & Creative,Science & Research",$0–$500k+,$40k–$65k
8.11,media social,0.103,Social Media App Founder,Entrepreneurship,"Tech & Engineering,Business & Finance",Social Media Manager (Publishing),Media & Journalism,"Design & Creative,Business & Finance",$0–$500k+,$45k–$75k
8.11,media social,0.05,Social Media App Founder,Entrepreneurship,"Tech & Engineering,Business & Finance",Social Media Manager (News Outlet),Media & Journalism,"Design & Creative,Business & Finance",$0–$500k+,$40k–$65k
8.11,media social,0.081,Social Media App Founder,Entrepreneurship,"Tech & Engineering,Business & Finance",Social Media Manager (Newsroom),Media & Journalism,"Design & Creative,Business & Finance",$0–$500k+,$40k–$65k
8.11,media social,0.053,Social Media App Founder,Entrepreneurship,"Tech & Engineering,Business & Finance",Social Media Manager (Content Creator),Media & Journalism,"Design & Creative,Business & Finance",$0–$500k+,$35k–$75k
8.11,media social,0.054,Social Media App Founder,Entrepreneurship,"Tech & Engineering,Business & Finance",Social Media Manager (Political),Media & Journalism,"Law & Government,Business & Finance",$0–$500k+,$45k–$75k
8.11,media social,0.026,Social Media App Founder,Entrepreneurship,"Tech & Engineering,Business & Finance",Social Media Manager (Content),Media & Journalism,"Design & Creative,Business & Finance",$0–$500k+,$35k–$65k
8.11,media social,0.0,Social Media App Founder,Entrepreneurship,"Tech & Engineering,Business & Finance",Social Media Strategist (News Organizations),Media & Journalism,"Design & Creative,Tech & Engineering",$0–$500k+,$45k–$75k
8.11,media social,0.077,Social Media App Founder,Entrepreneurship,"Tech & Engineering,Business & Finance",Social Media Strategy Manager,Media & Journalism,"Business & Finance,Design & Creative",$0–$500k+,$45k–$75k
8.11,media social,0.075,Social Media App Founder,Entrepreneurship,"Tech & Engineering,Business & Finance",Social Media Strategist (News),Media & Journalism,"Business & Finance,Design & Creative",$0–$500k+,$45k–$75k
8.11,media social,0.024,Social Media App Founder,Entrepreneurship,"Tech & Engineering,Business & Finance",Social Media Manager Startup,Gaming & Esports,"Tech & Engineering,Marketing & Communications,Science & Research",$0–$500k+,$35k–$65k
8.11,media social,0.056,Social Media App Founder,Entrepreneurship,"Tech & Engineering,Business & Finance",Social Media Manager (Brand),Media & Journalism,"Design & Creative,Business & Finance",$0–$500k+,$45k–$75k
8.11,media social,0.103,Social Media Content Creator,Marketing & Communications,"Business & Finance,Design & Creative,Media & Journalism",Social Media Startup Founder,Entrepreneurship,"Business & Finance,Tech & Engineering,Science & Research",$35k–$85k,$0–$500k+
8.11,media social,0.026,Social Media Content Creator,Marketing & Communications,"Business & Finance,Design & Creative,Media & Journalism",Social Media Management Agency Owner,Entrepreneurship,"Media & Journalism,Design & Creative",$35k–$85k,$45k–$120k
8.11,media social,0.083,Social Media Content Creator,Marketing & Communications,"Business & Finance,Design & Creative,Media & Journalism",Social Media Monetization Manager,Entrepreneurship,"Business & Finance,Tech & Engineering,Science & Research",$35k–$85k,$45k–$85k
8.11,media social,0.027,Social Media Content Creator,Marketing & Communications,"Business & Finance,Design & Creative,Media & Journalism",Social Media Management Agency Founder,Entrepreneurship,"Media & Journalism,Design & Creative",$35k–$85k,$45k–$120k
8.11,media social,0.083,Social Media Content Creator,Marketing & Communications,"Business & Finance,Design & Creative,Media & Journalism",Social Media Commerce Entrepreneur,Supply Chain & Operations,"Business & Finance,Tech & Engineering,Science & Research",$35k–$85k,$40k–$120k
8.11,media social,0.226,Social Media Content Creator,Marketing & Communications,"Business & Finance,Design & Creative,Media & Journalism",Social Media Management Entrepreneur,Entrepreneurship,"Media & Journalism,Design & Creative",$35k–$85k,$35k–$85k
8.11,media social,0.167,Social Media Content Creator,Marketing & Communications,"Business & Finance,Design & Creative,Media & Journalism",Social Media Entrepreneur (Influencer),Entrepreneurship,"Design & Creative,Media & Journalism",$35k–$85k,$30k–$200k+
8.11,media social,0.077,Social Media Analyst (News),Media & Journalism,"Tech & Engineering,Business & Finance",Social Media Content Manager,Marketing & Communications,"Business & Finance,Design & Creative,Science & Research",$45k–$75k,$48k–$77k
8.11,media social,0.0,Social Media Analyst (News),Media & Journalism,"Tech & Engineering,Business & Finance",Social Media Agency Owner,Marketing & Communications,"Business & Finance,Design & Creative,Science & Research",$45k–$75k,$45k–$120k
8.11,media social,0.108,Social Media Analyst (News),Media & Journalism,"Tech & Engineering,Business & Finance",Social Media Startup Founder,Entrepreneurship,"Business & Finance,Tech & Engineering,Science & Research",$45k–$75k,$0–$500k+
8.11,media social,0.0,Social Media Analyst (News),Media & Journalism,"Tech & Engineering,Business & Finance",Social Media Monetization Manager,Entrepreneurship,"Business & Finance,Tech & Engineering,Science & Research",$45k–$75k,$45k–$85k
8.11,media social,0.152,Social Media Analyst (News),Media & Journalism,"Tech & Engineering,Business & Finance",Social Media Strategist,Marketing & Communications,"Business & Finance,Design & Creative,Science & Research",$45k–$75k,$45k–$75k
8.11,media social,0.0,Social Media Analyst (News),Media & Journalism,"Tech & Engineering,Business & Finance",Niche Social Media Brand Owner,Gaming & Esports,"Tech & Engineering,Marketing & Communications,Science & Research",$45k–$75k,$20k–$150k
8.11,media social,0.0,Social Media Analyst (News),Media & Journalism,"Tech & Engineering,Business & Finance",Social Media Manager (Startup),Gaming & Esports,"Tech & Engineering,Marketing & Communications,Science & Research",$45k–$75k,$35k–$65k
8.11,media social,0.053,Social Media Analyst (News),Media & Journalism,"Tech & Engineering,Business & Finance",Social Media Manager,Gaming & Esports,"Tech & Engineering,Marketing & Communications,Science & Research",$45k–$75k,$45k–$80k
8.11,media social,0.091,Social Media Analyst (News),Media & Journalism,"Tech & Engineering,Business & Finance",Social Media Entrepreneur,Marketing & Communications,"Business & Finance,Design & Creative,Science & Research",$45k–$75k,$20k–$150k
8.11,media social,0.025,Social Media Analyst (News),Media & Journalism,"Tech & Engineering,Business & Finance",Social Media Strategist (Solopreneur),Marketing & Communications,"Business & Finance,Design & Creative,Science & Research",$45k–$75k,$45k–$150k
8.11,media social,0.057,Social Media Analyst (News),Media & Journalism,"Tech & Engineering,Business & Finance",Social Media Commerce Entrepreneur,Supply Chain & Operations,"Business & Finance,Tech & Engineering,Science & Research",$45k–$75k,$40k–$120k
8.11,media social,0.051,Social Media Analyst (News),Media & Journalism,"Tech & Engineering,Business & Finance",Social Media Editor,Marketing & Communications,"Business & Finance,Design & Creative,Science & Research",$45k–$75k,$40k–$65k
8.11,media social,0.053,Social Media Analyst (News),Media & Journalism,"Tech & Engineering,Business & Finance",Social Media Manager Startup,Gaming & Esports,"Tech & Engineering,Marketing & Communications,Science & Research",$45k–$75k,$35k–$65k
8.11,media social,0.073,Social Media Manager (News Org),Media & Journalism,"Design & Creative,Business & Finance",Social Media Content Manager,Marketing & Communications,"Business & Finance,Design & Creative,Science & Research",$35k–$65k,$48k–$77k
8.11,media social,0.0,Social Media Manager (News Org),Media & Journalism,"Design & Creative,Business & Finance",Social Media Agency Owner,Marketing & Communications,"Business & Finance,Design & Creative,Science & Research",$35k–$65k,$45k–$120k
8.11,media social,0.103,Social Media Manager (News Org),Media & Journalism,"Design & Creative,Business & Finance",Social Media Startup Founder,Entrepreneurship,"Business & Finance,Tech & Engineering,Science & Research",$35k–$65k,$0–$500k+
8.11,media social,0.054,Social Media Manager (News Org),Media & Journalism,"Design & Creative,Business & Finance",Social Media Monetization Manager,Entrepreneurship,"Business & Finance,Tech & Engineering,Science & Research",$35k–$65k,$45k–$85k
8.11,media social,0.143,Social Media Manager (News Org),Media & Journalism,"Design & Creative,Business & Finance",Social Media Strategist,Marketing & Communications,"Business & Finance,Design & Creative,Science & Research",$35k–$65k,$45k–$75k
8.11,media social,0.023,Social Media Manager (News Org),Media & Journalism,"Design & Creative,Business & Finance",Niche Social Media Brand Owner,Gaming & Esports,"Tech & Engineering,Marketing & Communications,Science & Research",$35k–$65k,$20k–$150k
8.11,media social,0.077,Social Media Manager (News Org),Media & Journalism,"Design & Creative,Business & Finance",Social Media Manager (Startup),Gaming & Esports,"Tech & Engineering,Marketing & Communications,Science & Research",$35k–$65k,$35k–$65k
8.11,media social,0.05,Social Media Manager (News Org),Media & Journalism,"Design & Creative,Business & Finance",Social Media Manager,Gaming & Esports,"Tech & Engineering,Marketing & Communications,Science & Research",$35k–$65k,$45k–$80k
8.11,media social,0.152,Social Media Manager (News Org),Media & Journalism,"Design & Creative,Business & Finance",Social Media Entrepreneur,Marketing & Communications,"Business & Finance,Design & Creative,Science & Research",$35k–$65k,$20k–$150k
8.11,media social,0.103,Social Media Manager (News Org),Media & Journalism,"Design & Creative,Business & Finance",Social Media Strategist (Solopreneur),Marketing & Communications,"Business & Finance,Design & Creative,Science & Research",$35k–$65k,$45k–$150k
8.11,media social,0.083,Social Media Manager (News Org),Media & Journalism,"Design & Creative,Business & Finance",Social Media Commerce Entrepreneur,Supply Chain & Operations,"Business & Finance,Tech & Engineering,Science & Research",$35k–$65k,$40k–$120k
8.11,media social,0.103,Social Media Manager (News Org),Media & Journalism,"Design & Creative,Business & Finance",Social Media Editor,Marketing & Communications,"Business & Finance,Design & Creative,Science & Research",$35k–$65k,$40k–$65k
8.11,media social,0.105,Social Media Manager (News Org),Media & Journalism,"Design & Creative,Business & Finance",Social Media Manager Startup,Gaming & Esports,"Tech & Engineering,Marketing & Communications,Science & Research",$35k–$65k,$35k–$65k
8.11,media social,0.024,Social Media Strategist (Personal Branding),Media & Journalism,"Business & Finance,Design & Creative",Social Media Content Manager,Marketing & Communications,"Business & Finance,Design & Creative,Science & Research",$45k–$75k,$48k–$77k
8.11,media social,0.059,Social Media Strategist (Personal Branding),Media & Journalism,"Business & Finance,Design & Creative",Social Media Agency Owner,Marketing & Communications,"Business & Finance,Design & Creative,Science & Research",$45k–$75k,$45k–$120k
8.11,media social,0.105,Social Media Strategist (Personal Branding),Media & Journalism,"Business & Finance,Design & Creative",Social Media Startup Founder,Entrepreneurship,"Business & Finance,Tech & Engineering,Science & Research",$45k–$75k,$0–$500k+
8.11,media social,0.056,Social Media Strategist (Personal Branding),Media & Journalism,"Business & Finance,Design & Creative",Social Media Monetization Manager,Entrepreneurship,"Business & Finance,Tech & Engineering,Science & Research",$45k–$75k,$45k–$85k
8.11,media social,0.114,Social Media Strategist (Personal Branding),Media & Journalism,"Business & Finance,Design & Creative",Social Media Strategist,Marketing & Communications,"Business & Finance,Design & Creative,Science & Research",$45k–$75k,$45k–$75k
8.11,media social,0.023,Social Media Strategist (Personal Branding),Media & Journalism,"Business & Finance,Design & Creative",Niche Social Media Brand Owner,Gaming & Esports,"Tech & Engineering,Marketing & Communications,Science & Research",$45k–$75k,$20k–$150k
8.11,media social,0.135,Social Media Strategist (Personal Branding),Media & Journalism,"Business & Finance,Design & Creative",Social Media Manager (News),Marketing & Communications,"Business & Finance,Design & Creative,Science & Research",$45k–$75k,$40k–$65k
8.11,media social,0.139,Social Media Strategist (Personal Branding),Media & Journalism,"Business & Finance,Design & Creative",Social Media Manager (Startup),Gaming & Esports,"Tech & Engineering,Marketing & Communications,Science & Research",$45k–$75k,$35k–$65k
8.11,media social,0.108,Social Media Strategist (Personal Branding),Media & Journalism,"Business & Finance,Design & Creative",Social Media Manager,Gaming & Esports,"Tech & Engineering,Marketing & Communications,Science & Research",$45k–$75k,$45k–$80k
8.11,media social,0.121,Social Media Strategist (Personal Branding),Media & Journalism,"Business & Finance,Design & Creative",Social Media Entrepreneur,Marketing & Communications,"Business & Finance,Design & Creative,Science & Research",$45k–$75k,$20k–$150k
8.11,media social,0.167,Social Media Strategist (Personal Branding),Media & Journalism,"Business & Finance,Design & Creative",Social Media Strategist (Solopreneur),Marketing & Communications,"Business & Finance,Design & Creative,Science & Research",$45k–$75k,$45k–$150k
8.11,media social,0.118,Social Media Strategist (Personal Branding),Media & Journalism,"Business & Finance,Design & Creative",Social Media Commerce Entrepreneur,Supply Chain & Operations,"Business & Finance,Tech & Engineering,Science & Research",$45k–$75k,$40k–$120k
8.11,media social,0.135,Social Media Strategist (Personal Branding),Media & Journalism,"Business & Finance,Design & Creative",Social Media Editor,Marketing & Communications,"Business & Finance,Design & Creative,Science & Research",$45k–$75k,$40k–$65k
8.11,media social,0.139,Social Media Strategist (Personal Branding),Media & Journalism,"Business & Finance,Design & Creative",Social Media Manager Startup,Gaming & Esports,"Tech & Engineering,Marketing & Communications,Science & Research",$45k–$75k,$35k–$65k
8.11,media social,0.105,Social Media Manager (News Organizations),Media & Journalism,"Design & Creative,Business & Finance",Social Media Content Manager,Marketing & Communications,"Business & Finance,Design & Creative,Science & Research",$40k–$65k,$48k–$77k
8.11,media social,0.0,Social Media Manager (News Organizations),Media & Journalism,"Design & Creative,Business & Finance",Social Media Agency Owner,Marketing & Communications,"Business & Finance,Design & Creative,Science & Research",$40k–$65k,$45k–$120k
8.11,media social,0.108,Social Media Manager (News Organizations),Media & Journalism,"Design & Creative,Business & Finance",Social Media Startup Founder,Entrepreneurship,"Business & Finance,Tech & Engineering,Science & Research",$40k–$65k,$0–$500k+
8.11,media social,0.057,Social Media Manager (News Organizations),Media & Journalism,"Design & Creative,Business & Finance",Social Media Monetization Manager,Entrepreneurship,"Business & Finance,Tech & Engineering,Science & Research",$40k–$65k,$45k–$85k
8.11,media social,0.152,Social Media Manager (News Organizations),Media & Journalism,"Design & Creative,Business & Finance",Social Media Strategist,Marketing & Communications,"Business & Finance,Design & Creative,Science & Research",$40k–$65k,$45k–$75k
8.11,media social,0.049,Social Media Manager (News Organizations),Media & Journalism,"Design & Creative,Business & Finance",Niche Social Media Brand Owner,Gaming & Esports,"Tech & Engineering,Marketing & Communications,Science & Research",$40k–$65k,$20k–$150k
8.11,media social,0.081,Social Media Manager (News Organizations),Media & Journalism,"Design & Creative,Business & Finance",Social Media Manager (Startup),Gaming & Esports,"Tech & Engineering,Marketing & Communications,Science & Research",$40k–$65k,$35k–$65k
8.11,media social,0.081,Social Media Manager (News Organizations),Media & Journalism,"Design & Creative,Business & Finance",Social Media Manager,Gaming & Esports,"Tech & Engineering,Marketing & Communications,Science & Research",$40k–$65k,$45k–$80k
8.11,media social,0.091,Social Media Manager (News Organizations),Media & Journalism,"Design & Creative,Business & Finance",Social Media Entrepreneur,Marketing & Communications,"Business & Finance,Design & Creative,Science & Research",$40k–$65k,$20k–$150k
8.11,media social,0.139,Social Media Manager (News Organizations),Media & Journalism,"Design & Creative,Business & Finance",Social Media Strategist (Solopreneur),Marketing & Communications,"Business & Finance,Design & Creative,Science & Research",$40k–$65k,$45k–$150k
8.11,media social,0.088,Social Media Manager (News Organizations),Media & Journalism,"Design & Creative,Business & Finance",Social Media Commerce Entrepreneur,Supply Chain & Operations,"Business & Finance,Tech & Engineering,Science & Research",$40k–$65k,$40k–$120k
8.11,media social,0.108,Social Media Manager (News Organizations),Media & Journalism,"Design & Creative,Business & Finance",Social Media Editor,Marketing & Communications,"Business & Finance,Design & Creative,Science & Research",$40k–$65k,$40k–$65k
8.11,media social,0.081,Social Media Manager (News Organizations),Media & Journalism,"Design & Creative,Business & Finance",Social Media Manager Startup,Gaming & Esports,"Tech & Engineering,Marketing & Communications,Science & Research",$40k–$65k,$35k–$65k
8.11,media social,0.024,Social Media Content Manager,Marketing & Communications,"Business & Finance,Design & Creative,Science & Research",Social Media Manager (News Organization),Media & Journalism,"Tech & Engineering,Design & Creative",$48k–$77k,$40k–$65k
8.11,media social,0.105,Social Media Content Manager,Marketing & Communications,"Business & Finance,Design & Creative,Science & Research",Social Media Analyst (Trends),Media & Journalism,"Business & Finance,Tech & Engineering",$48k–$77k,$48k–$85k
8.11,media social,0.132,Social Media Content Manager,Marketing & Communications,"Business & Finance,Design & Creative,Science & Research",Social Media Strategist (News Organization),Media & Journalism,"Business & Finance,Design & Creative",$48k–$77k,$45k–$75k
8.11,media social,0.071,Social Media Content Manager,Marketing & Communications,"Business & Finance,Design & Creative,Science & Research",Social Media Startup Founder,Entrepreneurship,"Business & Finance,Tech & Engineering,Science & Research",$48k–$77k,$0–$500k+
8.11,media social,0.105,Social Media Content Manager,Marketing & Communications,"Business & Finance,Design & Creative,Science & Research",Social Media Management Agency Owner,Entrepreneurship,"Media & Journalism,Design & Creative",$48k–$77k,$45k–$120k
8.11,media social,0.128,Social Media Content Manager,Marketing & Communications,"Business & Finance,Design & Creative,Science & Research",Social Media Manager (Media Company),Media & Journalism,"Design & Creative,Business & Finance",$48k–$77k,$40k–$65k
8.11,media social,0.0,Social Media Content Manager,Marketing & Communications,"Business & Finance,Design & Creative,Science & Research",Social Media Monetization Manager,Entrepreneurship,"Business & Finance,Tech & Engineering,Science & Research",$48k–$77k,$45k–$85k
8.11,media social,0.081,Social Media Content Manager,Marketing & Communications,"Business & Finance,Design & Creative,Science & Research",Social Media Management Agency Founder,Entrepreneurship,"Media & Journalism,Design & Creative",$48k–$77k,$45k–$120k
8.11,media social,0.175,Social Media Content Manager,Marketing & Communications,"Business & Finance,Design & Creative,Science & Research",Social Media Strategist (News Org),Media & Journalism,"Tech & Engineering,Business & Finance",$48k–$77k,$45k–$75k
8.11,media social,0.158,Social Media Content Manager,Marketing & Communications,"Business & Finance,Design & Creative,Science & Research",Social Media Manager (Corporate),Media & Journalism,"Business & Finance,Design & Creative",$48k–$77k,$45k–$75k
8.11,media social,0.051,Social Media Content Manager,Marketing & Communications,"Business & Finance,Design & Creative,Science & Research",Social Media Commerce Entrepreneur,Supply Chain & Operations,"Business & Finance,Tech & Engineering,Science & Research",$48k–$77k,$40k–$120k
8.11,media social,0.073,Social Media Content Manager,Marketing & Communications,"Business & Finance,Design & Creative,Science & Research",Social Media Manager (Publishing),Media & Journalism,"Design & Creative,Business & Finance",$48k–$77k,$45k–$75k
8.11,media social,0.075,Social Media Content Manager,Marketing & Communications,"Business & Finance,Design & Creative,Science & Research",Social Media Manager (News Outlet),Media & Journalism,"Design & Creative,Business & Finance",$48k–$77k,$40k–$65k
8.11,media social,0.108,Social Media Content Manager,Marketing & Communications,"Business & Finance,Design & Creative,Science & Research",Social Media Manager (Newsroom),Media & Journalism,"Design & Creative,Business & Finance",$48k–$77k,$40k–$65k
8.11,media social,0.053,Social Media Content Manager,Marketing & Communications,"Business & Finance,Design & Creative,Science & Research",Social Media Manager (Political),Media & Journalism,"Law & Government,Business & Finance",$48k–$77k,$45k–$75k
8.11,media social,0.05,Social Media Content Manager,Marketing & Communications,"Business & Finance,Design & Creative,Science & Research",Social Media Strategist (News Organizations),Media & Journalism,"Design & Creative,Tech & Engineering",$48k–$77k,$45k–$75k
8.11,media social,0.053,Social Media Content Manager,Marketing & Communications,"Business & Finance,Design & Creative,Science & Research",Social Media Management Entrepreneur,Entrepreneurship,"Media & Journalism,Design & Creative",$48k–$77k,$35k–$85k
8.11,media social,0.024,Social Media Content Manager,Marketing & Communications,"Business & Finance,Design & Creative,Science & Research",Social Media Strategy Manager,Media & Journalism,"Business & Finance,Design & Creative",$48k–$77k,$45k–$75k
8.11,media social,0.023,Social Media Content Manager,Marketing & Communications,"Business & Finance,Design & Creative,Science & Research",Social Media Entrepreneur (Influencer),Entrepreneurship,"Design & Creative,Media & Journalism",$48k–$77k,$30k–$200k+
8.11,media social,0.023,Social Media Content Manager,Marketing & Communications,"Business & Finance,Design & Creative,Science & Research",Niche Social Media Creator (Micro-Influencer),Entrepreneurship,"Media & Journalism,Design & Creative",$48k–$77k,$20k–$150k
8.11,media social,0.027,Social Media Content Manager,Marketing & Communications,"Business & Finance,Design & Creative,Science & Research",Social Media Manager (Creator Economy),Entrepreneurship,"Media & Journalism,Design & Creative",$48k–$77k,$45k–$150k
8.11,media social,0.073,Social Media Content Manager,Marketing & Communications,"Business & Finance,Design & Creative,Science & Research",Social Media Strategist (News),Media & Journalism,"Business & Finance,Design & Creative",$48k–$77k,$45k–$75k
8.11,media social,0.147,Social Media Content Manager,Marketing & Communications,"Business & Finance,Design & Creative,Science & Research",Social Media Manager (Brand),Media & Journalism,"Design & Creative,Business & Finance",$48k–$77k,$45k–$75k
8.11,media social,0.0,Social Media Manager (News Organization),Media & Journalism,"Tech & Engineering,Design & Creative",Social Media Agency Owner,Marketing & Communications,"Business & Finance,Design & Creative,Science & Research",$40k–$65k,$45k–$120k
8.11,media social,0.079,Social Media Manager (News Organization),Media & Journalism,"Tech & Engineering,Design & Creative",Social Media Startup Founder,Entrepreneurship,"Business & Finance,Tech & Engineering,Science & Research",$40k–$65k,$0–$500k+
8.11,media social,0.088,Social Media Manager (News Organization),Media & Journalism,"Tech & Engineering,Design & Creative",Social Media Monetization Manager,Entrepreneurship,"Business & Finance,Tech & Engineering,Science & Research",$40k–$65k,$45k–$85k
8.11,media social,0.152,Social Media Manager (News Organization),Media & Journalism,"Tech & Engineering,Design & Creative",Social Media Strategist,Marketing & Communications,"Business & Finance,Design & Creative,Science & Research",$40k–$65k,$45k–$75k
8.11,media social,0.024,Social Media Manager (News Organization),Media & Journalism,"Tech & Engineering,Design & Creative",Niche Social Media Brand Owner,Gaming & Esports,"Tech & Engineering,Marketing & Communications,Science & Research",$40k–$65k,$20k–$150k
8.11,media social,0.111,Social Media Manager (News Organization),Media & Journalism,"Tech & Engineering,Design & Creative",Social Media Manager (Startup),Gaming & Esports,"Tech & Engineering,Marketing & Communications,Science & Research",$40k–$65k,$35k–$65k
8.11,media social,0.053,Social Media Manager (News Organization),Media & Journalism,"Tech & Engineering,Design & Creative",Social Media Manager,Gaming & Esports,"Tech & Engineering,Marketing & Communications,Science & Research",$40k–$65k,$45k–$80k
8.11,media social,0.091,Social Media Manager (News Organization),Media & Journalism,"Tech & Engineering,Design & Creative",Social Media Entrepreneur,Marketing & Communications,"Business & Finance,Design & Creative,Science & Research",$40k–$65k,$20k–$150k
8.11,media social,0.139,Social Media Manager (News Organization),Media & Journalism,"Tech & Engineering,Design & Creative",Social Media Strategist (Solopreneur),Marketing & Communications,"Business & Finance,Design & Creative,Science & Research",$40k–$65k,$45k–$150k
8.11,media social,0.057,Social Media Manager (News Organization),Media & Journalism,"Tech & Engineering,Design & Creative",Social Media Commerce Entrepreneur,Supply Chain & Operations,"Business & Finance,Tech & Engineering,Science & Research",$40k–$65k,$40k–$120k
8.11,media social,0.108,Social Media Manager (News Organization),Media & Journalism,"Tech & Engineering,Design & Creative",Social Media Editor,Marketing & Communications,"Business & Finance,Design & Creative,Science & Research",$40k–$65k,$40k–$65k
8.11,media social,0.111,Social Media Manager (News Organization),Media & Journalism,"Tech & Engineering,Design & Creative",Social Media Manager Startup,Gaming & Esports,"Tech & Engineering,Marketing & Communications,Science & Research",$40k–$65k,$35k–$65k
8.11,media social,0.061,Social Media Analyst (Trends),Media & Journalism,"Business & Finance,Tech & Engineering",Social Media Agency Owner,Marketing & Communications,"Business & Finance,Design & Creative,Science & Research",$48k–$85k,$45k–$120k
8.11,media social,0.079,Social Media Analyst (Trends),Media & Journalism,"Business & Finance,Tech & Engineering",Social Media Startup Founder,Entrepreneurship,"Business & Finance,Tech & Engineering,Science & Research",$48k–$85k,$0–$500k+
8.11,media social,0.0,Social Media Analyst (Trends),Media & Journalism,"Business & Finance,Tech & Engineering",Social Media Monetization Manager,Entrepreneurship,"Business & Finance,Tech & Engineering,Science & Research",$48k–$85k,$45k–$85k
8.11,media social,0.027,Social Media Analyst (Trends),Media & Journalism,"Business & Finance,Tech & Engineering",Social Media Strategist,Marketing & Communications,"Business & Finance,Design & Creative,Science & Research",$48k–$85k,$45k–$75k
8.11,media social,0.024,Social Media Analyst (Trends),Media & Journalism,"Business & Finance,Tech & Engineering",Niche Social Media Brand Owner,Gaming & Esports,"Tech & Engineering,Marketing & Communications,Science & Research",$48k–$85k,$20k–$150k
8.11,media social,0.025,Social Media Analyst (Trends),Media & Journalism,"Business & Finance,Tech & Engineering",Social Media Manager (News),Marketing & Communications,"Business & Finance,Design & Creative,Science & Research",$48k–$85k,$40k–$65k
8.11,media social,0.026,Social Media Analyst (Trends),Media & Journalism,"Business & Finance,Tech & Engineering",Social Media Manager (Startup),Gaming & Esports,"Tech & Engineering,Marketing & Communications,Science & Research",$48k–$85k,$35k–$65k
8.11,media social,0.053,Social Media Analyst (Trends),Media & Journalism,"Business & Finance,Tech & Engineering",Social Media Manager,Gaming & Esports,"Tech & Engineering,Marketing & Communications,Science & Research",$48k–$85k,$45k–$80k
8.11,media social,0.125,Social Media Analyst (Trends),Media & Journalism,"Business & Finance,Tech & Engineering",Social Media Entrepreneur,Marketing & Communications,"Business & Finance,Design & Creative,Science & Research",$48k–$85k,$20k–$150k
8.11,media social,0.025,Social Media Analyst (Trends),Media & Journalism,"Business & Finance,Tech & Engineering",Social Media Strategist (Solopreneur),Marketing & Communications,"Business & Finance,Design & Creative,Science & Research",$48k–$85k,$45k–$150k
8.11,media social,0.028,Social Media Analyst (Trends),Media & Journalism,"Business & Finance,Tech & Engineering",Social Media Commerce Entrepreneur,Supply Chain & Operations,"Business & Finance,Tech & Engineering,Science & Research",$48k–$85k,$40k–$120k
8.11,media social,0.025,Social Media Analyst (Trends),Media & Journalism,"Business & Finance,Tech & Engineering",Social Media Editor,Marketing & Communications,"Business & Finance,Design & Creative,Science & Research",$48k–$85k,$40k–$65k
8.11,media social,0.081,Social Media Analyst (Trends),Media & Journalism,"Business & Finance,Tech & Engineering",Social Media Manager Startup,Gaming & Esports,"Tech & Engineering,Marketing & Communications,Science & Research",$48k–$85k,$35k–$65k
8.11,media social,0.059,Social Media Strategist (News Organization),Media & Journalism,"Business & Finance,Design & Creative",Social Media Agency Owner,Marketing & Communications,"Business & Finance,Design & Creative,Science & Research",$45k–$75k,$45k–$120k
8.11,media social,0.105,Social Media Strategist (News Organization),Media & Journalism,"Business & Finance,Design & Creative",Social Media Startup Founder,Entrepreneurship,"Business & Finance,Tech & Engineering,Science & Research",$45k–$75k,$0–$500k+
8.11,media social,0.056,Social Media Strategist (News Organization),Media & Journalism,"Business & Finance,Design & Creative",Social Media Monetization Manager,Entrepreneurship,"Business & Finance,Tech & Engineering,Science & Research",$45k–$75k,$45k–$85k
8.11,media social,0.182,Social Media Strategist (News Organization),Media & Journalism,"Business & Finance,Design & Creative",Social Media Strategist,Marketing & Communications,"Business & Finance,Design & Creative,Science & Research",$45k–$75k,$45k–$75k
8.11,media social,0.023,Social Media Strategist (News Organization),Media & Journalism,"Business & Finance,Design & Creative",Niche Social Media Brand Owner,Gaming & Esports,"Tech & Engineering,Marketing & Communications,Science & Research",$45k–$75k,$20k–$150k
8.11,media social,0.139,Social Media Strategist (News Organization),Media & Journalism,"Business & Finance,Design & Creative",Social Media Manager (Startup),Gaming & Esports,"Tech & Engineering,Marketing & Communications,Science & Research",$45k–$75k,$35k–$65k
8.11,media social,0.025,Social Media Strategist (News Organization),Media & Journalism,"Business & Finance,Design & Creative",Social Media Manager,Gaming & Esports,"Tech & Engineering,Marketing & Communications,Science & Research",$45k–$75k,$45k–$80k
8.11,media social,0.121,Social Media Strategist (News Organization),Media & Journalism,"Business & Finance,Design & Creative",Social Media Entrepreneur,Marketing & Communications,"Business & Finance,Design & Creative,Science & Research",$45k–$75k,$20k–$150k
8.11,media social,0.135,Social Media Strategist (News Organization),Media & Journalism,"Business & Finance,Design & Creative",Social Media Strategist (Solopreneur),Marketing & Communications,"Business & Finance,Design & Creative,Science & Research",$45k–$75k,$45k–$150k
8.11,media social,0.086,Social Media Strategist (News Organization),Media & Journalism,"Business & Finance,Design & Creative",Social Media Commerce Entrepreneur,Supply Chain & Operations,"Business & Finance,Tech & Engineering,Science & Research",$45k–$75k,$40k–$120k
8.11,media social,0.167,Social Media Strategist (News Organization),Media & Journalism,"Business & Finance,Design & Creative",Social Media Editor,Marketing & Communications,"Business & Finance,Design & Creative,Science & Research",$45k–$75k,$40k–$65k
8.11,media social,0.139,Social Media Strategist (News Organization),Media & Journalism,"Business & Finance,Design & Creative",Social Media Manager Startup,Gaming & Esports,"Tech & Engineering,Marketing & Communications,Science & Research",$45k–$75k,$35k–$65k
8.11,media social,0.185,Social Media Agency Owner,Marketing & Communications,"Business & Finance,Design & Creative,Science & Research",Social Media Content Strategist (Media),Media & Journalism,"Design & Creative,Business & Finance",$45k–$120k,$45k–$75k
8.11,media social,0.152,Social Media Agency Owner,Marketing & Communications,"Business & Finance,Design & Creative,Science & Research",Social Media Startup Founder,Entrepreneurship,"Business & Finance,Tech & Engineering,Science & Research",$45k–$120k,$0–$500k+
8.11,media social,0.088,Social Media Agency Owner,Marketing & Communications,"Business & Finance,Design & Creative,Science & Research",Social Media Manager (Media Company),Media & Journalism,"Design & Creative,Business & Finance",$45k–$120k,$40k–$65k
8.11,media social,0.088,Social Media Agency Owner,Marketing & Communications,"Business & Finance,Design & Creative,Science & Research",Social Media Content Strategist,Media & Journalism,"Design & Creative,Business & Finance",$45k–$120k,$45k–$75k
8.11,media social,0.172,Social Media Agency Owner,Marketing & Communications,"Business & Finance,Design & Creative,Science & Research",Social Media Monetization Manager,Entrepreneurship,"Business & Finance,Tech & Engineering,Science & Research",$45k–$120k,$45k–$85k
8.11,media social,0.053,Social Media Agency Owner,Marketing & Communications,"Business & Finance,Design & Creative,Science & Research",Social Media Strategist (News Org),Media & Journalism,"Tech & Engineering,Business & Finance",$45k–$120k,$45k–$75k
8.11,media social,0.028,Social Media Agency Owner,Marketing & Communications,"Business & Finance,Design & Creative,Science & Research",Social Media Manager (Corporate),Media & Journalism,"Business & Finance,Design & Creative",$45k–$120k,$45k–$75k
8.11,media social,0.259,Social Media Agency Owner,Marketing & Communications,"Business & Finance,Design & Creative,Science & Research",Social Media Commerce Entrepreneur,Supply Chain & Operations,"Business & Finance,Tech & Engineering,Science & Research",$45k–$120k,$40k–$120k
8.11,media social,0.121,Social Media Agency Owner,Marketing & Communications,"Business & Finance,Design & Creative,Science & Research",Social Media Manager (Publishing),Media & Journalism,"Design & Creative,Business & Finance",$45k–$120k,$45k–$75k
8.11,media social,0.059,Social Media Agency Owner,Marketing & Communications,"Business & Finance,Design & Creative,Science & Research",Social Media Manager (News Outlet),Media & Journalism,"Design & Creative,Business & Finance",$45k–$120k,$40k–$65k
8.11,media social,0.0,Social Media Agency Owner,Marketing & Communications,"Business & Finance,Design & Creative,Science & Research",Social Media Manager (Newsroom),Media & Journalism,"Design & Creative,Business & Finance",$45k–$120k,$40k–$65k
8.11,media social,0.133,Social Media Agency Owner,Marketing & Communications,"Business & Finance,Design & Creative,Science & Research",Social Media Manager (Content Creator),Media & Journalism,"Design & Creative,Business & Finance",$45k–$120k,$35k–$75k
8.11,media social,0.0,Social Media Agency Owner,Marketing & Communications,"Business & Finance,Design & Creative,Science & Research",Social Media Manager (Political),Media & Journalism,"Law & Government,Business & Finance",$45k–$120k,$45k–$75k
8.11,media social,0.062,Social Media Agency Owner,Marketing & Communications,"Business & Finance,Design & Creative,Science & Research",Social Media Manager (Content),Media & Journalism,"Design & Creative,Business & Finance",$45k–$120k,$35k–$65k
8.11,media social,0.061,Social Media Agency Owner,Marketing & Communications,"Business & Finance,Design & Creative,Science & Research",Social Media Strategist (News Organizations),Media & Journalism,"Design & Creative,Tech & Engineering",$45k–$120k,$45k–$75k
8.11,media social,0.222,Social Media Agency Owner,Marketing & Communications,"Business & Finance,Design & Creative,Science & Research",Social Media Management Entrepreneur,Entrepreneurship,"Media & Journalism,Design & Creative",$45k–$120k,$35k–$85k
8.11,media social,0.059,Social Media Agency Owner,Marketing & Communications,"Business & Finance,Design & Creative,Science & Research",Social Media Strategy Manager,Media & Journalism,"Business & Finance,Design & Creative",$45k–$120k,$45k–$75k
8.11,media social,0.057,Social Media Agency Owner,Marketing & Communications,"Business & Finance,Design & Creative,Science & Research",Social Media Entrepreneur (Influencer),Entrepreneurship,"Design & Creative,Media & Journalism",$45k–$120k,$30k–$200k+
8.11,media social,0.057,Social Media Agency Owner,Marketing & Communications,"Business & Finance,Design & Creative,Science & Research",Niche Social Media Creator (Micro-Influencer),Entrepreneurship,"Media & Journalism,Design & Creative",$45k–$120k,$20k–$150k
8.11,media social,0.069,Social Media Agency Owner,Marketing & Communications,"Business & Finance,Design & Creative,Science & Research",Social Media Manager (Creator Economy),Entrepreneurship,"Media & Journalism,Design & Creative",$45k–$120k,$45k–$150k
8.11,media social,0.0,Social Media Agency Owner,Marketing & Communications,"Business & Finance,Design & Creative,Science & Research",Social Media Strategist (News),Media & Journalism,"Business & Finance,Design & Creative",$45k–$120k,$45k–$75k
8.11,media social,0.067,Social Media Agency Owner,Marketing & Communications,"Business & Finance,Design & Creative,Science & Research",Social Media Manager (Brand),Media & Journalism,"Design & Creative,Business & Finance",$45k–$120k,$45k–$75k
8.11,media social,0.114,Social Media Influencer Entrepreneur,Marketing & Communications,"Business & Finance,Design & Creative,Media & Journalism",Social Media Startup Founder,Entrepreneurship,"Business & Finance,Tech & Engineering,Science & Research",$0–$500k+,$0–$500k+
8.11,media social,0.059,Social Media Influencer Entrepreneur,Marketing & Communications,"Business & Finance,Design & Creative,Media & Journalism",Social Media Management Agency Owner,Entrepreneurship,"Media & Journalism,Design & Creative",$0–$500k+,$45k–$120k
8.11,media social,0.061,Social Media Influencer Entrepreneur,Marketing & Communications,"Business & Finance,Design & Creative,Media & Journalism",Social Media Monetization Manager,Entrepreneurship,"Business & Finance,Tech & Engineering,Science & Research",$0–$500k+,$45k–$85k
8.11,media social,0.03,Social Media Influencer Entrepreneur,Marketing & Communications,"Business & Finance,Design & Creative,Media & Journalism",Social Media Management Agency Founder,Entrepreneurship,"Media & Journalism,Design & Creative",$0–$500k+,$45k–$120k
8.11,media social,0.6,Social Media Influencer Entrepreneur,Marketing & Communications,"Business & Finance,Design & Creative,Media & Journalism",Social Media Manager (Creator Economy),Entrepreneurship,"Media & Journalism,Design & Creative",$0–$500k+,$45k–$150k
8.11,media social,0.118,Social Media Content Strategist (Media),Media & Journalism,"Design & Creative,Business & Finance",Social Media Startup Founder,Entrepreneurship,"Business & Finance,Tech & Engineering,Science & Research",$45k–$75k,$0–$500k+
8.11,media social,0.133,Social Media Content Strategist (Media),Media & Journalism,"Design & Creative,Business & Finance",Social Media Monetization Manager,Entrepreneurship,"Business & Finance,Tech & Engineering,Science & Research",$45k–$75k,$45k–$85k
8.11,media social,0.129,Social Media Content Strategist (Media),Media & Journalism,"Design & Creative,Business & Finance",Social Media Strategist,Marketing & Communications,"Business & Finance,Design & Creative,Science & Research",$45k–$75k,$45k–$75k
8.11,media social,0.053,Social Media Content Strategist (Media),Media & Journalism,"Design & Creative,Business & Finance",Niche Social Media Brand Owner,Gaming & Esports,"Tech & Engineering,Marketing & Communications,Science & Research",$45k–$75k,$20k–$150k
8.11,media social,0.152,Social Media Content Strategist (Media),Media & Journalism,"Design & Creative,Business & Finance",Social Media Manager (News),Marketing & Communications,"Business & Finance,Design & Creative,Science & Research",$45k–$75k,$40k–$65k
8.11,media social,0.156,Social Media Content Strategist (Media),Media & Journalism,"Design & Creative,Business & Finance",Social Media Manager (Startup),Gaming & Esports,"Tech & Engineering,Marketing & Communications,Science & Research",$45k–$75k,$35k–$65k
8.11,media social,0.194,Social Media Content Strategist (Media),Media & Journalism,"Design & Creative,Business & Finance",Social Media Manager,Gaming & Esports,"Tech & Engineering,Marketing & Communications,Science & Research",$45k–$75k,$45k–$80k
8.11,media social,0.269,Social Media Content Strategist (Media),Media & Journalism,"Design & Creative,Business & Finance",Social Media Entrepreneur,Marketing & Communications,"Business & Finance,Design & Creative,Science & Research",$45k–$75k,$20k–$150k
8.11,media social,0.267,Social Media Content Strategist (Media),Media & Journalism,"Design & Creative,Business & Finance",Social Media Strategist (Solopreneur),Marketing & Communications,"Business & Finance,Design & Creative,Science & Research",$45k–$75k,$45k–$150k
8.11,media social,0.097,Social Media Content Strategist (Media),Media & Journalism,"Design & Creative,Business & Finance",Social Media Commerce Entrepreneur,Supply Chain & Operations,"Business & Finance,Tech & Engineering,Science & Research",$45k–$75k,$40k–$120k
8.11,media social,0.152,Social Media Content Strategist (Media),Media & Journalism,"Design & Creative,Business & Finance",Social Media Editor,Marketing & Communications,"Business & Finance,Design & Creative,Science & Research",$45k–$75k,$40k–$65k
8.11,media social,0.156,Social Media Content Strategist (Media),Media & Journalism,"Design & Creative,Business & Finance",Social Media Manager Startup,Gaming & Esports,"Tech & Engineering,Marketing & Communications,Science & Research",$45k–$75k,$35k–$65k
8.11,media social,0.132,Social Media Startup Founder,Entrepreneurship,"Business & Finance,Tech & Engineering,Science & Research",Social Media Manager (Media Company),Media & Journalism,"Design & Creative,Business & Finance",$0–$500k+,$40k–$65k
8.11,media social,0.132,Social Media Startup Founder,Entrepreneurship,"Business & Finance,Tech & Engineering,Science & Research",Social Media Content Strategist,Media & Journalism,"Design & Creative,Business & Finance",$0–$500k+,$45k–$75k
8.11,media social,0.079,Social Media Startup Founder,Entrepreneurship,"Business & Finance,Tech & Engineering,Science & Research",Social Media Strategist,Marketing & Communications,"Business & Finance,Design & Creative,Science & Research",$0–$500k+,$45k–$75k
8.11,media social,0.122,Social Media Startup Founder,Entrepreneurship,"Business & Finance,Tech & Engineering,Science & Research",Niche Social Media Brand Owner,Gaming & Esports,"Tech & Engineering,Marketing & Communications,Science & Research",$0–$500k+,$20k–$150k
8.11,media social,0.095,Social Media Startup Founder,Entrepreneurship,"Business & Finance,Tech & Engineering,Science & Research",Social Media Strategist (News Org),Media & Journalism,"Tech & Engineering,Business & Finance",$0–$500k+,$45k–$75k
8.11,media social,0.1,Social Media Startup Founder,Entrepreneurship,"Business & Finance,Tech & Engineering,Science & Research",Social Media Manager (News),Marketing & Communications,"Business & Finance,Design & Creative,Science & Research",$0–$500k+,$40k–$65k
8.11,media social,0.024,Social Media Startup Founder,Entrepreneurship,"Business & Finance,Tech & Engineering,Science & Research",Social Media Manager,Gaming & Esports,"Tech & Engineering,Marketing & Communications,Science & Research",$0–$500k+,$45k–$80k
8.11,media social,0.075,Social Media Startup Founder,Entrepreneurship,"Business & Finance,Tech & Engineering,Science & Research",Social Media Manager (Corporate),Media & Journalism,"Business & Finance,Design & Creative",$0–$500k+,$45k–$75k
8.11,media social,0.182,Social Media Startup Founder,Entrepreneurship,"Business & Finance,Tech & Engineering,Science & Research",Social Media Entrepreneur,Marketing & Communications,"Business & Finance,Design & Creative,Science & Research",$0–$500k+,$20k–$150k
8.11,media social,0.1,Social Media Startup Founder,Entrepreneurship,"Business & Finance,Tech & Engineering,Science & Research",Social Media Strategist (Solopreneur),Marketing & Communications,"Business & Finance,Design & Creative,Science & Research",$0–$500k+,$45k–$150k
8.11,media social,0.212,Social Media Startup Founder,Entrepreneurship,"Business & Finance,Tech & Engineering,Science & Research",Social Media Commerce Entrepreneur,Supply Chain & Operations,"Business & Finance,Tech & Engineering,Science & Research",$0–$500k+,$40k–$120k
8.11,media social,0.073,Social Media Startup Founder,Entrepreneurship,"Business & Finance,Tech & Engineering,Science & Research",Social Media Editor,Marketing & Communications,"Business & Finance,Design & Creative,Science & Research",$0–$500k+,$40k–$65k
8.11,media social,0.132,Social Media Startup Founder,Entrepreneurship,"Business & Finance,Tech & Engineering,Science & Research",Social Media Manager (Publishing),Media & Journalism,"Design & Creative,Business & Finance",$0–$500k+,$45k–$75k
8.11,media social,0.05,Social Media Startup Founder,Entrepreneurship,"Business & Finance,Tech & Engineering,Science & Research",Social Media Manager (News Outlet),Media & Journalism,"Design & Creative,Business & Finance",$0–$500k+,$40k–$65k
8.11,media social,0.081,Social Media Startup Founder,Entrepreneurship,"Business & Finance,Tech & Engineering,Science & Research",Social Media Manager (Newsroom),Media & Journalism,"Design & Creative,Business & Finance",$0–$500k+,$40k–$65k
8.11,media social,0.081,Social Media Startup Founder,Entrepreneurship,"Business & Finance,Tech & Engineering,Science & Research",Social Media Manager (Content Creator),Media & Journalism,"Design & Creative,Business & Finance",$0–$500k+,$35k–$75k
8.11,media social,0.026,Social Media Startup Founder,Entrepreneurship,"Business & Finance,Tech & Engineering,Science & Research",Social Media Manager (Political),Media & Journalism,"Law & Government,Business & Finance",$0–$500k+,$45k–$75k
8.11,media social,0.081,Social Media Startup Founder,Entrepreneurship,"Business & Finance,Tech & Engineering,Science & Research",Social Media Manager (Content),Media & Journalism,"Design & Creative,Business & Finance",$0–$500k+,$35k–$65k
8.11,media social,0.079,Social Media Startup Founder,Entrepreneurship,"Business & Finance,Tech & Engineering,Science & Research",Social Media Strategist (News Organizations),Media & Journalism,"Design & Creative,Tech & Engineering",$0–$500k+,$45k–$75k
8.11,media social,0.105,Social Media Startup Founder,Entrepreneurship,"Business & Finance,Tech & Engineering,Science & Research",Social Media Strategy Manager,Media & Journalism,"Business & Finance,Design & Creative",$0–$500k+,$45k–$75k
8.11,media social,0.075,Social Media Startup Founder,Entrepreneurship,"Business & Finance,Tech & Engineering,Science & Research",Social Media Strategist (News),Media & Journalism,"Business & Finance,Design & Creative",$0–$500k+,$45k–$75k
8.11,media social,0.118,Social Media Startup Founder,Entrepreneurship,"Business & Finance,Tech & Engineering,Science & Research",Social Media Manager (Brand),Media & Journalism,"Design & Creative,Business & Finance",$0–$500k+,$45k–$75k
8.11,media social,0.056,Social Media Management Agency Owner,Entrepreneurship,"Media & Journalism,Design & Creative",Social Media Strategist,Marketing & Communications,"Business & Finance,Design & Creative,Science & Research",$45k–$120k,$45k–$75k
8.11,media social,0.103,Social Media Management Agency Owner,Entrepreneurship,"Media & Journalism,Design & Creative",Niche Social Media Brand Owner,Gaming & Esports,"Tech & Engineering,Marketing & Communications,Science & Research",$45k–$120k,$20k–$150k
8.11,media social,0.051,Social Media Management Agency Owner,Entrepreneurship,"Media & Journalism,Design & Creative",Social Media Manager (News),Marketing & Communications,"Business & Finance,Design & Creative,Science & Research",$45k–$120k,$40k–$65k
8.11,media social,0.081,Social Media Management Agency Owner,Entrepreneurship,"Media & Journalism,Design & Creative",Social Media Manager (Startup),Gaming & Esports,"Tech & Engineering,Marketing & Communications,Science & Research",$45k–$120k,$35k–$65k
8.11,media social,0.111,Social Media Management Agency Owner,Entrepreneurship,"Media & Journalism,Design & Creative",Social Media Manager,Gaming & Esports,"Tech & Engineering,Marketing & Communications,Science & Research",$45k–$120k,$45k–$80k
8.11,media social,0.125,Social Media Management Agency Owner,Entrepreneurship,"Media & Journalism,Design & Creative",Social Media Entrepreneur,Marketing & Communications,"Business & Finance,Design & Creative,Science & Research",$45k–$120k,$20k–$150k
8.11,media social,0.171,Social Media Management Agency Owner,Entrepreneurship,"Media & Journalism,Design & Creative",Social Media Strategist (Solopreneur),Marketing & Communications,"Business & Finance,Design & Creative,Science & Research",$45k–$120k,$45k–$150k
8.11,media social,0.194,Social Media Management Agency Owner,Entrepreneurship,"Media & Journalism,Design & Creative",Social Media Commerce Entrepreneur,Supply Chain & Operations,"Business & Finance,Tech & Engineering,Science & Research",$45k–$120k,$40k–$120k
8.11,media social,0.079,Social Media Management Agency Owner,Entrepreneurship,"Media & Journalism,Design & Creative",Social Media Editor,Marketing & Communications,"Business & Finance,Design & Creative,Science & Research",$45k–$120k,$40k–$65k
8.11,media social,0.081,Social Media Management Agency Owner,Entrepreneurship,"Media & Journalism,Design & Creative",Social Media Manager Startup,Gaming & Esports,"Tech & Engineering,Marketing & Communications,Science & Research",$45k–$120k,$35k–$65k
8.11,media social,0.083,Social Media Manager (Media Company),Media & Journalism,"Design & Creative,Business & Finance",Social Media Monetization Manager,Entrepreneurship,"Business & Finance,Tech & Engineering,Science & Research",$40k–$65k,$45k–$85k
8.11,media social,0.111,Social Media Manager (Media Company),Media & Journalism,"Design & Creative,Business & Finance",Social Media Strategist,Marketing & Communications,"Business & Finance,Design & Creative,Science & Research",$40k–$65k,$45k–$75k
8.11,media social,0.098,Social Media Manager (Media Company),Media & Journalism,"Design & Creative,Business & Finance",Niche Social Media Brand Owner,Gaming & Esports,"Tech & Engineering,Marketing & Communications,Science & Research",$40k–$65k,$20k–$150k
8.11,media social,0.229,Social Media Manager (Media Company),Media & Journalism,"Design & Creative,Business & Finance",Social Media Manager (News),Marketing & Communications,"Business & Finance,Design & Creative,Science & Research",$40k–$65k,$40k–$65k
8.11,media social,0.135,Social Media Manager (Media Company),Media & Journalism,"Design & Creative,Business & Finance",Social Media Manager (Startup),Gaming & Esports,"Tech & Engineering,Marketing & Communications,Science & Research",$40k–$65k,$35k–$65k
8.11,media social,0.2,Social Media Manager (Media Company),Media & Journalism,"Design & Creative,Business & Finance",Social Media Manager,Gaming & Esports,"Tech & Engineering,Marketing & Communications,Science & Research",$40k–$65k,$45k–$80k
8.11,media social,0.188,Social Media Manager (Media Company),Media & Journalism,"Design & Creative,Business & Finance",Social Media Entrepreneur,Marketing & Communications,"Business & Finance,Design & Creative,Science & Research",$40k–$65k,$20k–$150k
8.11,media social,0.162,Social Media Manager (Media Company),Media & Journalism,"Design & Creative,Business & Finance",Social Media Strategist (Solopreneur),Marketing & Communications,"Business & Finance,Design & Creative,Science & Research",$40k–$65k,$45k–$150k
8.11,media social,0.147,Social Media Manager (Media Company),Media & Journalism,"Design & Creative,Business & Finance",Social Media Commerce Entrepreneur,Supply Chain & Operations,"Business & Finance,Tech & Engineering,Science & Research",$40k–$65k,$40k–$120k
8.11,media social,0.265,Social Media Manager (Media Company),Media & Journalism,"Design & Creative,Business & Finance",Social Media Editor,Marketing & Communications,"Business & Finance,Design & Creative,Science & Research",$40k–$65k,$40k–$65k
8.11,media social,0.135,Social Media Manager (Media Company),Media & Journalism,"Design & Creative,Business & Finance",Social Media Manager Startup,Gaming & Esports,"Tech & Engineering,Marketing & Communications,Science & Research",$40k–$65k,$35k–$65k
8.11,media social,0.054,Social Media Content Strategist,Media & Journalism,"Design & Creative,Business & Finance",Social Media Monetization Manager,Entrepreneurship,"Business & Finance,Tech & Engineering,Science & Research",$45k–$75k,$45k–$85k
8.11,media social,0.143,Social Media Content Strategist,Media & Journalism,"Design & Creative,Business & Finance",Social Media Strategist,Marketing & Communications,"Business & Finance,Design & Creative,Science & Research",$45k–$75k,$45k–$75k
8.11,media social,0.047,Social Media Content Strategist,Media & Journalism,"Design & Creative,Business & Finance",Niche Social Media Brand Owner,Gaming & Esports,"Tech & Engineering,Marketing & Communications,Science & Research",$45k–$75k,$20k–$150k
8.11,media social,0.103,Social Media Content Strategist,Media & Journalism,"Design & Creative,Business & Finance",Social Media Manager (News),Marketing & Communications,"Business & Finance,Design & Creative,Science & Research",$45k–$75k,$40k–$65k
8.11,media social,0.167,Social Media Content Strategist,Media & Journalism,"Design & Creative,Business & Finance",Social Media Manager (Startup),Gaming & Esports,"Tech & Engineering,Marketing & Communications,Science & Research",$45k–$75k,$35k–$65k
8.11,media social,0.135,Social Media Content Strategist,Media & Journalism,"Design & Creative,Business & Finance",Social Media Manager,Gaming & Esports,"Tech & Engineering,Marketing & Communications,Science & Research",$45k–$75k,$45k–$80k
8.11,media social,0.086,Social Media Content Strategist,Media & Journalism,"Design & Creative,Business & Finance",Social Media Entrepreneur,Marketing & Communications,"Business & Finance,Design & Creative,Science & Research",$45k–$75k,$20k–$150k
8.11,media social,0.162,Social Media Content Strategist,Media & Journalism,"Design & Creative,Business & Finance",Social Media Strategist (Solopreneur),Marketing & Communications,"Business & Finance,Design & Creative,Science & Research",$45k–$75k,$45k–$150k
8.11,media social,0.054,Social Media Content Strategist,Media & Journalism,"Design & Creative,Business & Finance",Social Media Commerce Entrepreneur,Supply Chain & Operations,"Business & Finance,Tech & Engineering,Science & Research",$45k–$75k,$40k–$120k
8.11,media social,0.229,Social Media Content Strategist,Media & Journalism,"Design & Creative,Business & Finance",Social Media Editor,Marketing & Communications,"Business & Finance,Design & Creative,Science & Research",$45k–$75k,$40k–$65k
8.11,media social,0.105,Social Media Content Strategist,Media & Journalism,"Design & Creative,Business & Finance",Social Media Manager Startup,Gaming & Esports,"Tech & Engineering,Marketing & Communications,Science & Research",$45k–$75k,$35k–$65k
8.11,media social,0.121,Social Media Monetization Manager,Entrepreneurship,"Business & Finance,Tech & Engineering,Science & Research",Social Media Strategist,Marketing & Communications,"Business & Finance,Design & Creative,Science & Research",$45k–$85k,$45k–$75k
8.11,media social,0.024,Social Media Monetization Manager,Entrepreneurship,"Business & Finance,Tech & Engineering,Science & Research",Niche Social Media Brand Owner,Gaming & Esports,"Tech & Engineering,Marketing & Communications,Science & Research",$45k–$85k,$20k–$150k
8.11,media social,0.0,Social Media Monetization Manager,Entrepreneurship,"Business & Finance,Tech & Engineering,Science & Research",Social Media Strategist (News Org),Media & Journalism,"Tech & Engineering,Business & Finance",$45k–$85k,$45k–$75k
8.11,media social,0.053,Social Media Monetization Manager,Entrepreneurship,"Business & Finance,Tech & Engineering,Science & Research",Social Media Manager (News),Marketing & Communications,"Business & Finance,Design & Creative,Science & Research",$45k–$85k,$40k–$65k
8.11,media social,0.054,Social Media Monetization Manager,Entrepreneurship,"Business & Finance,Tech & Engineering,Science & Research",Social Media Manager (Startup),Gaming & Esports,"Tech & Engineering,Marketing & Communications,Science & Research",$45k–$85k,$35k–$65k
8.11,media social,0.054,Social Media Monetization Manager,Entrepreneurship,"Business & Finance,Tech & Engineering,Science & Research",Social Media Manager,Gaming & Esports,"Tech & Engineering,Marketing & Communications,Science & Research",$45k–$85k,$45k–$80k
8.11,media social,0.054,Social Media Monetization Manager,Entrepreneurship,"Business & Finance,Tech & Engineering,Science & Research",Social Media Manager (Corporate),Media & Journalism,"Business & Finance,Design & Creative",$45k–$85k,$45k–$75k
8.11,media social,0.129,Social Media Monetization Manager,Entrepreneurship,"Business & Finance,Tech & Engineering,Science & Research",Social Media Entrepreneur,Marketing & Communications,"Business & Finance,Design & Creative,Science & Research",$45k–$85k,$20k–$150k
8.11,media social,0.143,Social Media Monetization Manager,Entrepreneurship,"Business & Finance,Tech & Engineering,Science & Research",Social Media Strategist (Solopreneur),Marketing & Communications,"Business & Finance,Design & Creative,Science & Research",$45k–$85k,$45k–$150k
8.11,media social,0.059,Social Media Monetization Manager,Entrepreneurship,"Business & Finance,Tech & Engineering,Science & Research",Social Media Commerce Entrepreneur,Supply Chain & Operations,"Business & Finance,Tech & Engineering,Science & Research",$45k–$85k,$40k–$120k
8.11,media social,0.081,Social Media Monetization Manager,Entrepreneurship,"Business & Finance,Tech & Engineering,Science & Research",Social Media Editor,Marketing & Communications,"Business & Finance,Design & Creative,Science & Research",$45k–$85k,$40k–$65k
8.11,media social,0.182,Social Media Monetization Manager,Entrepreneurship,"Business & Finance,Tech & Engineering,Science & Research",Social Media Manager (Publishing),Media & Journalism,"Design & Creative,Business & Finance",$45k–$85k,$45k–$75k
8.11,media social,0.086,Social Media Monetization Manager,Entrepreneurship,"Business & Finance,Tech & Engineering,Science & Research",Social Media Manager (News Outlet),Media & Journalism,"Design & Creative,Business & Finance",$45k–$85k,$40k–$65k
8.11,media social,0.091,Social Media Monetization Manager,Entrepreneurship,"Business & Finance,Tech & Engineering,Science & Research",Social Media Manager (Newsroom),Media & Journalism,"Design & Creative,Business & Finance",$45k–$85k,$40k–$65k
8.11,media social,0.2,Social Media Monetization Manager,Entrepreneurship,"Business & Finance,Tech & Engineering,Science & Research",Social Media Manager (Content Creator),Media & Journalism,"Design & Creative,Business & Finance",$45k–$85k,$35k–$75k
8.11,media social,0.061,Social Media Monetization Manager,Entrepreneurship,"Business & Finance,Tech & Engineering,Science & Research",Social Media Manager (Political),Media & Journalism,"Law & Government,Business & Finance",$45k–$85k,$45k–$75k
8.11,media social,0.029,Social Media Monetization Manager,Entrepreneurship,"Business & Finance,Tech & Engineering,Science & Research",Social Media Manager (Content),Media & Journalism,"Design & Creative,Business & Finance",$45k–$85k,$35k–$65k
8.11,media social,0.0,Social Media Monetization Manager,Entrepreneurship,"Business & Finance,Tech & Engineering,Science & Research",Social Media Strategist (News Organizations),Media & Journalism,"Design & Creative,Tech & Engineering",$45k–$85k,$45k–$75k
8.11,media social,0.086,Social Media Monetization Manager,Entrepreneurship,"Business & Finance,Tech & Engineering,Science & Research",Social Media Strategy Manager,Media & Journalism,"Business & Finance,Design & Creative",$45k–$85k,$45k–$75k
8.11,media social,0.054,Social Media Monetization Manager,Entrepreneurship,"Business & Finance,Tech & Engineering,Science & Research",Social Media Strategist (News),Media & Journalism,"Business & Finance,Design & Creative",$45k–$85k,$45k–$75k
8.11,media social,0.054,Social Media Monetization Manager,Entrepreneurship,"Business & Finance,Tech & Engineering,Science & Research",Social Media Manager Startup,Gaming & Esports,"Tech & Engineering,Marketing & Communications,Science & Research",$45k–$85k,$35k–$65k
8.11,media social,0.062,Social Media Monetization Manager,Entrepreneurship,"Business & Finance,Tech & Engineering,Science & Research",Social Media Manager (Brand),Media & Journalism,"Design & Creative,Business & Finance",$45k–$85k,$45k–$75k
8.11,media social,0.091,Social Media Strategist,Marketing & Communications,"Business & Finance,Design & Creative,Science & Research",Social Media Management Agency Founder,Entrepreneurship,"Media & Journalism,Design & Creative",$45k–$75k,$45k–$120k
8.11,media social,0.194,Social Media Strategist,Marketing & Communications,"Business & Finance,Design & Creative,Science & Research",Social Media Strategist (News Org),Media & Journalism,"Tech & Engineering,Business & Finance",$45k–$75k,$45k–$75k
8.11,media social,0.212,Social Media Strategist,Marketing & Communications,"Business & Finance,Design & Creative,Science & Research",Social Media Manager (Corporate),Media & Journalism,"Business & Finance,Design & Creative",$45k–$75k,$45k–$75k
8.11,media social,0.057,Social Media Strategist,Marketing & Communications,"Business & Finance,Design & Creative,Science & Research",Social Media Commerce Entrepreneur,Supply Chain & Operations,"Business & Finance,Tech & Engineering,Science & Research",$45k–$75k,$40k–$120k
8.11,media social,0.212,Social Media Strategist,Marketing & Communications,"Business & Finance,Design & Creative,Science & Research",Social Media Manager (Publishing),Media & Journalism,"Design & Creative,Business & Finance",$45k–$75k,$45k–$75k
8.11,media social,0.3,Social Media Strategist,Marketing & Communications,"Business & Finance,Design & Creative,Science & Research",Social Media Manager (News Outlet),Media & Journalism,"Design & Creative,Business & Finance",$45k–$75k,$40k–$65k
8.11,media social,0.156,Social Media Strategist,Marketing & Communications,"Business & Finance,Design & Creative,Science & Research",Social Media Manager (Newsroom),Media & Journalism,"Design & Creative,Business & Finance",$45k–$75k,$40k–$65k
8.11,media social,0.37,Social Media Strategist,Marketing & Communications,"Business & Finance,Design & Creative,Science & Research",Social Media Manager (Content Creator),Media & Journalism,"Design & Creative,Business & Finance",$45k–$75k,$35k–$75k
8.11,media social,0.161,Social Media Strategist,Marketing & Communications,"Business & Finance,Design & Creative,Science & Research",Social Media Manager (Political),Media & Journalism,"Law & Government,Business & Finance",$45k–$75k,$45k–$75k
8.11,media social,0.121,Social Media Strategist,Marketing & Communications,"Business & Finance,Design & Creative,Science & Research",Social Media Manager (Content),Media & Journalism,"Design & Creative,Business & Finance",$45k–$75k,$35k–$65k
8.11,media social,0.118,Social Media Strategist,Marketing & Communications,"Business & Finance,Design & Creative,Science & Research",Social Media Strategist (News Organizations),Media & Journalism,"Design & Creative,Tech & Engineering",$45k–$75k,$45k–$75k
8.11,media social,0.2,Social Media Strategist,Marketing & Communications,"Business & Finance,Design & Creative,Science & Research",Social Media Management Entrepreneur,Entrepreneurship,"Media & Journalism,Design & Creative",$45k–$75k,$35k–$85k
8.11,media social,0.182,Social Media Strategist,Marketing & Communications,"Business & Finance,Design & Creative,Science & Research",Social Media Strategy Manager,Media & Journalism,"Business & Finance,Design & Creative",$45k–$75k,$45k–$75k
8.11,media social,0.111,Social Media Strategist,Marketing & Communications,"Business & Finance,Design & Creative,Science & Research",Social Media Entrepreneur (Influencer),Entrepreneurship,"Design & Creative,Media & Journalism",$45k–$75k,$30k–$200k+
8.11,media social,0.081,Social Media Strategist,Marketing & Communications,"Business & Finance,Design & Creative,Science & Research",Niche Social Media Creator (Micro-Influencer),Entrepreneurship,"Media & Journalism,Design & Creative",$45k–$75k,$20k–$150k
8.11,media social,0.097,Social Media Strategist,Marketing & Communications,"Business & Finance,Design & Creative,Science & Research",Social Media Manager (Creator Economy),Entrepreneurship,"Media & Journalism,Design & Creative",$45k–$75k,$45k–$150k
8.11,media social,0.176,Social Media Strategist,Marketing & Communications,"Business & Finance,Design & Creative,Science & Research",Social Media Strategist (News),Media & Journalism,"Business & Finance,Design & Creative",$45k–$75k,$45k–$75k
8.11,media social,0.167,Social Media Strategist,Marketing & Communications,"Business & Finance,Design & Creative,Science & Research",Social Media Manager (Brand),Media & Journalism,"Design & Creative,Business & Finance",$45k–$75k,$45k–$75k
8.11,media social,0.025,Niche Social Media Brand Owner,Gaming & Esports,"Tech & Engineering,Marketing & Communications,Science & Research",Social Media Management Agency Founder,Entrepreneurship,"Media & Journalism,Design & Creative",$20k–$150k,$45k–$120k
8.11,media social,0.021,Niche Social Media Brand Owner,Gaming & Esports,"Tech & Engineering,Marketing & Communications,Science & Research",Social Media Strategist (News Org),Media & Journalism,"Tech & Engineering,Business & Finance",$20k–$150k,$45k–$75k
8.11,media social,0.023,Niche Social Media Brand Owner,Gaming & Esports,"Tech & Engineering,Marketing & Communications,Science & Research",Social Media Manager (Corporate),Media & Journalism,"Business & Finance,Design & Creative",$20k–$150k,$45k–$75k
8.11,media social,0.2,Niche Social Media Brand Owner,Gaming & Esports,"Tech & Engineering,Marketing & Communications,Science & Research",Social Media Commerce Entrepreneur,Supply Chain & Operations,"Business & Finance,Tech & Engineering,Science & Research",$20k–$150k,$40k–$120k
8.11,media social,0.047,Niche Social Media Brand Owner,Gaming & Esports,"Tech & Engineering,Marketing & Communications,Science & Research",Social Media Manager (Publishing),Media & Journalism,"Design & Creative,Business & Finance",$20k–$150k,$45k–$75k
8.11,media social,0.0,Niche Social Media Brand Owner,Gaming & Esports,"Tech & Engineering,Marketing & Communications,Science & Research",Social Media Manager (News Outlet),Media & Journalism,"Design & Creative,Business & Finance",$20k–$150k,$40k–$65k
8.11,media social,0.024,Niche Social Media Brand Owner,Gaming & Esports,"Tech & Engineering,Marketing & Communications,Science & Research",Social Media Manager (Newsroom),Media & Journalism,"Design & Creative,Business & Finance",$20k–$150k,$40k–$65k
8.11,media social,0.05,Niche Social Media Brand Owner,Gaming & Esports,"Tech & Engineering,Marketing & Communications,Science & Research",Social Media Manager (Content Creator),Media & Journalism,"Design & Creative,Business & Finance",$20k–$150k,$35k–$75k
8.11,media social,0.0,Niche Social Media Brand Owner,Gaming & Esports,"Tech & Engineering,Marketing & Communications,Science & Research",Social Media Manager (Political),Media & Journalism,"Law & Government,Business & Finance",$20k–$150k,$45k–$75k
8.11,media social,0.135,Niche Social Media Brand Owner,Gaming & Esports,"Tech & Engineering,Marketing & Communications,Science & Research",Social Media Manager (Content),Media & Journalism,"Design & Creative,Business & Finance",$20k–$150k,$35k–$65k
8.11,media social,0.024,Niche Social Media Brand Owner,Gaming & Esports,"Tech & Engineering,Marketing & Communications,Science & Research",Social Media Strategist (News Organizations),Media & Journalism,"Design & Creative,Tech & Engineering",$20k–$150k,$45k–$75k
8.11,media social,0.171,Niche Social Media Brand Owner,Gaming & Esports,"Tech & Engineering,Marketing & Communications,Science & Research",Social Media Management Entrepreneur,Entrepreneurship,"Media & Journalism,Design & Creative",$20k–$150k,$35k–$85k
8.11,media social,0.048,Niche Social Media Brand Owner,Gaming & Esports,"Tech & Engineering,Marketing & Communications,Science & Research",Social Media Strategy Manager,Media & Journalism,"Business & Finance,Design & Creative",$20k–$150k,$45k–$75k
8.11,media social,0.286,Niche Social Media Brand Owner,Gaming & Esports,"Tech & Engineering,Marketing & Communications,Science & Research",Social Media Entrepreneur (Influencer),Entrepreneurship,"Design & Creative,Media & Journalism",$20k–$150k,$30k–$200k+
8.11,media social,0.147,Niche Social Media Brand Owner,Gaming & Esports,"Tech & Engineering,Marketing & Communications,Science & Research",Social Media Manager (Creator Economy),Entrepreneurship,"Media & Journalism,Design & Creative",$20k–$150k,$45k–$150k
8.11,media social,0.0,Niche Social Media Brand Owner,Gaming & Esports,"Tech & Engineering,Marketing & Communications,Science & Research",Social Media Strategist (News),Media & Journalism,"Business & Finance,Design & Creative",$20k–$150k,$45k–$75k
8.11,media social,0.083,Social Media Management Agency Founder,Entrepreneurship,"Media & Journalism,Design & Creative",Social Media Manager (News),Marketing & Communications,"Business & Finance,Design & Creative,Science & Research",$45k–$120k,$40k–$65k
8.11,media social,0.056,Social Media Management Agency Founder,Entrepreneurship,"Media & Journalism,Design & Creative",Social Media Manager (Startup),Gaming & Esports,"Tech & Engineering,Marketing & Communications,Science & Research",$45k–$120k,$35k–$65k
8.11,media social,0.056,Social Media Management Agency Founder,Entrepreneurship,"Media & Journalism,Design & Creative",Social Media Manager,Gaming & Esports,"Tech & Engineering,Marketing & Communications,Science & Research",$45k–$120k,$45k–$80k
8.11,media social,0.097,Social Media Management Agency Founder,Entrepreneurship,"Media & Journalism,Design & Creative",Social Media Entrepreneur,Marketing & Communications,"Business & Finance,Design & Creative,Science & Research",$45k–$120k,$20k–$150k
8.11,media social,0.147,Social Media Management Agency Founder,Entrepreneurship,"Media & Journalism,Design & Creative",Social Media Strategist (Solopreneur),Marketing & Communications,"Business & Finance,Design & Creative,Science & Research",$45k–$120k,$45k–$150k
8.11,media social,0.061,Social Media Management Agency Founder,Entrepreneurship,"Media & Journalism,Design & Creative",Social Media Commerce Entrepreneur,Supply Chain & Operations,"Business & Finance,Tech & Engineering,Science & Research",$45k–$120k,$40k–$120k
8.11,media social,0.083,Social Media Management Agency Founder,Entrepreneurship,"Media & Journalism,Design & Creative",Social Media Editor,Marketing & Communications,"Business & Finance,Design & Creative,Science & Research",$45k–$120k,$40k–$65k
8.11,media social,0.056,Social Media Management Agency Founder,Entrepreneurship,"Media & Journalism,Design & Creative",Social Media Manager Startup,Gaming & Esports,"Tech & Engineering,Marketing & Communications,Science & Research",$45k–$120k,$35k–$65k
8.11,media social,0.071,Social Media Strategist (News Org),Media & Journalism,"Tech & Engineering,Business & Finance",Social Media Manager (Startup),Gaming & Esports,"Tech & Engineering,Marketing & Communications,Science & Research",$45k–$75k,$35k–$65k
8.11,media social,0.154,Social Media Strategist (News Org),Media & Journalism,"Tech & Engineering,Business & Finance",Social Media Manager,Gaming & Esports,"Tech & Engineering,Marketing & Communications,Science & Research",$45k–$75k,$45k–$80k
8.11,media social,0.051,Social Media Strategist (News Org),Media & Journalism,"Tech & Engineering,Business & Finance",Social Media Entrepreneur,Marketing & Communications,"Business & Finance,Design & Creative,Science & Research",$45k–$75k,$20k–$150k
8.11,media social,0.07,Social Media Strategist (News Org),Media & Journalism,"Tech & Engineering,Business & Finance",Social Media Strategist (Solopreneur),Marketing & Communications,"Business & Finance,Design & Creative,Science & Research",$45k–$75k,$45k–$150k
8.11,media social,0.05,Social Media Strategist (News Org),Media & Journalism,"Tech & Engineering,Business & Finance",Social Media Commerce Entrepreneur,Supply Chain & Operations,"Business & Finance,Tech & Engineering,Science & Research",$45k–$75k,$40k–$120k
8.11,media social,0.122,Social Media Strategist (News Org),Media & Journalism,"Tech & Engineering,Business & Finance",Social Media Editor,Marketing & Communications,"Business & Finance,Design & Creative,Science & Research",$45k–$75k,$40k–$65k
8.11,media social,0.098,Social Media Strategist (News Org),Media & Journalism,"Tech & Engineering,Business & Finance",Social Media Manager Startup,Gaming & Esports,"Tech & Engineering,Marketing & Communications,Science & Research",$45k–$75k,$35k–$65k
8.11,media social,0.162,Social Media Manager (News),Marketing & Communications,"Business & Finance,Design & Creative,Science & Research",Social Media Manager (Corporate),Media & Journalism,"Business & Finance,Design & Creative",$40k–$65k,$45k–$75k
8.11,media social,0.111,Social Media Manager (News),Marketing & Communications,"Business & Finance,Design & Creative,Science & Research",Social Media Commerce Entrepreneur,Supply Chain & Operations,"Business & Finance,Tech & Engineering,Science & Research",$40k–$65k,$40k–$120k
8.11,media social,0.132,Social Media Manager (News),Marketing & Communications,"Business & Finance,Design & Creative,Science & Research",Social Media Manager (Publishing),Media & Journalism,"Design & Creative,Business & Finance",$40k–$65k,$45k–$75k
8.11,media social,0.333,Social Media Manager (News),Marketing & Communications,"Business & Finance,Design & Creative,Science & Research",Social Media Manager (Newsroom),Media & Journalism,"Design & Creative,Business & Finance",$40k–$65k,$40k–$65k
8.11,media social,0.081,Social Media Manager (News),Marketing & Communications,"Business & Finance,Design & Creative,Science & Research",Social Media Manager (Content Creator),Media & Journalism,"Design & Creative,Business & Finance",$40k–$65k,$35k–$75k
8.11,media social,0.147,Social Media Manager (News),Marketing & Communications,"Business & Finance,Design & Creative,Science & Research",Social Media Manager (Political),Media & Journalism,"Law & Government,Business & Finance",$40k–$65k,$45k–$75k
8.11,media social,0.053,Social Media Manager (News),Marketing & Communications,"Business & Finance,Design & Creative,Science & Research",Social Media Manager (Content),Media & Journalism,"Design & Creative,Business & Finance",$40k–$65k,$35k–$65k
8.11,media social,0.114,Social Media Manager (News),Marketing & Communications,"Business & Finance,Design & Creative,Science & Research",Social Media Management Entrepreneur,Entrepreneurship,"Media & Journalism,Design & Creative",$40k–$65k,$35k–$85k
8.11,media social,0.167,Social Media Manager (News),Marketing & Communications,"Business & Finance,Design & Creative,Science & Research",Social Media Strategy Manager,Media & Journalism,"Business & Finance,Design & Creative",$40k–$65k,$45k–$75k
8.11,media social,0.162,Social Media Manager (News),Marketing & Communications,"Business & Finance,Design & Creative,Science & Research",Social Media Entrepreneur (Influencer),Entrepreneurship,"Design & Creative,Media & Journalism",$40k–$65k,$30k–$200k+
8.11,media social,0.103,Social Media Manager (News),Marketing & Communications,"Business & Finance,Design & Creative,Science & Research",Niche Social Media Creator (Micro-Influencer),Entrepreneurship,"Media & Journalism,Design & Creative",$40k–$65k,$20k–$150k
8.11,media social,0.121,Social Media Manager (News),Marketing & Communications,"Business & Finance,Design & Creative,Science & Research",Social Media Manager (Creator Economy),Entrepreneurship,"Media & Journalism,Design & Creative",$40k–$65k,$45k–$150k
8.11,media social,0.152,Social Media Manager (News),Marketing & Communications,"Business & Finance,Design & Creative,Science & Research",Social Media Manager (Brand),Media & Journalism,"Design & Creative,Business & Finance",$40k–$65k,$45k–$75k
8.11,media social,0.2,Social Media Manager (Startup),Gaming & Esports,"Tech & Engineering,Marketing & Communications,Science & Research",Social Media Manager (Corporate),Media & Journalism,"Business & Finance,Design & Creative",$35k–$65k,$45k–$75k
8.11,media social,0.054,Social Media Manager (Startup),Gaming & Esports,"Tech & Engineering,Marketing & Communications,Science & Research",Social Media Commerce Entrepreneur,Supply Chain & Operations,"Business & Finance,Tech & Engineering,Science & Research",$35k–$65k,$40k–$120k
8.11,media social,0.105,Social Media Manager (Startup),Gaming & Esports,"Tech & Engineering,Marketing & Communications,Science & Research",Social Media Manager (Publishing),Media & Journalism,"Design & Creative,Business & Finance",$35k–$65k,$45k–$75k
8.11,media social,0.079,Social Media Manager (Startup),Gaming & Esports,"Tech & Engineering,Marketing & Communications,Science & Research",Social Media Manager (News Outlet),Media & Journalism,"Design & Creative,Business & Finance",$35k–$65k,$40k–$65k
8.11,media social,0.114,Social Media Manager (Startup),Gaming & Esports,"Tech & Engineering,Marketing & Communications,Science & Research",Social Media Manager (Newsroom),Media & Journalism,"Design & Creative,Business & Finance",$35k–$65k,$40k–$65k
8.11,media social,0.147,Social Media Manager (Startup),Gaming & Esports,"Tech & Engineering,Marketing & Communications,Science & Research",Social Media Manager (Content Creator),Media & Journalism,"Design & Creative,Business & Finance",$35k–$65k,$35k–$75k
8.11,media social,0.118,Social Media Manager (Startup),Gaming & Esports,"Tech & Engineering,Marketing & Communications,Science & Research",Social Media Manager (Political),Media & Journalism,"Law & Government,Business & Finance",$35k–$65k,$45k–$75k
8.11,media social,0.026,Social Media Manager (Startup),Gaming & Esports,"Tech & Engineering,Marketing & Communications,Science & Research",Social Media Manager (Content),Media & Journalism,"Design & Creative,Business & Finance",$35k–$65k,$35k–$65k
8.11,media social,0.081,Social Media Manager (Startup),Gaming & Esports,"Tech & Engineering,Marketing & Communications,Science & Research",Social Media Strategist (News Organizations),Media & Journalism,"Design & Creative,Tech & Engineering",$35k–$65k,$45k–$75k
8.11,media social,0.118,Social Media Manager (Startup),Gaming & Esports,"Tech & Engineering,Marketing & Communications,Science & Research",Social Media Management Entrepreneur,Entrepreneurship,"Media & Journalism,Design & Creative",$35k–$65k,$35k–$85k
8.11,media social,0.139,Social Media Manager (Startup),Gaming & Esports,"Tech & Engineering,Marketing & Communications,Science & Research",Social Media Strategy Manager,Media & Journalism,"Business & Finance,Design & Creative",$35k–$65k,$45k–$75k
8.11,media social,0.105,Social Media Manager (Startup),Gaming & Esports,"Tech & Engineering,Marketing & Communications,Science & Research",Social Media Entrepreneur (Influencer),Entrepreneurship,"Design & Creative,Media & Journalism",$35k–$65k,$30k–$200k+
8.11,media social,0.105,Social Media Manager (Startup),Gaming & Esports,"Tech & Engineering,Marketing & Communications,Science & Research",Niche Social Media Creator (Micro-Influencer),Entrepreneurship,"Media & Journalism,Design & Creative",$35k–$65k,$20k–$150k
8.11,media social,0.161,Social Media Manager (Startup),Gaming & Esports,"Tech & Engineering,Marketing & Communications,Science & Research",Social Media Manager (Creator Economy),Entrepreneurship,"Media & Journalism,Design & Creative",$35k–$65k,$45k–$150k
8.11,media social,0.105,Social Media Manager (Startup),Gaming & Esports,"Tech & Engineering,Marketing & Communications,Science & Research",Social Media Strategist (News),Media & Journalism,"Business & Finance,Design & Creative",$35k–$65k,$45k–$75k
8.11,media social,0.321,Social Media Manager (Startup),Gaming & Esports,"Tech & Engineering,Marketing & Communications,Science & Research",Social Media Manager (Brand),Media & Journalism,"Design & Creative,Business & Finance",$35k–$65k,$45k–$75k
8.11,media social,0.2,Social Media Manager,Gaming & Esports,"Tech & Engineering,Marketing & Communications,Science & Research",Social Media Manager (Corporate),Media & Journalism,"Business & Finance,Design & Creative",$45k–$80k,$45k–$75k
8.11,media social,0.114,Social Media Manager,Gaming & Esports,"Tech & Engineering,Marketing & Communications,Science & Research",Social Media Commerce Entrepreneur,Supply Chain & Operations,"Business & Finance,Tech & Engineering,Science & Research",$45k–$80k,$40k–$120k
8.11,media social,0.167,Social Media Manager,Gaming & Esports,"Tech & Engineering,Marketing & Communications,Science & Research",Social Media Manager (Publishing),Media & Journalism,"Design & Creative,Business & Finance",$45k–$80k,$45k–$75k
8.11,media social,0.025,Social Media Manager,Gaming & Esports,"Tech & Engineering,Marketing & Communications,Science & Research",Social Media Manager (News Outlet),Media & Journalism,"Design & Creative,Business & Finance",$45k–$80k,$40k–$65k
8.11,media social,0.083,Social Media Manager,Gaming & Esports,"Tech & Engineering,Marketing & Communications,Science & Research",Social Media Manager (Newsroom),Media & Journalism,"Design & Creative,Business & Finance",$45k–$80k,$40k–$65k
8.11,media social,0.054,Social Media Manager,Gaming & Esports,"Tech & Engineering,Marketing & Communications,Science & Research",Social Media Manager (Content Creator),Media & Journalism,"Design & Creative,Business & Finance",$45k–$80k,$35k–$75k
8.11,media social,0.056,Social Media Manager,Gaming & Esports,"Tech & Engineering,Marketing & Communications,Science & Research",Social Media Manager (Political),Media & Journalism,"Law & Government,Business & Finance",$45k–$80k,$45k–$75k
8.11,media social,0.054,Social Media Manager,Gaming & Esports,"Tech & Engineering,Marketing & Communications,Science & Research",Social Media Manager (Content),Media & Journalism,"Design & Creative,Business & Finance",$45k–$80k,$35k–$65k
8.11,media social,0.053,Social Media Manager,Gaming & Esports,"Tech & Engineering,Marketing & Communications,Science & Research",Social Media Strategist (News Organizations),Media & Journalism,"Design & Creative,Tech & Engineering",$45k–$80k,$45k–$75k
8.11,media social,0.188,Social Media Manager,Gaming & Esports,"Tech & Engineering,Marketing & Communications,Science & Research",Social Media Management Entrepreneur,Entrepreneurship,"Media & Journalism,Design & Creative",$45k–$80k,$35k–$85k
8.11,media social,0.079,Social Media Manager,Gaming & Esports,"Tech & Engineering,Marketing & Communications,Science & Research",Social Media Strategy Manager,Media & Journalism,"Business & Finance,Design & Creative",$45k–$80k,$45k–$75k
8.11,media social,0.0,Social Media Manager,Gaming & Esports,"Tech & Engineering,Marketing & Communications,Science & Research",Social Media Entrepreneur (Influencer),Entrepreneurship,"Design & Creative,Media & Journalism",$45k–$80k,$30k–$200k+
8.11,media social,0.05,Social Media Manager,Gaming & Esports,"Tech & Engineering,Marketing & Communications,Science & Research",Niche Social Media Creator (Micro-Influencer),Entrepreneurship,"Media & Journalism,Design & Creative",$45k–$80k,$20k–$150k
8.11,media social,0.059,Social Media Manager,Gaming & Esports,"Tech & Engineering,Marketing & Communications,Science & Research",Social Media Manager (Creator Economy),Entrepreneurship,"Media & Journalism,Design & Creative",$45k–$80k,$45k–$150k
8.11,media social,0.024,Social Media Manager,Gaming & Esports,"Tech & Engineering,Marketing & Communications,Science & Research",Social Media Strategist (News),Media & Journalism,"Business & Finance,Design & Creative",$45k–$80k,$45k–$75k
8.11,media social,0.057,Social Media Manager,Gaming & Esports,"Tech & Engineering,Marketing & Communications,Science & Research",Social Media Manager (Brand),Media & Journalism,"Design & Creative,Business & Finance",$45k–$80k,$45k–$75k
8.11,media social,0.152,Social Media Manager (Corporate),Media & Journalism,"Business & Finance,Design & Creative",Social Media Entrepreneur,Marketing & Communications,"Business & Finance,Design & Creative,Science & Research",$45k–$75k,$20k–$150k
8.11,media social,0.132,Social Media Manager (Corporate),Media & Journalism,"Business & Finance,Design & Creative",Social Media Strategist (Solopreneur),Marketing & Communications,"Business & Finance,Design & Creative,Science & Research",$45k–$75k,$45k–$150k
8.11,media social,0.054,Social Media Manager (Corporate),Media & Journalism,"Business & Finance,Design & Creative",Social Media Commerce Entrepreneur,Supply Chain & Operations,"Business & Finance,Tech & Engineering,Science & Research",$45k–$75k,$40k–$120k
8.11,media social,0.075,Social Media Manager (Corporate),Media & Journalism,"Business & Finance,Design & Creative",Social Media Editor,Marketing & Communications,"Business & Finance,Design & Creative,Science & Research",$45k–$75k,$40k–$65k
8.11,media social,0.135,Social Media Manager (Corporate),Media & Journalism,"Business & Finance,Design & Creative",Social Media Manager Startup,Gaming & Esports,"Tech & Engineering,Marketing & Communications,Science & Research",$45k–$75k,$35k–$65k
8.11,media social,0.152,Social Media Entrepreneur,Marketing & Communications,"Business & Finance,Design & Creative,Science & Research",Social Media Manager (Publishing),Media & Journalism,"Design & Creative,Business & Finance",$20k–$150k,$45k–$75k
8.11,media social,0.057,Social Media Entrepreneur,Marketing & Communications,"Business & Finance,Design & Creative,Science & Research",Social Media Manager (News Outlet),Media & Journalism,"Design & Creative,Business & Finance",$20k–$150k,$40k–$65k
8.11,media social,0.129,Social Media Entrepreneur,Marketing & Communications,"Business & Finance,Design & Creative,Science & Research",Social Media Manager (Newsroom),Media & Journalism,"Design & Creative,Business & Finance",$20k–$150k,$40k–$65k
8.11,media social,0.207,Social Media Entrepreneur,Marketing & Communications,"Business & Finance,Design & Creative,Science & Research",Social Media Manager (Content Creator),Media & Journalism,"Design & Creative,Business & Finance",$20k–$150k,$35k–$75k
8.11,media social,0.133,Social Media Entrepreneur,Marketing & Communications,"Business & Finance,Design & Creative,Science & Research",Social Media Manager (Political),Media & Journalism,"Law & Government,Business & Finance",$20k–$150k,$45k–$75k
8.11,media social,0.25,Social Media Entrepreneur,Marketing & Communications,"Business & Finance,Design & Creative,Science & Research",Social Media Manager (Content),Media & Journalism,"Design & Creative,Business & Finance",$20k–$150k,$35k–$65k
8.11,media social,0.029,Social Media Entrepreneur,Marketing & Communications,"Business & Finance,Design & Creative,Science & Research",Social Media Strategist (News Organizations),Media & Journalism,"Design & Creative,Tech & Engineering",$20k–$150k,$45k–$75k
8.11,media social,0.121,Social Media Entrepreneur,Marketing & Communications,"Business & Finance,Design & Creative,Science & Research",Social Media Strategy Manager,Media & Journalism,"Business & Finance,Design & Creative",$20k–$150k,$45k–$75k
8.11,media social,0.188,Social Media Entrepreneur,Marketing & Communications,"Business & Finance,Design & Creative,Science & Research",Niche Social Media Creator (Micro-Influencer),Entrepreneurship,"Media & Journalism,Design & Creative",$20k–$150k,$20k–$150k
8.11,media social,0.28,Social Media Entrepreneur,Marketing & Communications,"Business & Finance,Design & Creative,Science & Research",Social Media Manager (Creator Economy),Entrepreneurship,"Media & Journalism,Design & Creative",$20k–$150k,$45k–$150k
8.11,media social,0.086,Social Media Entrepreneur,Marketing & Communications,"Business & Finance,Design & Creative,Science & Research",Social Media Strategist (News),Media & Journalism,"Business & Finance,Design & Creative",$20k–$150k,$45k–$75k
8.11,media social,0.138,Social Media Entrepreneur,Marketing & Communications,"Business & Finance,Design & Creative,Science & Research",Social Media Manager (Brand),Media & Journalism,"Design & Creative,Business & Finance",$20k–$150k,$45k–$75k
8.11,media social,0.081,Social Media Strategist (Solopreneur),Marketing & Communications,"Business & Finance,Design & Creative,Science & Research",Social Media Commerce Entrepreneur,Supply Chain & Operations,"Business & Finance,Tech & Engineering,Science & Research",$45k–$150k,$40k–$120k
8.11,media social,0.162,Social Media Strategist (Solopreneur),Marketing & Communications,"Business & Finance,Design & Creative,Science & Research",Social Media Manager (Publishing),Media & Journalism,"Design & Creative,Business & Finance",$45k–$150k,$45k–$75k
8.11,media social,0.077,Social Media Strategist (Solopreneur),Marketing & Communications,"Business & Finance,Design & Creative,Science & Research",Social Media Manager (News Outlet),Media & Journalism,"Design & Creative,Business & Finance",$45k–$150k,$40k–$65k
8.11,media social,0.176,Social Media Strategist (Solopreneur),Marketing & Communications,"Business & Finance,Design & Creative,Science & Research",Social Media Manager (Newsroom),Media & Journalism,"Design & Creative,Business & Finance",$45k–$150k,$40k–$65k
8.11,media social,0.111,Social Media Strategist (Solopreneur),Marketing & Communications,"Business & Finance,Design & Creative,Science & Research",Social Media Manager (Content Creator),Media & Journalism,"Design & Creative,Business & Finance",$45k–$150k,$35k–$75k
8.11,media social,0.083,Social Media Strategist (Solopreneur),Marketing & Communications,"Business & Finance,Design & Creative,Science & Research",Social Media Manager (Political),Media & Journalism,"Law & Government,Business & Finance",$45k–$150k,$45k–$75k
8.11,media social,0.026,Social Media Strategist (Solopreneur),Marketing & Communications,"Business & Finance,Design & Creative,Science & Research",Social Media Manager (Content),Media & Journalism,"Design & Creative,Business & Finance",$45k–$150k,$35k–$65k
8.11,media social,0.079,Social Media Strategist (Solopreneur),Marketing & Communications,"Business & Finance,Design & Creative,Science & Research",Social Media Strategist (News Organizations),Media & Journalism,"Design & Creative,Tech & Engineering",$45k–$150k,$45k–$75k
8.11,media social,0.258,Social Media Strategist (Solopreneur),Marketing & Communications,"Business & Finance,Design & Creative,Science & Research",Social Media Management Entrepreneur,Entrepreneurship,"Media & Journalism,Design & Creative",$45k–$150k,$35k–$85k
8.11,media social,0.167,Social Media Strategist (Solopreneur),Marketing & Communications,"Business & Finance,Design & Creative,Science & Research",Social Media Strategy Manager,Media & Journalism,"Business & Finance,Design & Creative",$45k–$150k,$45k–$75k
8.11,media social,0.103,Social Media Strategist (Solopreneur),Marketing & Communications,"Business & Finance,Design & Creative,Science & Research",Social Media Entrepreneur (Influencer),Entrepreneurship,"Design & Creative,Media & Journalism",$45k–$150k,$30k–$200k+
8.11,media social,0.103,Social Media Strategist (Solopreneur),Marketing & Communications,"Business & Finance,Design & Creative,Science & Research",Niche Social Media Creator (Micro-Influencer),Entrepreneurship,"Media & Journalism,Design & Creative",$45k–$150k,$20k–$150k
8.11,media social,0.156,Social Media Strategist (Solopreneur),Marketing & Communications,"Business & Finance,Design & Creative,Science & Research",Social Media Manager (Creator Economy),Entrepreneurship,"Media & Journalism,Design & Creative",$45k–$150k,$45k–$150k
8.11,media social,0.132,Social Media Strategist (Solopreneur),Marketing & Communications,"Business & Finance,Design & Creative,Science & Research",Social Media Strategist (News),Media & Journalism,"Business & Finance,Design & Creative",$45k–$150k,$45k–$75k
8.11,media social,0.226,Social Media Strategist (Solopreneur),Marketing & Communications,"Business & Finance,Design & Creative,Science & Research",Social Media Manager (Brand),Media & Journalism,"Design & Creative,Business & Finance",$45k–$150k,$45k–$75k
8.11,media social,0.053,Social Media Commerce Entrepreneur,Supply Chain & Operations,"Business & Finance,Tech & Engineering,Science & Research",Social Media Editor,Marketing & Communications,"Business & Finance,Design & Creative,Science & Research",$40k–$120k,$40k–$65k
8.11,media social,0.114,Social Media Commerce Entrepreneur,Supply Chain & Operations,"Business & Finance,Tech & Engineering,Science & Research",Social Media Manager (Publishing),Media & Journalism,"Design & Creative,Business & Finance",$40k–$120k,$45k–$75k
8.11,media social,0.0,Social Media Commerce Entrepreneur,Supply Chain & Operations,"Business & Finance,Tech & Engineering,Science & Research",Social Media Manager (News Outlet),Media & Journalism,"Design & Creative,Business & Finance",$40k–$120k,$40k–$65k
8.11,media social,0.091,Social Media Commerce Entrepreneur,Supply Chain & Operations,"Business & Finance,Tech & Engineering,Science & Research",Social Media Manager (Newsroom),Media & Journalism,"Design & Creative,Business & Finance",$40k–$120k,$40k–$65k
8.11,media social,0.059,Social Media Commerce Entrepreneur,Supply Chain & Operations,"Business & Finance,Tech & Engineering,Science & Research",Social Media Manager (Content Creator),Media & Journalism,"Design & Creative,Business & Finance",$40k–$120k,$35k–$75k
8.11,media social,0.029,Social Media Commerce Entrepreneur,Supply Chain & Operations,"Business & Finance,Tech & Engineering,Science & Research",Social Media Manager (Political),Media & Journalism,"Law & Government,Business & Finance",$40k–$120k,$45k–$75k
8.11,media social,0.059,Social Media Commerce Entrepreneur,Supply Chain & Operations,"Business & Finance,Tech & Engineering,Science & Research",Social Media Manager (Content),Media & Journalism,"Design & Creative,Business & Finance",$40k–$120k,$35k–$65k
8.11,media social,0.057,Social Media Commerce Entrepreneur,Supply Chain & Operations,"Business & Finance,Tech & Engineering,Science & Research",Social Media Strategist (News Organizations),Media & Journalism,"Design & Creative,Tech & Engineering",$40k–$120k,$45k–$75k
8.11,media social,0.086,Social Media Commerce Entrepreneur,Supply Chain & Operations,"Business & Finance,Tech & Engineering,Science & Research",Social Media Strategy Manager,Media & Journalism,"Business & Finance,Design & Creative",$40k–$120k,$45k–$75k
8.11,media social,0.114,Social Media Commerce Entrepreneur,Supply Chain & Operations,"Business & Finance,Tech & Engineering,Science & Research",Niche Social Media Creator (Micro-Influencer),Entrepreneurship,"Media & Journalism,Design & Creative",$40k–$120k,$20k–$150k
8.11,media social,0.179,Social Media Commerce Entrepreneur,Supply Chain & Operations,"Business & Finance,Tech & Engineering,Science & Research",Social Media Manager (Creator Economy),Entrepreneurship,"Media & Journalism,Design & Creative",$40k–$120k,$45k–$150k
8.11,media social,0.054,Social Media Commerce Entrepreneur,Supply Chain & Operations,"Business & Finance,Tech & Engineering,Science & Research",Social Media Strategist (News),Media & Journalism,"Business & Finance,Design & Creative",$40k–$120k,$45k–$75k
8.11,media social,0.083,Social Media Commerce Entrepreneur,Supply Chain & Operations,"Business & Finance,Tech & Engineering,Science & Research",Social Media Manager Startup,Gaming & Esports,"Tech & Engineering,Marketing & Communications,Science & Research",$40k–$120k,$35k–$65k
8.11,media social,0.062,Social Media Commerce Entrepreneur,Supply Chain & Operations,"Business & Finance,Tech & Engineering,Science & Research",Social Media Manager (Brand),Media & Journalism,"Design & Creative,Business & Finance",$40k–$120k,$45k–$75k
8.11,media social,0.194,Social Media Editor,Marketing & Communications,"Business & Finance,Design & Creative,Science & Research",Social Media Manager (Publishing),Media & Journalism,"Design & Creative,Business & Finance",$40k–$65k,$45k–$75k
8.11,media social,0.2,Social Media Editor,Marketing & Communications,"Business & Finance,Design & Creative,Science & Research",Social Media Manager (News Outlet),Media & Journalism,"Design & Creative,Business & Finance",$40k–$65k,$40k–$65k
8.11,media social,0.143,Social Media Editor,Marketing & Communications,"Business & Finance,Design & Creative,Science & Research",Social Media Manager (Newsroom),Media & Journalism,"Design & Creative,Business & Finance",$40k–$65k,$40k–$65k
8.11,media social,0.212,Social Media Editor,Marketing & Communications,"Business & Finance,Design & Creative,Science & Research",Social Media Manager (Content Creator),Media & Journalism,"Design & Creative,Business & Finance",$40k–$65k,$35k–$75k
8.11,media social,0.054,Social Media Editor,Marketing & Communications,"Business & Finance,Design & Creative,Science & Research",Social Media Manager (Political),Media & Journalism,"Law & Government,Business & Finance",$40k–$65k,$45k–$75k
8.11,media social,0.081,Social Media Editor,Marketing & Communications,"Business & Finance,Design & Creative,Science & Research",Social Media Manager (Content),Media & Journalism,"Design & Creative,Business & Finance",$40k–$65k,$35k–$65k
8.11,media social,0.139,Social Media Editor,Marketing & Communications,"Business & Finance,Design & Creative,Science & Research",Social Media Strategist (News Organizations),Media & Journalism,"Design & Creative,Tech & Engineering",$40k–$65k,$45k–$75k
8.11,media social,0.114,Social Media Editor,Marketing & Communications,"Business & Finance,Design & Creative,Science & Research",Social Media Management Entrepreneur,Entrepreneurship,"Media & Journalism,Design & Creative",$40k–$65k,$35k–$85k
8.11,media social,0.135,Social Media Editor,Marketing & Communications,"Business & Finance,Design & Creative,Science & Research",Social Media Strategy Manager,Media & Journalism,"Business & Finance,Design & Creative",$40k–$65k,$45k–$75k
8.11,media social,0.132,Social Media Editor,Marketing & Communications,"Business & Finance,Design & Creative,Science & Research",Social Media Entrepreneur (Influencer),Entrepreneurship,"Design & Creative,Media & Journalism",$40k–$65k,$30k–$200k+
8.11,media social,0.103,Social Media Editor,Marketing & Communications,"Business & Finance,Design & Creative,Science & Research",Niche Social Media Creator (Micro-Influencer),Entrepreneurship,"Media & Journalism,Design & Creative",$40k–$65k,$20k–$150k
8.11,media social,0.156,Social Media Editor,Marketing & Communications,"Business & Finance,Design & Creative,Science & Research",Social Media Manager (Creator Economy),Entrepreneurship,"Media & Journalism,Design & Creative",$40k–$65k,$45k–$150k
8.11,media social,0.194,Social Media Editor,Marketing & Communications,"Business & Finance,Design & Creative,Science & Research",Social Media Strategist (News),Media & Journalism,"Business & Finance,Design & Creative",$40k–$65k,$45k–$75k
8.11,media social,0.267,Social Media Editor,Marketing & Communications,"Business & Finance,Design & Creative,Science & Research",Social Media Manager (Brand),Media & Journalism,"Design & Creative,Business & Finance",$40k–$65k,$45k–$75k
8.11,media social,0.167,Social Media Manager (Publishing),Media & Journalism,"Design & Creative,Business & Finance",Social Media Manager Startup,Gaming & Esports,"Tech & Engineering,Marketing & Communications,Science & Research",$45k–$75k,$35k–$65k
8.11,media social,0.108,Social Media Manager (News Outlet),Media & Journalism,"Design & Creative,Business & Finance",Social Media Manager Startup,Gaming & Esports,"Tech & Engineering,Marketing & Communications,Science & Research",$40k–$65k,$35k–$65k
8.11,media social,0.114,Social Media Manager (Newsroom),Media & Journalism,"Design & Creative,Business & Finance",Social Media Manager Startup,Gaming & Esports,"Tech & Engineering,Marketing & Communications,Science & Research",$40k–$65k,$35k–$65k
8.11,media social,0.219,Social Media Manager (Content Creator),Media & Journalism,"Design & Creative,Business & Finance",Social Media Manager Startup,Gaming & Esports,"Tech & Engineering,Marketing & Communications,Science & Research",$35k–$75k,$35k–$65k
8.11,media social,0.118,Social Media Manager (Political),Media & Journalism,"Law & Government,Business & Finance",Social Media Manager Startup,Gaming & Esports,"Tech & Engineering,Marketing & Communications,Science & Research",$45k–$75k,$35k–$65k
8.11,media social,0.083,Social Media Manager (Content),Media & Journalism,"Design & Creative,Business & Finance",Social Media Manager Startup,Gaming & Esports,"Tech & Engineering,Marketing & Communications,Science & Research",$35k–$65k,$35k–$65k
8.11,media social,0.081,Social Media Strategist (News Organizations),Media & Journalism,"Design & Creative,Tech & Engineering",Social Media Manager Startup,Gaming & Esports,"Tech & Engineering,Marketing & Communications,Science & Research",$45k–$75k,$35k–$65k
8.11,media social,0.188,Social Media Management Entrepreneur,Entrepreneurship,"Media & Journalism,Design & Creative",Social Media Manager Startup,Gaming & Esports,"Tech & Engineering,Marketing & Communications,Science & Research",$35k–$85k,$35k–$65k
8.11,media social,0.139,Social Media Strategy Manager,Media & Journalism,"Business & Finance,Design & Creative",Social Media Manager Startup,Gaming & Esports,"Tech & Engineering,Marketing & Communications,Science & Research",$45k–$75k,$35k–$65k
8.11,media social,0.135,Social Media Entrepreneur (Influencer),Entrepreneurship,"Design & Creative,Media & Journalism",Social Media Manager Startup,Gaming & Esports,"Tech & Engineering,Marketing & Communications,Science & Research",$30k–$200k+,$35k–$65k
8.11,media social,0.105,Niche Social Media Creator (Micro-Influencer),Entrepreneurship,"Media & Journalism,Design & Creative",Social Media Manager Startup,Gaming & Esports,"Tech & Engineering,Marketing & Communications,Science & Research",$20k–$150k,$35k–$65k
8.11,media social,0.125,Social Media Manager (Creator Economy),Entrepreneurship,"Media & Journalism,Design & Creative",Social Media Manager Startup,Gaming & Esports,"Tech & Engineering,Marketing & Communications,Science & Research",$45k–$150k,$35k–$65k
8.11,media social,0.135,Social Media Strategist (News),Media & Journalism,"Business & Finance,Design & Creative",Social Media Manager Startup,Gaming & Esports,"Tech & Engineering,Marketing & Communications,Science & Research",$45k–$75k,$35k–$65k
8.11,media social,0.194,Social Media Manager Startup,Gaming & Esports,"Tech & Engineering,Marketing & Communications,Science & Research",Social Media Manager (Brand),Media & Journalism,"Design & Creative,Business & Finance",$35k–$65k,$45k–$75k
8.1,developer fashion,0.086,Sustainable Fashion Brand Developer,Fashion & Beauty,"Entrepreneurship,Environment & Sustainability",Fashion Tech Developer,Marketing & Communications,"Business & Finance,Design & Creative,Media & Journalism",$50k–$85k,$65k–$120k
8.1,developer fashion,0.029,Fashion Tech Developer,Marketing & Communications,"Business & Finance,Design & Creative,Media & Journalism",Sustainable Fashion Material Developer,Environment & Sustainability,"Science & Research,Fashion & Beauty",$65k–$120k,$58k–$95k
8.08,research scientist,0.067,Research Scientist (Materials),Environment & Sustainability,"Science & Research,Law & Government,Tech & Engineering",Biotechnology Research Scientist,Healthcare & Medicine,"Science & Research,Tech & Engineering,Architecture & Urban Planning",$65k–$120k,$65k–$120k
8.08,research scientist,0.0,Research Scientist (Materials),Environment & Sustainability,"Science & Research,Law & Government,Tech & Engineering",Data Scientist (Research),Fashion & Beauty,"Design & Creative,Marketing & Communications,Science & Research",$65k–$120k,$65k–$120k
8.08,research scientist,0.061,Biotechnology Research Scientist,Healthcare & Medicine,"Science & Research,Tech & Engineering,Architecture & Urban Planning",Research Data Scientist,Environment & Sustainability,"Science & Research,Law & Government,Tech & Engineering",$65k–$120k,$70k–$120k
8.08,research scientist,0.0,Biotechnology Research Scientist,Healthcare & Medicine,"Science & Research,Tech & Engineering,Architecture & Urban Planning",Data Scientist (Research),Fashion & Beauty,"Design & Creative,Marketing & Communications,Science & Research",$65k–$120k,$65k–$120k
8.08,research scientist,0.03,Biotechnology Research Scientist,Healthcare & Medicine,"Science & Research,Tech & Engineering,Architecture & Urban Planning",Research Scientist in Marine Biology,Environment & Sustainability,"Science & Research,Law & Government,Tech & Engineering",$65k–$120k,$65k–$110k
8.08,research scientist,0.029,Data Scientist (Research),Fashion & Beauty,"Design & Creative,Marketing & Communications,Science & Research",Research Scientist in Marine Biology,Environment & Sustainability,"Science & Research,Law & Government,Tech & Engineering",$65k–$120k,$65k–$110k
8.06,event sports,0.259,Sports Event Operations Manager,Supply Chain & Operations,"Business & Finance,Tech & Engineering,Science & Research",Sports Event Promoter,Sports & Fitness,"Business & Finance,Hospitality & Events",$45k–$75k,$45k–$85k
