created_at,rows_in_batch,flagged,flagged_pct
2026-04-22T02:52:30.082186+00:00,100,8,8.0
2026-04-22T02:52:34.239097+00:00,100,12,12.0
2026-04-22T02:52:31.845128+00:00,100,9,9.0
2026-04-22T02:52:30.264317+00:00,100,7,7.0
2026-04-22T02:52:32.086589+00:00,100,7,7.0
2026-04-22T02:52:29.856816+00:00,100,5,5.0
2026-04-22T02:52:31.660242+00:00,100,7,7.0
2026-04-22T02:52:29.206458+00:00,100,5,5.0
2026-04-22T02:52:29.646164+00:00,100,7,7.0
2026-04-22T02:52:30.47108+00:00,100,10,10.0
2026-04-22T02:52:33.86077+00:00,100,10,10.0
2026-04-22T02:52:29.422718+00:00,100,9,9.0
2026-04-22T02:52:30.655222+00:00,100,6,6.0
2026-04-22T02:52:33.675655+00:00,100,8,8.0
2026-04-22T02:52:34.465719+00:00,100,10,10.0
2026-04-22T02:52:32.271017+00:00,100,11,11.0
2026-04-22T02:52:32.496342+00:00,100,4,4.0
2026-04-22T02:52:33.477982+00:00,100,8,8.0
2026-04-22T02:52:31.20659+00:00,100,10,10.0
2026-04-22T02:52:31.392704+00:00,100,4,4.0
2026-04-22T02:52:33.087307+00:00,100,6,6.0
2026-04-22T02:52:34.05043+00:00,100,8,8.0
2026-04-22T02:52:33.295118+00:00,100,7,7.0
2026-04-22T02:52:32.680575+00:00,100,8,8.0
2026-04-22T02:52:32.905098+00:00,100,12,12.0
2026-04-22T02:52:34.616352+00:00,34,2,5.9
2026-07-09T03:52:26.703142+00:00,1,0,0.0
2026-07-19T03:25:59.509597+00:00,1,0,0.0
2026-07-24T03:20:02.373704+00:00,1,0,0.0
2026-05-25T02:31:35.710507+00:00,1,0,0.0
2026-06-12T02:32:31.881917+00:00,1,0,0.0
2026-08-13T02:25:12.120847+00:00,1,0,0.0
2026-07-28T02:56:25.323996+00:00,1,1,100.0
2026-05-14T02:12:04.12808+00:00,1,0,0.0
2026-04-29T01:59:04.103263+00:00,1,0,0.0
2026-07-19T03:25:46.096737+00:00,1,0,0.0
2026-07-11T03:18:45.770051+00:00,1,0,0.0
2026-06-02T02:37:27.814173+00:00,1,0,0.0
2026-04-29T02:01:09.045575+00:00,1,0,0.0
2026-04-25T06:07:36.446723+00:00,1,0,0.0
2026-05-29T02:07:30.631759+00:00,1,0,0.0
2026-08-16T01:42:01.758224+00:00,1,0,0.0
2026-07-02T04:03:11.603661+00:00,1,0,0.0
2026-06-08T02:37:47.042906+00:00,1,0,0.0
2026-06-12T02:33:10.588822+00:00,1,0,0.0
2026-06-04T02:40:02.002928+00:00,1,0,0.0
2026-05-10T01:54:43.772084+00:00,1,0,0.0
2026-06-03T02:45:15.458079+00:00,1,0,0.0
2026-05-30T02:03:29.331201+00:00,1,0,0.0
2026-05-31T02:29:54.06949+00:00,1,0,0.0
2026-04-29T02:01:12.402744+00:00,1,0,0.0
2026-06-29T04:28:19.500571+00:00,1,0,0.0
2026-05-22T02:15:02.353099+00:00,1,0,0.0
2026-04-24T06:30:04.880891+00:00,1,0,0.0
2026-05-12T02:01:36.135538+00:00,1,0,0.0
2026-06-01T02:42:01.169487+00:00,1,0,0.0
2026-04-28T07:57:12.291884+00:00,1,0,0.0
2026-08-12T02:27:46.857274+00:00,1,1,100.0
2026-08-18T01:35:12.760028+00:00,1,1,100.0
2026-05-14T02:12:23.322741+00:00,1,0,0.0
2026-07-15T02:53:11.244202+00:00,1,0,0.0
2026-05-13T02:07:13.731227+00:00,1,0,0.0
2026-04-26T06:29:53.776981+00:00,1,0,0.0
2026-04-27T07:57:40.428066+00:00,1,0,0.0
2026-08-16T01:43:34.994695+00:00,1,0,0.0
2026-06-06T02:08:04.660378+00:00,1,0,0.0
2026-04-28T07:57:43.564524+00:00,1,0,0.0
2026-06-23T04:03:08.154362+00:00,1,0,0.0
2026-06-26T04:12:52.06712+00:00,1,0,0.0
2026-05-03T01:51:21.17392+00:00,1,0,0.0
2026-05-13T02:06:48.124305+00:00,1,0,0.0
2026-06-21T02:41:37.916192+00:00,1,0,0.0
2026-08-13T02:25:24.785884+00:00,1,0,0.0
2026-05-07T01:57:52.484082+00:00,1,0,0.0
2026-04-25T06:07:33.027205+00:00,1,0,0.0
2026-05-12T02:00:59.212967+00:00,1,0,0.0
2026-07-02T04:04:04.846982+00:00,1,0,0.0
2026-05-14T02:09:11.572296+00:00,1,0,0.0
2026-05-19T02:12:17.597655+00:00,1,0,0.0
2026-04-22T06:27:54.03876+00:00,1,0,0.0
2026-08-12T02:23:48.903973+00:00,1,0,0.0
2026-07-12T03:30:27.200633+00:00,1,0,0.0
2026-06-21T02:41:13.856851+00:00,1,0,0.0
2026-05-16T02:00:26.906785+00:00,1,0,0.0
2026-06-16T02:46:31.099534+00:00,1,0,0.0
2026-06-13T02:14:20.904725+00:00,1,0,0.0
2026-04-26T06:30:26.048522+00:00,1,0,0.0
2026-05-30T02:02:38.956261+00:00,1,1,100.0
2026-06-26T04:14:59.008247+00:00,1,0,0.0
2026-06-16T02:47:26.974877+00:00,1,0,0.0
2026-06-12T02:33:22.757132+00:00,1,0,0.0
2026-08-17T01:40:42.032145+00:00,1,0,0.0
2026-05-21T02:12:35.000683+00:00,1,0,0.0
2026-05-05T01:54:58.128336+00:00,1,0,0.0
2026-05-05T01:54:45.761495+00:00,1,0,0.0
2026-04-23T06:30:50.929456+00:00,1,0,0.0
2026-05-21T02:14:06.081117+00:00,1,0,0.0
2026-06-08T02:39:18.792926+00:00,1,0,0.0
2026-04-23T06:31:52.662334+00:00,1,0,0.0
2026-07-23T03:25:20.020136+00:00,1,0,0.0
2026-05-08T02:03:46.042399+00:00,1,0,0.0
2026-05-25T02:31:28.994983+00:00,1,0,0.0
2026-07-21T03:20:07.061079+00:00,1,0,0.0
2026-04-22T06:26:29.788765+00:00,1,0,0.0
2026-05-08T02:04:52.844552+00:00,1,0,0.0
2026-04-23T06:30:34.351042+00:00,1,0,0.0
2026-05-13T02:07:57.466358+00:00,1,0,0.0
2026-08-15T01:37:32.213951+00:00,1,0,0.0
2026-06-13T02:15:10.177953+00:00,1,0,0.0
2026-06-16T02:47:03.7915+00:00,1,0,0.0
2026-05-12T02:01:26.444745+00:00,1,0,0.0
2026-05-08T02:02:41.216715+00:00,1,0,0.0
2026-08-07T02:57:25.647705+00:00,1,0,0.0
2026-07-18T02:54:07.262353+00:00,1,0,0.0
2026-06-17T02:42:07.79026+00:00,1,0,0.0
2026-05-07T01:57:22.411361+00:00,1,0,0.0
2026-07-03T03:50:36.080856+00:00,1,0,0.0
2026-05-10T01:54:50.253305+00:00,1,0,0.0
2026-07-24T03:19:45.257354+00:00,1,0,0.0
2026-06-22T02:44:24.983725+00:00,1,0,0.0
2026-06-29T04:28:32.985074+00:00,1,0,0.0
2026-07-06T04:06:15.229248+00:00,1,0,0.0
2026-08-17T01:39:58.5574+00:00,1,0,0.0
2026-08-07T02:58:45.426406+00:00,1,0,0.0
2026-04-28T07:57:21.948064+00:00,1,0,0.0
2026-04-29T01:59:32.509482+00:00,1,0,0.0
2026-06-05T02:14:48.631618+00:00,1,0,0.0
2026-05-24T02:11:12.289692+00:00,1,0,0.0
2026-06-22T03:27:32.511772+00:00,1,0,0.0
2026-06-07T02:35:26.41857+00:00,1,0,0.0
2026-08-15T01:36:43.046488+00:00,1,0,0.0
2026-06-22T03:26:04.976467+00:00,1,0,0.0
2026-07-05T03:59:56.601025+00:00,1,0,0.0
2026-04-27T07:58:42.221353+00:00,1,0,0.0
2026-07-04T03:40:21.279116+00:00,1,0,0.0
2026-06-10T02:17:25.323101+00:00,1,0,0.0
2026-05-04T01:53:39.794212+00:00,1,0,0.0
2026-05-12T02:01:23.268159+00:00,1,0,0.0
2026-07-24T03:19:19.70362+00:00,1,0,0.0
2026-05-07T01:56:35.549365+00:00,1,0,0.0
2026-04-25T06:09:40.555925+00:00,1,0,0.0
2026-07-06T04:06:01.410119+00:00,1,0,0.0
2026-06-28T04:23:13.196871+00:00,1,0,0.0
2026-07-08T03:23:24.742698+00:00,1,0,0.0
2026-06-19T02:54:29.118233+00:00,1,0,0.0
2026-04-30T01:58:27.106599+00:00,1,0,0.0
2026-07-18T02:54:29.858707+00:00,1,0,0.0
2026-07-04T03:40:44.950559+00:00,1,0,0.0
2026-05-16T02:00:47.391099+00:00,1,0,0.0
2026-04-30T01:57:59.274763+00:00,1,0,0.0
2026-05-08T02:04:08.935976+00:00,1,0,0.0
2026-08-12T02:25:55.078119+00:00,1,0,0.0
2026-06-10T02:15:47.041924+00:00,1,0,0.0
2026-07-08T03:23:01.696225+00:00,1,1,100.0
2026-05-08T02:03:32.949786+00:00,1,0,0.0
2026-07-03T03:50:39.07336+00:00,1,0,0.0
2026-05-22T02:14:03.376962+00:00,1,0,0.0
2026-07-18T02:54:39.859773+00:00,1,0,0.0
2026-06-06T02:06:17.203122+00:00,1,0,0.0
2026-07-04T03:41:57.577228+00:00,1,0,0.0
2026-08-12T02:26:47.904533+00:00,1,0,0.0
2026-04-25T06:06:31.403919+00:00,1,0,0.0
2026-06-21T02:40:17.103189+00:00,1,0,0.0
2026-05-24T02:09:48.459769+00:00,1,0,0.0
2026-04-27T07:59:37.713825+00:00,1,1,100.0
2026-05-05T01:52:59.872284+00:00,1,0,0.0
2026-05-16T02:00:50.331847+00:00,1,0,0.0
2026-05-27T02:16:05.687734+00:00,1,0,0.0
2026-07-22T03:19:22.222554+00:00,1,0,0.0
2026-05-02T01:49:21.38929+00:00,1,0,0.0
2026-05-30T02:03:16.002895+00:00,1,0,0.0
2026-08-13T02:28:24.748766+00:00,1,0,0.0
2026-07-09T03:51:29.400842+00:00,1,0,0.0
2026-07-08T03:23:47.418131+00:00,1,1,100.0
2026-05-15T02:08:06.404214+00:00,1,0,0.0
2026-08-17T01:40:23.969956+00:00,1,0,0.0
2026-08-04T03:14:21.96161+00:00,1,0,0.0
2026-05-11T02:06:19.702889+00:00,1,0,0.0
2026-08-07T02:58:38.907085+00:00,1,0,0.0
2026-05-06T01:51:37.216412+00:00,1,0,0.0
2026-06-28T04:21:00.30295+00:00,1,0,0.0
2026-07-07T03:58:20.148742+00:00,1,0,0.0
2026-08-08T01:59:31.700995+00:00,1,0,0.0
2026-07-20T03:39:40.209743+00:00,1,0,0.0
2026-04-23T06:30:41.349399+00:00,1,0,0.0
2026-05-25T02:31:52.575565+00:00,1,0,0.0
2026-05-15T02:07:32.236136+00:00,1,0,0.0
2026-08-13T02:27:10.660861+00:00,1,0,0.0
2026-06-20T02:15:48.067766+00:00,1,0,0.0
2026-06-27T03:59:56.862978+00:00,1,0,0.0
2026-04-29T02:01:43.026555+00:00,1,0,0.0
2026-05-31T02:29:22.000234+00:00,1,0,0.0
2026-05-05T01:54:35.890921+00:00,1,0,0.0
2026-07-14T02:54:52.313182+00:00,1,0,0.0
2026-05-14T02:10:58.797164+00:00,1,0,0.0
2026-06-30T04:08:27.573641+00:00,1,0,0.0
2026-05-24T02:11:01.971684+00:00,1,0,0.0
2026-08-06T03:12:45.482633+00:00,1,0,0.0
2026-05-23T02:04:13.051475+00:00,1,0,0.0
2026-06-05T02:16:18.498303+00:00,1,0,0.0
2026-04-25T06:07:10.87779+00:00,1,1,100.0
2026-08-17T01:41:08.826898+00:00,1,0,0.0
2026-05-30T02:02:16.238929+00:00,1,0,0.0
2026-05-15T02:08:45.31515+00:00,1,0,0.0
2026-06-29T04:28:43.320081+00:00,1,1,100.0
2026-06-03T02:47:05.270447+00:00,1,0,0.0
2026-04-22T03:27:43.976887+00:00,1,0,0.0
2026-05-24T02:09:45.14953+00:00,1,0,0.0
2026-04-26T06:32:13.014234+00:00,1,0,0.0
2026-07-09T03:50:32.621164+00:00,1,0,0.0
2026-06-24T04:07:00.228496+00:00,1,0,0.0
2026-05-23T02:01:33.065644+00:00,1,0,0.0
2026-06-13T02:14:27.228538+00:00,1,1,100.0
2026-07-20T03:41:14.573869+00:00,1,0,0.0
2026-07-12T03:30:15.78147+00:00,1,0,0.0
2026-08-07T02:56:04.633824+00:00,1,0,0.0
2026-05-28T02:01:33.02516+00:00,1,0,0.0
2026-04-22T06:27:09.43258+00:00,1,0,0.0
2026-04-29T02:00:52.938216+00:00,1,0,0.0
2026-07-24T03:21:09.031219+00:00,1,0,0.0
2026-05-07T01:56:55.788408+00:00,1,0,0.0
2026-07-10T03:52:12.604901+00:00,1,0,0.0
2026-05-27T02:17:43.425535+00:00,1,0,0.0
2026-07-30T02:49:06.154688+00:00,1,0,0.0
2026-05-26T02:10:00.306484+00:00,1,0,0.0
2026-05-12T02:00:43.236465+00:00,1,0,0.0
2026-05-14T02:09:08.220633+00:00,1,0,0.0
2026-08-15T01:37:10.321962+00:00,1,0,0.0
2026-08-06T03:13:02.384482+00:00,1,0,0.0
2026-07-28T02:57:11.958272+00:00,1,0,0.0
2026-08-04T03:15:10.145143+00:00,1,0,0.0
2026-06-05T02:14:39.471017+00:00,1,0,0.0
2026-05-02T01:50:09.505424+00:00,1,0,0.0
2026-05-08T02:02:15.750294+00:00,1,0,0.0
2026-07-05T04:01:27.604379+00:00,1,0,0.0
2026-07-30T02:47:43.504084+00:00,1,0,0.0
2026-05-11T02:05:28.105691+00:00,1,0,0.0
2026-05-08T02:02:51.47047+00:00,1,0,0.0
2026-05-28T02:03:41.264052+00:00,1,0,0.0
2026-07-20T03:41:45.070825+00:00,1,0,0.0
2026-06-12T02:34:23.623851+00:00,1,0,0.0
2026-06-14T02:39:05.351942+00:00,1,0,0.0
2026-07-11T03:18:28.837706+00:00,1,0,0.0
2026-05-01T02:01:16.420171+00:00,1,0,0.0
2026-04-22T03:25:27.25551+00:00,1,0,0.0
2026-05-25T02:29:38.332545+00:00,1,0,0.0
2026-04-28T07:58:09.451959+00:00,1,0,0.0
2026-05-19T02:13:04.208554+00:00,1,0,0.0
2026-05-09T01:56:05.133472+00:00,1,0,0.0
2026-05-08T02:05:22.069769+00:00,1,0,0.0
2026-05-26T02:08:53.935107+00:00,1,0,0.0
2026-08-04T03:16:00.384514+00:00,1,0,0.0
2026-06-12T02:34:11.555263+00:00,1,1,100.0
2026-07-08T03:23:53.754498+00:00,1,0,0.0
2026-05-22T02:14:36.039917+00:00,1,0,0.0
2026-05-12T02:01:09.018844+00:00,1,0,0.0
2026-05-28T02:01:07.110408+00:00,1,0,0.0
2026-05-08T02:02:34.249517+00:00,1,0,0.0
2026-06-15T02:43:58.23209+00:00,1,0,0.0
2026-06-20T02:15:20.631555+00:00,1,0,0.0
2026-06-11T02:38:43.702213+00:00,1,0,0.0
2026-06-01T02:40:16.903487+00:00,1,0,0.0
2026-08-16T01:42:55.240286+00:00,1,0,0.0
2026-05-27T02:16:45.82673+00:00,1,0,0.0
2026-06-22T02:45:27.767408+00:00,1,0,0.0
2026-08-06T03:13:17.179035+00:00,1,0,0.0
2026-05-14T02:10:13.207451+00:00,1,0,0.0
2026-05-14T02:09:40.935551+00:00,1,0,0.0
2026-08-05T02:57:43.837604+00:00,1,0,0.0
2026-07-07T03:57:13.572831+00:00,1,0,0.0
2026-05-19T02:14:20.295211+00:00,1,0,0.0
2026-04-27T07:58:39.054972+00:00,1,0,0.0
2026-06-22T03:26:50.983129+00:00,1,0,0.0
2026-04-25T06:09:12.368224+00:00,1,0,0.0
2026-06-15T02:44:31.174805+00:00,1,0,0.0
2026-04-22T03:23:05.849585+00:00,1,0,0.0
2026-08-11T02:07:00.302453+00:00,1,0,0.0
2026-06-22T02:44:45.712903+00:00,1,0,0.0
2026-05-21T02:12:25.447837+00:00,1,0,0.0
2026-05-25T02:29:15.648249+00:00,1,0,0.0
2026-05-27T02:17:04.963558+00:00,1,0,0.0
2026-06-25T04:06:22.321104+00:00,1,0,0.0
2026-04-27T08:00:28.460209+00:00,1,0,0.0
2026-08-12T02:24:33.041239+00:00,1,0,0.0
2026-04-27T08:00:15.312103+00:00,1,0,0.0
2026-05-19T02:14:26.930515+00:00,1,0,0.0
2026-07-22T03:19:00.43202+00:00,1,0,0.0
2026-04-25T06:07:23.236911+00:00,1,0,0.0
2026-05-14T02:10:43.061888+00:00,1,0,0.0
2026-05-11T02:06:55.9725+00:00,1,0,0.0
2026-06-10T02:17:15.866181+00:00,1,0,0.0
2026-08-01T03:30:01.605028+00:00,1,0,0.0
2026-05-23T02:03:14.815706+00:00,1,0,0.0
2026-06-15T02:44:46.439574+00:00,1,0,0.0
2026-08-07T02:57:22.691137+00:00,1,0,0.0
2026-07-08T03:24:03.339353+00:00,1,0,0.0
2026-05-21T02:11:23.062884+00:00,1,0,0.0
2026-04-22T03:24:36.254707+00:00,1,0,0.0
2026-05-26T02:08:47.195299+00:00,1,0,0.0
2026-05-21T02:14:15.481937+00:00,1,0,0.0
2026-05-25T02:30:23.318614+00:00,1,0,0.0
2026-05-12T02:01:53.290445+00:00,1,0,0.0
2026-06-12T02:34:58.868853+00:00,1,0,0.0
2026-07-02T04:03:14.48986+00:00,1,0,0.0
2026-07-21T03:20:10.133725+00:00,1,0,0.0
2026-08-11T02:06:34.904511+00:00,1,0,0.0
2026-08-07T02:54:41.295292+00:00,1,0,0.0
2026-06-23T04:03:42.607538+00:00,1,0,0.0
2026-06-01T02:42:04.213949+00:00,1,0,0.0
2026-06-22T03:26:38.367253+00:00,1,0,0.0
2026-07-25T03:17:41.499544+00:00,1,0,0.0
2026-08-07T02:54:13.75164+00:00,1,0,0.0
2026-07-05T03:59:29.697742+00:00,1,0,0.0
2026-05-28T02:02:53.048546+00:00,1,0,0.0
2026-05-31T02:29:18.457595+00:00,1,0,0.0
2026-04-24T06:31:32.695647+00:00,1,0,0.0
2026-08-04T03:15:49.982394+00:00,1,0,0.0
2026-05-30T02:02:09.22629+00:00,1,0,0.0
2026-06-23T04:04:31.515527+00:00,1,0,0.0
2026-05-01T02:01:13.278232+00:00,1,0,0.0
2026-05-16T02:00:43.902232+00:00,1,0,0.0
2026-07-06T04:06:37.258292+00:00,1,0,0.0
2026-06-23T04:04:21.981162+00:00,1,0,0.0
2026-07-01T04:25:25.213667+00:00,1,0,0.0
2026-05-17T02:01:39.530454+00:00,1,0,0.0
2026-07-03T03:48:53.242057+00:00,1,0,0.0
2026-06-22T02:44:28.061905+00:00,1,0,0.0
2026-05-19T02:13:07.335164+00:00,1,0,0.0
2026-04-28T07:58:02.446543+00:00,1,1,100.0
2026-05-11T02:06:49.64939+00:00,1,0,0.0
2026-05-12T02:01:49.853059+00:00,1,0,0.0
2026-06-23T04:03:23.861787+00:00,1,0,0.0
2026-06-06T02:07:51.286751+00:00,1,0,0.0
2026-05-21T02:12:28.591248+00:00,1,0,0.0
2026-05-18T02:14:25.331508+00:00,1,0,0.0
2026-06-27T03:59:02.581753+00:00,1,0,0.0
2026-05-06T01:53:42.243931+00:00,1,0,0.0
2026-05-23T02:01:02.253381+00:00,1,0,0.0
2026-04-29T02:00:36.225898+00:00,1,0,0.0
2026-07-10T03:52:09.610604+00:00,1,0,0.0
2026-05-26T02:09:20.465731+00:00,1,0,0.0
2026-07-15T02:53:25.512429+00:00,1,0,0.0
2026-04-27T07:59:09.27379+00:00,1,0,0.0
2026-05-08T02:03:42.762859+00:00,1,0,0.0
2026-04-26T06:33:14.255653+00:00,1,0,0.0
2026-06-01T02:39:31.057261+00:00,1,0,0.0
2026-05-17T02:01:53.116989+00:00,1,0,0.0
2026-07-29T03:14:57.798408+00:00,1,0,0.0
2026-08-12T02:25:44.884311+00:00,1,0,0.0
2026-06-10T02:15:33.783986+00:00,1,0,0.0
2026-08-06T03:13:31.118192+00:00,1,0,0.0
2026-05-24T02:10:28.925999+00:00,1,0,0.0
2026-06-26T04:14:21.481727+00:00,1,0,0.0
2026-07-03T03:48:49.858177+00:00,1,0,0.0
2026-06-11T02:37:39.479046+00:00,1,0,0.0
2026-08-18T01:36:24.600999+00:00,1,0,0.0
2026-07-07T03:57:48.231509+00:00,1,0,0.0
2026-04-27T07:58:57.338247+00:00,1,0,0.0
2026-06-08T02:39:01.567426+00:00,1,0,0.0
2026-08-12T02:25:02.828573+00:00,1,0,0.0
2026-06-04T02:40:44.955522+00:00,1,1,100.0
2026-05-03T01:53:37.513239+00:00,1,0,0.0
2026-08-12T02:28:10.030622+00:00,1,0,0.0
2026-04-25T06:07:14.077119+00:00,1,1,100.0
2026-06-03T02:45:50.05213+00:00,1,0,0.0
2026-07-03T03:49:47.890594+00:00,1,0,0.0
2026-06-22T02:44:42.545612+00:00,1,0,0.0
2026-06-01T02:41:51.364299+00:00,1,0,0.0
2026-06-04T02:39:48.110886+00:00,1,0,0.0
2026-07-03T03:50:13.161413+00:00,1,1,100.0
2026-08-13T02:25:06.378911+00:00,1,0,0.0
2026-04-27T07:59:54.74404+00:00,1,0,0.0
2026-05-08T02:03:52.011281+00:00,1,0,0.0
2026-08-13T02:27:16.710771+00:00,1,0,0.0
2026-04-24T06:31:15.729421+00:00,1,0,0.0
2026-05-07T01:56:32.367263+00:00,1,0,0.0
2026-05-19T02:14:02.224448+00:00,1,1,100.0
2026-07-01T04:24:40.743002+00:00,1,0,0.0
2026-08-07T02:55:58.09592+00:00,1,0,0.0
2026-04-22T03:25:33.395213+00:00,1,0,0.0
2026-06-10T02:16:16.629133+00:00,1,0,0.0
2026-07-23T03:24:49.317134+00:00,1,0,0.0
2026-05-08T02:03:11.996464+00:00,1,0,0.0
2026-07-13T03:32:38.830583+00:00,1,0,0.0
2026-06-25T04:07:01.273634+00:00,1,0,0.0
2026-07-09T03:51:06.596309+00:00,1,0,0.0
2026-08-12T02:28:25.505594+00:00,1,0,0.0
2026-07-16T03:14:20.60168+00:00,1,0,0.0
2026-05-04T01:53:01.669175+00:00,1,0,0.0
2026-06-14T02:37:23.849173+00:00,1,0,0.0
2026-04-30T01:58:58.710567+00:00,1,0,0.0
2026-08-07T02:55:20.657099+00:00,1,0,0.0
2026-06-13T02:14:30.650395+00:00,1,1,100.0
2026-05-15T02:07:47.268501+00:00,1,0,0.0
2026-07-30T02:47:40.210924+00:00,1,0,0.0
2026-08-12T02:29:00.267818+00:00,1,0,0.0
2026-07-27T03:39:27.422932+00:00,1,0,0.0
2026-07-02T04:04:18.062668+00:00,1,0,0.0
2026-06-21T02:41:58.000629+00:00,1,0,0.0
2026-07-06T04:05:41.214736+00:00,1,0,0.0
2026-04-25T06:07:07.340773+00:00,1,0,0.0
2026-05-28T02:01:23.229626+00:00,1,1,100.0
2026-05-11T02:04:52.577354+00:00,1,0,0.0
2026-07-24T03:20:24.937715+00:00,1,0,0.0
2026-06-07T02:35:16.343278+00:00,1,0,0.0
2026-07-20T03:41:17.626735+00:00,1,0,0.0
2026-07-08T03:22:55.314313+00:00,1,0,0.0
2026-04-29T02:00:10.715612+00:00,1,0,0.0
2026-08-01T03:29:33.216195+00:00,1,0,0.0
2026-05-16T02:00:36.54075+00:00,1,1,100.0
2026-05-16T01:59:33.410773+00:00,1,0,0.0
2026-04-30T01:59:21.855586+00:00,1,0,0.0
2026-08-14T02:23:45.840249+00:00,1,0,0.0
2026-05-27T02:17:25.943231+00:00,1,0,0.0
2026-06-03T02:45:38.32838+00:00,1,0,0.0
2026-07-20T03:40:07.463122+00:00,1,0,0.0
2026-08-12T02:24:23.518031+00:00,1,0,0.0
2026-06-12T02:33:52.637814+00:00,1,0,0.0
2026-07-18T02:54:18.61949+00:00,1,0,0.0
2026-05-08T02:01:59.315886+00:00,1,0,0.0
2026-05-20T02:12:24.283026+00:00,1,0,0.0
2026-04-29T01:59:42.60209+00:00,1,0,0.0
2026-07-19T03:27:01.705532+00:00,1,0,0.0
2026-05-14T02:08:58.340536+00:00,1,0,0.0
2026-07-15T02:52:54.361117+00:00,1,0,0.0
2026-06-19T02:54:15.630377+00:00,1,0,0.0
2026-06-02T02:37:43.156704+00:00,1,0,0.0
2026-06-13T02:14:13.891524+00:00,1,0,0.0
2026-08-12T02:25:08.893958+00:00,1,0,0.0
2026-07-31T03:30:20.103901+00:00,1,0,0.0
2026-06-28T04:22:46.829196+00:00,1,0,0.0
2026-07-26T03:32:25.888625+00:00,1,0,0.0
2026-07-04T03:42:27.476101+00:00,1,0,0.0
2026-06-26T04:13:18.334247+00:00,1,0,0.0
2026-05-18T02:12:35.193348+00:00,1,0,0.0
2026-05-04T01:52:12.385409+00:00,1,0,0.0
2026-06-19T02:54:19.116396+00:00,1,1,100.0
2026-06-30T04:07:29.59463+00:00,1,0,0.0
2026-04-24T06:32:21.54881+00:00,1,0,0.0
2026-05-03T01:51:36.90638+00:00,1,0,0.0
2026-04-25T06:06:14.505334+00:00,1,0,0.0
2026-07-25T03:17:34.979676+00:00,1,0,0.0
2026-06-22T03:26:44.798302+00:00,1,0,0.0
2026-08-07T02:58:33.152833+00:00,1,0,0.0
2026-07-07T03:57:36.052463+00:00,1,0,0.0
2026-07-08T03:23:04.86633+00:00,1,0,0.0
2026-08-07T02:57:31.625293+00:00,1,0,0.0
2026-05-16T02:00:59.731867+00:00,1,0,0.0
2026-04-23T06:28:42.893248+00:00,1,0,0.0
2026-06-21T02:41:48.66656+00:00,1,0,0.0
2026-07-20T03:41:38.226712+00:00,1,0,0.0
2026-05-30T02:04:06.993416+00:00,1,0,0.0
2026-08-11T02:06:28.075479+00:00,1,0,0.0
2026-04-24T06:31:38.811588+00:00,1,0,0.0
2026-05-31T02:30:00.71916+00:00,1,0,0.0
2026-05-07T01:56:52.462028+00:00,1,0,0.0
2026-06-20T02:15:58.054597+00:00,1,0,0.0
2026-06-06T02:06:56.414785+00:00,1,0,0.0
2026-06-25T04:06:54.959348+00:00,1,0,0.0
2026-07-12T03:29:40.801846+00:00,1,0,0.0
2026-05-01T02:01:03.916737+00:00,1,0,0.0
2026-07-30T02:48:16.169889+00:00,1,0,0.0
2026-07-24T03:18:41.027327+00:00,1,0,0.0
2026-05-25T02:32:08.899895+00:00,1,0,0.0
2026-05-09T01:55:42.155426+00:00,1,0,0.0
2026-05-27T02:16:48.831331+00:00,1,0,0.0
2026-04-24T06:30:17.667431+00:00,1,0,0.0
2026-05-03T01:52:43.620372+00:00,1,0,0.0
2026-04-22T06:26:58.224325+00:00,1,0,0.0
2026-05-19T02:13:51.403054+00:00,1,0,0.0
2026-05-07T01:57:25.618204+00:00,1,0,0.0
2026-06-14T02:37:46.211441+00:00,1,0,0.0
2026-05-18T02:13:48.158738+00:00,1,0,0.0
2026-05-22T02:15:12.347574+00:00,1,1,100.0
2026-04-30T01:59:33.998915+00:00,1,0,0.0
2026-05-30T02:03:12.805188+00:00,1,0,0.0
2026-08-13T02:28:49.216473+00:00,1,0,0.0
2026-06-05T02:15:45.958569+00:00,1,0,0.0
2026-08-12T02:24:14.507662+00:00,1,0,0.0
2026-04-23T06:31:39.495382+00:00,1,0,0.0
2026-05-19T02:12:41.31867+00:00,1,0,0.0
2026-07-07T03:57:00.981672+00:00,1,0,0.0
2026-07-01T04:24:59.928821+00:00,1,0,0.0
2026-04-26T06:33:11.342424+00:00,1,0,0.0
2026-04-22T06:24:18.468057+00:00,1,0,0.0
2026-08-13T02:28:58.027737+00:00,1,0,0.0
2026-08-11T02:05:54.205261+00:00,1,0,0.0
2026-05-04T01:54:02.541346+00:00,1,0,0.0
2026-06-24T04:06:14.749498+00:00,1,0,0.0
2026-04-27T07:58:35.716611+00:00,1,0,0.0
2026-04-24T06:30:01.590813+00:00,1,0,0.0
2026-05-09T01:55:35.656109+00:00,1,0,0.0
2026-07-20T03:41:41.885165+00:00,1,0,0.0
2026-07-24T03:20:11.867182+00:00,1,0,0.0
2026-05-04T01:54:32.412106+00:00,1,0,0.0
2026-07-09T03:52:23.45286+00:00,1,0,0.0
2026-06-22T03:23:10.693257+00:00,1,0,0.0
2026-05-17T02:02:03.026612+00:00,1,0,0.0
2026-08-05T02:57:11.068376+00:00,1,0,0.0
2026-08-12T02:28:51.346787+00:00,1,0,0.0
2026-08-13T02:30:45.241338+00:00,1,0,0.0
2026-07-04T03:42:24.225949+00:00,1,0,0.0
2026-04-23T06:28:55.644176+00:00,1,0,0.0
2026-05-30T02:03:01.077963+00:00,1,0,0.0
2026-05-21T02:13:33.142208+00:00,1,0,0.0
2026-06-12T02:34:01.735921+00:00,1,0,0.0
2026-06-20T02:15:07.929509+00:00,1,0,0.0
2026-06-17T02:41:28.391159+00:00,1,0,0.0
2026-04-24T06:31:26.108311+00:00,1,0,0.0
2026-08-13T02:26:51.213813+00:00,1,0,0.0
2026-06-10T02:15:08.583415+00:00,1,0,0.0
2026-07-17T03:16:57.482184+00:00,1,0,0.0
2026-04-27T07:59:47.411895+00:00,1,0,0.0
2026-05-08T02:04:28.196561+00:00,1,0,0.0
2026-05-23T02:00:52.083038+00:00,1,0,0.0
2026-05-26T02:10:43.182692+00:00,1,0,0.0
2026-08-02T03:29:37.975835+00:00,1,0,0.0
2026-08-07T02:58:42.01174+00:00,1,0,0.0
2026-06-04T02:40:31.973552+00:00,1,0,0.0
2026-05-18T02:13:44.924087+00:00,1,0,0.0
2026-06-28T04:22:05.590216+00:00,1,0,0.0
2026-07-16T03:15:42.188633+00:00,1,0,0.0
2026-05-17T02:02:35.297607+00:00,1,0,0.0
2026-06-22T03:27:39.780206+00:00,1,0,0.0
2026-04-27T07:58:02.130786+00:00,1,1,100.0
2026-08-04T03:15:23.97221+00:00,1,0,0.0
2026-07-05T04:00:09.42059+00:00,1,0,0.0
2026-04-24T06:31:35.496483+00:00,1,0,0.0
2026-04-22T06:25:13.449878+00:00,1,0,0.0
2026-08-07T02:55:02.962745+00:00,1,0,0.0
2026-08-13T02:28:34.198309+00:00,1,0,0.0
2026-07-02T04:04:01.793402+00:00,1,0,0.0
2026-07-04T03:42:21.03439+00:00,1,0,0.0
2026-04-25T06:07:26.446396+00:00,1,0,0.0
2026-08-04T03:13:55.484764+00:00,1,0,0.0
2026-04-25T06:06:28.146298+00:00,1,0,0.0
2026-06-14T02:39:02.46101+00:00,1,0,0.0
2026-07-13T03:33:05.075213+00:00,1,0,0.0
2026-06-04T02:39:54.573772+00:00,1,0,0.0
2026-04-27T07:59:57.890149+00:00,1,0,0.0
2026-04-24T06:30:45.863294+00:00,1,0,0.0
2026-08-08T01:59:07.274668+00:00,1,0,0.0
2026-06-02T02:37:59.737126+00:00,1,0,0.0
2026-05-30T02:04:16.514576+00:00,1,0,0.0
2026-05-19T02:12:35.283855+00:00,1,0,0.0
2026-05-19T02:13:20.968644+00:00,1,0,0.0
2026-08-01T03:29:20.352022+00:00,1,0,0.0
2026-06-12T02:35:04.875479+00:00,1,0,0.0
2026-05-06T01:52:37.434099+00:00,1,0,0.0
2026-04-23T06:29:18.587837+00:00,1,0,0.0
2026-05-29T02:08:39.422951+00:00,1,0,0.0
2026-05-14T02:09:53.590656+00:00,1,0,0.0
2026-08-13T02:26:26.241421+00:00,1,0,0.0
2026-04-22T03:27:59.826729+00:00,1,0,0.0
2026-05-19T02:13:27.928259+00:00,1,0,0.0
2026-06-30T04:07:26.596507+00:00,1,0,0.0
2026-07-04T03:40:27.763093+00:00,1,0,0.0
2026-05-06T01:51:40.363527+00:00,1,0,0.0
2026-05-19T02:12:31.998587+00:00,1,0,0.0
2026-04-29T02:00:33.05942+00:00,1,0,0.0
2026-07-25T03:18:05.038969+00:00,1,0,0.0
2026-05-08T02:05:56.147513+00:00,1,0,0.0
2026-06-22T03:23:48.748561+00:00,1,0,0.0
2026-06-05T02:15:25.024412+00:00,1,0,0.0
2026-04-27T08:00:25.279315+00:00,1,0,0.0
2026-06-06T02:06:01.00402+00:00,1,0,0.0
2026-07-27T03:40:11.93905+00:00,1,0,0.0
2026-05-05T01:53:53.058417+00:00,1,0,0.0
2026-07-01T04:23:44.168068+00:00,1,0,0.0
2026-04-26T06:32:37.270836+00:00,1,0,0.0
2026-06-07T02:35:42.068671+00:00,1,0,0.0
2026-06-06T02:08:07.958221+00:00,1,0,0.0
2026-05-14T02:09:17.949508+00:00,1,0,0.0
2026-05-27T02:16:35.71554+00:00,1,0,0.0
2026-07-24T03:20:52.683693+00:00,1,0,0.0
2026-05-09T01:55:51.646459+00:00,1,0,0.0
2026-05-29T02:08:48.759724+00:00,1,0,0.0
2026-06-01T02:40:33.683478+00:00,1,0,0.0
2026-04-28T07:58:15.343292+00:00,1,0,0.0
2026-07-11T03:19:33.099558+00:00,1,0,0.0
2026-06-13T02:15:00.374521+00:00,1,0,0.0
2026-07-16T03:15:16.858256+00:00,1,0,0.0
2026-06-01T02:40:01.187632+00:00,1,0,0.0
2026-06-06T02:07:38.910901+00:00,1,0,0.0
2026-08-05T02:55:56.159077+00:00,1,0,0.0
2026-06-18T02:38:54.346067+00:00,1,0,0.0
2026-05-03T01:52:00.579668+00:00,1,0,0.0
2026-07-10T03:51:54.234432+00:00,1,0,0.0
2026-05-08T02:03:29.693093+00:00,1,1,100.0
2026-07-24T03:19:35.81906+00:00,1,0,0.0
2026-05-04T01:54:25.781573+00:00,1,0,0.0
2026-08-05T02:57:07.920938+00:00,1,0,0.0
2026-07-01T04:24:05.620049+00:00,1,0,0.0
2026-05-08T02:05:31.409498+00:00,1,0,0.0
2026-07-09T03:51:16.171391+00:00,1,0,0.0
2026-05-02T01:49:48.884832+00:00,1,0,0.0
2026-04-25T06:08:17.248896+00:00,1,0,0.0
2026-05-31T02:30:03.979444+00:00,1,0,0.0
2026-04-26T06:32:00.272022+00:00,1,0,0.0
2026-07-27T03:39:10.82543+00:00,1,0,0.0
2026-08-16T01:43:04.512639+00:00,1,0,0.0
2026-05-04T01:53:07.537785+00:00,1,0,0.0
2026-05-29T02:06:48.589245+00:00,1,0,0.0
2026-05-23T02:02:30.731631+00:00,1,0,0.0
2026-06-17T02:42:53.630728+00:00,1,0,0.0
2026-07-04T03:41:15.950699+00:00,1,0,0.0
2026-05-14T02:11:12.338531+00:00,1,0,0.0
2026-07-05T04:00:34.817597+00:00,1,0,0.0
2026-05-30T02:02:05.757924+00:00,1,0,0.0
2026-06-05T02:14:59.100004+00:00,1,0,0.0
2026-06-21T02:40:38.952407+00:00,1,0,0.0
2026-08-12T02:25:38.48327+00:00,1,0,0.0
2026-07-19T03:26:12.27979+00:00,1,0,0.0
2026-07-02T04:03:20.809666+00:00,1,0,0.0
2026-04-28T07:57:31.265106+00:00,1,0,0.0
2026-07-05T04:01:24.475399+00:00,1,0,0.0
2026-07-17T03:17:48.796617+00:00,1,1,100.0
2026-05-22T02:13:53.98041+00:00,1,0,0.0
2026-06-06T02:07:19.667687+00:00,1,0,0.0
2026-04-22T06:24:14.931084+00:00,1,0,0.0
2026-04-23T06:31:22.586907+00:00,1,0,0.0
2026-05-24T02:10:58.422118+00:00,1,0,0.0
2026-07-12T03:30:12.631048+00:00,1,0,0.0
2026-06-12T02:32:38.557965+00:00,1,0,0.0
2026-06-18T02:39:18.452385+00:00,1,0,0.0
2026-04-26T06:32:21.862933+00:00,1,0,0.0
2026-06-04T02:39:37.405247+00:00,1,0,0.0
2026-06-26T04:14:53.050901+00:00,1,0,0.0
2026-06-18T02:39:39.87294+00:00,1,1,100.0
2026-05-24T02:10:39.093004+00:00,1,0,0.0
2026-04-28T08:00:09.625106+00:00,1,0,0.0
2026-05-21T02:11:12.704691+00:00,1,0,0.0
2026-05-05T01:54:06.312132+00:00,1,0,0.0
2026-07-31T03:30:52.62946+00:00,1,0,0.0
2026-05-16T02:00:53.487064+00:00,1,0,0.0
2026-07-25T03:17:28.744151+00:00,1,0,0.0
2026-08-16T01:43:20.002442+00:00,1,0,0.0
2026-08-05T02:56:02.819995+00:00,1,0,0.0
2026-06-21T02:40:45.875713+00:00,1,0,0.0
2026-04-28T08:00:23.777488+00:00,1,0,0.0
2026-08-06T03:13:51.142395+00:00,1,0,0.0
2026-05-26T02:10:47.206129+00:00,1,0,0.0
2026-06-16T02:45:11.394605+00:00,1,0,0.0
2026-05-29T02:08:14.012571+00:00,1,0,0.0
2026-05-17T02:01:11.881817+00:00,1,0,0.0
2026-04-25T06:06:50.560509+00:00,1,0,0.0
2026-05-31T02:29:31.465852+00:00,1,0,0.0
2026-06-18T02:39:24.708028+00:00,1,0,0.0
2026-07-01T04:24:01.782321+00:00,1,0,0.0
2026-07-13T03:32:28.842983+00:00,1,0,0.0
2026-05-02T01:48:56.491821+00:00,1,0,0.0
2026-06-17T02:41:16.235086+00:00,1,0,0.0
2026-04-27T08:01:25.963639+00:00,1,1,100.0
2026-08-10T02:11:23.299521+00:00,1,0,0.0
2026-06-21T02:40:58.101531+00:00,1,0,0.0
2026-07-29T03:14:54.713509+00:00,1,0,0.0
2026-05-13T02:06:21.946078+00:00,1,0,0.0
2026-04-22T06:23:58.951229+00:00,1,0,0.0
2026-04-22T03:24:39.58861+00:00,1,0,0.0
2026-04-30T01:57:43.40219+00:00,1,0,0.0
2026-06-27T03:59:53.799495+00:00,1,0,0.0
2026-05-01T02:00:04.033312+00:00,1,0,0.0
2026-05-09T01:56:14.968978+00:00,1,0,0.0
2026-06-01T02:40:04.245223+00:00,1,0,0.0
2026-06-14T02:37:29.841363+00:00,1,0,0.0
2026-05-26T02:09:13.666168+00:00,1,0,0.0
2026-07-03T03:50:09.753144+00:00,1,0,0.0
2026-05-05T01:54:25.682036+00:00,1,0,0.0
2026-08-18T01:36:21.082717+00:00,1,0,0.0
2026-05-01T02:00:19.714287+00:00,1,0,0.0
2026-04-22T03:25:45.778842+00:00,1,0,0.0
2026-06-22T02:44:51.626487+00:00,1,0,0.0
2026-06-25T04:05:46.462283+00:00,1,0,0.0
2026-05-31T02:30:22.355083+00:00,1,0,0.0
2026-04-27T08:01:48.714542+00:00,1,0,0.0
2026-08-07T02:59:06.759243+00:00,1,0,0.0
2026-04-27T08:01:04.629921+00:00,1,0,0.0
2026-04-22T03:28:03.209695+00:00,1,0,0.0
2026-07-24T03:20:15.409401+00:00,1,0,0.0
2026-07-02T04:02:49.440249+00:00,1,0,0.0
2026-06-05T02:15:29.512107+00:00,1,0,0.0
2026-05-18T02:13:51.35249+00:00,1,0,0.0
2026-05-20T02:12:21.379271+00:00,1,0,0.0
2026-07-29T03:15:16.469225+00:00,1,0,0.0
2026-07-20T03:40:41.540592+00:00,1,0,0.0
2026-08-06T03:13:58.110489+00:00,1,0,0.0
2026-04-22T06:25:34.087867+00:00,1,0,0.0
2026-08-07T02:57:05.566017+00:00,1,0,0.0
2026-06-18T02:40:13.216744+00:00,1,0,0.0
2026-04-28T07:57:56.253894+00:00,1,0,0.0
2026-05-03T01:53:08.461502+00:00,1,1,100.0
2026-05-25T02:29:31.531766+00:00,1,0,0.0
2026-07-24T03:18:48.071834+00:00,1,0,0.0
2026-05-15T02:07:12.179654+00:00,1,0,0.0
2026-06-26T04:14:06.259338+00:00,1,0,0.0
2026-05-29T02:07:53.669248+00:00,1,0,0.0
2026-05-11T02:06:16.432009+00:00,1,0,0.0
2026-05-19T02:12:26.026472+00:00,1,0,0.0
2026-05-02T01:48:33.241115+00:00,1,0,0.0
2026-06-12T02:32:46.486574+00:00,1,0,0.0
2026-06-12T02:33:36.400176+00:00,1,0,0.0
2026-06-25T04:06:58.02771+00:00,1,0,0.0
2026-05-14T02:09:21.146335+00:00,1,0,0.0
2026-07-16T03:14:00.020642+00:00,1,0,0.0
2026-07-09T03:51:45.284242+00:00,1,0,0.0
2026-08-04T03:16:03.447673+00:00,1,0,0.0
2026-05-01T01:59:38.129055+00:00,1,0,0.0
2026-08-12T02:23:45.658594+00:00,1,0,0.0
2026-05-05T01:53:09.545426+00:00,1,0,0.0
2026-05-31T02:30:32.450851+00:00,1,0,0.0
2026-07-13T03:32:19.498333+00:00,1,0,0.0
2026-05-10T01:56:10.586202+00:00,1,0,0.0
2026-05-24T02:10:25.46662+00:00,1,0,0.0
2026-08-06T03:14:20.818434+00:00,1,0,0.0
2026-05-12T02:02:25.201728+00:00,1,0,0.0
2026-08-12T02:24:51.199901+00:00,1,0,0.0
2026-07-12T03:29:28.45793+00:00,1,0,0.0
2026-08-06T03:14:27.374131+00:00,1,0,0.0
2026-06-22T03:26:11.173541+00:00,1,0,0.0
2026-07-03T03:50:32.508095+00:00,1,0,0.0
2026-07-15T02:53:45.590847+00:00,1,0,0.0
2026-05-16T02:00:14.655351+00:00,1,0,0.0
2026-05-22T02:14:13.205322+00:00,1,0,0.0
2026-06-19T02:54:48.866242+00:00,1,0,0.0
2026-07-03T03:49:19.986228+00:00,1,0,0.0
2026-05-04T01:52:58.523143+00:00,1,0,0.0
2026-07-11T03:19:26.420815+00:00,1,0,0.0
2026-07-24T03:20:43.615293+00:00,1,0,0.0
2026-06-27T04:00:30.558623+00:00,1,0,0.0
2026-08-13T02:28:40.295451+00:00,1,0,0.0
2026-07-15T02:52:47.945429+00:00,1,0,0.0
2026-07-26T03:31:20.948881+00:00,1,0,0.0
2026-05-24T02:11:05.167977+00:00,1,0,0.0
2026-07-10T03:52:18.826587+00:00,1,0,0.0
2026-06-06T02:07:57.777642+00:00,1,0,0.0
2026-05-23T02:02:41.67622+00:00,1,0,0.0
2026-07-06T04:06:34.289723+00:00,1,1,100.0
2026-05-11T02:04:42.672375+00:00,1,0,0.0
2026-05-12T02:01:56.633114+00:00,1,0,0.0
2026-05-28T02:02:20.366945+00:00,1,0,0.0
2026-06-03T02:47:02.043323+00:00,1,0,0.0
2026-05-26T02:10:33.218423+00:00,1,0,0.0
2026-06-20T02:16:04.335879+00:00,1,0,0.0
2026-04-22T06:25:53.662995+00:00,1,0,0.0
2026-07-03T03:49:13.740636+00:00,1,0,0.0
2026-07-30T02:47:23.958779+00:00,1,0,0.0
2026-06-26T04:12:55.405923+00:00,1,0,0.0
2026-05-06T01:51:54.081759+00:00,1,0,0.0
2026-06-26T04:14:40.050159+00:00,1,0,0.0
2026-06-24T04:06:11.368302+00:00,1,1,100.0
2026-08-10T02:12:09.841887+00:00,1,0,0.0
2026-05-13T02:08:48.766116+00:00,1,0,0.0
2026-06-15T02:42:41.120663+00:00,1,0,0.0
2026-05-04T01:52:25.288642+00:00,1,0,0.0
2026-05-29T02:07:27.33609+00:00,1,0,0.0
2026-04-22T03:23:38.301189+00:00,1,0,0.0
2026-05-31T02:30:26.22279+00:00,1,0,0.0
2026-05-09T01:57:06.85907+00:00,1,0,0.0
2026-05-06T01:52:27.545985+00:00,1,0,0.0
2026-04-22T03:23:45.088897+00:00,1,0,0.0
2026-06-12T02:33:25.708087+00:00,1,0,0.0
2026-04-27T07:58:47.1376+00:00,1,0,0.0
2026-05-04T01:53:27.242833+00:00,1,0,0.0
2026-05-25T02:30:26.518895+00:00,1,0,0.0
2026-07-02T04:03:26.971729+00:00,1,0,0.0
2026-06-27T03:59:12.025473+00:00,1,1,100.0
2026-04-30T01:58:30.270529+00:00,1,0,0.0
2026-05-20T02:11:25.457+00:00,1,0,0.0
2026-08-07T02:56:42.089808+00:00,1,0,0.0
2026-06-01T02:42:11.596367+00:00,1,0,0.0
2026-06-16T02:45:21.507574+00:00,1,0,0.0
2026-05-01T02:00:57.34971+00:00,1,0,0.0
2026-05-15T02:08:26.171966+00:00,1,0,0.0
2026-05-14T02:11:09.263829+00:00,1,0,0.0
2026-06-30T04:08:35.082936+00:00,1,0,0.0
2026-06-10T02:15:01.208656+00:00,1,0,0.0
2026-06-01T02:39:23.230934+00:00,1,0,0.0
2026-08-02T03:30:10.297963+00:00,1,0,0.0
2026-07-21T03:20:13.280923+00:00,1,0,0.0
2026-08-08T01:59:40.835294+00:00,1,0,0.0
2026-06-08T02:37:32.401098+00:00,1,0,0.0
2026-05-18T02:14:04.815756+00:00,1,0,0.0
2026-06-14T02:37:59.27479+00:00,1,0,0.0
2026-08-05T02:57:49.93048+00:00,1,0,0.0
2026-05-10T01:55:10.911323+00:00,1,0,0.0
2026-06-24T04:05:36.844271+00:00,1,0,0.0
2026-08-12T02:28:54.284256+00:00,1,0,0.0
2026-07-09T03:52:02.24842+00:00,1,0,0.0
2026-05-24T02:11:08.952531+00:00,1,0,0.0
2026-06-27T04:00:10.814537+00:00,1,0,0.0
2026-05-01T02:00:41.417015+00:00,1,0,0.0
2026-06-11T02:39:00.475578+00:00,1,0,0.0
2026-07-28T02:56:01.066275+00:00,1,0,0.0
2026-06-22T03:22:47.916367+00:00,1,0,0.0
2026-05-03T01:51:30.627616+00:00,1,0,0.0
2026-08-13T02:31:10.931854+00:00,1,0,0.0
2026-08-15T01:36:36.147325+00:00,1,0,0.0
2026-06-11T02:38:06.570155+00:00,1,0,0.0
2026-08-02T03:29:34.862214+00:00,1,0,0.0
2026-04-27T08:01:29.242435+00:00,1,0,0.0
2026-06-21T02:42:10.517344+00:00,1,0,0.0
2026-06-07T02:35:22.969714+00:00,1,0,0.0
2026-05-08T02:05:49.848361+00:00,1,0,0.0
2026-06-30T04:08:59.724294+00:00,1,0,0.0
2026-08-17T01:40:04.902864+00:00,1,0,0.0
2026-05-25T02:31:18.956877+00:00,1,0,0.0
2026-06-10T02:15:30.458324+00:00,1,0,0.0
2026-07-30T02:48:22.239818+00:00,1,0,0.0
2026-06-10T02:17:34.682974+00:00,1,0,0.0
2026-05-06T01:53:29.085472+00:00,1,0,0.0
2026-07-21T03:20:00.452342+00:00,1,0,0.0
2026-08-07T02:58:04.43051+00:00,1,0,0.0
2026-07-15T02:52:57.998957+00:00,1,1,100.0
2026-06-01T02:39:15.71479+00:00,1,0,0.0
2026-08-12T02:27:59.603277+00:00,1,0,0.0
2026-08-18T01:36:27.822029+00:00,1,0,0.0
2026-08-11T02:06:21.300173+00:00,1,0,0.0
2026-06-23T04:03:53.004316+00:00,1,0,0.0
2026-07-22T03:18:15.770315+00:00,1,1,100.0
2026-04-28T08:00:00.290752+00:00,1,0,0.0
2026-04-27T07:58:21.918354+00:00,1,0,0.0
2026-05-03T01:53:05.199525+00:00,1,0,0.0
2026-06-23T04:03:49.585503+00:00,1,0,0.0
2026-08-08T01:59:37.955849+00:00,1,0,0.0
2026-05-29T02:07:43.232166+00:00,1,0,0.0
2026-08-07T02:55:55.23895+00:00,1,0,0.0
2026-05-21T02:11:20.007666+00:00,1,0,0.0
2026-07-19T03:27:04.909105+00:00,1,0,0.0
2026-07-18T02:54:03.61691+00:00,1,0,0.0
2026-05-14T02:10:32.462675+00:00,1,0,0.0
2026-06-06T02:06:53.330674+00:00,1,0,0.0
2026-04-23T06:29:31.850549+00:00,1,0,0.0
2026-04-28T07:57:46.622704+00:00,1,0,0.0
2026-07-14T02:54:15.906419+00:00,1,0,0.0
2026-04-23T06:28:46.096488+00:00,1,0,0.0
2026-07-20T03:39:43.669417+00:00,1,0,0.0
2026-07-21T03:20:29.256968+00:00,1,0,0.0
2026-08-17T01:39:33.771712+00:00,1,0,0.0
2026-04-29T02:00:39.306897+00:00,1,0,0.0
2026-07-10T03:51:32.230417+00:00,1,0,0.0
2026-06-15T02:43:02.71025+00:00,1,0,0.0
2026-05-19T02:13:10.472605+00:00,1,0,0.0
2026-05-13T02:08:52.086535+00:00,1,0,0.0
2026-05-18T02:14:28.465773+00:00,1,0,0.0
2026-08-07T02:58:07.416812+00:00,1,0,0.0
2026-07-30T02:48:09.806951+00:00,1,0,0.0
2026-08-10T02:12:12.595727+00:00,1,0,0.0
2026-04-22T06:23:45.574034+00:00,1,0,0.0
2026-05-31T02:29:40.464896+00:00,1,0,0.0
2026-06-30T04:08:18.383535+00:00,1,0,0.0
2026-05-03T01:52:03.719843+00:00,1,0,0.0
2026-06-14T02:39:17.992024+00:00,1,0,0.0
2026-05-14T02:09:44.001257+00:00,1,0,0.0
2026-08-12T02:27:24.841074+00:00,1,1,100.0
2026-04-22T03:24:49.006235+00:00,1,0,0.0
2026-04-22T03:25:08.422461+00:00,1,0,0.0
2026-06-22T02:44:04.782533+00:00,1,0,0.0
2026-08-13T02:27:50.378025+00:00,1,0,0.0
2026-07-06T04:06:24.310969+00:00,1,0,0.0
2026-06-19T02:54:32.455185+00:00,1,0,0.0
2026-07-19T03:26:16.243651+00:00,1,0,0.0
2026-06-28T04:21:03.818867+00:00,1,0,0.0
2026-07-06T04:06:08.3259+00:00,1,0,0.0
2026-06-08T02:38:33.121399+00:00,1,0,0.0
2026-08-06T03:13:06.399+00:00,1,0,0.0
2026-08-01T03:29:52.024111+00:00,1,0,0.0
2026-08-09T02:06:42.072087+00:00,1,0,0.0
2026-04-27T07:57:48.356225+00:00,1,0,0.0
2026-04-22T03:27:56.338719+00:00,1,0,0.0
2026-04-28T07:58:05.661202+00:00,1,0,0.0
2026-05-17T02:01:21.075502+00:00,1,0,0.0
2026-07-12T03:30:02.866151+00:00,1,0,0.0
2026-05-11T02:05:56.678224+00:00,1,0,0.0
2026-06-14T02:38:29.712192+00:00,1,0,0.0
2026-07-01T04:25:02.809685+00:00,1,0,0.0
2026-05-27T02:16:28.841359+00:00,1,0,0.0
2026-04-27T07:59:20.135899+00:00,1,0,0.0
2026-05-17T02:02:28.841904+00:00,1,0,0.0
2026-08-12T02:25:25.506082+00:00,1,0,0.0
2026-08-09T02:07:06.956759+00:00,1,0,0.0
2026-08-07T02:57:09.503334+00:00,1,0,0.0
2026-07-31T03:30:23.267215+00:00,1,0,0.0
2026-07-21T03:19:47.65979+00:00,1,0,0.0
2026-05-25T02:31:45.690152+00:00,1,0,0.0
2026-06-10T02:15:37.279779+00:00,1,0,0.0
2026-08-17T01:40:10.912896+00:00,1,0,0.0
2026-06-22T02:45:17.715669+00:00,1,0,0.0
2026-05-25T02:29:59.624485+00:00,1,0,0.0
2026-07-04T03:40:18.071251+00:00,1,0,0.0
2026-05-14T02:10:03.690524+00:00,1,0,0.0
2026-05-08T02:01:49.092875+00:00,1,0,0.0
2026-07-19T03:26:26.370383+00:00,1,0,0.0
2026-06-15T02:45:10.346687+00:00,1,0,0.0
2026-07-11T03:19:00.679662+00:00,1,0,0.0
2026-06-21T02:40:24.369693+00:00,1,0,0.0
2026-05-23T02:01:53.16525+00:00,1,0,0.0
2026-07-10T03:51:45.19811+00:00,1,0,0.0
2026-04-22T06:26:52.584642+00:00,1,0,0.0
2026-05-26T02:09:03.70029+00:00,1,0,0.0
2026-08-17T01:40:56.864269+00:00,1,0,0.0
2026-04-23T06:30:11.384647+00:00,1,0,0.0
2026-06-22T03:23:24.217025+00:00,1,0,0.0
2026-04-28T07:57:34.233162+00:00,1,0,0.0
2026-07-01T04:25:13.481003+00:00,1,0,0.0
2026-04-22T03:26:52.214621+00:00,1,0,0.0
2026-08-12T02:27:52.778833+00:00,1,0,0.0
2026-05-13T02:06:58.783497+00:00,1,0,0.0
2026-06-19T02:54:51.96473+00:00,1,0,0.0
2026-05-23T02:03:08.186605+00:00,1,0,0.0
2026-06-12T02:33:55.850069+00:00,1,0,0.0
2026-04-26T06:30:19.918483+00:00,1,0,0.0
2026-08-07T02:58:16.695613+00:00,1,0,0.0
2026-04-28T08:00:19.621663+00:00,1,0,0.0
2026-08-01T03:29:10.992032+00:00,1,0,0.0
2026-04-30T01:58:23.976757+00:00,1,0,0.0
2026-06-22T03:23:45.401201+00:00,1,1,100.0
2026-05-03T01:53:27.760205+00:00,1,0,0.0
2026-04-24T06:30:30.744203+00:00,1,0,0.0
2026-07-28T02:55:54.674267+00:00,1,1,100.0
2026-08-05T02:56:06.244136+00:00,1,0,0.0
2026-06-22T02:44:07.896958+00:00,1,0,0.0
2026-04-28T07:59:20.752479+00:00,1,0,0.0
2026-04-29T01:59:25.983336+00:00,1,0,0.0
2026-08-16T01:43:07.822997+00:00,1,0,0.0
2026-08-11T02:06:53.614304+00:00,1,0,0.0
2026-06-01T02:41:47.952285+00:00,1,0,0.0
2026-04-26T06:32:59.431126+00:00,1,0,0.0
2026-05-08T02:05:40.01894+00:00,1,0,0.0
2026-08-17T01:40:53.217598+00:00,1,0,0.0
2026-05-08T02:04:48.482022+00:00,1,0,0.0
2026-05-25T02:30:59.369016+00:00,1,0,0.0
2026-07-28T02:55:41.689158+00:00,1,0,0.0
2026-05-19T02:12:03.956329+00:00,1,0,0.0
2026-04-23T06:29:02.255126+00:00,1,0,0.0
2026-04-30T01:59:24.914078+00:00,1,0,0.0
2026-04-25T06:08:49.222014+00:00,1,0,0.0
2026-08-15T01:36:11.437291+00:00,1,0,0.0
2026-06-14T02:37:33.178305+00:00,1,0,0.0
2026-08-12T02:25:12.277075+00:00,1,0,0.0
2026-07-30T02:48:36.413467+00:00,1,0,0.0
2026-06-21T02:40:55.048703+00:00,1,0,0.0
2026-04-25T06:06:53.444463+00:00,1,0,0.0
2026-06-16T02:46:20.280269+00:00,1,0,0.0
2026-06-22T02:43:49.340925+00:00,1,0,0.0
2026-06-11T02:38:40.143999+00:00,1,0,0.0
2026-05-26T02:09:23.780386+00:00,1,0,0.0
2026-07-30T02:48:59.518629+00:00,1,0,0.0
2026-06-25T04:05:33.205185+00:00,1,0,0.0
2026-08-17T01:39:27.276147+00:00,1,0,0.0
2026-08-12T02:28:38.881412+00:00,1,1,100.0
2026-07-25T03:17:58.397325+00:00,1,0,0.0
2026-04-22T03:23:48.735415+00:00,1,0,0.0
2026-06-08T02:37:20.164315+00:00,1,0,0.0
2026-08-01T03:30:13.933563+00:00,1,0,0.0
2026-06-25T04:05:57.970438+00:00,1,1,100.0
2026-06-29T04:28:08.282156+00:00,1,0,0.0
2026-04-27T07:57:51.540366+00:00,1,0,0.0
2026-06-23T04:03:20.672467+00:00,1,0,0.0
2026-08-04T03:13:51.949961+00:00,1,0,0.0
2026-05-25T02:31:25.681415+00:00,1,0,0.0
2026-05-09T01:57:26.066162+00:00,1,0,0.0
2026-05-07T01:57:08.668586+00:00,1,0,0.0
2026-04-23T06:30:31.249359+00:00,1,0,0.0
2026-07-11T03:17:48.375965+00:00,1,0,0.0
2026-05-23T02:01:43.266785+00:00,1,0,0.0
2026-05-18T02:14:47.161366+00:00,1,0,0.0
2026-04-22T03:24:42.507137+00:00,1,0,0.0
2026-05-05T01:53:06.380525+00:00,1,0,0.0
2026-05-17T02:01:32.836322+00:00,1,0,0.0
2026-08-12T02:29:35.228486+00:00,1,0,0.0
2026-07-15T02:53:14.534113+00:00,1,0,0.0
2026-07-06T04:05:37.573875+00:00,1,0,0.0
2026-07-26T03:32:40.898176+00:00,1,0,0.0
2026-06-04T02:41:00.408856+00:00,1,0,0.0
2026-07-11T03:18:15.841773+00:00,1,0,0.0
2026-07-02T04:03:30.265416+00:00,1,0,0.0
2026-06-03T02:46:47.339617+00:00,1,0,0.0
2026-05-29T02:07:23.953757+00:00,1,0,0.0
2026-07-19T03:26:05.736996+00:00,1,0,0.0
2026-08-02T03:30:24.265783+00:00,1,0,0.0
2026-07-05T04:01:01.306554+00:00,1,0,0.0
2026-08-07T02:56:39.08381+00:00,1,0,0.0
2026-06-08T02:38:41.667091+00:00,1,0,0.0
2026-05-16T01:59:07.770265+00:00,1,0,0.0
2026-08-07T02:57:42.102298+00:00,1,0,0.0
2026-08-02T03:29:12.016252+00:00,1,0,0.0
2026-05-03T01:53:34.401995+00:00,1,0,0.0
2026-06-05T02:16:34.939623+00:00,1,0,0.0
2026-06-28T04:23:03.481672+00:00,1,0,0.0
2026-05-09T01:56:38.515495+00:00,1,0,0.0
2026-07-27T03:39:38.293585+00:00,1,0,0.0
2026-04-24T06:30:20.711693+00:00,1,0,0.0
2026-04-26T06:33:21.847892+00:00,1,0,0.0
2026-07-26T03:31:52.030978+00:00,1,0,0.0
2026-05-21T02:13:59.874048+00:00,1,0,0.0
2026-06-19T02:54:22.105109+00:00,1,0,0.0
2026-08-11T02:06:01.534362+00:00,1,0,0.0
2026-05-01T02:00:29.265554+00:00,1,0,0.0
2026-04-28T07:57:03.079813+00:00,1,0,0.0
2026-08-08T01:59:44.049728+00:00,1,0,0.0
2026-08-07T02:58:48.833574+00:00,1,0,0.0
2026-06-22T02:44:31.472178+00:00,1,1,100.0
2026-07-28T02:56:32.446471+00:00,1,0,0.0
2026-04-25T06:09:08.967329+00:00,1,0,0.0
2026-05-27T02:16:22.722303+00:00,1,0,0.0
2026-06-15T02:43:20.927589+00:00,1,0,0.0
2026-05-11T02:06:35.705035+00:00,1,0,0.0
2026-06-15T02:43:31.765328+00:00,1,0,0.0
2026-06-13T02:14:46.649193+00:00,1,0,0.0
2026-06-26T04:13:09.139675+00:00,1,0,0.0
2026-05-19T02:14:33.737826+00:00,1,1,100.0
2026-06-30T04:07:49.558109+00:00,1,0,0.0
2026-08-05T02:57:20.679162+00:00,1,0,0.0
2026-08-07T02:55:23.807277+00:00,1,0,0.0
2026-06-13T02:15:13.430631+00:00,1,0,0.0
2026-05-26T02:09:00.517106+00:00,1,0,0.0
2026-07-19T03:26:46.111641+00:00,1,0,0.0
2026-06-14T02:38:59.638588+00:00,1,0,0.0
2026-04-26T06:32:25.014248+00:00,1,0,0.0
2026-06-22T02:44:21.421502+00:00,1,0,0.0
2026-05-17T02:02:12.52125+00:00,1,0,0.0
2026-08-13T02:25:30.53235+00:00,1,0,0.0
2026-08-12T02:28:06.304028+00:00,1,0,0.0
2026-08-10T02:11:47.726645+00:00,1,0,0.0
2026-04-26T06:32:09.989627+00:00,1,1,100.0
2026-06-14T02:38:02.196338+00:00,1,0,0.0
2026-07-14T02:55:48.864493+00:00,1,0,0.0
2026-08-07T02:54:28.109+00:00,1,0,0.0
2026-06-07T02:34:20.918331+00:00,1,0,0.0
2026-05-08T02:03:01.805186+00:00,1,0,0.0
2026-04-28T07:59:30.488668+00:00,1,0,0.0
2026-05-14T02:08:45.756172+00:00,1,0,0.0
2026-04-29T01:58:48.363079+00:00,1,0,0.0
2026-08-12T02:27:27.932921+00:00,1,0,0.0
2026-08-12T02:27:41.058999+00:00,1,0,0.0
2026-06-06T02:06:36.865335+00:00,1,0,0.0
2026-06-26T04:13:47.102994+00:00,1,0,0.0
2026-05-02T01:50:01.396838+00:00,1,0,0.0
2026-06-17T02:41:22.49723+00:00,1,0,0.0
2026-05-11T02:05:05.657718+00:00,1,0,0.0
2026-05-04T01:53:17.90719+00:00,1,0,0.0
2026-05-03T01:52:19.051659+00:00,1,0,0.0
2026-08-05T02:57:30.543036+00:00,1,0,0.0
2026-07-10T03:52:56.272683+00:00,1,0,0.0
2026-05-04T01:53:04.553155+00:00,1,0,0.0
2026-07-16T03:14:33.291727+00:00,1,0,0.0
2026-05-15T02:06:45.914603+00:00,1,0,0.0
2026-07-22T03:18:19.044944+00:00,1,0,0.0
2026-05-08T02:05:24.893741+00:00,1,0,0.0
2026-07-27T03:39:51.777514+00:00,1,0,0.0
2026-04-23T06:30:17.841034+00:00,1,0,0.0
2026-06-18T02:39:11.545414+00:00,1,0,0.0
2026-05-07T01:56:05.469767+00:00,1,0,0.0
2026-06-17T02:42:21.055433+00:00,1,0,0.0
2026-06-02T02:37:11.599787+00:00,1,1,100.0
2026-06-04T02:41:18.143936+00:00,1,0,0.0
2026-05-22T02:14:20.018271+00:00,1,0,0.0
2026-08-12T02:28:13.591844+00:00,1,0,0.0
2026-06-28T04:21:56.410491+00:00,1,0,0.0
2026-06-24T04:06:53.466768+00:00,1,0,0.0
2026-04-26T06:33:24.67082+00:00,1,0,0.0
2026-07-05T03:59:26.818429+00:00,1,0,0.0
2026-08-07T02:57:35.136596+00:00,1,0,0.0
2026-07-26T03:32:22.762574+00:00,1,0,0.0
2026-06-01T02:41:37.962225+00:00,1,0,0.0
2026-04-22T03:24:05.247257+00:00,1,0,0.0
2026-06-18T02:38:07.031852+00:00,1,0,0.0
2026-06-17T02:42:14.726961+00:00,1,0,0.0
2026-07-14T02:55:22.351265+00:00,1,0,0.0
2026-05-14T02:11:37.671247+00:00,1,0,0.0
2026-07-15T02:52:41.560184+00:00,1,0,0.0
2026-07-30T02:48:42.914227+00:00,1,0,0.0
2026-05-20T02:12:34.049023+00:00,1,0,0.0
2026-07-23T03:25:41.975995+00:00,1,0,0.0
2026-07-04T03:42:34.428824+00:00,1,0,0.0
2026-04-25T06:06:34.423435+00:00,1,0,0.0
2026-07-20T03:41:57.365385+00:00,1,0,0.0
2026-08-07T02:55:27.419977+00:00,1,1,100.0
2026-06-19T02:55:27.35769+00:00,1,0,0.0
2026-06-15T02:44:37.064839+00:00,1,0,0.0
2026-05-30T02:03:19.050886+00:00,1,0,0.0
2026-04-22T06:27:22.580869+00:00,1,1,100.0
2026-07-01T04:23:37.820995+00:00,1,0,0.0
2026-05-23T02:03:27.645186+00:00,1,0,0.0
2026-08-11T02:06:44.313384+00:00,1,0,0.0
2026-08-07T02:58:10.386027+00:00,1,0,0.0
2026-06-07T02:34:23.861937+00:00,1,0,0.0
2026-05-29T02:09:10.424158+00:00,1,0,0.0
2026-05-13T02:06:41.460682+00:00,1,0,0.0
2026-06-28T04:22:11.924599+00:00,1,0,0.0
2026-08-16T01:43:14.122158+00:00,1,0,0.0
2026-06-19T02:54:58.700382+00:00,1,0,0.0
2026-07-30T02:47:52.826697+00:00,1,0,0.0
2026-06-24T04:06:04.984434+00:00,1,0,0.0
2026-06-22T02:44:14.621548+00:00,1,0,0.0
2026-04-29T02:01:33.186594+00:00,1,0,0.0
2026-08-02T03:30:13.47185+00:00,1,0,0.0
2026-04-27T08:00:04.578724+00:00,1,0,0.0
2026-06-10T02:14:51.272149+00:00,1,0,0.0
2026-08-07T02:56:55.430042+00:00,1,0,0.0
2026-05-29T02:08:42.430336+00:00,1,0,0.0
2026-06-15T02:43:34.999197+00:00,1,0,0.0
2026-05-29T02:09:04.037823+00:00,1,0,0.0
2026-07-23T03:25:29.949026+00:00,1,0,0.0
2026-04-30T01:58:12.988664+00:00,1,0,0.0
2026-05-05T01:53:28.431642+00:00,1,0,0.0
2026-06-03T02:46:44.107893+00:00,1,0,0.0
2026-05-26T02:09:39.798102+00:00,1,0,0.0
2026-08-04T03:14:49.567038+00:00,1,0,0.0
2026-05-14T02:11:28.2681+00:00,1,0,0.0
2026-08-01T03:29:14.136662+00:00,1,0,0.0
2026-06-28T04:22:50.243938+00:00,1,0,0.0
2026-06-27T03:58:53.21085+00:00,1,0,0.0
2026-05-04T01:52:38.450463+00:00,1,0,0.0
2026-05-01T02:01:57.760847+00:00,1,0,0.0
2026-08-15T01:36:02.056946+00:00,1,0,0.0
2026-05-14T02:09:50.709664+00:00,1,0,0.0
2026-05-28T02:03:50.699499+00:00,1,0,0.0
2026-07-14T02:55:19.479252+00:00,1,0,0.0
2026-06-17T02:41:01.985764+00:00,1,0,0.0
2026-05-10T01:55:36.999107+00:00,1,0,0.0
2026-05-13T02:07:28.538284+00:00,1,0,0.0
2026-08-16T01:42:29.440546+00:00,1,0,0.0
2026-06-30T04:08:15.27481+00:00,1,0,0.0
2026-08-16T01:42:49.390943+00:00,1,0,0.0
2026-07-08T03:23:56.82964+00:00,1,0,0.0
2026-04-22T06:26:06.737421+00:00,1,0,0.0
2026-07-22T03:19:29.208734+00:00,1,0,0.0
2026-06-30T04:08:21.68541+00:00,1,0,0.0
2026-08-17T01:40:38.54121+00:00,1,0,0.0
2026-07-24T03:18:56.305528+00:00,1,0,0.0
2026-07-03T03:48:46.941245+00:00,1,0,0.0
2026-06-11T02:38:26.134605+00:00,1,0,0.0
2026-08-01T03:30:20.042492+00:00,1,0,0.0
2026-08-07T02:57:16.010294+00:00,1,0,0.0
2026-08-14T02:23:24.834709+00:00,1,0,0.0
2026-04-25T06:06:17.764276+00:00,1,0,0.0
2026-06-22T03:26:20.840206+00:00,1,0,0.0
2026-04-29T02:00:56.143607+00:00,1,0,0.0
2026-05-17T02:00:43.441513+00:00,1,0,0.0
2026-04-26T06:31:24.110717+00:00,1,0,0.0
2026-05-21T02:11:16.251942+00:00,1,0,0.0
2026-05-06T01:53:13.5676+00:00,1,0,0.0
2026-04-25T06:09:50.024462+00:00,1,0,0.0
2026-07-07T03:57:39.025228+00:00,1,0,0.0
2026-07-13T03:32:58.165843+00:00,1,0,0.0
2026-05-03T01:52:12.698214+00:00,1,0,0.0
2026-07-04T03:41:19.019155+00:00,1,0,0.0
2026-07-16T03:14:10.546862+00:00,1,0,0.0
2026-05-16T01:59:23.621787+00:00,1,0,0.0
2026-08-02T03:31:03.739784+00:00,1,0,0.0
2026-06-06T02:06:20.726021+00:00,1,0,0.0
2026-06-22T03:27:18.569313+00:00,1,1,100.0
2026-07-29T03:15:13.503075+00:00,1,0,0.0
2026-06-13T02:15:44.714233+00:00,1,0,0.0
2026-05-08T02:02:05.718381+00:00,1,0,0.0
2026-07-29T03:15:26.403993+00:00,1,0,0.0
2026-05-28T02:02:03.014119+00:00,1,0,0.0
2026-07-08T03:23:40.711528+00:00,1,0,0.0
2026-05-14T02:11:54.332652+00:00,1,0,0.0
2026-06-05T02:15:59.552998+00:00,1,0,0.0
2026-04-28T07:58:34.100112+00:00,1,0,0.0
2026-06-01T02:41:34.732094+00:00,1,0,0.0
2026-06-25T04:05:54.70164+00:00,1,0,0.0
2026-06-16T02:45:18.333848+00:00,1,0,0.0
2026-05-16T01:59:11.132881+00:00,1,0,0.0
2026-06-05T02:14:30.194568+00:00,1,0,0.0
2026-06-05T02:14:42.450293+00:00,1,0,0.0
2026-06-10T02:16:45.910702+00:00,1,0,0.0
2026-07-16T03:14:42.405394+00:00,1,0,0.0
2026-04-24T06:32:48.666463+00:00,1,0,0.0
2026-05-17T02:01:49.541+00:00,1,0,0.0
2026-04-23T06:29:55.217949+00:00,1,0,0.0
2026-07-09T03:51:48.95087+00:00,1,0,0.0
2026-04-28T07:59:44.109372+00:00,1,0,0.0
2026-08-02T03:29:50.596184+00:00,1,0,0.0
2026-05-04T01:53:55.62311+00:00,1,0,0.0
2026-05-13T02:08:10.182335+00:00,1,0,0.0
2026-05-16T02:00:17.751646+00:00,1,0,0.0
2026-06-15T02:45:06.515855+00:00,1,0,0.0
2026-07-23T03:25:48.37229+00:00,1,0,0.0
2026-04-28T07:57:37.517287+00:00,1,1,100.0
2026-05-06T01:52:00.649349+00:00,1,0,0.0
2026-07-20T03:41:54.386902+00:00,1,0,0.0
2026-04-24T06:30:14.55195+00:00,1,0,0.0
2026-05-23T02:04:09.878087+00:00,1,0,0.0
2026-08-13T02:27:13.668182+00:00,1,0,0.0
2026-08-07T02:54:52.006328+00:00,1,0,0.0
2026-04-24T06:31:04.070142+00:00,1,0,0.0
2026-08-13T02:29:17.561381+00:00,1,0,0.0
2026-06-15T02:45:03.174493+00:00,1,0,0.0
2026-07-25T03:17:25.675277+00:00,1,0,0.0
2026-05-08T02:05:59.53167+00:00,1,0,0.0
2026-07-07T03:58:01.867022+00:00,1,0,0.0
2026-07-26T03:31:35.185542+00:00,1,0,0.0
2026-07-09T03:50:26.612066+00:00,1,0,0.0
2026-05-06T01:52:07.642329+00:00,1,0,0.0
2026-04-30T01:57:46.87522+00:00,1,0,0.0
2026-08-15T01:36:30.027984+00:00,1,0,0.0
2026-05-04T01:54:19.397919+00:00,1,1,100.0
2026-06-19T02:54:45.803463+00:00,1,0,0.0
2026-08-12T02:27:38.306171+00:00,1,0,0.0
2026-06-05T02:16:15.125573+00:00,1,0,0.0
2026-05-20T02:11:57.687747+00:00,1,0,0.0
2026-06-18T02:39:08.123229+00:00,1,0,0.0
2026-08-13T02:25:42.983563+00:00,1,0,0.0
2026-08-17T01:40:14.361041+00:00,1,0,0.0
2026-06-07T02:34:14.456848+00:00,1,0,0.0
2026-04-26T06:30:51.052879+00:00,1,0,0.0
2026-05-07T01:56:48.994658+00:00,1,0,0.0
2026-08-07T02:56:01.022542+00:00,1,0,0.0
2026-06-22T02:43:57.930928+00:00,1,0,0.0
2026-06-30T04:07:36.2766+00:00,1,0,0.0
2026-04-22T03:25:36.465547+00:00,1,0,0.0
2026-05-18T02:13:28.789461+00:00,1,0,0.0
2026-05-10T01:55:20.860044+00:00,1,0,0.0
2026-05-13T02:08:38.978624+00:00,1,0,0.0
2026-08-12T02:24:08.390145+00:00,1,0,0.0
2026-04-22T03:27:21.328286+00:00,1,0,0.0
2026-06-20T02:16:14.028192+00:00,1,0,0.0
2026-04-22T03:24:23.96384+00:00,1,0,0.0
2026-04-26T06:30:28.990053+00:00,1,1,100.0
2026-07-15T02:53:01.530543+00:00,1,0,0.0
2026-05-12T02:00:52.644718+00:00,1,0,0.0
2026-07-24T03:21:15.430709+00:00,1,0,0.0
2026-05-23T02:03:34.418332+00:00,1,0,0.0
2026-08-07T02:54:44.467672+00:00,1,0,0.0
2026-07-10T03:53:05.117646+00:00,1,0,0.0
2026-05-15T02:08:35.620371+00:00,1,0,0.0
2026-06-08T02:38:02.149935+00:00,1,0,0.0
2026-05-01T02:00:26.131531+00:00,1,0,0.0
2026-07-07T03:57:07.336247+00:00,1,0,0.0
2026-04-26T06:33:02.409049+00:00,1,0,0.0
2026-08-04T03:14:08.493535+00:00,1,0,0.0
2026-07-31T03:30:36.887874+00:00,1,0,0.0
2026-05-02T01:49:33.455599+00:00,1,0,0.0
2026-04-22T03:27:04.533395+00:00,1,0,0.0
2026-08-04T03:14:15.010491+00:00,1,0,0.0
2026-07-16T03:14:39.260016+00:00,1,0,0.0
2026-08-13T02:30:42.046983+00:00,1,0,0.0
2026-05-19T02:12:44.480066+00:00,1,0,0.0
2026-07-09T03:50:45.354358+00:00,1,1,100.0
2026-07-04T03:42:08.2113+00:00,1,0,0.0
2026-04-22T03:24:02.262854+00:00,1,0,0.0
2026-07-29T03:15:23.158523+00:00,1,0,0.0
2026-07-21T03:21:15.446336+00:00,1,0,0.0
2026-06-10T02:17:18.945044+00:00,1,0,0.0
2026-05-14T02:12:20.067254+00:00,1,0,0.0
2026-05-28T02:01:16.813074+00:00,1,0,0.0
2026-07-10T03:52:40.848974+00:00,1,0,0.0
2026-06-14T02:37:20.775889+00:00,1,0,0.0
2026-06-10T02:15:18.35226+00:00,1,0,0.0
2026-06-27T03:59:18.089236+00:00,1,0,0.0
2026-07-09T03:50:39.486423+00:00,1,0,0.0
2026-04-29T01:59:35.614171+00:00,1,1,100.0
2026-06-06T02:06:50.143462+00:00,1,0,0.0
2026-06-03T02:45:32.17921+00:00,1,0,0.0
2026-07-19T03:25:35.798683+00:00,1,1,100.0
2026-05-18T02:14:53.945724+00:00,1,0,0.0
2026-07-25T03:17:22.536404+00:00,1,0,0.0
2026-05-17T02:02:41.545217+00:00,1,0,0.0
2026-07-14T02:55:45.77415+00:00,1,0,0.0
2026-04-22T06:25:26.47985+00:00,1,0,0.0
2026-06-16T02:45:31.595739+00:00,1,1,100.0
2026-05-27T02:17:13.183438+00:00,1,0,0.0
2026-08-02T03:29:28.291298+00:00,1,0,0.0
2026-08-12T02:27:18.934769+00:00,1,0,0.0
2026-08-14T02:24:26.914995+00:00,1,0,0.0
2026-05-18T02:14:50.731876+00:00,1,0,0.0
2026-08-07T02:59:16.452616+00:00,1,0,0.0
2026-04-24T06:31:22.753303+00:00,1,0,0.0
2026-07-19T03:26:22.547564+00:00,1,0,0.0
2026-08-07T02:57:28.584001+00:00,1,0,0.0
2026-04-22T03:27:47.149616+00:00,1,0,0.0
2026-07-20T03:40:31.0466+00:00,1,0,0.0
2026-05-22T02:14:46.132356+00:00,1,1,100.0
2026-05-05T01:53:31.749098+00:00,1,0,0.0
2026-05-07T01:57:11.859184+00:00,1,0,0.0
2026-08-12T02:25:28.471967+00:00,1,0,0.0
2026-08-12T02:25:35.223472+00:00,1,0,0.0
2026-05-08T02:01:46.1613+00:00,1,0,0.0
2026-04-22T03:26:06.466812+00:00,1,0,0.0
2026-05-01T02:00:32.385638+00:00,1,0,0.0
2026-05-19T02:14:36.702532+00:00,1,0,0.0
2026-04-28T07:58:28.029447+00:00,1,0,0.0
2026-06-29T04:28:22.877345+00:00,1,0,0.0
2026-08-12T02:28:22.509854+00:00,1,0,0.0
2026-07-22T03:19:50.131893+00:00,1,0,0.0
2026-06-12T02:33:49.708996+00:00,1,0,0.0
2026-07-30T02:48:12.794527+00:00,1,0,0.0
2026-05-16T02:00:30.351254+00:00,1,0,0.0
2026-04-30T01:58:33.468473+00:00,1,0,0.0
2026-08-04T03:15:27.292021+00:00,1,0,0.0
2026-05-15T02:07:02.472216+00:00,1,0,0.0
2026-05-17T02:01:59.92691+00:00,1,0,0.0
2026-08-02T03:30:40.944122+00:00,1,0,0.0
2026-05-31T02:29:28.396164+00:00,1,0,0.0
2026-07-05T03:59:38.756714+00:00,1,0,0.0
2026-05-03T01:52:31.009599+00:00,1,0,0.0
2026-07-21T03:21:05.74965+00:00,1,0,0.0
2026-06-06T02:07:54.36202+00:00,1,0,0.0
2026-08-16T01:43:38.01427+00:00,1,0,0.0
2026-04-29T01:59:39.056107+00:00,1,0,0.0
2026-06-10T02:16:26.427871+00:00,1,0,0.0
2026-08-14T02:24:20.306919+00:00,1,0,0.0
2026-07-16T03:14:36.326491+00:00,1,0,0.0
2026-06-22T03:27:22.015734+00:00,1,0,0.0
2026-06-15T02:41:59.316336+00:00,1,0,0.0
2026-06-05T02:15:49.255956+00:00,1,0,0.0
2026-08-07T02:58:01.365278+00:00,1,0,0.0
2026-05-09T01:56:44.573278+00:00,1,0,0.0
2026-04-30T01:57:22.14706+00:00,1,0,0.0
2026-07-21T03:20:43.244074+00:00,1,0,0.0
2026-06-27T04:00:21.149154+00:00,1,0,0.0
2026-05-11T02:06:59.698501+00:00,1,0,0.0
2026-07-21T03:21:19.311978+00:00,1,0,0.0
2026-06-02T02:38:03.078812+00:00,1,0,0.0
2026-06-01T02:39:43.889081+00:00,1,0,0.0
2026-04-23T06:28:39.523607+00:00,1,0,0.0
2026-08-04T03:15:40.858579+00:00,1,0,0.0
2026-08-18T01:35:40.811906+00:00,1,0,0.0
2026-06-12T02:34:48.990302+00:00,1,0,0.0
2026-06-20T02:16:00.976366+00:00,1,0,0.0
2026-05-28T02:03:30.525761+00:00,1,0,0.0
2026-05-21T02:14:12.400295+00:00,1,0,0.0
2026-07-11T03:19:03.78764+00:00,1,0,0.0
2026-07-30T02:48:19.268467+00:00,1,0,0.0
2026-07-12T03:30:09.438403+00:00,1,0,0.0
2026-05-07T01:56:18.788589+00:00,1,0,0.0
2026-06-03T02:45:35.298356+00:00,1,0,0.0
2026-06-26T04:15:02.548083+00:00,1,0,0.0
2026-04-27T07:58:05.29997+00:00,1,0,0.0
2026-08-12T02:28:28.863279+00:00,1,0,0.0
2026-04-22T03:24:30.41915+00:00,1,0,0.0
2026-05-18T02:13:11.430212+00:00,1,1,100.0
2026-06-04T02:40:57.074374+00:00,1,0,0.0
2026-04-26T06:31:27.158522+00:00,1,0,0.0
2026-07-04T03:41:09.073172+00:00,1,0,0.0
2026-07-04T03:42:00.707204+00:00,1,0,0.0
2026-06-01T02:40:36.920738+00:00,1,0,0.0
2026-05-19T02:12:38.427727+00:00,1,0,0.0
2026-05-14T02:12:13.772546+00:00,1,0,0.0
2026-05-06T01:52:50.304419+00:00,1,0,0.0
2026-07-27T03:39:01.407735+00:00,1,0,0.0
2026-07-01T04:24:50.449901+00:00,1,0,0.0
2026-06-21T02:40:35.355585+00:00,1,0,0.0
2026-07-03T03:49:35.798591+00:00,1,0,0.0
2026-07-30T02:48:02.608202+00:00,1,0,0.0
2026-08-07T02:58:29.945714+00:00,1,0,0.0
2026-05-05T01:53:35.001095+00:00,1,0,0.0
2026-07-10T03:52:59.041849+00:00,1,0,0.0
2026-06-26T04:14:03.286977+00:00,1,0,0.0
2026-05-01T02:00:38.153466+00:00,1,0,0.0
2026-07-28T02:55:45.039237+00:00,1,0,0.0
2026-05-10T01:55:40.265344+00:00,1,0,0.0
2026-06-16T02:45:54.193729+00:00,1,0,0.0
2026-07-02T04:03:50.217243+00:00,1,0,0.0
2026-08-15T01:36:57.843509+00:00,1,0,0.0
2026-06-05T02:15:56.333757+00:00,1,0,0.0
2026-05-29T02:07:36.607496+00:00,1,0,0.0
2026-07-09T03:51:42.128498+00:00,1,0,0.0
2026-05-30T02:02:20.06252+00:00,1,0,0.0
2026-06-02T02:37:40.161195+00:00,1,0,0.0
2026-05-12T02:01:12.451615+00:00,1,0,0.0
2026-08-02T03:29:47.705197+00:00,1,0,0.0
2026-05-01T01:59:50.225382+00:00,1,0,0.0
2026-06-22T03:27:50.08533+00:00,1,0,0.0
2026-04-27T08:00:44.982184+00:00,1,0,0.0
2026-08-14T02:24:49.2296+00:00,1,0,0.0
2026-06-21T02:40:48.850515+00:00,1,0,0.0
2026-06-29T04:29:21.824192+00:00,1,0,0.0
2026-08-18T01:37:11.975516+00:00,1,0,0.0
2026-06-27T03:58:59.323425+00:00,1,0,0.0
2026-07-04T03:41:30.624438+00:00,1,0,0.0
2026-05-30T02:03:06.200375+00:00,1,0,0.0
2026-05-18T02:14:22.451862+00:00,1,1,100.0
2026-08-02T03:31:00.302774+00:00,1,0,0.0
2026-05-15T02:06:59.577751+00:00,1,0,0.0
2026-08-09T02:06:39.007885+00:00,1,0,0.0
2026-04-28T07:56:57.075316+00:00,1,0,0.0
2026-05-23T02:01:22.253113+00:00,1,0,0.0
2026-06-12T02:33:42.884075+00:00,1,0,0.0
2026-07-01T04:25:30.990708+00:00,1,0,0.0
2026-08-12T02:24:59.708966+00:00,1,0,0.0
2026-05-03T01:52:58.815466+00:00,1,0,0.0
2026-08-12T02:24:17.602017+00:00,1,0,0.0
2026-05-02T01:48:29.528817+00:00,1,0,0.0
2026-05-28T02:00:53.432211+00:00,1,0,0.0
2026-06-27T03:59:21.683165+00:00,1,0,0.0
2026-05-29T02:08:00.91974+00:00,1,0,0.0
2026-07-10T03:52:16.028843+00:00,1,0,0.0
2026-07-22T03:19:59.514424+00:00,1,0,0.0
2026-06-23T04:04:19.040551+00:00,1,0,0.0
2026-07-14T02:55:29.003543+00:00,1,0,0.0
2026-06-21T02:41:17.094315+00:00,1,0,0.0
2026-08-14T02:24:23.6416+00:00,1,0,0.0
2026-07-02T04:03:17.642278+00:00,1,0,0.0
2026-06-21T02:42:07.312251+00:00,1,1,100.0
2026-04-22T06:24:11.824315+00:00,1,0,0.0
2026-06-14T02:37:26.625816+00:00,1,0,0.0
2026-07-28T02:56:14.574636+00:00,1,0,0.0
2026-05-19T02:13:14.498328+00:00,1,0,0.0
2026-05-17T02:00:56.95911+00:00,1,0,0.0
2026-08-14T02:23:27.826373+00:00,1,0,0.0
2026-05-06T01:52:11.62019+00:00,1,0,0.0
2026-07-24T03:19:06.902076+00:00,1,0,0.0
2026-05-07T01:55:57.970191+00:00,1,0,0.0
2026-05-30T02:02:48.762026+00:00,1,0,0.0
2026-05-04T01:52:31.613852+00:00,1,0,0.0
2026-04-24T06:30:37.109314+00:00,1,0,0.0
2026-04-22T03:28:12.738573+00:00,1,0,0.0
2026-04-25T06:08:20.280134+00:00,1,0,0.0
2026-08-02T03:30:53.886044+00:00,1,0,0.0
2026-07-26T03:32:19.657493+00:00,1,0,0.0
2026-04-24T06:30:11.514497+00:00,1,0,0.0
2026-05-22T02:13:50.193372+00:00,1,0,0.0
2026-04-27T08:01:45.365036+00:00,1,0,0.0
2026-07-11T03:18:35.510776+00:00,1,0,0.0
2026-08-12T02:24:11.447854+00:00,1,0,0.0
2026-05-07T01:56:22.007304+00:00,1,0,0.0
2026-06-03T02:47:18.29351+00:00,1,0,0.0
2026-05-23T02:03:31.194815+00:00,1,0,0.0
2026-06-07T02:35:45.409704+00:00,1,0,0.0
2026-08-10T02:11:29.691342+00:00,1,0,0.0
2026-07-16T03:14:17.544897+00:00,1,0,0.0
2026-05-01T02:02:03.870788+00:00,1,0,0.0
2026-06-14T02:37:56.169701+00:00,1,0,0.0
2026-05-13T02:07:38.030302+00:00,1,0,0.0
2026-05-20T02:12:40.511828+00:00,1,0,0.0
2026-08-17T01:41:02.974337+00:00,1,0,0.0
2026-04-29T01:58:35.760076+00:00,1,0,0.0
2026-04-22T03:27:08.225608+00:00,1,0,0.0
2026-06-28T04:22:38.150698+00:00,1,0,0.0
2026-04-23T06:29:35.461758+00:00,1,1,100.0
2026-07-02T04:03:57.418239+00:00,1,0,0.0
2026-06-12T02:33:04.26771+00:00,1,0,0.0
2026-06-10T02:16:42.694039+00:00,1,0,0.0
2026-05-17T02:00:40.068149+00:00,1,0,0.0
2026-05-02T01:50:21.807544+00:00,1,0,0.0
2026-05-01T02:01:48.320188+00:00,1,0,0.0
2026-08-11T02:07:13.18459+00:00,1,0,0.0
2026-07-10T03:52:44.681666+00:00,1,0,0.0
2026-06-29T04:28:39.643883+00:00,1,0,0.0
2026-04-28T07:57:00.172864+00:00,1,0,0.0
2026-06-20T02:15:27.58165+00:00,1,0,0.0
2026-08-04T03:14:05.27744+00:00,1,0,0.0
2026-04-24T06:30:53.194356+00:00,1,0,0.0
2026-07-01T04:24:09.95428+00:00,1,0,0.0
2026-04-28T07:57:15.539546+00:00,1,0,0.0
2026-08-06T03:14:04.450458+00:00,1,0,0.0
2026-07-05T03:59:44.962589+00:00,1,0,0.0
2026-05-13T02:07:08.732438+00:00,1,0,0.0
2026-04-22T03:25:14.552988+00:00,1,0,0.0
2026-08-07T02:59:13.324384+00:00,1,0,0.0
2026-05-14T02:09:56.961343+00:00,1,0,0.0
2026-05-27T02:16:52.198859+00:00,1,1,100.0
2026-05-09T01:56:11.817026+00:00,1,0,0.0
2026-07-04T03:42:41.879227+00:00,1,0,0.0
2026-06-22T02:44:55.073926+00:00,1,0,0.0
2026-04-28T07:56:53.822247+00:00,1,0,0.0
2026-06-22T03:26:01.559805+00:00,1,0,0.0
2026-08-13T02:27:04.266636+00:00,1,0,0.0
2026-05-15T02:07:38.186914+00:00,1,0,0.0
2026-04-23T06:31:36.243953+00:00,1,0,0.0
2026-06-21T02:42:17.061131+00:00,1,0,0.0
2026-05-26T02:08:50.608297+00:00,1,0,0.0
2026-07-11T03:18:42.177519+00:00,1,0,0.0
2026-05-14T02:11:47.587547+00:00,1,0,0.0
2026-05-18T02:13:24.120241+00:00,1,0,0.0
2026-08-04T03:15:33.893379+00:00,1,0,0.0
2026-05-28T02:02:46.645428+00:00,1,0,0.0
2026-06-17T02:41:12.99332+00:00,1,0,0.0
2026-06-21T02:41:04.041148+00:00,1,0,0.0
2026-08-06T03:13:37.617708+00:00,1,0,0.0
2026-06-23T04:02:48.068967+00:00,1,1,100.0
2026-07-11T03:18:12.760281+00:00,1,0,0.0
2026-06-01T02:39:34.130417+00:00,1,0,0.0
2026-08-09T02:06:35.679642+00:00,1,0,0.0
2026-06-15T02:43:17.642126+00:00,1,0,0.0
2026-08-07T02:58:26.658026+00:00,1,0,0.0
2026-06-05T02:15:39.297613+00:00,1,0,0.0
2026-08-13T02:26:35.170474+00:00,1,0,0.0
2026-06-24T04:06:57.221675+00:00,1,0,0.0
2026-07-07T03:58:04.920539+00:00,1,0,0.0
2026-06-15T02:43:41.884589+00:00,1,0,0.0
2026-06-01T02:39:06.188591+00:00,1,1,100.0
2026-05-30T02:01:53.983105+00:00,1,0,0.0
2026-06-28T04:23:19.561336+00:00,1,0,0.0
2026-06-15T02:44:49.559239+00:00,1,0,0.0
2026-04-29T02:00:59.113899+00:00,1,1,100.0
2026-05-14T02:08:55.343147+00:00,1,0,0.0
2026-07-26T03:32:46.692841+00:00,1,0,0.0
2026-06-30T04:09:19.000938+00:00,1,0,0.0
2026-05-04T01:52:28.442404+00:00,1,0,0.0
2026-06-22T02:43:39.515847+00:00,1,0,0.0
2026-05-13T02:07:31.799707+00:00,1,0,0.0
2026-05-06T01:52:24.530765+00:00,1,0,0.0
2026-06-11T02:38:46.84874+00:00,1,0,0.0
2026-04-28T07:58:53.049236+00:00,1,0,0.0
2026-07-07T03:57:58.287301+00:00,1,0,0.0
2026-08-12T02:29:14.857871+00:00,1,0,0.0
2026-08-05T02:57:03.975446+00:00,1,0,0.0
2026-05-23T02:03:11.29669+00:00,1,0,0.0
2026-06-16T02:46:42.281074+00:00,1,0,0.0
2026-07-30T02:48:46.164095+00:00,1,0,0.0
2026-06-04T02:39:41.290859+00:00,1,0,0.0
2026-06-22T02:44:48.846109+00:00,1,0,0.0
2026-04-26T06:30:47.805475+00:00,1,0,0.0
2026-08-12T02:27:49.907109+00:00,1,0,0.0
2026-06-15T02:44:52.798282+00:00,1,0,0.0
2026-04-26T06:31:35.08221+00:00,1,0,0.0
2026-07-20T03:41:11.048607+00:00,1,0,0.0
2026-06-15T02:44:01.999955+00:00,1,0,0.0
2026-05-21T02:13:53.403297+00:00,1,0,0.0
2026-05-06T01:51:47.325036+00:00,1,0,0.0
2026-05-14T02:12:10.328854+00:00,1,0,0.0
2026-04-28T07:57:40.689707+00:00,1,0,0.0
2026-04-30T01:59:49.940064+00:00,1,0,0.0
2026-05-29T02:07:33.814706+00:00,1,0,0.0
2026-04-22T06:24:24.863439+00:00,1,0,0.0
2026-05-15T02:07:28.878356+00:00,1,0,0.0
2026-05-28T02:02:26.553908+00:00,1,0,0.0
2026-07-12T03:29:53.742241+00:00,1,0,0.0
2026-05-16T02:00:11.431306+00:00,1,0,0.0
2026-04-29T01:58:58.07662+00:00,1,0,0.0
2026-06-24T04:06:33.736529+00:00,1,0,0.0
2026-06-19T02:54:55.516845+00:00,1,0,0.0
2026-05-14T02:10:52.707949+00:00,1,0,0.0
2026-06-15T02:44:08.382174+00:00,1,0,0.0
2026-04-24T06:32:25.944188+00:00,1,0,0.0
2026-05-04T01:53:46.182536+00:00,1,0,0.0
2026-05-05T01:53:18.6396+00:00,1,0,0.0
2026-08-08T01:59:50.722547+00:00,1,0,0.0
2026-08-08T01:59:04.038925+00:00,1,0,0.0
2026-08-09T02:07:13.853701+00:00,1,0,0.0
2026-06-30T04:07:39.636082+00:00,1,0,0.0
2026-05-21T02:13:20.213629+00:00,1,0,0.0
2026-05-08T02:05:28.04415+00:00,1,0,0.0
2026-07-16T03:15:32.845687+00:00,1,0,0.0
2026-06-14T02:39:20.805421+00:00,1,0,0.0
2026-05-31T02:30:39.045891+00:00,1,0,0.0
2026-06-03T02:45:44.276161+00:00,1,1,100.0
2026-04-26T06:31:20.733118+00:00,1,0,0.0
2026-04-26T06:31:01.218428+00:00,1,0,0.0
2026-06-26T04:14:00.044146+00:00,1,0,0.0
2026-04-28T07:59:27.377643+00:00,1,0,0.0
2026-08-05T02:55:17.14153+00:00,1,0,0.0
2026-04-24T06:32:14.69746+00:00,1,0,0.0
2026-06-15T02:42:19.498095+00:00,1,0,0.0
2026-05-30T02:02:26.482544+00:00,1,0,0.0
2026-07-16T03:13:56.837893+00:00,1,0,0.0
2026-07-07T03:56:50.596629+00:00,1,0,0.0
2026-05-10T01:55:30.826787+00:00,1,0,0.0
2026-08-12T02:27:55.843106+00:00,1,0,0.0
2026-05-10T01:55:03.517959+00:00,1,0,0.0
2026-04-30T01:59:56.226556+00:00,1,0,0.0
2026-08-14T02:23:21.82998+00:00,1,0,0.0
2026-06-17T02:41:19.495496+00:00,1,0,0.0
2026-05-18T02:13:01.735324+00:00,1,0,0.0
2026-08-14T02:25:35.1113+00:00,1,0,0.0
2026-06-22T02:44:18.220352+00:00,1,0,0.0
2026-06-06T02:07:44.813897+00:00,1,0,0.0
2026-06-06T02:06:40.403867+00:00,1,0,0.0
2026-08-12T02:24:42.732025+00:00,1,0,0.0
2026-05-20T02:11:32.462563+00:00,1,0,0.0
2026-08-05T02:55:06.97248+00:00,1,0,0.0
2026-04-30T01:58:53.10319+00:00,1,0,0.0
2026-05-02T01:48:26.518208+00:00,1,0,0.0
2026-04-26T06:30:35.29428+00:00,1,0,0.0
2026-07-14T02:54:23.334819+00:00,1,0,0.0
2026-05-28T02:00:43.846017+00:00,1,0,0.0
2026-08-12T02:27:21.878629+00:00,1,0,0.0
2026-05-18T02:12:57.862833+00:00,1,0,0.0
2026-04-28T07:59:11.834095+00:00,1,0,0.0
2026-06-30T04:07:43.004865+00:00,1,0,0.0
2026-07-10T03:53:07.82301+00:00,1,0,0.0
2026-05-07T01:57:45.346393+00:00,1,0,0.0
2026-08-13T02:28:51.939374+00:00,1,0,0.0
2026-05-18T02:12:51.299059+00:00,1,1,100.0
2026-06-04T02:40:38.879191+00:00,1,0,0.0
2026-05-02T01:49:05.514992+00:00,1,0,0.0
2026-07-13T03:32:22.388245+00:00,1,0,0.0
2026-05-11T02:07:15.620188+00:00,1,0,0.0
2026-07-28T02:56:39.610293+00:00,1,0,0.0
2026-08-07T02:55:07.556267+00:00,1,0,0.0
2026-08-04T03:14:31.743141+00:00,1,0,0.0
2026-04-22T03:26:45.57717+00:00,1,0,0.0
2026-07-11T03:18:38.714316+00:00,1,0,0.0
2026-06-03T02:46:40.448237+00:00,1,0,0.0
2026-08-05T02:55:59.521946+00:00,1,0,0.0
2026-05-08T02:05:18.984416+00:00,1,0,0.0
2026-05-09T01:55:32.297414+00:00,1,0,0.0
2026-06-28T04:21:43.603059+00:00,1,0,0.0
2026-08-13T02:30:06.619095+00:00,1,0,0.0
2026-05-21T02:14:20.698986+00:00,1,0,0.0
2026-05-22T02:14:52.45471+00:00,1,0,0.0
2026-04-23T06:29:21.85304+00:00,1,0,0.0
2026-05-01T02:01:33.349777+00:00,1,0,0.0
2026-04-23T06:31:01.359747+00:00,1,0,0.0
2026-08-07T02:59:23.483615+00:00,1,0,0.0
2026-05-13T02:07:02.23964+00:00,1,0,0.0
2026-08-07T02:57:19.45926+00:00,1,0,0.0
2026-07-13T03:32:35.469447+00:00,1,0,0.0
2026-05-26T02:10:03.789613+00:00,1,0,0.0
2026-06-08T02:37:59.156018+00:00,1,0,0.0
2026-04-27T07:59:34.395927+00:00,1,0,0.0
2026-08-04T03:15:02.204209+00:00,1,0,0.0
2026-08-09T02:06:25.854434+00:00,1,0,0.0
2026-06-26T04:14:36.943299+00:00,1,1,100.0
2026-07-26T03:31:59.900412+00:00,1,0,0.0
2026-06-23T04:04:12.568509+00:00,1,0,0.0
2026-05-28T02:02:07.122589+00:00,1,0,0.0
2026-08-12T02:24:45.498285+00:00,1,0,0.0
2026-07-24T03:19:52.360577+00:00,1,0,0.0
2026-07-22T03:20:06.171989+00:00,1,0,0.0
2026-07-05T04:01:11.374449+00:00,1,0,0.0
2026-05-07T01:57:37.585695+00:00,1,0,0.0
2026-07-08T03:22:58.563671+00:00,1,0,0.0
2026-08-11T02:07:09.780273+00:00,1,0,0.0
2026-05-23T02:03:50.592677+00:00,1,0,0.0
2026-06-22T03:23:16.979712+00:00,1,0,0.0
2026-07-03T03:49:59.552387+00:00,1,1,100.0
2026-05-27T02:16:32.448828+00:00,1,0,0.0
2026-05-20T02:11:29.212672+00:00,1,0,0.0
2026-05-13T02:07:41.294774+00:00,1,0,0.0
2026-05-05T01:52:53.981121+00:00,1,0,0.0
2026-04-22T03:24:27.228105+00:00,1,0,0.0
2026-06-17T02:42:30.24045+00:00,1,0,0.0
2026-06-01T02:39:02.895037+00:00,1,0,0.0
2026-06-29T04:27:53.580075+00:00,1,0,0.0
2026-07-16T03:15:26.407933+00:00,1,0,0.0
2026-06-01T02:40:40.621745+00:00,1,0,0.0
2026-06-11T02:37:30.182254+00:00,1,0,0.0
2026-05-26T02:09:33.269366+00:00,1,0,0.0
2026-04-22T03:24:33.377976+00:00,1,0,0.0
2026-04-22T06:27:44.367598+00:00,1,0,0.0
2026-05-26T02:09:06.992815+00:00,1,0,0.0
2026-07-29T03:14:40.96166+00:00,1,0,0.0
2026-07-27T03:39:04.627967+00:00,1,0,0.0
2026-04-22T06:26:36.665995+00:00,1,0,0.0
2026-06-21T02:42:22.767339+00:00,1,0,0.0
2026-08-15T01:35:45.332343+00:00,1,0,0.0
2026-05-18T02:13:41.845853+00:00,1,0,0.0
2026-05-23T02:02:58.438043+00:00,1,0,0.0
2026-06-17T02:42:37.482042+00:00,1,0,0.0
2026-07-28T02:57:08.381433+00:00,1,0,0.0
2026-05-05T01:53:03.022077+00:00,1,1,100.0
2026-08-18T01:35:29.526289+00:00,1,0,0.0
2026-04-26T06:32:56.432754+00:00,1,0,0.0
2026-08-05T02:56:56.94082+00:00,1,0,0.0
2026-08-12T02:28:31.900545+00:00,1,0,0.0
2026-05-16T01:59:17.388835+00:00,1,0,0.0
2026-06-01T02:40:27.148848+00:00,1,0,0.0
2026-07-29T03:15:10.648921+00:00,1,0,0.0
2026-06-03T02:46:54.968266+00:00,1,0,0.0
2026-04-29T01:59:23.004673+00:00,1,0,0.0
2026-06-25T04:06:07.264495+00:00,1,0,0.0
2026-07-26T03:32:37.749833+00:00,1,0,0.0
2026-04-23T06:31:25.374933+00:00,1,0,0.0
2026-06-16T02:46:07.403167+00:00,1,0,0.0
2026-07-24T03:19:00.180744+00:00,1,0,0.0
2026-05-17T02:02:32.113398+00:00,1,0,0.0
2026-04-22T03:27:53.473671+00:00,1,0,0.0
2026-05-11T02:06:29.447132+00:00,1,0,0.0
2026-04-26T06:31:38.274809+00:00,1,0,0.0
2026-05-08T02:02:24.770115+00:00,1,0,0.0
2026-08-07T02:54:10.392187+00:00,1,0,0.0
2026-06-12T02:32:58.59471+00:00,1,0,0.0
2026-06-13T02:15:26.125465+00:00,1,0,0.0
2026-07-22T03:19:25.575093+00:00,1,0,0.0
2026-04-26T06:31:14.431165+00:00,1,0,0.0
2026-05-21T02:14:09.294173+00:00,1,0,0.0
2026-05-02T01:48:36.456711+00:00,1,0,0.0
2026-06-08T02:38:09.706701+00:00,1,0,0.0
2026-08-12T02:25:58.552242+00:00,1,0,0.0
2026-06-12T02:34:37.062331+00:00,1,0,0.0
2026-04-28T08:00:06.231719+00:00,1,0,0.0
2026-05-30T02:02:45.561069+00:00,1,0,0.0
2026-06-13T02:14:23.87595+00:00,1,0,0.0
2026-05-10T01:55:27.354882+00:00,1,0,0.0
2026-07-24T03:19:32.844538+00:00,1,0,0.0
2026-06-11T02:38:50.127888+00:00,1,0,0.0
2026-06-03T02:46:17.348345+00:00,1,0,0.0
2026-06-21T02:40:20.919338+00:00,1,0,0.0
2026-08-18T01:37:08.084472+00:00,1,0,0.0
2026-06-11T02:39:10.145069+00:00,1,0,0.0
2026-08-13T02:25:33.183865+00:00,1,0,0.0
2026-05-21T02:13:47.214525+00:00,1,0,0.0
2026-05-16T02:00:56.595186+00:00,1,0,0.0
2026-04-23T06:29:11.956085+00:00,1,0,0.0
2026-07-04T03:42:14.757745+00:00,1,0,0.0
2026-07-25T03:17:44.493734+00:00,1,0,0.0
2026-04-26T06:30:09.5345+00:00,1,0,0.0
2026-05-25T02:30:42.748708+00:00,1,0,0.0
2026-05-24T02:10:14.959064+00:00,1,0,0.0
2026-06-14T02:38:14.400767+00:00,1,0,0.0
2026-05-25T02:29:12.483771+00:00,1,0,0.0
2026-05-02T01:50:12.56485+00:00,1,0,0.0
2026-08-02T03:29:14.741947+00:00,1,0,0.0
2026-06-15T02:42:46.369361+00:00,1,0,0.0
2026-07-26T03:31:27.493061+00:00,1,0,0.0
2026-07-02T04:04:21.160571+00:00,1,0,0.0
2026-05-28T02:03:27.688438+00:00,1,0,0.0
2026-07-01T04:23:40.873533+00:00,1,0,0.0
2026-05-16T02:00:08.324+00:00,1,0,0.0
2026-05-13T02:08:26.28406+00:00,1,0,0.0
2026-06-29T04:28:49.991035+00:00,1,0,0.0
2026-07-03T03:49:06.782365+00:00,1,0,0.0
2026-04-22T03:27:50.202227+00:00,1,0,0.0
2026-07-22T03:19:35.625843+00:00,1,0,0.0
2026-06-16T02:46:37.462067+00:00,1,0,0.0
2026-08-10T02:12:06.682504+00:00,1,0,0.0
2026-05-03T01:51:24.262142+00:00,1,0,0.0
2026-07-29T03:15:39.911132+00:00,1,0,0.0
2026-05-15T02:07:50.44903+00:00,1,1,100.0
2026-05-08T02:02:44.751652+00:00,1,0,0.0
2026-05-26T02:10:13.217747+00:00,1,0,0.0
2026-05-26T02:09:56.685207+00:00,1,0,0.0
2026-08-10T02:11:44.499356+00:00,1,0,0.0
2026-04-24T06:30:56.055951+00:00,1,0,0.0
2026-05-14T02:08:52.270268+00:00,1,0,0.0
2026-05-23T02:03:05.072656+00:00,1,1,100.0
2026-05-25T02:30:05.786961+00:00,1,0,0.0
2026-08-15T01:37:29.230224+00:00,1,0,0.0
2026-05-03T01:51:45.746394+00:00,1,1,100.0
2026-07-15T02:53:31.949371+00:00,1,1,100.0
2026-05-20T02:12:30.78985+00:00,1,0,0.0
2026-07-26T03:31:45.637497+00:00,1,0,0.0
2026-05-22T02:13:25.207211+00:00,1,0,0.0
2026-04-26T06:31:57.334248+00:00,1,0,0.0
2026-05-26T02:11:02.944866+00:00,1,0,0.0
2026-05-22T02:13:46.902561+00:00,1,0,0.0
2026-08-18T01:36:39.281084+00:00,1,0,0.0
2026-04-25T06:07:59.234919+00:00,1,0,0.0
2026-06-08T02:37:29.443873+00:00,1,0,0.0
2026-08-07T02:55:17.268398+00:00,1,0,0.0
2026-06-15T02:43:48.8354+00:00,1,0,0.0
2026-08-07T02:56:20.985426+00:00,1,0,0.0
2026-08-07T02:54:48.294763+00:00,1,0,0.0
2026-06-01T02:38:52.966593+00:00,1,0,0.0
2026-06-04T02:39:51.394405+00:00,1,0,0.0
2026-08-04T03:16:06.739361+00:00,1,0,0.0
2026-06-27T03:59:08.61269+00:00,1,0,0.0
2026-06-18T02:39:45.855103+00:00,1,0,0.0
2026-07-22T03:19:53.373129+00:00,1,0,0.0
2026-04-28T07:58:56.381619+00:00,1,0,0.0
2026-05-26T02:08:42.322022+00:00,1,0,0.0
2026-06-05T02:14:45.563025+00:00,1,0,0.0
2026-05-03T01:51:40.534036+00:00,1,0,0.0
2026-05-10T01:56:17.553699+00:00,1,1,100.0
2026-06-07T02:35:10.148398+00:00,1,0,0.0
2026-05-15T02:08:12.609326+00:00,1,1,100.0
2026-08-02T03:29:40.977144+00:00,1,1,100.0
2026-05-06T01:53:38.616565+00:00,1,0,0.0
2026-07-01T04:24:53.305546+00:00,1,0,0.0
2026-05-24T02:10:42.913131+00:00,1,0,0.0
2026-08-05T02:55:03.526376+00:00,1,0,0.0
2026-06-25T04:06:19.219135+00:00,1,0,0.0
2026-05-10T01:55:17.345171+00:00,1,0,0.0
2026-06-22T03:26:14.30406+00:00,1,0,0.0
2026-06-23T04:04:15.947756+00:00,1,0,0.0
2026-05-27T02:17:19.378345+00:00,1,0,0.0
2026-07-29T03:15:04.097237+00:00,1,0,0.0
2026-07-30T02:49:18.694114+00:00,1,0,0.0
2026-07-17T03:17:52.203623+00:00,1,0,0.0
2026-05-09T01:56:31.960201+00:00,1,0,0.0
2026-05-06T01:52:18.30113+00:00,1,0,0.0
2026-06-15T02:42:37.663926+00:00,1,0,0.0
2026-07-13T03:32:51.475667+00:00,1,0,0.0
2026-05-29T02:08:04.26214+00:00,1,0,0.0
2026-06-26T04:12:46.030219+00:00,1,0,0.0
2026-05-01T02:01:00.857156+00:00,1,0,0.0
2026-08-11T02:06:50.314736+00:00,1,0,0.0
2026-05-19T02:14:23.692972+00:00,1,0,0.0
2026-05-06T01:53:10.150561+00:00,1,0,0.0
2026-07-13T03:32:32.473486+00:00,1,0,0.0
2026-07-20T03:40:22.420022+00:00,1,0,0.0
2026-05-28T02:01:26.362422+00:00,1,0,0.0
2026-07-02T04:04:08.232035+00:00,1,0,0.0
2026-06-22T03:27:28.731509+00:00,1,0,0.0
2026-06-15T02:44:21.776012+00:00,1,0,0.0
2026-05-29T02:06:38.727171+00:00,1,0,0.0
2026-04-26T06:32:03.587182+00:00,1,0,0.0
2026-06-01T02:40:10.196905+00:00,1,0,0.0
2026-06-08T02:37:40.105762+00:00,1,0,0.0
2026-05-21T02:11:34.483466+00:00,1,0,0.0
2026-05-26T02:09:10.720016+00:00,1,0,0.0
2026-06-04T02:40:28.732522+00:00,1,0,0.0
2026-08-02T03:30:27.717138+00:00,1,0,0.0
2026-05-22T02:14:00.320382+00:00,1,0,0.0
2026-08-13T02:26:04.862836+00:00,1,0,0.0
2026-06-23T04:03:04.59457+00:00,1,0,0.0
2026-05-08T02:02:31.280636+00:00,1,0,0.0
2026-05-16T01:59:58.843503+00:00,1,0,0.0
2026-07-28T02:56:46.123681+00:00,1,0,0.0
2026-07-30T02:48:32.197441+00:00,1,0,0.0
2026-07-10T03:51:48.252652+00:00,1,0,0.0
2026-08-13T02:27:39.987607+00:00,1,0,0.0
2026-05-31T02:30:35.735063+00:00,1,0,0.0
2026-06-23T04:02:54.493631+00:00,1,0,0.0
2026-05-09T01:55:54.536636+00:00,1,0,0.0
2026-05-18T02:13:21.02848+00:00,1,0,0.0
2026-04-27T08:01:22.780039+00:00,1,0,0.0
2026-04-27T07:59:30.585395+00:00,1,0,0.0
2026-06-12T02:34:45.868981+00:00,1,0,0.0
2026-07-04T03:40:54.476699+00:00,1,0,0.0
2026-06-04T02:41:30.688413+00:00,1,0,0.0
2026-08-06T03:14:07.270025+00:00,1,0,0.0
2026-08-13T02:25:21.431945+00:00,1,0,0.0
2026-07-07T03:57:42.156259+00:00,1,0,0.0
2026-08-13T02:30:22.403838+00:00,1,0,0.0
2026-04-27T08:00:48.531914+00:00,1,0,0.0
2026-07-07T03:56:53.455074+00:00,1,0,0.0
2026-05-14T02:11:05.951936+00:00,1,0,0.0
2026-06-30T04:07:32.971164+00:00,1,0,0.0
2026-07-11T03:18:57.536746+00:00,1,0,0.0
2026-06-04T02:40:35.448297+00:00,1,0,0.0
2026-05-05T01:53:22.074547+00:00,1,0,0.0
2026-05-28T02:01:03.258635+00:00,1,0,0.0
2026-04-29T02:01:02.58481+00:00,1,0,0.0
2026-07-24T03:19:48.707397+00:00,1,0,0.0
2026-07-05T04:01:14.378491+00:00,1,0,0.0
2026-06-28T04:21:49.770307+00:00,1,0,0.0
2026-07-21T03:20:16.527223+00:00,1,0,0.0
2026-04-24T06:32:35.903346+00:00,1,0,0.0
2026-05-08T02:05:43.09752+00:00,1,0,0.0
2026-06-11T02:38:29.37432+00:00,1,0,0.0
2026-05-03T01:52:34.343107+00:00,1,0,0.0
2026-05-26T02:10:36.669167+00:00,1,0,0.0
2026-06-03T02:46:26.767999+00:00,1,0,0.0
2026-08-13T02:27:33.991922+00:00,1,0,0.0
2026-07-31T03:30:40.054057+00:00,1,0,0.0
2026-04-27T08:01:36.07085+00:00,1,0,0.0
2026-08-17T01:41:11.63245+00:00,1,0,0.0
2026-05-22T02:13:28.279075+00:00,1,0,0.0
2026-08-07T02:55:10.834239+00:00,1,0,0.0
2026-05-03T01:52:22.132857+00:00,1,0,0.0
2026-04-27T08:01:39.301302+00:00,1,0,0.0
2026-08-15T01:37:26.204662+00:00,1,0,0.0
2026-07-28T02:56:59.965007+00:00,1,0,0.0
2026-06-08T02:38:48.515044+00:00,1,0,0.0
2026-05-29T02:07:20.780536+00:00,1,0,0.0
2026-08-16T01:43:11.281004+00:00,1,0,0.0
2026-04-22T06:25:56.65276+00:00,1,0,0.0
2026-07-25T03:17:47.963564+00:00,1,0,0.0
2026-05-23T02:02:34.271845+00:00,1,0,0.0
2026-04-30T01:57:50.234007+00:00,1,0,0.0
2026-07-11T03:19:20.304661+00:00,1,0,0.0
2026-07-29T03:15:46.545572+00:00,1,0,0.0
2026-05-25T02:31:12.321113+00:00,1,0,0.0
2026-06-07T02:35:00.794856+00:00,1,0,0.0
2026-07-14T02:54:30.413921+00:00,1,0,0.0
2026-07-18T02:54:53.962883+00:00,1,0,0.0
2026-06-05T02:15:05.622995+00:00,1,0,0.0
2026-05-25T02:30:39.449041+00:00,1,0,0.0
2026-04-22T06:24:21.748252+00:00,1,0,0.0
2026-04-27T07:57:37.414191+00:00,1,0,0.0
2026-06-13T02:13:58.370988+00:00,1,0,0.0
2026-06-29T04:28:59.843216+00:00,1,0,0.0
2026-05-27T02:16:39.45852+00:00,1,0,0.0
2026-05-25T02:31:58.714178+00:00,1,0,0.0
2026-06-15T02:45:16.359285+00:00,1,0,0.0
2026-08-13T02:29:01.179049+00:00,1,0,0.0
2026-08-05T02:55:49.515171+00:00,1,0,0.0
2026-05-21T02:11:58.811889+00:00,1,0,0.0
2026-05-10T01:55:43.399135+00:00,1,0,0.0
2026-06-23T04:03:56.536611+00:00,1,0,0.0
2026-06-18T02:39:21.449424+00:00,1,0,0.0
2026-06-14T02:39:26.933244+00:00,1,0,0.0
2026-06-16T02:46:10.548379+00:00,1,0,0.0
2026-05-15T02:08:42.294662+00:00,1,0,0.0
2026-08-10T02:11:20.31381+00:00,1,0,0.0
2026-04-30T01:58:17.554452+00:00,1,1,100.0
2026-08-18T01:37:15.007112+00:00,1,0,0.0
2026-08-07T02:54:16.809029+00:00,1,0,0.0
2026-08-12T02:26:27.973403+00:00,1,0,0.0
2026-08-12T02:28:16.428744+00:00,1,0,0.0
2026-08-13T02:29:14.686078+00:00,1,0,0.0
2026-04-22T03:26:09.536874+00:00,1,0,0.0
2026-05-30T02:03:42.565364+00:00,1,0,0.0
2026-05-06T01:53:35.389177+00:00,1,0,0.0
2026-08-13T02:27:30.876524+00:00,1,0,0.0
2026-07-12T03:29:34.724875+00:00,1,0,0.0
2026-08-12T02:23:54.916713+00:00,1,1,100.0
2026-08-14T02:24:09.935599+00:00,1,0,0.0
2026-05-26T02:09:30.146508+00:00,1,0,0.0
2026-06-07T02:33:53.434716+00:00,1,0,0.0
2026-08-15T01:37:07.327723+00:00,1,0,0.0
2026-08-08T01:59:53.957305+00:00,1,0,0.0
2026-05-11T02:04:59.076201+00:00,1,0,0.0
2026-07-29T03:15:19.893755+00:00,1,0,0.0
2026-06-10T02:16:39.54204+00:00,1,0,0.0
2026-08-13T02:28:46.16662+00:00,1,0,0.0
2026-05-23T02:02:52.208706+00:00,1,0,0.0
2026-06-16T02:47:30.505986+00:00,1,0,0.0
2026-04-22T03:25:02.012317+00:00,1,0,0.0
2026-05-08T02:02:12.720744+00:00,1,0,0.0
2026-05-22T02:14:10.103079+00:00,1,0,0.0
2026-05-13T02:08:42.101641+00:00,1,0,0.0
2026-04-22T03:27:17.741751+00:00,1,0,0.0
2026-05-23T02:04:03.102397+00:00,1,0,0.0
2026-05-11T02:05:02.01885+00:00,1,0,0.0
2026-07-11T03:17:45.315691+00:00,1,0,0.0
2026-05-24T02:10:11.353054+00:00,1,0,0.0
2026-05-06T01:52:43.674817+00:00,1,0,0.0
2026-08-02T03:30:50.717316+00:00,1,0,0.0
2026-06-11T02:38:23.006605+00:00,1,0,0.0
2026-06-08T02:37:43.675306+00:00,1,0,0.0
2026-05-01T02:01:19.994657+00:00,1,0,0.0
2026-06-10T02:15:56.93899+00:00,1,0,0.0
2026-05-15T02:07:59.424691+00:00,1,0,0.0
2026-06-06T02:06:13.955268+00:00,1,0,0.0
2026-06-01T02:39:37.305859+00:00,1,0,0.0
2026-06-23T04:03:27.098329+00:00,1,0,0.0
2026-04-25T06:08:55.745025+00:00,1,0,0.0
2026-06-16T02:47:10.099101+00:00,1,0,0.0
2026-05-29T02:09:13.755539+00:00,1,0,0.0
2026-08-06T03:13:24.289961+00:00,1,0,0.0
2026-06-03T02:45:18.763613+00:00,1,0,0.0
2026-06-16T02:46:48.49062+00:00,1,0,0.0
2026-06-27T03:59:50.461858+00:00,1,0,0.0
2026-06-14T02:38:17.366206+00:00,1,0,0.0
2026-04-22T06:25:04.40169+00:00,1,0,0.0
2026-05-11T02:05:49.876048+00:00,1,1,100.0
2026-06-14T02:38:08.312391+00:00,1,0,0.0
2026-05-14T02:11:31.331872+00:00,1,0,0.0
2026-05-21T02:14:23.909174+00:00,1,0,0.0
2026-08-15T01:36:14.407056+00:00,1,0,0.0
2026-07-16T03:15:23.447503+00:00,1,0,0.0
2026-07-16T03:15:13.931294+00:00,1,0,0.0
2026-04-23T06:31:12.666164+00:00,1,0,0.0
2026-05-04T01:52:15.715677+00:00,1,0,0.0
2026-04-26T06:33:18.869989+00:00,1,0,0.0
2026-05-19T02:12:50.623461+00:00,1,0,0.0
2026-07-24T03:19:26.017935+00:00,1,0,0.0
2026-08-13T02:25:27.701365+00:00,1,0,0.0
2026-05-02T01:49:08.665978+00:00,1,0,0.0
2026-07-23T03:25:26.794213+00:00,1,0,0.0
2026-06-29T04:28:26.217658+00:00,1,0,0.0
2026-08-07T02:55:14.285335+00:00,1,0,0.0
2026-05-28T02:03:11.759294+00:00,1,0,0.0
2026-05-12T02:02:10.128883+00:00,1,0,0.0
2026-04-22T03:26:18.653779+00:00,1,0,0.0
2026-06-07T02:34:41.22898+00:00,1,0,0.0
2026-08-13T02:26:54.283585+00:00,1,0,0.0
2026-07-16T03:15:04.266508+00:00,1,0,0.0
2026-05-22T02:13:31.455278+00:00,1,0,0.0
2026-05-10T01:56:26.82616+00:00,1,0,0.0
2026-05-16T01:59:29.831781+00:00,1,0,0.0
2026-06-17T02:42:46.774844+00:00,1,0,0.0
2026-05-13T02:08:35.789813+00:00,1,0,0.0
2026-04-30T01:59:11.847584+00:00,1,0,0.0
2026-04-28T07:59:47.17139+00:00,1,0,0.0
2026-07-04T03:41:50.644073+00:00,1,0,0.0
2026-08-16T01:43:26.004049+00:00,1,0,0.0
2026-04-22T06:25:30.684114+00:00,1,0,0.0
2026-08-13T02:27:36.929807+00:00,1,0,0.0
2026-08-02T03:30:07.219199+00:00,1,0,0.0
2026-05-21T02:13:36.762515+00:00,1,0,0.0
2026-06-07T02:34:37.762009+00:00,1,0,0.0
2026-07-24T03:21:05.687773+00:00,1,0,0.0
2026-07-31T03:30:13.141144+00:00,1,0,0.0
2026-06-15T02:43:55.107128+00:00,1,1,100.0
2026-05-21T02:13:01.629017+00:00,1,0,0.0
2026-08-18T01:37:04.872492+00:00,1,0,0.0
2026-06-07T02:35:29.400599+00:00,1,0,0.0
2026-05-10T01:55:53.47863+00:00,1,0,0.0
2026-06-18T02:39:49.197753+00:00,1,1,100.0
2026-08-01T03:30:07.718545+00:00,1,1,100.0
2026-05-28T02:02:37.198118+00:00,1,0,0.0
2026-06-16T02:46:51.742114+00:00,1,0,0.0
2026-05-21T02:10:58.074618+00:00,1,0,0.0
2026-04-30T01:58:43.129032+00:00,1,0,0.0
2026-07-01T04:25:21.96834+00:00,1,0,0.0
2026-05-21T02:12:02.05751+00:00,1,1,100.0
2026-08-18T01:35:37.838019+00:00,1,0,0.0
2026-06-14T02:39:08.364444+00:00,1,1,100.0
2026-05-25T02:29:41.616889+00:00,1,0,0.0
2026-06-14T02:39:24.045374+00:00,1,0,0.0
2026-08-02T03:29:54.071319+00:00,1,0,0.0
2026-05-25T02:32:12.050586+00:00,1,0,0.0
2026-06-30T04:07:23.345906+00:00,1,0,0.0
2026-08-08T01:59:34.834366+00:00,1,0,0.0
2026-08-10T02:11:04.990553+00:00,1,0,0.0
2026-06-11T02:37:26.179521+00:00,1,0,0.0
2026-07-29T03:15:29.731679+00:00,1,0,0.0
2026-07-16T03:14:45.233452+00:00,1,0,0.0
2026-07-05T04:00:54.805622+00:00,1,0,0.0
2026-05-22T02:13:43.69842+00:00,1,0,0.0
2026-08-12T02:28:48.111619+00:00,1,0,0.0
2026-04-27T08:01:32.648986+00:00,1,0,0.0
2026-06-24T04:06:17.523398+00:00,1,0,0.0
2026-06-11T02:38:10.577958+00:00,1,0,0.0
2026-04-24T06:32:54.814564+00:00,1,0,0.0
2026-06-24T04:05:19.126555+00:00,1,0,0.0
2026-07-13T03:33:13.922552+00:00,1,0,0.0
2026-04-28T07:59:34.019055+00:00,1,0,0.0
2026-07-18T02:55:08.37579+00:00,1,0,0.0
2026-05-05T01:54:55.116608+00:00,1,0,0.0
2026-06-27T03:59:37.566161+00:00,1,0,0.0
2026-07-10T03:51:51.253527+00:00,1,0,0.0
2026-08-13T02:30:00.457229+00:00,1,0,0.0
2026-08-01T03:30:23.663337+00:00,1,0,0.0
2026-07-01T04:24:37.4883+00:00,1,0,0.0
2026-05-15T02:08:16.069703+00:00,1,0,0.0
2026-07-01T04:24:34.293416+00:00,1,0,0.0
2026-07-11T03:19:13.768994+00:00,1,0,0.0
2026-06-02T02:37:21.452672+00:00,1,1,100.0
2026-04-30T01:58:36.70082+00:00,1,0,0.0
2026-06-12T02:34:05.052374+00:00,1,0,0.0
2026-05-08T02:04:35.434264+00:00,1,0,0.0
2026-05-14T02:09:47.3175+00:00,1,0,0.0
2026-05-24T02:10:04.561694+00:00,1,0,0.0
2026-08-13T02:31:07.775482+00:00,1,0,0.0
2026-07-06T04:05:50.756696+00:00,1,0,0.0
2026-06-05T02:16:08.990117+00:00,1,0,0.0
2026-05-27T02:16:42.624944+00:00,1,0,0.0
2026-07-09T03:50:42.285137+00:00,1,0,0.0
2026-06-07T02:34:17.839259+00:00,1,0,0.0
2026-04-30T01:58:05.626709+00:00,1,0,0.0
2026-08-13T02:25:48.900406+00:00,1,0,0.0
2026-08-10T02:11:57.366903+00:00,1,0,0.0
2026-04-28T08:00:03.314205+00:00,1,0,0.0
2026-05-23T02:03:47.331597+00:00,1,0,0.0
2026-04-28T07:59:57.066826+00:00,1,0,0.0
2026-07-24T03:20:21.821859+00:00,1,1,100.0
2026-07-16T03:14:58.257423+00:00,1,0,0.0
2026-07-26T03:32:34.445399+00:00,1,0,0.0
2026-07-04T03:41:05.660782+00:00,1,0,0.0
2026-05-21T02:12:05.175674+00:00,1,0,0.0
2026-06-11T02:38:56.642907+00:00,1,0,0.0
2026-05-03T01:53:40.892122+00:00,1,0,0.0
2026-07-20T03:40:00.830756+00:00,1,0,0.0
2026-04-30T01:59:52.958128+00:00,1,0,0.0
2026-06-21T02:41:41.459836+00:00,1,0,0.0
2026-05-30T02:02:23.274192+00:00,1,0,0.0
2026-06-16T02:47:13.306109+00:00,1,0,0.0
2026-06-15T02:45:19.850907+00:00,1,0,0.0
2026-08-02T03:30:57.000011+00:00,1,0,0.0
2026-04-22T03:24:58.782909+00:00,1,0,0.0
2026-05-07T01:56:15.564345+00:00,1,1,100.0
2026-04-27T07:57:44.899938+00:00,1,1,100.0
2026-07-07T03:56:37.841963+00:00,1,0,0.0
2026-06-11T02:38:03.44273+00:00,1,0,0.0
2026-07-08T03:23:43.878322+00:00,1,0,0.0
2026-08-17T01:39:46.013616+00:00,1,0,0.0
2026-05-11T02:06:13.160182+00:00,1,0,0.0
2026-06-03T02:47:14.913468+00:00,1,0,0.0
2026-05-21T02:11:37.667087+00:00,1,0,0.0
2026-06-14T02:38:23.559839+00:00,1,0,0.0
2026-07-04T03:41:46.760031+00:00,1,0,0.0
2026-07-13T03:32:41.753546+00:00,1,0,0.0
2026-06-26T04:13:56.86195+00:00,1,0,0.0
2026-04-25T06:09:18.910612+00:00,1,0,0.0
2026-08-08T01:59:10.540295+00:00,1,0,0.0
2026-05-14T02:10:55.806905+00:00,1,0,0.0
2026-07-11T03:19:29.894453+00:00,1,0,0.0
2026-06-22T03:23:40.915462+00:00,1,0,0.0
2026-06-11T02:38:35.945081+00:00,1,0,0.0
2026-05-25T02:30:49.153228+00:00,1,0,0.0
2026-05-08T02:04:59.094324+00:00,1,0,0.0
2026-06-14T02:37:39.264034+00:00,1,0,0.0
2026-06-29T04:28:12.096408+00:00,1,0,0.0
2026-06-23T04:04:34.276132+00:00,1,0,0.0
2026-07-16T03:14:48.358639+00:00,1,0,0.0
2026-04-29T02:00:45.761956+00:00,1,1,100.0
2026-04-29T02:00:30.111007+00:00,1,0,0.0
2026-06-03T02:47:24.487008+00:00,1,0,0.0
2026-07-15T02:53:21.951702+00:00,1,0,0.0
2026-05-26T02:10:23.502201+00:00,1,0,0.0
2026-04-29T02:00:49.459841+00:00,1,0,0.0
2026-08-12T02:25:05.841451+00:00,1,0,0.0
2026-07-05T04:00:51.152903+00:00,1,0,0.0
2026-06-30T04:08:56.851372+00:00,1,0,0.0
2026-05-07T01:57:56.465621+00:00,1,0,0.0
2026-08-10T02:11:41.178462+00:00,1,0,0.0
2026-04-22T03:26:42.003596+00:00,1,0,0.0
2026-06-14T02:37:35.870023+00:00,1,0,0.0
2026-06-24T04:06:27.628414+00:00,1,0,0.0
2026-08-06T03:13:13.491367+00:00,1,0,0.0
2026-06-20T02:16:10.839978+00:00,1,0,0.0
2026-05-14T02:10:16.541961+00:00,1,0,0.0
2026-06-26T04:13:44.183146+00:00,1,0,0.0
2026-05-20T02:12:49.959472+00:00,1,0,0.0
2026-06-12T02:34:26.726865+00:00,1,0,0.0
2026-07-02T04:03:47.03172+00:00,1,0,0.0
2026-06-30T04:07:55.889075+00:00,1,0,0.0
2026-07-30T02:47:49.531476+00:00,1,0,0.0
2026-07-09T03:51:52.405204+00:00,1,0,0.0
2026-06-04T02:40:47.925218+00:00,1,0,0.0
2026-06-15T02:42:30.605632+00:00,1,0,0.0
2026-05-11T02:05:08.872862+00:00,1,0,0.0
2026-05-14T02:09:27.674925+00:00,1,0,0.0
2026-06-23T04:03:33.133229+00:00,1,0,0.0
2026-07-24T03:20:05.407261+00:00,1,0,0.0
2026-04-25T06:07:46.843155+00:00,1,0,0.0
2026-07-07T03:58:13.689888+00:00,1,0,0.0
2026-06-16T02:45:41.663275+00:00,1,0,0.0
2026-06-29T04:28:15.725636+00:00,1,0,0.0
2026-05-28T02:03:44.480929+00:00,1,0,0.0
2026-05-25T02:30:52.315345+00:00,1,0,0.0
2026-06-26T04:13:05.130071+00:00,1,0,0.0
2026-07-24T03:20:46.506669+00:00,1,0,0.0
2026-06-22T02:44:58.286805+00:00,1,0,0.0
2026-06-24T04:05:15.490533+00:00,1,0,0.0
2026-06-18T02:40:06.384295+00:00,1,0,0.0
2026-08-13T02:28:31.022852+00:00,1,0,0.0
2026-05-21T02:13:10.800478+00:00,1,0,0.0
2026-07-28T02:57:04.542143+00:00,1,0,0.0
2026-08-02T03:30:16.86889+00:00,1,0,0.0
2026-04-24T06:30:42.544499+00:00,1,0,0.0
2026-04-27T07:59:05.769181+00:00,1,0,0.0
2026-07-14T02:54:39.040755+00:00,1,0,0.0
2026-06-08T02:38:05.536532+00:00,1,0,0.0
2026-04-26T06:29:41.341525+00:00,1,0,0.0
2026-07-24T03:20:28.742727+00:00,1,0,0.0
2026-06-28T04:22:56.367316+00:00,1,0,0.0
2026-07-23T03:25:01.65712+00:00,1,0,0.0
2026-07-28T02:55:51.564784+00:00,1,0,0.0
2026-08-05T02:56:47.57867+00:00,1,0,0.0
2026-05-03T01:52:37.4657+00:00,1,0,0.0
2026-07-06T04:06:48.3749+00:00,1,0,0.0
2026-04-26T06:32:53.065734+00:00,1,0,0.0
2026-04-27T08:00:08.154837+00:00,1,0,0.0
2026-06-23T04:03:46.622595+00:00,1,0,0.0
2026-05-02T01:49:15.454231+00:00,1,0,0.0
2026-05-16T01:59:55.802164+00:00,1,0,0.0
2026-05-05T01:53:47.153611+00:00,1,0,0.0
2026-06-04T02:40:05.189859+00:00,1,0,0.0
2026-07-06T04:05:31.212438+00:00,1,0,0.0
2026-06-10T02:16:10.170085+00:00,1,0,0.0
2026-07-02T04:03:33.720036+00:00,1,0,0.0
2026-05-31T02:30:12.894897+00:00,1,0,0.0
2026-04-25T06:07:20.222887+00:00,1,0,0.0
2026-04-27T08:01:08.28643+00:00,1,0,0.0
2026-05-22T02:15:08.733032+00:00,1,0,0.0
2026-08-13T02:28:07.609064+00:00,1,0,0.0
2026-06-26T04:14:24.496639+00:00,1,0,0.0
2026-05-14T02:10:07.00579+00:00,1,1,100.0
2026-05-28T02:01:20.042932+00:00,1,0,0.0
2026-07-21T03:20:26.232815+00:00,1,0,0.0
2026-04-28T07:57:49.603563+00:00,1,1,100.0
2026-04-26T06:32:43.394648+00:00,1,0,0.0
2026-08-11T02:06:47.312759+00:00,1,0,0.0
2026-08-17T01:39:30.175969+00:00,1,0,0.0
2026-08-05T02:57:27.428137+00:00,1,0,0.0
2026-05-14T02:12:07.175212+00:00,1,0,0.0
2026-05-11T02:05:18.59546+00:00,1,0,0.0
2026-07-24T03:19:03.548649+00:00,1,0,0.0
2026-06-10T02:15:27.706573+00:00,1,1,100.0
2026-05-06T01:52:40.635504+00:00,1,0,0.0
2026-06-21T02:41:51.923386+00:00,1,0,0.0
2026-08-04T03:14:43.399456+00:00,1,0,0.0
2026-05-25T02:30:29.671068+00:00,1,0,0.0
2026-07-07T03:57:20.101642+00:00,1,0,0.0
2026-04-27T07:58:28.382207+00:00,1,0,0.0
2026-06-15T02:43:51.985946+00:00,1,0,0.0
2026-05-29T02:07:17.860169+00:00,1,0,0.0
2026-07-07T03:56:57.656023+00:00,1,1,100.0
2026-08-01T03:30:16.856738+00:00,1,0,0.0
2026-08-07T02:54:04.193071+00:00,1,1,100.0
2026-06-01T02:40:53.390839+00:00,1,1,100.0
2026-06-30T04:08:38.065361+00:00,1,0,0.0
2026-05-19T02:12:07.560169+00:00,1,0,0.0
2026-07-07T03:57:26.936763+00:00,1,0,0.0
2026-05-31T02:30:06.994412+00:00,1,0,0.0
2026-07-22T03:19:39.871336+00:00,1,0,0.0
2026-07-02T04:04:24.341428+00:00,1,0,0.0
2026-07-09T03:50:58.871691+00:00,1,0,0.0
2026-08-13T02:25:03.299128+00:00,1,0,0.0
2026-06-27T03:59:43.839127+00:00,1,0,0.0
2026-06-26T04:15:06.072001+00:00,1,0,0.0
2026-08-15T01:37:13.293856+00:00,1,0,0.0
2026-04-22T06:24:48.075633+00:00,1,0,0.0
2026-08-06T03:13:44.025539+00:00,1,0,0.0
2026-06-04T02:40:15.478864+00:00,1,0,0.0
2026-08-06T03:13:54.770411+00:00,1,0,0.0
2026-05-11T02:07:12.579299+00:00,1,0,0.0
2026-07-16T03:14:24.010261+00:00,1,0,0.0
2026-08-05T02:55:27.129811+00:00,1,0,0.0
2026-05-11T02:06:42.763344+00:00,1,0,0.0
2026-08-02T03:29:21.076725+00:00,1,0,0.0
2026-05-16T01:59:26.718857+00:00,1,0,0.0
2026-05-18T02:14:40.431345+00:00,1,0,0.0
2026-05-18T02:14:11.627429+00:00,1,0,0.0
2026-07-22T03:18:41.585652+00:00,1,0,0.0
2026-05-03T01:52:15.711853+00:00,1,0,0.0
2026-05-14T02:12:00.942873+00:00,1,0,0.0
2026-04-23T06:29:28.56173+00:00,1,0,0.0
2026-07-06T04:06:04.853166+00:00,1,0,0.0
2026-08-07T02:55:46.17188+00:00,1,0,0.0
2026-06-16T02:45:48.646591+00:00,1,0,0.0
2026-08-04T03:15:43.847775+00:00,1,0,0.0
2026-06-07T02:34:03.472549+00:00,1,0,0.0
2026-05-04T01:52:34.789213+00:00,1,0,0.0
2026-05-15T02:08:19.361832+00:00,1,0,0.0
2026-06-03T02:45:53.216449+00:00,1,0,0.0
2026-06-13T02:14:17.740418+00:00,1,0,0.0
2026-08-10T02:11:16.394214+00:00,1,0,0.0
2026-05-31T02:30:29.362278+00:00,1,0,0.0
2026-06-26T04:14:43.227909+00:00,1,0,0.0
2026-08-05T02:57:00.369259+00:00,1,0,0.0
2026-08-12T02:24:48.312411+00:00,1,0,0.0
2026-05-14T02:11:02.357323+00:00,1,0,0.0
2026-08-10T02:11:32.986825+00:00,1,0,0.0
2026-06-19T02:55:24.616443+00:00,1,0,0.0
2026-07-29T03:14:51.094316+00:00,1,0,0.0
2026-04-29T02:00:16.824377+00:00,1,0,0.0
2026-07-24T03:20:31.7297+00:00,1,0,0.0
2026-05-03T01:53:15.072381+00:00,1,0,0.0
2026-08-07T02:54:55.794587+00:00,1,0,0.0
2026-04-29T01:59:13.921178+00:00,1,0,0.0
2026-04-22T06:25:37.359233+00:00,1,0,0.0
2026-04-24T06:33:05.067613+00:00,1,0,0.0
2026-06-28T04:21:17.351963+00:00,1,0,0.0
2026-04-22T06:25:44.007537+00:00,1,1,100.0
2026-06-11T02:39:03.759042+00:00,1,0,0.0
2026-07-08T03:23:21.629891+00:00,1,0,0.0
2026-07-31T03:30:43.499762+00:00,1,0,0.0
2026-06-06T02:07:32.479253+00:00,1,0,0.0
2026-05-01T02:01:06.955878+00:00,1,0,0.0
2026-04-25T06:07:17.124726+00:00,1,0,0.0
2026-06-15T02:45:13.276374+00:00,1,0,0.0
2026-05-24T02:09:19.181232+00:00,1,0,0.0
2026-04-22T06:27:01.291673+00:00,1,0,0.0
2026-05-27T02:17:49.646525+00:00,1,0,0.0
2026-05-12T02:01:18.99758+00:00,1,0,0.0
2026-04-30T01:59:08.504983+00:00,1,0,0.0
2026-08-18T01:36:32.81226+00:00,1,0,0.0
2026-05-25T02:31:32.277904+00:00,1,0,0.0
2026-06-05T02:15:18.520461+00:00,1,0,0.0
2026-08-14T02:23:49.27144+00:00,1,0,0.0
2026-05-30T02:03:49.24618+00:00,1,0,0.0
2026-05-08T02:05:53.107985+00:00,1,0,0.0
2026-07-14T02:54:02.107387+00:00,1,0,0.0
2026-05-23T02:01:09.005764+00:00,1,0,0.0
2026-06-22T03:27:12.173713+00:00,1,0,0.0
2026-04-29T01:59:58.381419+00:00,1,0,0.0
2026-08-12T02:27:43.946858+00:00,1,0,0.0
2026-04-28T07:58:24.839705+00:00,1,0,0.0
2026-07-14T02:54:45.512478+00:00,1,0,0.0
2026-06-16T02:46:26.555775+00:00,1,0,0.0
2026-05-05T01:53:37.995674+00:00,1,0,0.0
2026-07-10T03:52:37.953477+00:00,1,1,100.0
2026-07-11T03:18:54.488369+00:00,1,0,0.0
2026-05-10T01:56:07.086385+00:00,1,0,0.0
2026-05-04T01:54:35.566879+00:00,1,0,0.0
2026-06-04T02:40:22.433+00:00,1,0,0.0
2026-07-20T03:40:10.450518+00:00,1,0,0.0
2026-04-30T01:57:40.412716+00:00,1,0,0.0
2026-05-25T02:31:02.668236+00:00,1,0,0.0
2026-07-24T03:20:55.816725+00:00,1,0,0.0
2026-06-06T02:07:16.459295+00:00,1,1,100.0
2026-06-24T04:05:43.036218+00:00,1,0,0.0
2026-08-17T01:39:39.843515+00:00,1,0,0.0
2026-05-30T02:04:23.452104+00:00,1,1,100.0
2026-04-22T06:26:03.270506+00:00,1,0,0.0
2026-05-25T02:29:49.479622+00:00,1,0,0.0
2026-08-13T02:30:09.347928+00:00,1,0,0.0
2026-06-04T02:41:24.543105+00:00,1,0,0.0
2026-07-09T03:52:08.784102+00:00,1,0,0.0
2026-07-05T04:00:12.823212+00:00,1,0,0.0
2026-05-19T02:13:31.329008+00:00,1,0,0.0
2026-05-13T02:06:12.340785+00:00,1,0,0.0
2026-04-22T03:24:20.897247+00:00,1,0,0.0
2026-05-08T02:03:39.459816+00:00,1,0,0.0
2026-05-15T02:08:48.451866+00:00,1,0,0.0
2026-08-01T03:29:55.154878+00:00,1,0,0.0
2026-08-15T01:36:17.345168+00:00,1,0,0.0
2026-08-01T03:29:42.669886+00:00,1,0,0.0
2026-08-10T02:11:08.093495+00:00,1,0,0.0
2026-07-25T03:17:55.06968+00:00,1,0,0.0
2026-06-21T02:41:10.216281+00:00,1,0,0.0
2026-05-14T02:10:49.333008+00:00,1,0,0.0
2026-05-18T02:14:01.465695+00:00,1,0,0.0
2026-07-05T04:00:44.093305+00:00,1,0,0.0
2026-04-22T03:25:30.223292+00:00,1,0,0.0
2026-06-18T02:39:56.750103+00:00,1,0,0.0
2026-06-29T04:28:36.291949+00:00,1,0,0.0
2026-06-10T02:15:40.733473+00:00,1,0,0.0
2026-06-28T04:22:14.880159+00:00,1,0,0.0
2026-05-23T02:01:46.533676+00:00,1,0,0.0
2026-05-06T01:52:15.010235+00:00,1,0,0.0
2026-06-16T02:46:54.639781+00:00,1,0,0.0
2026-06-08T02:37:36.991551+00:00,1,0,0.0
2026-06-08T02:37:56.150004+00:00,1,0,0.0
2026-04-26T06:30:41.754285+00:00,1,0,0.0
2026-05-20T02:12:37.402784+00:00,1,0,0.0
2026-06-08T02:39:12.093237+00:00,1,0,0.0
2026-08-17T01:39:42.972533+00:00,1,0,0.0
2026-07-11T03:18:00.880444+00:00,1,0,0.0
2026-07-11T03:18:51.609717+00:00,1,0,0.0
2026-08-07T02:58:51.829905+00:00,1,0,0.0
2026-04-29T02:01:29.871147+00:00,1,0,0.0
2026-07-11T03:17:57.800487+00:00,1,0,0.0
2026-05-03T01:51:51.933937+00:00,1,0,0.0
2026-04-30T01:59:43.773098+00:00,1,0,0.0
2026-06-22T03:27:05.035521+00:00,1,0,0.0
2026-07-08T03:23:27.797577+00:00,1,0,0.0
2026-05-31T02:29:57.659319+00:00,1,0,0.0
2026-05-13T02:06:31.231542+00:00,1,0,0.0
2026-07-05T04:00:19.165629+00:00,1,0,0.0
2026-07-21T03:20:59.445562+00:00,1,0,0.0
2026-08-18T01:35:09.168434+00:00,1,0,0.0
2026-07-08T03:24:12.649505+00:00,1,0,0.0
2026-08-04T03:14:52.957499+00:00,1,0,0.0
2026-08-05T02:55:13.845773+00:00,1,0,0.0
2026-05-13T02:07:17.428015+00:00,1,0,0.0
2026-04-24T06:31:54.771589+00:00,1,0,0.0
2026-05-18T02:14:15.584532+00:00,1,0,0.0
2026-06-08T02:38:19.513027+00:00,1,0,0.0
2026-07-23T03:24:55.476832+00:00,1,0,0.0
2026-04-22T03:23:15.884128+00:00,1,0,0.0
2026-08-10T02:11:38.170874+00:00,1,0,0.0
2026-04-22T06:24:44.632907+00:00,1,0,0.0
2026-05-10T01:56:23.81414+00:00,1,0,0.0
2026-04-29T01:59:17.09214+00:00,1,0,0.0
2026-06-17T02:41:09.143907+00:00,1,0,0.0
2026-04-22T03:24:17.82145+00:00,1,0,0.0
2026-07-22T03:18:57.158448+00:00,1,0,0.0
2026-07-24T03:19:13.380118+00:00,1,0,0.0
2026-05-08T02:03:05.58486+00:00,1,0,0.0
2026-08-04T03:14:46.45999+00:00,1,0,0.0
2026-05-19T02:12:56.812331+00:00,1,0,0.0
2026-05-18T02:12:54.757394+00:00,1,0,0.0
2026-04-26T06:29:44.876569+00:00,1,0,0.0
2026-05-26T02:10:53.335182+00:00,1,0,0.0
2026-07-11T03:19:36.25926+00:00,1,0,0.0
2026-04-27T08:00:41.316922+00:00,1,0,0.0
2026-05-25T02:29:28.538769+00:00,1,0,0.0
2026-08-12T02:24:05.149675+00:00,1,0,0.0
2026-05-21T02:11:26.930961+00:00,1,0,0.0
2026-06-02T02:37:24.901136+00:00,1,0,0.0
2026-07-05T03:59:41.80548+00:00,1,0,0.0
2026-06-01T02:41:18.780908+00:00,1,0,0.0
2026-06-22T03:23:04.131694+00:00,1,0,0.0
2026-08-06T03:13:47.920913+00:00,1,1,100.0
2026-06-12T02:33:39.641764+00:00,1,0,0.0
2026-06-27T03:59:40.754023+00:00,1,0,0.0
2026-05-15T02:07:08.658063+00:00,1,0,0.0
2026-06-14T02:38:56.10052+00:00,1,0,0.0
2026-07-24T03:19:16.560687+00:00,1,0,0.0
2026-05-04T01:52:44.879311+00:00,1,0,0.0
2026-07-24T03:19:22.996433+00:00,1,0,0.0
2026-06-04T02:39:33.707454+00:00,1,0,0.0
2026-05-17T02:01:56.068461+00:00,1,0,0.0
2026-06-06T02:05:57.925138+00:00,1,0,0.0
2026-05-19T02:13:00.703686+00:00,1,0,0.0
2026-08-05T02:56:53.918141+00:00,1,0,0.0
2026-07-04T03:42:04.311646+00:00,1,0,0.0
2026-06-15T02:45:23.128075+00:00,1,0,0.0
2026-06-15T02:42:03.414037+00:00,1,0,0.0
2026-04-25T06:08:29.621724+00:00,1,0,0.0
2026-05-12T02:00:46.422375+00:00,1,0,0.0
2026-07-03T03:50:19.192458+00:00,1,0,0.0
2026-06-07T02:33:37.170112+00:00,1,0,0.0
2026-05-25T02:31:55.535964+00:00,1,1,100.0
2026-08-14T02:23:18.399951+00:00,1,0,0.0
2026-07-08T03:24:16.67027+00:00,1,0,0.0
2026-06-29T04:29:12.204044+00:00,1,0,0.0
2026-04-27T08:01:12.633992+00:00,1,0,0.0
2026-05-25T02:32:01.821187+00:00,1,0,0.0
2026-05-06T01:51:43.775199+00:00,1,0,0.0
2026-05-21T02:12:38.116113+00:00,1,0,0.0
2026-05-01T02:00:22.875294+00:00,1,0,0.0
2026-05-08T02:05:06.233315+00:00,1,0,0.0
2026-07-28T02:56:17.95155+00:00,1,0,0.0
2026-08-13T02:26:57.572528+00:00,1,0,0.0
2026-06-10T02:16:49.132296+00:00,1,0,0.0
2026-05-18T02:13:17.486716+00:00,1,1,100.0
2026-05-17T02:00:53.629554+00:00,1,0,0.0
2026-07-24T03:19:10.24749+00:00,1,0,0.0
2026-05-23T02:01:39.819299+00:00,1,0,0.0
2026-05-29T02:09:01.134169+00:00,1,0,0.0
2026-05-24T02:09:26.393164+00:00,1,0,0.0
2026-04-27T07:58:25.321181+00:00,1,0,0.0
2026-06-08T02:39:21.973114+00:00,1,0,0.0
2026-05-01T02:02:00.88269+00:00,1,0,0.0
2026-05-04T01:53:36.810847+00:00,1,0,0.0
2026-06-22T02:45:07.486361+00:00,1,1,100.0
2026-06-30T04:09:16.072161+00:00,1,0,0.0
2026-06-06T02:08:14.233726+00:00,1,0,0.0
2026-07-24T03:18:44.568577+00:00,1,0,0.0
2026-06-14T02:37:13.979097+00:00,1,0,0.0
2026-05-23T02:01:36.443284+00:00,1,0,0.0
2026-07-03T03:49:10.152946+00:00,1,0,0.0
2026-06-19T02:54:35.669057+00:00,1,0,0.0
2026-05-08T02:02:47.978464+00:00,1,0,0.0
2026-05-10T01:54:56.487616+00:00,1,0,0.0
2026-06-14T02:39:14.815853+00:00,1,0,0.0
2026-07-30T02:49:15.750954+00:00,1,0,0.0
2026-06-08T02:37:13.000507+00:00,1,0,0.0
2026-04-22T03:25:55.717333+00:00,1,0,0.0
2026-06-05T02:16:28.341339+00:00,1,0,0.0
2026-06-19T02:54:25.69463+00:00,1,0,0.0
2026-05-28T02:01:00.270851+00:00,1,0,0.0
2026-04-22T03:27:01.195607+00:00,1,0,0.0
2026-06-06T02:07:03.11417+00:00,1,0,0.0
2026-05-01T01:59:44.296311+00:00,1,0,0.0
2026-05-04T01:52:48.469021+00:00,1,0,0.0
2026-06-06T02:07:23.22628+00:00,1,0,0.0
2026-08-05T02:55:39.389846+00:00,1,0,0.0
2026-06-13T02:15:07.087909+00:00,1,0,0.0
2026-07-01T04:24:24.332537+00:00,1,0,0.0
2026-04-22T06:27:13.145042+00:00,1,0,0.0
2026-05-08T02:02:37.901586+00:00,1,0,0.0
2026-07-13T03:33:20.483743+00:00,1,0,0.0
2026-04-29T01:59:55.030052+00:00,1,0,0.0
2026-05-25T02:30:45.910749+00:00,1,0,0.0
2026-04-25T06:09:37.427974+00:00,1,0,0.0
2026-06-26T04:14:18.336693+00:00,1,0,0.0
2026-05-25T02:29:18.986172+00:00,1,0,0.0
2026-07-21T03:20:20.012847+00:00,1,0,0.0
2026-06-28T04:21:52.968729+00:00,1,0,0.0
2026-06-02T02:38:26.326285+00:00,1,0,0.0
2026-06-30T04:07:20.355297+00:00,1,0,0.0
2026-08-12T02:26:44.885293+00:00,1,0,0.0
2026-06-01T02:40:07.554296+00:00,1,0,0.0
2026-05-03T01:52:09.556895+00:00,1,0,0.0
2026-05-05T01:53:15.55116+00:00,1,0,0.0
2026-04-30T01:58:02.292389+00:00,1,0,0.0
2026-05-13T02:07:05.499599+00:00,1,0,0.0
2026-07-20T03:41:31.792767+00:00,1,0,0.0
2026-06-01T02:39:47.496728+00:00,1,0,0.0
2026-04-28T07:57:53.057195+00:00,1,0,0.0
2026-04-22T06:25:01.152256+00:00,1,0,0.0
2026-07-27T03:39:07.73356+00:00,1,0,0.0
2026-07-01T04:23:34.245991+00:00,1,0,0.0
2026-04-30T01:58:20.565955+00:00,1,0,0.0
2026-06-07T02:33:43.661575+00:00,1,0,0.0
2026-08-07T02:57:12.596649+00:00,1,0,0.0
2026-06-25T04:06:32.248293+00:00,1,0,0.0
2026-08-12T02:26:51.165029+00:00,1,0,0.0
2026-07-30T02:47:46.304407+00:00,1,0,0.0
2026-05-11T02:06:06.822221+00:00,1,0,0.0
2026-05-23T02:00:45.071389+00:00,1,0,0.0
2026-06-07T02:35:06.993849+00:00,1,0,0.0
2026-07-09T03:50:29.546594+00:00,1,1,100.0
2026-04-30T01:58:55.719627+00:00,1,1,100.0
2026-08-01T03:29:26.406943+00:00,1,0,0.0
2026-06-12T02:32:53.678186+00:00,1,0,0.0
2026-08-06T03:13:27.423762+00:00,1,0,0.0
2026-05-30T02:03:45.563443+00:00,1,0,0.0
2026-06-13T02:15:29.0657+00:00,1,0,0.0
2026-07-02T04:02:52.773652+00:00,1,0,0.0
2026-05-05T01:53:41.029633+00:00,1,0,0.0
2026-06-24T04:06:23.567821+00:00,1,0,0.0
2026-06-22T03:26:31.495159+00:00,1,0,0.0
2026-05-24T02:10:49.158645+00:00,1,0,0.0
2026-07-26T03:32:28.962417+00:00,1,0,0.0
2026-05-25T02:29:56.292467+00:00,1,0,0.0
2026-06-06T02:06:07.369761+00:00,1,0,0.0
2026-05-08T02:03:22.83983+00:00,1,0,0.0
2026-05-22T02:13:18.785494+00:00,1,0,0.0
2026-05-08T02:04:15.518983+00:00,1,1,100.0
2026-05-14T02:08:48.844845+00:00,1,0,0.0
2026-06-16T02:47:19.791114+00:00,1,0,0.0
2026-05-03T01:52:25.229174+00:00,1,0,0.0
2026-05-23T02:00:48.517314+00:00,1,0,0.0
2026-08-01T03:30:04.781231+00:00,1,0,0.0
2026-07-16T03:14:55.20977+00:00,1,0,0.0
2026-05-25T02:29:52.733635+00:00,1,0,0.0
2026-07-18T02:54:43.700384+00:00,1,0,0.0
2026-05-23T02:01:50.076004+00:00,1,0,0.0
2026-06-03T02:46:03.820515+00:00,1,0,0.0
2026-05-07T01:57:41.085862+00:00,1,0,0.0
2026-08-01T03:29:17.339809+00:00,1,0,0.0
2026-07-14T02:55:25.408845+00:00,1,0,0.0
2026-07-17T03:17:41.770167+00:00,1,0,0.0
2026-05-07T01:56:38.924529+00:00,1,0,0.0
2026-05-12T02:01:43.152378+00:00,1,0,0.0
2026-08-06T03:14:14.575404+00:00,1,0,0.0
2026-05-01T02:00:07.183613+00:00,1,0,0.0
2026-06-06T02:06:23.831493+00:00,1,0,0.0
2026-07-26T03:31:42.467652+00:00,1,0,0.0
2026-05-13T02:06:15.497555+00:00,1,0,0.0
2026-06-22T02:45:11.119821+00:00,1,0,0.0
2026-06-14T02:37:42.926115+00:00,1,0,0.0
2026-05-18T02:13:14.378076+00:00,1,0,0.0
2026-08-09T02:06:31.776918+00:00,1,0,0.0
2026-05-01T02:01:41.972859+00:00,1,0,0.0
2026-05-01T02:00:48.022192+00:00,1,0,0.0
2026-06-21T02:41:54.986474+00:00,1,0,0.0
2026-08-02T03:30:37.599386+00:00,1,0,0.0
2026-04-22T03:25:39.632515+00:00,1,0,0.0
2026-07-16T03:15:39.104619+00:00,1,0,0.0
2026-06-10T02:15:04.590494+00:00,1,0,0.0
2026-08-07T02:56:17.385462+00:00,1,0,0.0
2026-06-23T04:03:11.12849+00:00,1,0,0.0
2026-07-28T02:56:22.201949+00:00,1,0,0.0
2026-05-04T01:52:51.828812+00:00,1,0,0.0
2026-07-22T03:20:09.153966+00:00,1,0,0.0
2026-07-18T02:54:57.758144+00:00,1,0,0.0
2026-05-06T01:53:06.921886+00:00,1,0,0.0
2026-05-06T01:52:53.503568+00:00,1,0,0.0
2026-08-06T03:14:17.712698+00:00,1,0,0.0
2026-05-31T02:30:19.316399+00:00,1,0,0.0
2026-07-27T03:40:08.694057+00:00,1,0,0.0
2026-04-25T06:06:56.573653+00:00,1,0,0.0
2026-06-18T02:40:20.239371+00:00,1,0,0.0
2026-08-06T03:12:48.769202+00:00,1,0,0.0
2026-06-23T04:03:30.341718+00:00,1,0,0.0
2026-06-21T02:42:00.891425+00:00,1,0,0.0
2026-05-15T02:08:22.38355+00:00,1,0,0.0
2026-05-09T01:56:53.971525+00:00,1,0,0.0
2026-05-09T01:57:19.684699+00:00,1,0,0.0
2026-07-26T03:31:48.413862+00:00,1,0,0.0
2026-07-07T03:56:41.058682+00:00,1,0,0.0
2026-06-18T02:38:57.833465+00:00,1,0,0.0
2026-05-21T02:12:31.848098+00:00,1,1,100.0
2026-05-03T01:52:40.53212+00:00,1,0,0.0
2026-06-24T04:05:33.182159+00:00,1,0,0.0
2026-05-09T01:56:18.190045+00:00,1,0,0.0
2026-04-26T06:32:49.974642+00:00,1,0,0.0
2026-08-07T02:57:45.118353+00:00,1,0,0.0
2026-07-14T02:54:26.980694+00:00,1,0,0.0
2026-05-29T02:06:51.800629+00:00,1,0,0.0
2026-05-28T02:04:03.585459+00:00,1,0,0.0
2026-05-18T02:13:54.581204+00:00,1,0,0.0
2026-05-14T02:08:35.821973+00:00,1,0,0.0
2026-06-12T02:33:13.75629+00:00,1,0,0.0
2026-08-15T01:36:08.408121+00:00,1,0,0.0
2026-04-23T06:29:05.280122+00:00,1,0,0.0
2026-05-05T01:52:57.176134+00:00,1,0,0.0
2026-06-18T02:38:13.421716+00:00,1,0,0.0
2026-05-04T01:52:55.135434+00:00,1,0,0.0
2026-06-06T02:07:13.261738+00:00,1,0,0.0
2026-06-22T03:27:08.585091+00:00,1,0,0.0
2026-08-13T02:27:23.153914+00:00,1,0,0.0
2026-05-20T02:12:04.825268+00:00,1,0,0.0
2026-08-12T02:28:19.477029+00:00,1,0,0.0
2026-07-11T03:17:41.221739+00:00,1,0,0.0
2026-05-28T02:02:33.409339+00:00,1,0,0.0
2026-07-05T04:00:02.448202+00:00,1,0,0.0
2026-06-12T02:33:28.840625+00:00,1,0,0.0
2026-08-14T02:24:16.476454+00:00,1,0,0.0
2026-05-09T01:56:35.357685+00:00,1,1,100.0
2026-06-15T02:42:56.206266+00:00,1,0,0.0
2026-05-01T02:00:44.661636+00:00,1,0,0.0
2026-06-15T02:42:22.62188+00:00,1,0,0.0
2026-04-29T02:01:19.543014+00:00,1,0,0.0
2026-05-08T02:03:36.324989+00:00,1,0,0.0
2026-06-19T02:54:38.904921+00:00,1,0,0.0
2026-06-10T02:14:58.337689+00:00,1,0,0.0
2026-06-20T02:15:10.971347+00:00,1,0,0.0
2026-07-23T03:25:36.067849+00:00,1,0,0.0
2026-06-12T02:34:15.345842+00:00,1,0,0.0
2026-08-16T01:42:58.21538+00:00,1,0,0.0
2026-05-03T01:53:31.129563+00:00,1,0,0.0
2026-05-11T02:06:39.27056+00:00,1,0,0.0
2026-07-13T03:32:25.830309+00:00,1,0,0.0
2026-06-08T02:38:36.404581+00:00,1,0,0.0
2026-06-07T02:35:32.49622+00:00,1,0,0.0
2026-06-06T02:07:26.380731+00:00,1,1,100.0
2026-05-21T02:12:18.710065+00:00,1,0,0.0
2026-05-28T02:03:08.570219+00:00,1,1,100.0
2026-05-25T02:30:09.411851+00:00,1,0,0.0
2026-06-30T04:09:09.31731+00:00,1,0,0.0
2026-04-22T03:27:38.148584+00:00,1,0,0.0
2026-06-16T02:45:14.684237+00:00,1,0,0.0
2026-08-04T03:14:18.594732+00:00,1,0,0.0
2026-07-06T04:05:57.804264+00:00,1,0,0.0
2026-06-22T03:23:07.308171+00:00,1,0,0.0
2026-07-01T04:25:10.527248+00:00,1,0,0.0
2026-05-12T02:01:39.575655+00:00,1,0,0.0
2026-05-20T02:12:14.614494+00:00,1,0,0.0
2026-06-06T02:07:06.486892+00:00,1,0,0.0
2026-08-17T01:40:07.781669+00:00,1,0,0.0
2026-05-27T02:17:39.943223+00:00,1,0,0.0
2026-06-22T03:23:13.737586+00:00,1,0,0.0
2026-07-22T03:18:35.362611+00:00,1,0,0.0
2026-05-04T01:54:09.581221+00:00,1,0,0.0
2026-08-02T03:30:31.000479+00:00,1,0,0.0
2026-04-28T07:57:06.610226+00:00,1,0,0.0
2026-04-26T06:30:44.626601+00:00,1,0,0.0
2026-06-15T02:45:26.266028+00:00,1,0,0.0
2026-08-05T02:57:14.186598+00:00,1,0,0.0
2026-06-28T04:22:26.434483+00:00,1,0,0.0
2026-06-08T02:38:51.664954+00:00,1,0,0.0
2026-04-22T06:26:55.31801+00:00,1,0,0.0
2026-05-04T01:53:21.130783+00:00,1,0,0.0
2026-07-20T03:41:24.76218+00:00,1,0,0.0
2026-06-23T04:04:02.846687+00:00,1,1,100.0
2026-05-15T02:07:53.698699+00:00,1,0,0.0
2026-05-15T02:07:05.297889+00:00,1,0,0.0
2026-07-05T04:01:20.645336+00:00,1,1,100.0
2026-06-03T02:45:41.410089+00:00,1,0,0.0
2026-06-07T02:34:30.065994+00:00,1,0,0.0
2026-06-17T02:42:33.42829+00:00,1,0,0.0
2026-04-29T02:01:05.774474+00:00,1,0,0.0
2026-07-22T03:19:07.277767+00:00,1,0,0.0
2026-07-09T03:50:55.690457+00:00,1,0,0.0
2026-08-13T02:30:19.099617+00:00,1,0,0.0
2026-04-28T07:59:37.383979+00:00,1,0,0.0
2026-05-21T02:14:02.964313+00:00,1,0,0.0
2026-05-23T02:02:15.661843+00:00,1,0,0.0
2026-06-18T02:39:52.543577+00:00,1,0,0.0
2026-07-23T03:24:58.764141+00:00,1,0,0.0
2026-08-15T01:35:48.452069+00:00,1,0,0.0
2026-06-22T03:23:34.021331+00:00,1,0,0.0
2026-08-12T02:23:51.840074+00:00,1,0,0.0
2026-04-22T03:25:20.614126+00:00,1,0,0.0
2026-07-09T03:51:32.505981+00:00,1,0,0.0
2026-04-26T06:29:38.385618+00:00,1,0,0.0
2026-06-19T02:55:01.967105+00:00,1,0,0.0
2026-05-30T02:02:35.832888+00:00,1,0,0.0
2026-05-15T02:07:41.063388+00:00,1,0,0.0
2026-04-29T01:59:01.277993+00:00,1,0,0.0
2026-05-16T01:59:39.412501+00:00,1,0,0.0
2026-04-22T03:26:34.802513+00:00,1,0,0.0
2026-08-13T02:28:16.408419+00:00,1,0,0.0
2026-07-20T03:40:13.734626+00:00,1,0,0.0
2026-07-01T04:24:16.852754+00:00,1,0,0.0
2026-05-10T01:55:07.648253+00:00,1,0,0.0
2026-05-23T02:03:21.268748+00:00,1,0,0.0
2026-08-08T01:59:22.002109+00:00,1,0,0.0
2026-04-25T06:09:05.687963+00:00,1,0,0.0
2026-06-01T02:41:15.599375+00:00,1,0,0.0
2026-08-12T02:26:34.419513+00:00,1,0,0.0
2026-05-17T02:01:42.507416+00:00,1,0,0.0
2026-07-07T03:58:30.328132+00:00,1,0,0.0
2026-06-22T03:23:55.376837+00:00,1,0,0.0
2026-07-30T02:47:33.924913+00:00,1,0,0.0
2026-05-08T02:04:38.731375+00:00,1,0,0.0
2026-05-23T02:02:48.607819+00:00,1,0,0.0
2026-07-19T03:25:49.386006+00:00,1,0,0.0
2026-05-29T02:09:07.216264+00:00,1,0,0.0
2026-07-11T03:18:48.713098+00:00,1,0,0.0
2026-07-24T03:21:18.638203+00:00,1,0,0.0
2026-04-27T07:58:08.508829+00:00,1,0,0.0
2026-06-14T02:37:17.60716+00:00,1,1,100.0
2026-05-24T02:10:52.336498+00:00,1,0,0.0
2026-07-23T03:24:46.059182+00:00,1,0,0.0
2026-08-04T03:14:25.109221+00:00,1,0,0.0
2026-04-23T06:31:42.577687+00:00,1,0,0.0
2026-05-13T02:08:00.525711+00:00,1,1,100.0
2026-06-27T03:59:47.479034+00:00,1,0,0.0
2026-06-07T02:34:50.580278+00:00,1,0,0.0
2026-06-18T02:38:50.78917+00:00,1,0,0.0
2026-08-07T02:57:58.510045+00:00,1,0,0.0
2026-05-19T02:12:53.758575+00:00,1,0,0.0
2026-06-22T03:27:35.625843+00:00,1,0,0.0
2026-06-10T02:15:53.799585+00:00,1,0,0.0
2026-08-13T02:30:39.125537+00:00,1,0,0.0
2026-06-06T02:07:35.582677+00:00,1,0,0.0
2026-04-26T06:32:40.179339+00:00,1,0,0.0
2026-06-11T02:37:22.610256+00:00,1,0,0.0
2026-05-28T02:01:47.365197+00:00,1,0,0.0
2026-08-02T03:29:06.799915+00:00,1,0,0.0
2026-05-29T02:07:50.299035+00:00,1,0,0.0
2026-07-22T03:19:10.403635+00:00,1,0,0.0
2026-06-01T02:41:02.7987+00:00,1,0,0.0
2026-04-29T01:59:10.380153+00:00,1,0,0.0
2026-05-30T02:04:10.200369+00:00,1,0,0.0
2026-06-25T04:05:36.44602+00:00,1,0,0.0
2026-05-25T02:31:22.121275+00:00,1,0,0.0
2026-06-26T04:14:46.465115+00:00,1,0,0.0
2026-07-20T03:41:21.177995+00:00,1,1,100.0
2026-05-09T01:57:22.873621+00:00,1,0,0.0
2026-05-08T02:05:15.616168+00:00,1,0,0.0
2026-05-19T02:13:34.756342+00:00,1,0,0.0
2026-08-07T02:55:37.137173+00:00,1,0,0.0
2026-07-19T03:26:55.390006+00:00,1,0,0.0
2026-05-19T02:14:13.807297+00:00,1,0,0.0
2026-06-21T02:41:26.272573+00:00,1,0,0.0
2026-05-23T02:03:37.700071+00:00,1,0,0.0
2026-04-22T03:27:11.330571+00:00,1,0,0.0
2026-07-19T03:27:08.44093+00:00,1,0,0.0
2026-05-05T01:53:50.030902+00:00,1,0,0.0
2026-06-03T02:46:23.705627+00:00,1,0,0.0
2026-07-05T04:00:28.588041+00:00,1,0,0.0
2026-05-29T02:07:57.458214+00:00,1,0,0.0
2026-04-22T06:26:16.261188+00:00,1,0,0.0
2026-07-15T02:53:07.77816+00:00,1,0,0.0
2026-06-11T02:38:16.950334+00:00,1,0,0.0
2026-07-03T03:49:51.169979+00:00,1,0,0.0
2026-06-29T04:29:15.174428+00:00,1,0,0.0
2026-06-15T02:42:16.252967+00:00,1,0,0.0
2026-07-04T03:41:43.696623+00:00,1,0,0.0
2026-08-18T01:35:16.244169+00:00,1,0,0.0
2026-07-17T03:17:31.951048+00:00,1,0,0.0
2026-08-05T02:55:10.388602+00:00,1,0,0.0
2026-07-02T04:04:14.839744+00:00,1,0,0.0
2026-05-30T02:02:54.812406+00:00,1,0,0.0
2026-06-24T04:05:11.886864+00:00,1,0,0.0
2026-05-08T02:03:26.231273+00:00,1,0,0.0
2026-05-01T02:00:51.115925+00:00,1,0,0.0
2026-06-25T04:06:51.461395+00:00,1,1,100.0
2026-08-12T02:23:58.099513+00:00,1,0,0.0
2026-05-12T02:00:40.107474+00:00,1,0,0.0
2026-05-21T02:12:12.212696+00:00,1,0,0.0
2026-06-28T04:21:21.499487+00:00,1,0,0.0
2026-07-30T02:49:09.612128+00:00,1,0,0.0
2026-06-04T02:39:30.577888+00:00,1,0,0.0
2026-05-26T02:10:59.728253+00:00,1,0,0.0
2026-07-27T03:40:18.252578+00:00,1,0,0.0
2026-08-11T02:06:41.163757+00:00,1,0,0.0
2026-06-15T02:42:49.682342+00:00,1,0,0.0
2026-06-02T02:37:14.583678+00:00,1,1,100.0
2026-06-01T02:40:46.031525+00:00,1,0,0.0
2026-04-22T03:25:52.440388+00:00,1,0,0.0
2026-06-22T03:22:51.193994+00:00,1,0,0.0
2026-07-03T03:50:29.327156+00:00,1,0,0.0
2026-04-22T06:27:19.56049+00:00,1,0,0.0
2026-08-04T03:14:39.936538+00:00,1,0,0.0
2026-04-26T06:31:47.650902+00:00,1,0,0.0
2026-07-01T04:25:06.666083+00:00,1,0,0.0
2026-05-17T02:02:15.682578+00:00,1,0,0.0
2026-06-13T02:14:43.615147+00:00,1,0,0.0
2026-07-20T03:39:51.077611+00:00,1,0,0.0
2026-08-14T02:25:39.023395+00:00,1,0,0.0
2026-06-10T02:17:00.459349+00:00,1,0,0.0
2026-04-22T03:26:02.886945+00:00,1,0,0.0
2026-08-11T02:07:03.537999+00:00,1,0,0.0
2026-04-24T06:30:27.257218+00:00,1,0,0.0
2026-05-01T02:00:35.217156+00:00,1,0,0.0
2026-08-13T02:25:51.873597+00:00,1,0,0.0
2026-08-18T01:35:53.216232+00:00,1,0,0.0
2026-04-22T03:25:17.63521+00:00,1,0,0.0
2026-08-05T02:56:20.533995+00:00,1,0,0.0
2026-08-09T02:06:57.710097+00:00,1,0,0.0
2026-07-27T03:39:45.262447+00:00,1,0,0.0
2026-06-03T02:46:37.187124+00:00,1,0,0.0
2026-04-27T07:59:23.241171+00:00,1,0,0.0
2026-05-03T01:52:49.476232+00:00,1,0,0.0
2026-08-13T02:25:39.698692+00:00,1,0,0.0
2026-07-19T03:26:52.500561+00:00,1,0,0.0
2026-06-07T02:35:55.520787+00:00,1,0,0.0
2026-07-05T04:01:30.741928+00:00,1,0,0.0
2026-05-10T01:55:46.970844+00:00,1,0,0.0
2026-05-19T02:12:13.85564+00:00,1,0,0.0
2026-04-24T06:31:51.099339+00:00,1,0,0.0
2026-06-12T02:34:08.428315+00:00,1,0,0.0
2026-05-25T02:30:55.836952+00:00,1,0,0.0
2026-04-25T06:06:47.263421+00:00,1,0,0.0
2026-05-13T02:07:24.790382+00:00,1,0,0.0
2026-05-04T01:53:52.286175+00:00,1,0,0.0
2026-07-20T03:39:57.809124+00:00,1,0,0.0
2026-05-28T02:02:23.288839+00:00,1,0,0.0
2026-06-10T02:17:29.338973+00:00,1,0,0.0
2026-06-13T02:15:32.308457+00:00,1,0,0.0
2026-07-20T03:40:26.105767+00:00,1,0,0.0
2026-05-08T02:04:45.542459+00:00,1,0,0.0
2026-04-25T06:09:53.362013+00:00,1,0,0.0
2026-05-01T02:01:09.958751+00:00,1,0,0.0
2026-06-29T04:28:03.597692+00:00,1,0,0.0
2026-07-12T03:30:22.251048+00:00,1,0,0.0
2026-06-22T03:26:17.371628+00:00,1,0,0.0
2026-05-04T01:52:41.675551+00:00,1,0,0.0
2026-08-13T02:26:48.263484+00:00,1,0,0.0
2026-04-27T08:02:02.541474+00:00,1,0,0.0
2026-08-16T01:43:17.043932+00:00,1,0,0.0
2026-08-12T02:27:31.211115+00:00,1,0,0.0
2026-05-04T01:54:13.05175+00:00,1,1,100.0
2026-06-03T02:46:50.268695+00:00,1,0,0.0
2026-05-27T02:17:16.390141+00:00,1,0,0.0
2026-08-13T02:30:36.06352+00:00,1,0,0.0
2026-08-13T02:30:12.206616+00:00,1,0,0.0
2026-05-14T02:11:57.533071+00:00,1,0,0.0
2026-06-07T02:35:48.65868+00:00,1,0,0.0
2026-07-23T03:25:33.002895+00:00,1,0,0.0
2026-07-20T03:42:03.7162+00:00,1,0,0.0
2026-05-14T02:08:42.54083+00:00,1,0,0.0
2026-08-05T02:56:41.224824+00:00,1,0,0.0
2026-08-05T02:56:24.556988+00:00,1,0,0.0
2026-05-13T02:06:28.178477+00:00,1,0,0.0
2026-07-29T03:14:47.73134+00:00,1,0,0.0
2026-05-14T02:10:22.793197+00:00,1,0,0.0
2026-05-23T02:03:18.146446+00:00,1,0,0.0
2026-05-19T02:14:10.397915+00:00,1,0,0.0
2026-08-07T02:54:01.0717+00:00,1,0,0.0
2026-06-06T02:06:27.67354+00:00,1,0,0.0
2026-06-15T02:44:56.673375+00:00,1,0,0.0
2026-08-16T01:43:41.494071+00:00,1,0,0.0
2026-05-08T02:01:43.219971+00:00,1,0,0.0
2026-06-15T02:44:28.273474+00:00,1,0,0.0
2026-07-09T03:51:59.178693+00:00,1,0,0.0
2026-05-27T02:17:46.43713+00:00,1,0,0.0
2026-04-25T06:08:45.949824+00:00,1,0,0.0
2026-05-26T02:11:13.476171+00:00,1,0,0.0
2026-04-28T07:59:02.557886+00:00,1,0,0.0
2026-08-16T01:43:54.221231+00:00,1,0,0.0
2026-06-15T02:43:24.834551+00:00,1,0,0.0
2026-05-14T02:11:15.378173+00:00,1,0,0.0
2026-04-26T06:31:04.730341+00:00,1,0,0.0
2026-05-19T02:13:24.305534+00:00,1,0,0.0
2026-08-11T02:06:24.673215+00:00,1,0,0.0
2026-06-06T02:06:59.53929+00:00,1,0,0.0
2026-04-28T07:57:25.072716+00:00,1,0,0.0
2026-07-20T03:42:07.097517+00:00,1,0,0.0
2026-06-04T02:39:17.622944+00:00,1,0,0.0
2026-05-25T02:31:38.950768+00:00,1,0,0.0
2026-05-18T02:12:44.661132+00:00,1,0,0.0
2026-05-11T02:05:43.228542+00:00,1,0,0.0
2026-05-23T02:01:15.585499+00:00,1,0,0.0
2026-04-22T03:26:38.210279+00:00,1,0,0.0
2026-08-07T02:56:59.197355+00:00,1,0,0.0
2026-08-17T01:41:06.056073+00:00,1,0,0.0
2026-04-22T06:27:37.288755+00:00,1,0,0.0
2026-04-23T06:30:37.938386+00:00,1,0,0.0
2026-08-13T02:25:18.536075+00:00,1,0,0.0
2026-05-29T02:08:26.892773+00:00,1,0,0.0
2026-08-15T01:35:31.156236+00:00,1,0,0.0
2026-08-09T02:06:54.832103+00:00,1,0,0.0
2026-08-10T02:12:03.539253+00:00,1,0,0.0
2026-06-13T02:14:10.901245+00:00,1,0,0.0
2026-06-28T04:22:42.052556+00:00,1,0,0.0
2026-06-22T03:27:56.995869+00:00,1,0,0.0
2026-05-07T01:56:58.879319+00:00,1,0,0.0
2026-08-14T02:24:45.774655+00:00,1,0,0.0
2026-05-02T01:48:53.141507+00:00,1,0,0.0
2026-07-06T04:05:44.649222+00:00,1,0,0.0
2026-05-30T02:03:22.876416+00:00,1,0,0.0
2026-06-26T04:14:15.294668+00:00,1,0,0.0
2026-06-10T02:15:50.412839+00:00,1,0,0.0
2026-05-23T02:01:59.241361+00:00,1,0,0.0
2026-07-19T03:25:52.567079+00:00,1,0,0.0
2026-06-11T02:37:36.595743+00:00,1,0,0.0
2026-07-13T03:33:23.855672+00:00,1,0,0.0
2026-05-24T02:09:37.941691+00:00,1,0,0.0
2026-05-24T02:10:21.779566+00:00,1,0,0.0
2026-07-12T03:29:44.116074+00:00,1,0,0.0
2026-05-04T01:53:59.279016+00:00,1,0,0.0
2026-04-27T08:00:54.883152+00:00,1,0,0.0
2026-05-25T02:29:22.32321+00:00,1,0,0.0
2026-05-11T02:06:00.3144+00:00,1,0,0.0
2026-04-24T06:31:29.223378+00:00,1,0,0.0
2026-06-25T04:05:43.130767+00:00,1,0,0.0
2026-07-11T03:17:54.648444+00:00,1,0,0.0
2026-06-28T04:22:34.732768+00:00,1,0,0.0
2026-04-30T01:59:59.523554+00:00,1,0,0.0
2026-06-11T02:38:53.769233+00:00,1,0,0.0
2026-05-22T02:14:29.780636+00:00,1,0,0.0
2026-05-16T01:59:48.782743+00:00,1,0,0.0
2026-06-17T02:41:31.979139+00:00,1,0,0.0
2026-05-05T01:55:13.798041+00:00,1,0,0.0
2026-06-04T02:39:14.294893+00:00,1,0,0.0
2026-04-30T01:59:37.170529+00:00,1,0,0.0
2026-07-31T03:30:29.996934+00:00,1,0,0.0
2026-05-11T02:06:22.877755+00:00,1,0,0.0
2026-05-26T02:10:40.035922+00:00,1,0,0.0
2026-06-13T02:15:35.189875+00:00,1,0,0.0
2026-05-18T02:13:35.633599+00:00,1,1,100.0
2026-06-26T04:14:30.91051+00:00,1,0,0.0
2026-04-29T02:00:07.604477+00:00,1,0,0.0
2026-05-25T02:31:09.111181+00:00,1,0,0.0
2026-05-22T02:13:21.996976+00:00,1,0,0.0
2026-05-02T01:48:42.888614+00:00,1,0,0.0
2026-07-05T04:00:58.140484+00:00,1,0,0.0
2026-04-29T01:59:48.929097+00:00,1,0,0.0
2026-08-05T02:57:33.713025+00:00,1,0,0.0
2026-05-08T02:05:02.360931+00:00,1,1,100.0
2026-05-01T02:00:16.600095+00:00,1,0,0.0
2026-05-26T02:10:16.633361+00:00,1,0,0.0
2026-07-19T03:26:19.500358+00:00,1,0,0.0
2026-08-02T03:30:00.480726+00:00,1,0,0.0
2026-05-22T02:13:34.497097+00:00,1,0,0.0
2026-07-04T03:41:33.992413+00:00,1,0,0.0
2026-05-05T01:54:52.109018+00:00,1,0,0.0
2026-04-22T03:24:08.513902+00:00,1,0,0.0
2026-06-11T02:39:23.702177+00:00,1,0,0.0
2026-06-25T04:06:01.157885+00:00,1,0,0.0
2026-05-12T02:00:55.811345+00:00,1,0,0.0
2026-08-11T02:06:11.183287+00:00,1,0,0.0
2026-06-15T02:44:25.246848+00:00,1,0,0.0
2026-05-08T02:05:35.104239+00:00,1,0,0.0
2026-05-23T02:01:26.061048+00:00,1,0,0.0
2026-05-20T02:12:17.85599+00:00,1,1,100.0
2026-05-06T01:53:16.666086+00:00,1,0,0.0
2026-06-02T02:37:52.47951+00:00,1,0,0.0
2026-06-30T04:08:08.391948+00:00,1,0,0.0
2026-05-13T02:06:34.167565+00:00,1,0,0.0
2026-06-19T02:55:08.375392+00:00,1,0,0.0
2026-05-19T02:13:44.839112+00:00,1,1,100.0
2026-04-28T08:00:32.531703+00:00,1,0,0.0
2026-07-19T03:25:55.719621+00:00,1,1,100.0
2026-07-16T03:14:03.581814+00:00,1,0,0.0
2026-05-25T02:29:09.059614+00:00,1,0,0.0
2026-08-12T02:29:29.067818+00:00,1,0,0.0
2026-06-21T02:41:07.111438+00:00,1,0,0.0
2026-07-25T03:17:32.103183+00:00,1,0,0.0
2026-05-23T02:01:56.288733+00:00,1,0,0.0
2026-08-12T02:26:15.485079+00:00,1,0,0.0
2026-08-14T02:25:07.014676+00:00,1,0,0.0
2026-05-30T02:02:12.947512+00:00,1,0,0.0
2026-04-29T02:00:01.551088+00:00,1,0,0.0
2026-08-01T03:29:39.392651+00:00,1,0,0.0
2026-06-22T03:22:28.263301+00:00,1,0,0.0
2026-07-22T03:19:32.267759+00:00,1,0,0.0
2026-07-01T04:24:56.670956+00:00,1,0,0.0
2026-04-29T02:00:04.524096+00:00,1,0,0.0
2026-05-22T02:13:37.772054+00:00,1,0,0.0
2026-04-27T08:00:18.660281+00:00,1,0,0.0
2026-05-13T02:07:21.447179+00:00,1,0,0.0
2026-05-03T01:51:54.947488+00:00,1,0,0.0
2026-05-09T01:55:45.327131+00:00,1,0,0.0
2026-05-26T02:08:39.084714+00:00,1,0,0.0
2026-08-13T02:31:04.532851+00:00,1,0,0.0
2026-05-30T02:04:20.083192+00:00,1,0,0.0
2026-04-29T01:59:07.153242+00:00,1,0,0.0
2026-07-28T02:56:07.817087+00:00,1,0,0.0
2026-06-01T02:41:58.018919+00:00,1,0,0.0
2026-05-23T02:00:58.72234+00:00,1,0,0.0
2026-07-27T03:40:21.234904+00:00,1,0,0.0
2026-06-17T02:41:34.912097+00:00,1,0,0.0
2026-07-02T04:04:27.581606+00:00,1,0,0.0
2026-04-22T03:26:58.285146+00:00,1,0,0.0
2026-05-24T02:09:34.97849+00:00,1,0,0.0
2026-05-01T02:00:54.234472+00:00,1,0,0.0
2026-07-01T04:23:52.37888+00:00,1,0,0.0
2026-04-22T03:23:19.593264+00:00,1,0,0.0
2026-05-31T02:30:09.998547+00:00,1,0,0.0
2026-08-16T01:43:31.869646+00:00,1,0,0.0
2026-07-12T03:29:50.759905+00:00,1,0,0.0
2026-06-17T02:42:11.510491+00:00,1,0,0.0
2026-07-25T03:17:51.101857+00:00,1,0,0.0
2026-05-03T01:53:02.014157+00:00,1,0,0.0
2026-06-15T02:44:12.028182+00:00,1,0,0.0
2026-05-01T01:59:53.447374+00:00,1,0,0.0
2026-08-18T01:35:19.675056+00:00,1,0,0.0
2026-04-22T06:26:43.542304+00:00,1,0,0.0
2026-04-28T07:59:50.49578+00:00,1,0,0.0
2026-06-21T02:41:30.095001+00:00,1,0,0.0
2026-06-27T04:00:24.215349+00:00,1,0,0.0
2026-06-07T02:35:13.245323+00:00,1,0,0.0
2026-07-09T03:51:38.934037+00:00,1,0,0.0
2026-05-05T01:52:50.427284+00:00,1,1,100.0
2026-04-22T03:23:55.598309+00:00,1,0,0.0
2026-07-08T03:24:09.345471+00:00,1,0,0.0
2026-08-13T02:28:10.757615+00:00,1,0,0.0
2026-08-04T03:15:53.315841+00:00,1,0,0.0
2026-06-18T02:38:10.265744+00:00,1,1,100.0
2026-06-16T02:45:51.283699+00:00,1,0,0.0
2026-08-15T01:37:00.504269+00:00,1,0,0.0
2026-05-15T02:08:39.247112+00:00,1,0,0.0
2026-04-26T06:30:16.720498+00:00,1,0,0.0
2026-07-17T03:17:24.845272+00:00,1,0,0.0
2026-05-09T01:56:24.719082+00:00,1,0,0.0
2026-06-23T04:03:39.648225+00:00,1,0,0.0
2026-07-05T04:00:05.807645+00:00,1,0,0.0
2026-07-23T03:24:52.334316+00:00,1,0,0.0
2026-08-17T01:40:17.871863+00:00,1,0,0.0
2026-08-12T02:23:42.573818+00:00,1,0,0.0
2026-05-21T02:13:14.17494+00:00,1,0,0.0
2026-04-22T06:27:50.502732+00:00,1,0,0.0
2026-04-25T06:06:21.234542+00:00,1,0,0.0
2026-05-02T01:49:24.235034+00:00,1,0,0.0
2026-05-14T02:09:14.851941+00:00,1,0,0.0
2026-05-24T02:10:55.582934+00:00,1,0,0.0
2026-06-14T02:38:20.468563+00:00,1,0,0.0
2026-07-20T03:40:45.673132+00:00,1,0,0.0
2026-07-05T04:01:07.702829+00:00,1,0,0.0
2026-06-15T02:44:05.200127+00:00,1,0,0.0
2026-07-28T02:55:48.192576+00:00,1,0,0.0
2026-06-22T02:45:01.422495+00:00,1,0,0.0
2026-06-24T04:05:54.82597+00:00,1,0,0.0
2026-05-29T02:07:11.410897+00:00,1,0,0.0
2026-05-28T02:02:43.475993+00:00,1,0,0.0
2026-04-30T01:59:46.86447+00:00,1,0,0.0
2026-05-28T02:03:47.62668+00:00,1,0,0.0
2026-08-12T02:25:41.138901+00:00,1,0,0.0
2026-05-08T02:05:46.497139+00:00,1,0,0.0
2026-05-31T02:29:43.50699+00:00,1,0,0.0
2026-05-02T01:50:24.639756+00:00,1,0,0.0
2026-07-30T02:48:25.264286+00:00,1,0,0.0
2026-06-30T04:09:06.196992+00:00,1,0,0.0
2026-08-04T03:14:28.619384+00:00,1,0,0.0
2026-08-13T02:27:00.916022+00:00,1,0,0.0
2026-06-30T04:08:54.029591+00:00,1,0,0.0
2026-06-12T02:33:32.049619+00:00,1,0,0.0
2026-06-28T04:23:09.501528+00:00,1,0,0.0
2026-06-07T02:34:10.852184+00:00,1,1,100.0
2026-06-08T02:38:55.030999+00:00,1,0,0.0
2026-04-23T06:30:47.665614+00:00,1,0,0.0
2026-06-13T02:14:34.002664+00:00,1,0,0.0
2026-05-18T02:14:18.914248+00:00,1,0,0.0
2026-06-22T03:28:00.080723+00:00,1,0,0.0
2026-04-24T06:31:57.793406+00:00,1,0,0.0
2026-06-25T04:06:16.076699+00:00,1,0,0.0
2026-08-15T01:37:39.524449+00:00,1,0,0.0
2026-04-22T06:24:51.222909+00:00,1,0,0.0
2026-05-13T02:08:16.846815+00:00,1,0,0.0
2026-04-30T01:59:27.756602+00:00,1,0,0.0
2026-04-22T03:24:45.571444+00:00,1,0,0.0
2026-08-13T02:31:14.143476+00:00,1,0,0.0
2026-06-21T02:41:45.261425+00:00,1,0,0.0
2026-05-01T01:59:47.192672+00:00,1,0,0.0
2026-05-14T02:11:18.452392+00:00,1,0,0.0
2026-06-05T02:15:33.026321+00:00,1,0,0.0
2026-04-24T06:32:18.103778+00:00,1,0,0.0
2026-07-09T03:51:55.965071+00:00,1,0,0.0
2026-04-26T06:31:30.376757+00:00,1,0,0.0
2026-06-16T02:47:00.832076+00:00,1,0,0.0
2026-07-31T03:30:16.952519+00:00,1,0,0.0
2026-05-26T02:10:56.535911+00:00,1,0,0.0
2026-05-30T02:03:52.357242+00:00,1,0,0.0
2026-05-08T02:03:15.618935+00:00,1,0,0.0
2026-08-05T02:56:09.348462+00:00,1,0,0.0
2026-04-23T06:29:51.750876+00:00,1,0,0.0
2026-07-05T04:00:31.407077+00:00,1,0,0.0
2026-05-16T02:00:05.21527+00:00,1,0,0.0
2026-08-04T03:14:01.914309+00:00,1,0,0.0
2026-06-23T04:04:37.622645+00:00,1,1,100.0
2026-05-09T01:56:08.322378+00:00,1,0,0.0
2026-06-27T03:58:46.812173+00:00,1,0,0.0
2026-05-02T01:49:58.140138+00:00,1,0,0.0
2026-06-27T03:58:50.129996+00:00,1,0,0.0
2026-05-15T02:06:49.270751+00:00,1,0,0.0
2026-05-10T01:56:20.626448+00:00,1,0,0.0
2026-08-11T02:06:18.021061+00:00,1,0,0.0
2026-04-26T06:31:50.869754+00:00,1,0,0.0
2026-06-18T02:38:19.253299+00:00,1,0,0.0
2026-04-28T07:58:43.691271+00:00,1,0,0.0
2026-05-22T02:14:33.108773+00:00,1,0,0.0
2026-06-26T04:14:27.834774+00:00,1,0,0.0
2026-06-20T02:16:07.54877+00:00,1,0,0.0
2026-06-18T02:40:23.466708+00:00,1,0,0.0
2026-05-29T02:08:45.728143+00:00,1,0,0.0
2026-07-15T02:52:44.903342+00:00,1,0,0.0
2026-07-04T03:41:37.594734+00:00,1,0,0.0
2026-08-06T03:14:23.780893+00:00,1,0,0.0
2026-05-07T01:57:19.239009+00:00,1,0,0.0
2026-05-21T02:12:58.265495+00:00,1,0,0.0
2026-06-01T02:41:28.546009+00:00,1,0,0.0
2026-05-08T02:02:02.354776+00:00,1,0,0.0
2026-08-01T03:29:23.280262+00:00,1,0,0.0
2026-07-10T03:52:00.282592+00:00,1,0,0.0
2026-06-14T02:39:11.464062+00:00,1,0,0.0
2026-06-29T04:28:29.678817+00:00,1,0,0.0
2026-05-26T02:08:57.267347+00:00,1,0,0.0
2026-04-24T06:29:55.427841+00:00,1,0,0.0
2026-08-12T02:27:15.731711+00:00,1,0,0.0
2026-06-16T02:45:39.008353+00:00,1,0,0.0
2026-05-25T02:31:49.047438+00:00,1,0,0.0
2026-08-12T02:25:22.343322+00:00,1,0,0.0
2026-05-15T02:08:32.730776+00:00,1,0,0.0
2026-04-25T06:07:00.218091+00:00,1,0,0.0
2026-05-01T02:01:29.765614+00:00,1,0,0.0
2026-06-13T02:15:20.457773+00:00,1,0,0.0
2026-06-10T02:17:22.038166+00:00,1,0,0.0
2026-06-21T02:41:20.675334+00:00,1,0,0.0
2026-04-22T06:25:23.264339+00:00,1,0,0.0
2026-05-02T01:49:18.465321+00:00,1,0,0.0
2026-07-26T03:31:55.497857+00:00,1,0,0.0
2026-05-11T02:05:53.170352+00:00,1,0,0.0
2026-07-07T03:57:23.537776+00:00,1,0,0.0
2026-04-27T08:00:11.382225+00:00,1,0,0.0
2026-07-01T04:24:43.989226+00:00,1,0,0.0
2026-06-22T02:44:11.256961+00:00,1,0,0.0
2026-06-20T02:15:14.457354+00:00,1,0,0.0
2026-08-12T02:28:41.819918+00:00,1,0,0.0
2026-08-07T02:59:19.52912+00:00,1,0,0.0
2026-08-02T03:30:03.866854+00:00,1,0,0.0
2026-08-02T03:30:20.227977+00:00,1,0,0.0
2026-06-18T02:40:00.100156+00:00,1,0,0.0
2026-04-23T06:30:25.098705+00:00,1,0,0.0
2026-06-11T02:38:00.277472+00:00,1,0,0.0
2026-05-05T01:55:04.226346+00:00,1,0,0.0
2026-05-06T01:52:34.215672+00:00,1,0,0.0
2026-08-07T02:56:23.884814+00:00,1,0,0.0
2026-04-27T07:57:58.546726+00:00,1,0,0.0
2026-05-26T02:09:46.396187+00:00,1,0,0.0
2026-06-16T02:46:57.904111+00:00,1,1,100.0
2026-05-26T02:11:06.505635+00:00,1,0,0.0
2026-07-03T03:50:16.310672+00:00,1,0,0.0
2026-08-09T02:07:17.19438+00:00,1,0,0.0
2026-04-24T06:32:01.599918+00:00,1,0,0.0
2026-06-04T02:40:25.510478+00:00,1,0,0.0
2026-07-26T03:31:38.541586+00:00,1,0,0.0
2026-08-17T01:39:55.208133+00:00,1,0,0.0
2026-08-12T02:24:39.295398+00:00,1,0,0.0
2026-06-14T02:38:50.030962+00:00,1,0,0.0
2026-04-25T06:07:04.078277+00:00,1,0,0.0
2026-07-08T03:23:08.596282+00:00,1,0,0.0
2026-06-10T02:15:24.530838+00:00,1,0,0.0
2026-04-25T06:09:24.600975+00:00,1,0,0.0
2026-06-12T02:34:20.643044+00:00,1,0,0.0
2026-05-09T01:56:47.610088+00:00,1,0,0.0
2026-06-22T02:45:31.188365+00:00,1,0,0.0
2026-05-13T02:07:54.099165+00:00,1,0,0.0
2026-08-13T02:26:07.942489+00:00,1,0,0.0
2026-08-07T02:58:19.94733+00:00,1,0,0.0
2026-05-21T02:13:23.707013+00:00,1,0,0.0
2026-05-20T02:11:49.105457+00:00,1,0,0.0
2026-05-15T02:07:35.241643+00:00,1,0,0.0
2026-07-13T03:32:54.817176+00:00,1,1,100.0
2026-04-26T06:30:32.096841+00:00,1,0,0.0
2026-06-26T04:13:25.927485+00:00,1,0,0.0
2026-08-13T02:26:31.93092+00:00,1,0,0.0
2026-04-25T06:07:29.690736+00:00,1,0,0.0
2026-05-26T02:10:50.314862+00:00,1,0,0.0
2026-04-30T01:57:25.363198+00:00,1,0,0.0
2026-07-18T02:54:10.743871+00:00,1,0,0.0
2026-05-24T02:09:58.030069+00:00,1,0,0.0
2026-06-27T04:00:00.702443+00:00,1,0,0.0
2026-05-01T01:59:59.976013+00:00,1,0,0.0
2026-07-30T02:47:27.353855+00:00,1,0,0.0
2026-05-04T01:54:06.051053+00:00,1,0,0.0
2026-05-31T02:29:34.622978+00:00,1,1,100.0
2026-06-18T02:39:36.093687+00:00,1,0,0.0
2026-06-22T03:22:57.771087+00:00,1,0,0.0
2026-07-02T04:03:04.563451+00:00,1,0,0.0
2026-06-01T02:39:57.578915+00:00,1,0,0.0
2026-04-27T08:01:58.609814+00:00,1,0,0.0
2026-05-28T02:03:53.924345+00:00,1,0,0.0
2026-06-01T02:40:56.328234+00:00,1,0,0.0
2026-08-13T02:29:20.396407+00:00,1,0,0.0
2026-07-09T03:51:22.991668+00:00,1,0,0.0
2026-05-06T01:53:26.007056+00:00,1,0,0.0
2026-06-16T02:47:16.568372+00:00,1,0,0.0
2026-04-27T08:01:55.65927+00:00,1,0,0.0
2026-07-05T04:00:37.77231+00:00,1,0,0.0
2026-05-19T02:14:16.890699+00:00,1,0,0.0
2026-05-28T02:00:56.947194+00:00,1,0,0.0
2026-07-28T02:55:57.944022+00:00,1,0,0.0
2026-05-27T02:16:12.117307+00:00,1,0,0.0
2026-08-15T01:35:34.186892+00:00,1,0,0.0
2026-04-29T02:00:19.911526+00:00,1,0,0.0
2026-05-25T02:31:42.220227+00:00,1,0,0.0
2026-07-14T02:55:06.288601+00:00,1,0,0.0
2026-05-04T01:52:18.959505+00:00,1,0,0.0
2026-08-12T02:24:20.443124+00:00,1,1,100.0
2026-05-05T01:53:43.954947+00:00,1,0,0.0
2026-04-23T06:30:57.765088+00:00,1,0,0.0
2026-07-24T03:20:37.593665+00:00,1,0,0.0
2026-08-15T01:36:20.176542+00:00,1,0,0.0
2026-06-21T02:40:31.959091+00:00,1,0,0.0
2026-06-12T02:35:01.868648+00:00,1,0,0.0
2026-07-11T03:19:10.84574+00:00,1,0,0.0
2026-07-19T03:26:02.504151+00:00,1,0,0.0
2026-05-28T02:03:04.934377+00:00,1,0,0.0
2026-05-26T02:10:29.67023+00:00,1,0,0.0
2026-05-04T01:53:43.120581+00:00,1,0,0.0
2026-06-01T02:39:12.457541+00:00,1,0,0.0
2026-06-02T02:37:34.150714+00:00,1,0,0.0
2026-05-16T01:59:45.571621+00:00,1,0,0.0
2026-04-22T03:27:28.180118+00:00,1,0,0.0
2026-05-16T02:00:23.91495+00:00,1,0,0.0
2026-07-06T04:06:45.315876+00:00,1,0,0.0
2026-05-28T02:02:40.301279+00:00,1,0,0.0
2026-08-16T01:42:52.265897+00:00,1,0,0.0
2026-08-13T02:28:37.185215+00:00,1,0,0.0
2026-06-23T04:02:51.448626+00:00,1,0,0.0
2026-07-10T03:52:50.448189+00:00,1,0,0.0
2026-06-27T03:58:33.42065+00:00,1,0,0.0
2026-06-03T02:46:14.244568+00:00,1,0,0.0
2026-08-13T02:25:09.093372+00:00,1,0,0.0
2026-06-01T02:38:49.61212+00:00,1,0,0.0
2026-05-06T01:52:46.581635+00:00,1,0,0.0
2026-07-02T04:03:54.097647+00:00,1,0,0.0
2026-06-28T04:22:23.495854+00:00,1,0,0.0
2026-04-22T03:26:22.165224+00:00,1,0,0.0
2026-05-01T02:01:36.318579+00:00,1,0,0.0
2026-04-22T06:25:59.976673+00:00,1,0,0.0
2026-05-25T02:30:12.873879+00:00,1,0,0.0
2026-07-20T03:40:18.509953+00:00,1,0,0.0
2026-07-16T03:14:30.253123+00:00,1,0,0.0
2026-05-08T02:06:06.11065+00:00,1,0,0.0
2026-05-16T01:59:42.621275+00:00,1,0,0.0
2026-08-05T02:56:38.083068+00:00,1,0,0.0
2026-08-12T02:25:31.569173+00:00,1,0,0.0
2026-06-22T03:23:51.971276+00:00,1,0,0.0
2026-07-23T03:25:45.042698+00:00,1,0,0.0
2026-05-07T01:56:01.763973+00:00,1,0,0.0
2026-07-28T02:56:42.805817+00:00,1,0,0.0
2026-05-06T01:51:50.314115+00:00,1,0,0.0
2026-06-28T04:21:59.661885+00:00,1,0,0.0
2026-04-28T07:58:18.379163+00:00,1,0,0.0
2026-08-13T02:27:27.600545+00:00,1,0,0.0
2026-07-07T03:58:27.032837+00:00,1,0,0.0
2026-07-03T03:49:29.81364+00:00,1,0,0.0
2026-05-05T01:53:56.390403+00:00,1,0,0.0
2026-06-28T04:21:28.274531+00:00,1,0,0.0
2026-08-05T02:55:20.298087+00:00,1,0,0.0
2026-04-22T06:25:40.794399+00:00,1,0,0.0
2026-06-05T02:14:55.474417+00:00,1,0,0.0
2026-05-14T02:09:30.822159+00:00,1,0,0.0
2026-07-21T03:19:54.006069+00:00,1,0,0.0
2026-07-23T03:25:13.865782+00:00,1,0,0.0
2026-06-17T02:42:04.363539+00:00,1,0,0.0
2026-04-28T07:59:14.851834+00:00,1,0,0.0
2026-06-01T02:39:20.083424+00:00,1,0,0.0
2026-05-11T02:04:56.126924+00:00,1,0,0.0
2026-08-01T03:30:10.576445+00:00,1,0,0.0
2026-07-15T02:53:38.871097+00:00,1,0,0.0
2026-05-25T02:30:02.826889+00:00,1,0,0.0
2026-05-28T02:02:29.776753+00:00,1,0,0.0
2026-07-24T03:19:42.262896+00:00,1,1,100.0
2026-05-09T01:56:50.779965+00:00,1,0,0.0
2026-04-30T01:57:56.148212+00:00,1,0,0.0
2026-05-28T02:01:56.4309+00:00,1,0,0.0
2026-06-02T02:37:46.125713+00:00,1,0,0.0
2026-05-23T02:01:12.359456+00:00,1,0,0.0
2026-06-26T04:12:48.912948+00:00,1,0,0.0
2026-07-01T04:25:18.565319+00:00,1,0,0.0
2026-05-13T02:07:47.679409+00:00,1,0,0.0
2026-06-03T02:45:12.256636+00:00,1,0,0.0
2026-06-08T02:38:30.092329+00:00,1,0,0.0
2026-06-01T02:41:09.119014+00:00,1,0,0.0
2026-04-27T07:58:15.05256+00:00,1,0,0.0
2026-06-25T04:05:51.076014+00:00,1,0,0.0
2026-07-29T03:14:44.529756+00:00,1,0,0.0
2026-06-15T02:43:09.037973+00:00,1,0,0.0
2026-06-18T02:39:14.816047+00:00,1,0,0.0
2026-05-29T02:06:58.245386+00:00,1,0,0.0
2026-05-15T02:08:29.741096+00:00,1,0,0.0
2026-06-22T03:27:46.624039+00:00,1,0,0.0
2026-05-03T01:52:52.389903+00:00,1,0,0.0
2026-05-02T01:49:42.567355+00:00,1,0,0.0
2026-05-10T01:55:13.905959+00:00,1,0,0.0
2026-04-29T01:59:20.104417+00:00,1,0,0.0
2026-05-18T02:13:32.313189+00:00,1,0,0.0
2026-07-04T03:40:48.284066+00:00,1,0,0.0
2026-06-28T04:23:06.702198+00:00,1,0,0.0
2026-06-24T04:06:30.772852+00:00,1,0,0.0
2026-07-07T03:58:33.358521+00:00,1,0,0.0
2026-06-04T02:40:42.060544+00:00,1,0,0.0
2026-06-27T03:59:05.433103+00:00,1,0,0.0
2026-06-02T02:38:19.433859+00:00,1,0,0.0
2026-07-10T03:51:57.377324+00:00,1,0,0.0
2026-08-05T02:55:23.715324+00:00,1,0,0.0
2026-05-23T02:03:40.964365+00:00,1,0,0.0
2026-05-20T02:11:35.713437+00:00,1,0,0.0
2026-05-23T02:03:01.503047+00:00,1,0,0.0
2026-08-17T01:39:49.47899+00:00,1,0,0.0
2026-05-01T01:59:41.094155+00:00,1,0,0.0
2026-07-12T03:29:37.793672+00:00,1,0,0.0
2026-05-09T01:56:41.565577+00:00,1,0,0.0
2026-05-21T02:12:45.171914+00:00,1,0,0.0
2026-06-26T04:14:12.164297+00:00,1,0,0.0
2026-05-13T02:08:32.568705+00:00,1,0,0.0
2026-05-26T02:10:19.920119+00:00,1,0,0.0
2026-06-06T02:06:10.84491+00:00,1,0,0.0
2026-05-25T02:30:16.006211+00:00,1,0,0.0
2026-06-29T04:28:46.739344+00:00,1,0,0.0
2026-08-09T02:07:23.337427+00:00,1,0,0.0
2026-05-06T01:52:21.260064+00:00,1,0,0.0
2026-08-10T02:12:00.524013+00:00,1,1,100.0
2026-05-07T01:57:15.517187+00:00,1,0,0.0
2026-08-12T02:26:02.026566+00:00,1,0,0.0
2026-04-23T06:29:58.565265+00:00,1,0,0.0
2026-05-28T02:01:53.403936+00:00,1,0,0.0
2026-05-31T02:30:16.101484+00:00,1,0,0.0
2026-05-22T02:14:49.373755+00:00,1,0,0.0
2026-07-31T03:30:49.525691+00:00,1,0,0.0
2026-05-05T01:54:42.654011+00:00,1,0,0.0
2026-05-07T01:57:48.823712+00:00,1,0,0.0
2026-07-29T03:15:00.903863+00:00,1,0,0.0
2026-05-16T02:00:20.614681+00:00,1,0,0.0
2026-07-30T02:48:52.221941+00:00,1,0,0.0
2026-04-27T07:59:13.869961+00:00,1,0,0.0
2026-05-01T02:01:39.095423+00:00,1,0,0.0
2026-04-25T06:09:43.697599+00:00,1,0,0.0
2026-07-18T02:54:26.548843+00:00,1,0,0.0
2026-07-03T03:49:16.838636+00:00,1,0,0.0
2026-07-15T02:53:04.799125+00:00,1,0,0.0
2026-06-12T02:34:55.745714+00:00,1,0,0.0
2026-07-18T02:54:50.530036+00:00,1,1,100.0
2026-06-18T02:39:04.551062+00:00,1,0,0.0
2026-05-06T01:52:30.746689+00:00,1,0,0.0
2026-07-29T03:15:33.557585+00:00,1,0,0.0
2026-05-08T02:04:19.151107+00:00,1,0,0.0
2026-06-30T04:08:11.686559+00:00,1,0,0.0
2026-06-15T02:43:12.152914+00:00,1,0,0.0
2026-04-22T06:24:41.43302+00:00,1,0,0.0
2026-05-08T02:03:58.55751+00:00,1,0,0.0
2026-06-19T02:54:12.341221+00:00,1,0,0.0
2026-06-05T02:16:31.566302+00:00,1,0,0.0
2026-04-22T06:27:16.320228+00:00,1,0,0.0
2026-04-23T06:28:35.942232+00:00,1,0,0.0
2026-05-21T02:11:05.580297+00:00,1,0,0.0
2026-05-25T02:29:25.416192+00:00,1,0,0.0
2026-08-13T02:25:58.926256+00:00,1,0,0.0
2026-06-26T04:14:55.957385+00:00,1,0,0.0
2026-05-10T01:54:47.265715+00:00,1,0,0.0
2026-08-12T02:25:15.05228+00:00,1,0,0.0
2026-05-27T02:17:33.424421+00:00,1,0,0.0
2026-07-06T04:06:11.250283+00:00,1,0,0.0
2026-06-20T02:15:44.541828+00:00,1,0,0.0
2026-07-08T03:23:18.561033+00:00,1,0,0.0
2026-06-22T03:27:43.52135+00:00,1,0,0.0
2026-04-26T06:32:16.12188+00:00,1,0,0.0
2026-06-27T04:00:27.273042+00:00,1,0,0.0
2026-08-04T03:15:16.785166+00:00,1,0,0.0
2026-06-14T02:38:32.902396+00:00,1,0,0.0
2026-04-26T06:33:08.465263+00:00,1,0,0.0
2026-06-01T02:39:51.169065+00:00,1,0,0.0
2026-08-18T01:35:43.905233+00:00,1,0,0.0
2026-07-27T03:39:41.729571+00:00,1,0,0.0
2026-07-23T03:25:10.811194+00:00,1,0,0.0
2026-06-23T04:04:40.246012+00:00,1,0,0.0
2026-07-04T03:42:31.095252+00:00,1,0,0.0
2026-07-24T03:20:40.722998+00:00,1,0,0.0
2026-04-23T06:31:32.029506+00:00,1,0,0.0
2026-04-26T06:32:28.102267+00:00,1,0,0.0
2026-05-05T01:54:28.926038+00:00,1,0,0.0
2026-05-09T01:55:38.796064+00:00,1,0,0.0
2026-08-07T02:55:49.347167+00:00,1,0,0.0
2026-06-26T04:14:09.154747+00:00,1,0,0.0
2026-04-30T01:58:09.385259+00:00,1,0,0.0
2026-08-07T02:54:37.71721+00:00,1,0,0.0
2026-07-13T03:32:48.153685+00:00,1,0,0.0
2026-08-13T02:30:57.639484+00:00,1,0,0.0
2026-08-13T02:27:07.323746+00:00,1,0,0.0
2026-05-05T01:54:00.111082+00:00,1,0,0.0
2026-05-06T01:52:56.861264+00:00,1,0,0.0
2026-06-26T04:13:15.136232+00:00,1,0,0.0
2026-06-15T02:42:25.855986+00:00,1,0,0.0
2026-06-12T02:32:28.692433+00:00,1,0,0.0
2026-08-16T01:42:35.82347+00:00,1,0,0.0
2026-04-24T06:31:10.754507+00:00,1,0,0.0
2026-05-30T02:02:42.085492+00:00,1,0,0.0
2026-06-29T04:28:53.16777+00:00,1,0,0.0
2026-05-14T02:11:44.235859+00:00,1,0,0.0
2026-08-12T02:26:24.85162+00:00,1,0,0.0
2026-04-30T01:59:40.429225+00:00,1,0,0.0
2026-05-21T02:13:56.845473+00:00,1,0,0.0
2026-07-12T03:29:17.83401+00:00,1,0,0.0
2026-06-25T04:06:13.327385+00:00,1,0,0.0
2026-07-04T03:40:30.824532+00:00,1,0,0.0
2026-04-22T06:25:16.523416+00:00,1,0,0.0
2026-06-30T04:08:41.529464+00:00,1,0,0.0
2026-06-07T02:33:56.511555+00:00,1,0,0.0
2026-08-04T03:16:10.284285+00:00,1,0,0.0
2026-07-11T03:19:23.490721+00:00,1,0,0.0
2026-05-27T02:17:53.243419+00:00,1,0,0.0
2026-05-29T02:07:14.890903+00:00,1,0,0.0
2026-05-30T02:01:59.022751+00:00,1,0,0.0
2026-06-27T03:59:24.977139+00:00,1,0,0.0
2026-07-11T03:18:21.879708+00:00,1,0,0.0
2026-08-04T03:13:58.726624+00:00,1,0,0.0
2026-04-27T08:00:38.084216+00:00,1,0,0.0
2026-07-18T02:54:36.491097+00:00,1,0,0.0
2026-07-15T02:52:50.829608+00:00,1,0,0.0
2026-05-01T02:01:45.130104+00:00,1,0,0.0
2026-05-25T02:30:32.705585+00:00,1,0,0.0
2026-07-04T03:40:58.351137+00:00,1,0,0.0
2026-05-27T02:17:29.588156+00:00,1,0,0.0
2026-06-08T02:37:23.61759+00:00,1,0,0.0
2026-05-10T01:55:24.19155+00:00,1,0,0.0
2026-04-28T07:59:40.72545+00:00,1,0,0.0
2026-04-22T06:24:38.300222+00:00,1,0,0.0
2026-05-12T02:01:32.665086+00:00,1,0,0.0
2026-06-11T02:37:46.014034+00:00,1,1,100.0
2026-06-08T02:38:22.862888+00:00,1,0,0.0
2026-06-26T04:14:33.996575+00:00,1,0,0.0
2026-05-15T02:06:39.956885+00:00,1,0,0.0
2026-05-07T01:57:02.23895+00:00,1,0,0.0
2026-07-07T03:58:23.209908+00:00,1,0,0.0
2026-08-05T02:57:24.012975+00:00,1,0,0.0
2026-05-30T02:04:13.238375+00:00,1,0,0.0
2026-06-11T02:37:33.225138+00:00,1,0,0.0
2026-06-22T03:22:31.504247+00:00,1,0,0.0
2026-05-23T02:00:55.176666+00:00,1,0,0.0
2026-04-29T01:59:45.665973+00:00,1,0,0.0
2026-07-21T03:19:51.031938+00:00,1,0,0.0
2026-06-22T03:26:28.293209+00:00,1,0,0.0
2026-05-05T01:54:09.383646+00:00,1,0,0.0
2026-05-20T02:12:43.545908+00:00,1,0,0.0
2026-07-18T02:55:14.757604+00:00,1,0,0.0
2026-07-17T03:17:04.733327+00:00,1,0,0.0
2026-08-12T02:28:35.784567+00:00,1,0,0.0
2026-06-10T02:15:43.989912+00:00,1,0,0.0
2026-05-14T02:09:37.392642+00:00,1,0,0.0
2026-04-23T06:29:25.072867+00:00,1,0,0.0
2026-07-19T03:26:32.314967+00:00,1,0,0.0
2026-05-25T02:31:15.37871+00:00,1,0,0.0
2026-05-29T02:08:36.223823+00:00,1,0,0.0
2026-06-23T04:04:54.865597+00:00,1,0,0.0
2026-06-15T02:42:07.120064+00:00,1,0,0.0
2026-06-19T02:54:06.283913+00:00,1,1,100.0
2026-07-20T03:41:51.338367+00:00,1,0,0.0
2026-05-31T02:30:42.034931+00:00,1,0,0.0
2026-06-28T04:22:31.394375+00:00,1,0,0.0
2026-04-22T06:24:02.43079+00:00,1,0,0.0
2026-04-22T03:23:22.839955+00:00,1,0,0.0
2026-04-22T06:26:23.315691+00:00,1,0,0.0
2026-07-19T03:25:39.680065+00:00,1,0,0.0
2026-08-11T02:06:07.895651+00:00,1,0,0.0
2026-04-28T07:58:21.350576+00:00,1,0,0.0
2026-06-22T03:23:58.54678+00:00,1,0,0.0
2026-05-17T02:01:27.187896+00:00,1,0,0.0
2026-05-14T02:09:05.028512+00:00,1,0,0.0
2026-06-28T04:21:31.365576+00:00,1,0,0.0
2026-08-07T02:55:43.091866+00:00,1,0,0.0
2026-08-13T02:27:43.354165+00:00,1,0,0.0
2026-05-09T01:57:03.711664+00:00,1,0,0.0
2026-07-27T03:39:14.476578+00:00,1,0,0.0
2026-07-13T03:33:11.063953+00:00,1,0,0.0
2026-05-30T02:04:04.025582+00:00,1,0,0.0
2026-07-23T03:25:39.108099+00:00,1,0,0.0
2026-04-24T06:30:23.952928+00:00,1,0,0.0
2026-05-17T02:01:14.976381+00:00,1,0,0.0
2026-06-15T02:42:59.440982+00:00,1,0,0.0
2026-06-16T02:46:13.649437+00:00,1,0,0.0
2026-04-22T06:26:19.853839+00:00,1,0,0.0
2026-05-29T02:08:51.824958+00:00,1,0,0.0
2026-04-26T06:30:58.395529+00:00,1,0,0.0
2026-06-28T04:20:57.145998+00:00,1,0,0.0
2026-04-26T06:31:54.022057+00:00,1,0,0.0
2026-07-17T03:17:45.160643+00:00,1,0,0.0
2026-05-11T02:04:47.952192+00:00,1,0,0.0
2026-05-12T02:02:06.371201+00:00,1,0,0.0
2026-08-11T02:06:31.114446+00:00,1,0,0.0
2026-07-14T02:55:35.527238+00:00,1,0,0.0
2026-07-15T02:53:18.571598+00:00,1,0,0.0
2026-08-16T01:42:32.470052+00:00,1,0,0.0
2026-06-17T02:42:43.689109+00:00,1,0,0.0
2026-08-07T02:57:51.929893+00:00,1,0,0.0
2026-08-07T02:58:36.109024+00:00,1,0,0.0
2026-04-23T06:30:08.131409+00:00,1,0,0.0
2026-06-11T02:39:20.350894+00:00,1,0,0.0
2026-04-30T01:58:46.627321+00:00,1,1,100.0
2026-06-22T02:45:14.254317+00:00,1,0,0.0
2026-06-25T04:06:38.666683+00:00,1,0,0.0
2026-05-17T02:01:36.239285+00:00,1,0,0.0
2026-06-05T02:16:21.769727+00:00,1,0,0.0
2026-08-06T03:13:34.300271+00:00,1,0,0.0
2026-08-13T02:30:25.310389+00:00,1,0,0.0
2026-06-22T03:26:41.592234+00:00,1,0,0.0
2026-07-14T02:54:05.419713+00:00,1,0,0.0
2026-06-24T04:05:51.671267+00:00,1,0,0.0
2026-06-01T02:41:31.574169+00:00,1,0,0.0
2026-06-10T02:15:21.436141+00:00,1,0,0.0
2026-08-13T02:30:54.628619+00:00,1,0,0.0
2026-04-22T06:25:47.158072+00:00,1,0,0.0
2026-08-07T02:54:34.614372+00:00,1,0,0.0
2026-04-26T06:32:34.201765+00:00,1,0,0.0
2026-05-02T01:49:52.132912+00:00,1,0,0.0
2026-04-28T07:58:46.880122+00:00,1,0,0.0
2026-07-14T02:54:48.733328+00:00,1,0,0.0
2026-06-06T02:07:41.854408+00:00,1,0,0.0
2026-08-06T03:13:09.550403+00:00,1,0,0.0
2026-07-23T03:24:39.742707+00:00,1,0,0.0
2026-07-09T03:50:20.161584+00:00,1,0,0.0
2026-06-26T04:13:53.625235+00:00,1,0,0.0
2026-08-12T02:29:03.261575+00:00,1,0,0.0
2026-06-04T02:39:20.903025+00:00,1,0,0.0
2026-08-12T02:24:36.058951+00:00,1,0,0.0
2026-06-17T02:41:47.049872+00:00,1,0,0.0
2026-06-28T04:21:07.719213+00:00,1,0,0.0
2026-06-15T02:44:15.275453+00:00,1,0,0.0
2026-08-13T02:30:51.572897+00:00,1,0,0.0
2026-06-23T04:04:28.365179+00:00,1,0,0.0
2026-08-07T02:55:33.598596+00:00,1,0,0.0
2026-04-22T03:25:23.776941+00:00,1,0,0.0
2026-06-08T02:38:16.301129+00:00,1,0,0.0
2026-07-24T03:20:34.582148+00:00,1,0,0.0
2026-07-27T03:39:30.951227+00:00,1,0,0.0
2026-07-22T03:19:56.373259+00:00,1,0,0.0
2026-05-21T02:13:05.215699+00:00,1,0,0.0
2026-05-01T02:01:51.496782+00:00,1,0,0.0
2026-05-02T01:49:02.526369+00:00,1,0,0.0
2026-08-11T02:07:06.489468+00:00,1,0,0.0
2026-07-03T03:48:37.393205+00:00,1,0,0.0
2026-07-07T03:58:07.834098+00:00,1,0,0.0
2026-05-05T01:54:48.850949+00:00,1,0,0.0
2026-07-30T02:47:20.847375+00:00,1,0,0.0
2026-06-27T03:58:56.167697+00:00,1,0,0.0
2026-07-07T03:57:04.1559+00:00,1,0,0.0
2026-07-30T02:49:03.011758+00:00,1,0,0.0
2026-04-22T03:25:58.981028+00:00,1,1,100.0
2026-05-12T02:02:19.808342+00:00,1,0,0.0
2026-06-23T04:03:17.414652+00:00,1,0,0.0
2026-07-11T03:18:32.125335+00:00,1,0,0.0
2026-07-10T03:53:01.905294+00:00,1,0,0.0
2026-07-04T03:41:22.375838+00:00,1,0,0.0
2026-07-20T03:40:04.241045+00:00,1,0,0.0
2026-07-09T03:50:48.923765+00:00,1,0,0.0
2026-05-13T02:08:03.734193+00:00,1,0,0.0
2026-04-27T07:59:40.89193+00:00,1,0,0.0
2026-04-30T01:58:49.840035+00:00,1,0,0.0
2026-04-28T07:57:59.237442+00:00,1,0,0.0
2026-05-04T01:53:13.992048+00:00,1,0,0.0
2026-04-24T06:32:38.821712+00:00,1,0,0.0
2026-05-29T02:07:04.794289+00:00,1,0,0.0
2026-05-21T02:12:54.896048+00:00,1,0,0.0
2026-05-11T02:04:35.955821+00:00,1,0,0.0
2026-06-05T02:15:21.755719+00:00,1,0,0.0
2026-06-25T04:06:35.45045+00:00,1,0,0.0
2026-05-26T02:09:36.771223+00:00,1,0,0.0
2026-05-19T02:14:30.106431+00:00,1,0,0.0
2026-05-22T02:14:59.166991+00:00,1,0,0.0
2026-04-22T06:27:41.106924+00:00,1,0,0.0
2026-04-23T06:31:28.907063+00:00,1,0,0.0
2026-04-30T01:59:30.62252+00:00,1,0,0.0
2026-06-17T02:42:23.925087+00:00,1,0,0.0
2026-06-21T02:40:13.653816+00:00,1,0,0.0
2026-06-28T04:21:40.473108+00:00,1,0,0.0
2026-05-19T02:12:10.692117+00:00,1,0,0.0
2026-07-30T02:49:12.879733+00:00,1,0,0.0
2026-06-22T03:26:55.247158+00:00,1,1,100.0
2026-05-14T02:11:25.046249+00:00,1,0,0.0
2026-07-13T03:33:01.684929+00:00,1,0,0.0
2026-06-14T02:38:47.093353+00:00,1,0,0.0
2026-06-08T02:39:15.147257+00:00,1,0,0.0
2026-06-24T04:05:26.897262+00:00,1,0,0.0
2026-07-24T03:19:55.255647+00:00,1,0,0.0
2026-04-27T07:59:00.613616+00:00,1,0,0.0
2026-06-26T04:13:31.960414+00:00,1,0,0.0
2026-08-04T03:13:48.202772+00:00,1,0,0.0
2026-08-16T01:43:51.191775+00:00,1,0,0.0
2026-08-13T02:28:28.21358+00:00,1,0,0.0
2026-06-15T02:42:53.029+00:00,1,0,0.0
2026-07-30T02:48:49.322264+00:00,1,0,0.0
2026-04-28T07:58:50.031202+00:00,1,0,0.0
2026-05-30T02:03:35.615686+00:00,1,0,0.0
2026-07-24T03:19:58.298446+00:00,1,0,0.0
2026-06-26T04:13:01.738552+00:00,1,0,0.0
2026-05-07T01:56:42.550104+00:00,1,0,0.0
2026-06-11T02:37:42.648581+00:00,1,0,0.0
2026-07-09T03:51:10.211209+00:00,1,0,0.0
2026-06-18T02:38:28.345606+00:00,1,0,0.0
2026-07-13T03:33:16.961386+00:00,1,0,0.0
2026-07-05T03:59:32.734405+00:00,1,0,0.0
2026-06-20T02:15:51.549835+00:00,1,0,0.0
2026-06-11T02:37:57.075248+00:00,1,0,0.0
2026-07-19T03:26:49.192964+00:00,1,0,0.0
2026-08-05T02:56:31.644685+00:00,1,0,0.0
2026-06-26T04:13:22.138908+00:00,1,0,0.0
2026-04-24T06:31:19.114103+00:00,1,0,0.0
2026-07-22T03:19:03.747842+00:00,1,0,0.0
2026-07-31T03:30:26.46779+00:00,1,0,0.0
2026-07-06T04:05:53.785172+00:00,1,0,0.0
2026-05-27T02:16:19.235816+00:00,1,0,0.0
2026-06-26T04:13:35.03341+00:00,1,0,0.0
2026-08-04T03:15:13.603336+00:00,1,0,0.0
2026-05-20T02:12:27.394405+00:00,1,0,0.0
2026-06-22T03:22:34.643348+00:00,1,0,0.0
2026-05-30T02:03:26.028017+00:00,1,0,0.0
2026-04-29T02:01:15.74227+00:00,1,0,0.0
2026-05-13T02:08:45.411695+00:00,1,0,0.0
2026-05-21T02:13:43.165843+00:00,1,0,0.0
2026-05-27T02:15:55.917498+00:00,1,0,0.0
2026-04-23T06:29:42.10005+00:00,1,0,0.0
2026-06-22T02:44:35.944661+00:00,1,0,0.0
2026-05-27T02:15:59.078391+00:00,1,0,0.0
2026-06-08T02:37:53.199738+00:00,1,0,0.0
2026-04-30T01:57:28.397207+00:00,1,0,0.0
2026-04-22T06:24:05.521452+00:00,1,0,0.0
2026-04-22T03:23:12.360834+00:00,1,0,0.0
2026-07-03T03:48:43.722708+00:00,1,0,0.0
2026-08-09T02:06:45.343187+00:00,1,0,0.0
2026-05-24T02:10:07.585945+00:00,1,0,0.0
2026-06-17T02:41:25.487957+00:00,1,0,0.0
2026-06-22T02:45:04.496161+00:00,1,0,0.0
2026-07-10T03:52:53.35704+00:00,1,0,0.0
2026-06-25T04:06:41.686087+00:00,1,0,0.0
2026-07-14T02:54:08.512113+00:00,1,0,0.0
2026-08-16T01:42:04.952624+00:00,1,0,0.0
2026-07-19T03:26:58.64314+00:00,1,0,0.0
2026-05-10T01:55:56.59684+00:00,1,0,0.0
2026-04-29T01:58:51.488727+00:00,1,0,0.0
2026-06-30T04:09:02.896458+00:00,1,0,0.0
2026-06-26T04:13:12.125519+00:00,1,0,0.0
2026-04-25T06:08:06.176736+00:00,1,0,0.0
2026-08-12T02:24:56.561492+00:00,1,0,0.0
2026-05-29T02:08:07.156838+00:00,1,0,0.0
2026-08-13T02:27:19.637185+00:00,1,0,0.0
2026-06-14T02:37:53.015089+00:00,1,1,100.0
2026-05-16T02:00:40.991956+00:00,1,0,0.0
2026-06-03T02:45:47.073474+00:00,1,0,0.0
2026-04-27T08:00:01.180134+00:00,1,0,0.0
2026-05-27T02:16:08.828113+00:00,1,0,0.0
2026-07-10T03:51:35.335321+00:00,1,0,0.0
2026-08-05T02:57:17.031933+00:00,1,0,0.0
2026-08-07T02:56:48.582317+00:00,1,0,0.0
2026-06-21T02:40:28.569483+00:00,1,0,0.0
2026-08-07T02:56:07.564109+00:00,1,0,0.0
2026-08-18T01:35:50.434263+00:00,1,0,0.0
2026-08-13T02:30:48.175742+00:00,1,0,0.0
2026-07-06T04:06:18.180485+00:00,1,0,0.0
2026-06-17T02:42:49.780334+00:00,1,0,0.0
2026-08-07T02:57:48.682252+00:00,1,0,0.0
2026-05-18T02:12:38.185181+00:00,1,0,0.0
2026-07-01T04:24:30.938757+00:00,1,0,0.0
2026-06-17T02:42:26.977383+00:00,1,0,0.0
2026-06-02T02:38:22.638703+00:00,1,0,0.0
2026-07-19T03:25:43.038959+00:00,1,0,0.0
2026-04-30T01:57:53.280133+00:00,1,0,0.0
2026-04-27T07:59:43.788507+00:00,1,0,0.0
2026-05-03T01:52:55.617664+00:00,1,0,0.0
2026-06-24T04:06:01.589021+00:00,1,0,0.0
2026-05-07T01:56:12.410296+00:00,1,0,0.0
2026-06-15T02:44:18.364169+00:00,1,0,0.0
2026-05-09T01:56:01.834851+00:00,1,0,0.0
2026-06-20T02:15:34.037443+00:00,1,0,0.0
2026-06-10T02:16:29.87895+00:00,1,0,0.0
2026-05-06T01:52:04.22118+00:00,1,0,0.0
2026-07-04T03:42:38.855543+00:00,1,0,0.0
2026-05-19T02:13:55.401884+00:00,1,0,0.0
2026-04-26T06:31:11.022159+00:00,1,0,0.0
2026-07-28T02:56:50.291191+00:00,1,0,0.0
2026-04-22T03:26:28.797912+00:00,1,0,0.0
2026-06-28T04:21:34.464872+00:00,1,0,0.0
2026-05-20T02:11:39.13577+00:00,1,0,0.0
2026-05-09T01:57:16.515114+00:00,1,0,0.0
2026-07-03T03:48:56.917688+00:00,1,0,0.0
2026-05-06T01:51:57.481387+00:00,1,0,0.0
2026-04-24T06:32:45.498074+00:00,1,0,0.0
2026-06-06T02:06:33.963192+00:00,1,0,0.0
2026-05-23T02:01:18.921132+00:00,1,0,0.0
2026-05-23T02:04:16.563845+00:00,1,0,0.0
2026-08-05T02:57:37.015095+00:00,1,0,0.0
2026-07-13T03:32:44.826201+00:00,1,0,0.0
2026-05-11T02:04:39.465423+00:00,1,0,0.0
2026-05-24T02:10:32.845446+00:00,1,0,0.0
2026-04-25T06:06:25.049553+00:00,1,0,0.0
2026-06-01T02:41:41.498726+00:00,1,0,0.0
2026-05-23T02:02:38.220494+00:00,1,0,0.0
2026-06-01T02:40:49.25332+00:00,1,0,0.0
2026-07-27T03:39:58.558549+00:00,1,0,0.0
2026-04-25T06:07:56.18685+00:00,1,0,0.0
2026-07-02T04:03:43.526023+00:00,1,0,0.0
2026-07-10T03:52:31.48692+00:00,1,1,100.0
2026-07-04T03:41:12.463859+00:00,1,0,0.0
2026-05-28T02:03:14.869106+00:00,1,0,0.0
2026-06-22T02:43:29.057517+00:00,1,0,0.0
2026-06-13T02:14:50.264171+00:00,1,0,0.0
2026-08-15T01:36:26.738162+00:00,1,0,0.0
2026-06-27T03:58:36.750822+00:00,1,0,0.0
2026-05-28T02:01:59.735648+00:00,1,0,0.0
2026-06-08T02:38:13.17248+00:00,1,0,0.0
2026-06-27T04:00:07.728148+00:00,1,0,0.0
2026-06-02T02:38:09.680316+00:00,1,0,0.0
2026-06-22T03:27:53.025621+00:00,1,0,0.0
2026-06-04T02:40:19.578497+00:00,1,0,0.0
2026-06-14T02:38:05.296051+00:00,1,0,0.0
2026-05-14T02:12:17.040717+00:00,1,0,0.0
2026-04-29T01:59:29.207771+00:00,1,0,0.0
2026-05-02T01:48:49.937358+00:00,1,0,0.0
2026-06-22T02:45:21.000979+00:00,1,0,0.0
2026-05-04T01:54:29.226627+00:00,1,0,0.0
2026-05-13T02:06:25.13904+00:00,1,0,0.0
2026-08-14T02:25:46.046002+00:00,1,0,0.0
2026-08-10T02:11:26.540747+00:00,1,0,0.0
2026-08-08T01:59:28.131283+00:00,1,0,0.0
2026-04-22T06:24:28.521539+00:00,1,0,0.0
2026-07-05T04:01:17.550937+00:00,1,0,0.0
2026-07-16T03:14:51.762766+00:00,1,0,0.0
2026-04-30T01:59:05.504755+00:00,1,0,0.0
2026-06-01T02:41:12.421598+00:00,1,0,0.0
2026-05-08T02:02:55.106535+00:00,1,0,0.0
2026-04-28T07:59:54.197808+00:00,1,0,0.0
2026-08-06T03:12:55.595238+00:00,1,0,0.0
2026-05-10T01:55:34.239621+00:00,1,0,0.0
2026-06-25T04:05:39.660565+00:00,1,0,0.0
2026-05-11T02:06:46.080221+00:00,1,0,0.0
2026-08-07T02:54:20.211516+00:00,1,0,0.0
2026-05-21T02:11:44.162939+00:00,1,0,0.0
2026-07-06T04:06:21.232222+00:00,1,0,0.0
2026-04-23T06:29:08.546487+00:00,1,0,0.0
2026-05-10T01:56:35.814906+00:00,1,0,0.0
2026-06-27T03:59:31.26955+00:00,1,0,0.0
2026-05-11T02:07:06.68947+00:00,1,0,0.0
2026-06-07T02:34:47.179413+00:00,1,0,0.0
2026-07-12T03:30:19.035751+00:00,1,0,0.0
2026-08-12T02:26:08.679974+00:00,1,0,0.0
2026-05-21T02:13:26.841106+00:00,1,0,0.0
2026-05-29T02:06:55.261455+00:00,1,0,0.0
2026-06-29T04:27:56.919538+00:00,1,0,0.0
2026-04-23T06:29:15.13381+00:00,1,0,0.0
2026-08-05T02:56:28.401243+00:00,1,0,0.0
2026-07-14T02:55:12.096503+00:00,1,0,0.0
2026-05-28T02:03:37.898731+00:00,1,0,0.0
2026-07-20T03:40:34.471138+00:00,1,0,0.0
2026-06-10T02:17:37.629294+00:00,1,0,0.0
2026-05-13T02:06:54.658782+00:00,1,0,0.0
2026-05-05T01:54:03.244047+00:00,1,0,0.0
2026-07-27T03:39:34.802583+00:00,1,1,100.0
2026-07-04T03:41:40.692762+00:00,1,0,0.0
2026-05-28T02:01:36.435815+00:00,1,0,0.0
2026-06-13T02:15:17.636021+00:00,1,0,0.0
2026-04-24T06:31:44.916985+00:00,1,0,0.0
2026-04-27T08:01:52.114479+00:00,1,0,0.0
2026-05-03T01:53:21.289163+00:00,1,0,0.0
2026-04-28T08:00:15.596833+00:00,1,0,0.0
2026-07-26T03:32:09.170291+00:00,1,0,0.0
2026-06-23T04:03:01.025539+00:00,1,0,0.0
2026-06-18T02:38:35.447653+00:00,1,0,0.0
2026-05-08T02:04:42.007091+00:00,1,0,0.0
2026-05-05T01:53:12.626031+00:00,1,0,0.0
2026-05-20T02:12:11.347017+00:00,1,0,0.0
2026-05-03T01:52:46.448264+00:00,1,0,0.0
2026-05-21T02:10:54.677726+00:00,1,0,0.0
2026-06-22T02:43:42.973504+00:00,1,1,100.0
2026-08-13T02:25:15.370017+00:00,1,0,0.0
2026-06-24T04:05:30.125189+00:00,1,0,0.0
2026-05-13T02:06:18.610648+00:00,1,0,0.0
2026-05-02T01:50:05.004928+00:00,1,0,0.0
2026-06-18T02:39:29.331531+00:00,1,0,0.0
2026-07-09T03:52:12.610814+00:00,1,0,0.0
2026-07-07T03:56:47.514574+00:00,1,0,0.0
2026-05-13T02:06:51.280114+00:00,1,0,0.0
2026-04-27T08:01:16.262353+00:00,1,0,0.0
2026-07-22T03:19:43.244927+00:00,1,0,0.0
2026-05-23T02:02:24.829159+00:00,1,0,0.0
2026-05-02T01:48:46.72833+00:00,1,0,0.0
2026-05-24T02:10:36.018463+00:00,1,0,0.0
2026-06-14T02:38:39.957056+00:00,1,0,0.0
2026-04-26T06:29:57.032408+00:00,1,0,0.0
2026-05-25T02:29:05.536582+00:00,1,0,0.0
2026-04-22T06:26:46.521549+00:00,1,0,0.0
2026-05-30T02:04:01.018767+00:00,1,0,0.0
2026-05-16T02:00:02.166032+00:00,1,0,0.0
2026-06-01T02:39:54.733653+00:00,1,0,0.0
2026-06-02T02:38:16.209843+00:00,1,0,0.0
2026-06-27T04:00:14.362859+00:00,1,0,0.0
2026-05-14T02:11:40.901865+00:00,1,0,0.0
2026-04-28T07:59:17.844048+00:00,1,0,0.0
2026-08-06T03:12:39.048009+00:00,1,0,0.0
2026-07-11T03:18:06.286126+00:00,1,0,0.0
2026-06-03T02:47:21.370044+00:00,1,0,0.0
2026-07-27T03:40:24.701324+00:00,1,0,0.0
2026-04-26T06:29:47.835603+00:00,1,0,0.0
2026-08-05T02:56:15.999761+00:00,1,0,0.0
2026-05-21T02:11:55.624922+00:00,1,0,0.0
2026-05-18T02:14:08.162509+00:00,1,0,0.0
2026-05-07T01:57:28.761347+00:00,1,0,0.0
2026-05-23T02:02:12.319982+00:00,1,0,0.0
2026-05-30T02:02:32.848448+00:00,1,0,0.0
2026-05-10T01:54:59.854523+00:00,1,1,100.0
2026-07-30T02:48:39.786576+00:00,1,1,100.0
2026-04-29T02:01:36.709158+00:00,1,0,0.0
2026-06-18T02:38:23.919157+00:00,1,0,0.0
2026-07-26T03:32:43.640268+00:00,1,0,0.0
2026-04-24T06:31:48.055658+00:00,1,0,0.0
2026-07-27T03:40:32.598319+00:00,1,0,0.0
2026-08-02T03:29:31.477648+00:00,1,0,0.0
2026-05-26T02:09:53.528759+00:00,1,0,0.0
2026-06-01T02:40:59.639247+00:00,1,0,0.0
2026-04-22T03:26:55.31415+00:00,1,0,0.0
2026-05-14T02:10:29.612844+00:00,1,0,0.0
2026-08-12T02:26:04.9864+00:00,1,0,0.0
2026-06-03T02:46:34.051686+00:00,1,0,0.0
2026-04-22T03:26:12.611749+00:00,1,0,0.0
2026-08-18T01:35:47.20301+00:00,1,0,0.0
2026-05-03T01:51:48.897856+00:00,1,0,0.0
2026-06-14T02:37:49.380396+00:00,1,0,0.0
2026-06-22T02:45:24.50845+00:00,1,0,0.0
2026-04-26T06:32:31.240102+00:00,1,0,0.0
2026-05-25T02:29:35.162082+00:00,1,0,0.0
2026-06-24T04:06:49.586733+00:00,1,0,0.0
2026-05-20T02:11:46.016294+00:00,1,0,0.0
2026-05-29T02:08:30.026095+00:00,1,1,100.0
2026-04-25T06:06:40.936763+00:00,1,0,0.0
2026-08-09T02:07:00.672201+00:00,1,0,0.0
2026-05-07T01:56:45.7866+00:00,1,0,0.0
2026-07-01T04:23:58.784689+00:00,1,0,0.0
2026-07-16T03:15:01.478585+00:00,1,0,0.0
2026-06-03T02:46:06.932131+00:00,1,0,0.0
2026-06-10T02:17:06.237128+00:00,1,0,0.0
2026-07-26T03:32:49.723781+00:00,1,0,0.0
2026-07-20T03:41:07.444582+00:00,1,0,0.0
2026-06-05T02:16:02.540305+00:00,1,0,0.0
2026-07-23T03:25:04.563784+00:00,1,0,0.0
2026-06-30T04:08:02.108421+00:00,1,0,0.0
2026-04-28T07:58:12.52864+00:00,1,0,0.0
2026-06-02T02:37:37.126136+00:00,1,0,0.0
2026-05-11T02:05:12.372078+00:00,1,0,0.0
2026-05-21T02:11:09.067013+00:00,1,0,0.0
2026-05-01T01:59:56.387364+00:00,1,0,0.0
2026-07-09T03:51:35.876858+00:00,1,0,0.0
2026-08-12T02:26:31.187686+00:00,1,0,0.0
2026-06-22T03:22:41.344783+00:00,1,0,0.0
2026-07-06T04:06:40.58303+00:00,1,0,0.0
2026-05-19T02:13:17.691707+00:00,1,0,0.0
2026-07-22T03:20:02.544715+00:00,1,0,0.0
2026-04-28T07:58:39.957263+00:00,1,0,0.0
2026-07-09T03:50:36.206667+00:00,1,0,0.0
2026-07-16T03:14:07.302951+00:00,1,0,0.0
2026-07-14T02:54:34.066759+00:00,1,0,0.0
2026-06-24T04:05:58.109702+00:00,1,0,0.0
2026-04-25T06:09:47.105417+00:00,1,0,0.0
2026-06-25T04:06:28.538341+00:00,1,0,0.0
2026-07-03T03:49:44.701185+00:00,1,0,0.0
2026-08-05T02:55:30.236033+00:00,1,0,0.0
2026-07-06T04:05:47.745639+00:00,1,0,0.0
2026-07-29T03:15:36.861037+00:00,1,0,0.0
2026-07-21T03:20:49.877188+00:00,1,0,0.0
2026-05-30T02:02:29.626134+00:00,1,0,0.0
2026-07-15T02:53:41.932436+00:00,1,0,0.0
2026-05-09T01:56:56.811952+00:00,1,0,0.0
2026-07-22T03:18:48.084827+00:00,1,0,0.0
2026-07-27T03:39:48.487551+00:00,1,0,0.0
2026-05-28T02:02:58.584359+00:00,1,0,0.0
2026-06-20T02:15:24.21324+00:00,1,0,0.0
2026-07-03T03:50:22.654373+00:00,1,0,0.0
2026-04-27T08:00:21.78426+00:00,1,0,0.0
2026-06-10T02:16:32.967079+00:00,1,0,0.0
2026-08-16T01:43:22.92845+00:00,1,0,0.0
2026-08-01T03:29:48.544324+00:00,1,0,0.0
2026-05-07T01:58:03.305221+00:00,1,0,0.0
2026-06-30T04:08:47.671367+00:00,1,0,0.0
2026-04-25T06:07:43.360682+00:00,1,0,0.0
2026-05-11T02:05:21.708248+00:00,1,0,0.0
2026-05-19T02:14:40.238908+00:00,1,0,0.0
2026-05-30T02:03:57.959548+00:00,1,0,0.0
2026-05-03T01:51:57.830867+00:00,1,0,0.0
2026-06-16T02:45:28.287036+00:00,1,0,0.0
2026-07-10T03:52:25.39367+00:00,1,0,0.0
2026-08-05T02:56:34.798265+00:00,1,0,0.0
2026-05-29T02:07:46.43935+00:00,1,0,0.0
2026-04-24T06:31:07.419413+00:00,1,0,0.0
2026-06-01T02:38:59.628063+00:00,1,0,0.0
2026-08-09T02:06:28.676627+00:00,1,0,0.0
2026-07-26T03:32:12.716755+00:00,1,0,0.0
2026-05-29T02:06:41.830102+00:00,1,0,0.0
2026-05-28T02:03:56.938482+00:00,1,0,0.0
2026-05-11T02:05:36.484857+00:00,1,0,0.0
2026-06-10T02:14:54.998101+00:00,1,0,0.0
2026-06-10T02:17:09.516584+00:00,1,0,0.0
2026-05-28T02:01:10.836095+00:00,1,0,0.0
2026-05-23T02:01:05.64101+00:00,1,0,0.0
2026-07-19T03:26:35.485327+00:00,1,0,0.0
2026-06-29T04:29:06.30065+00:00,1,0,0.0
2026-04-25T06:09:02.691651+00:00,1,0,0.0
2026-06-23T04:04:05.679402+00:00,1,0,0.0
2026-05-29T02:08:23.331973+00:00,1,0,0.0
2026-04-28T07:58:31.103247+00:00,1,0,0.0
2026-06-10T02:16:06.740882+00:00,1,0,0.0
2026-07-04T03:40:35.098422+00:00,1,0,0.0
2026-06-20T02:15:17.48777+00:00,1,0,0.0
2026-07-16T03:15:10.372825+00:00,1,0,0.0
2026-07-09T03:50:16.918695+00:00,1,0,0.0
2026-06-28T04:23:16.325535+00:00,1,0,0.0
2026-05-09T01:55:48.369405+00:00,1,0,0.0
2026-06-06T02:08:01.211734+00:00,1,0,0.0
2026-06-07T02:34:57.452736+00:00,1,0,0.0
2026-04-22T03:23:28.766938+00:00,1,0,0.0
2026-05-25T02:29:46.16643+00:00,1,0,0.0
2026-05-03T01:53:12.042727+00:00,1,0,0.0
2026-05-08T02:05:09.373274+00:00,1,0,0.0
2026-07-04T03:40:41.438146+00:00,1,0,0.0
2026-06-27T04:00:03.892168+00:00,1,1,100.0
2026-04-25T06:09:27.656537+00:00,1,0,0.0
2026-08-07T02:55:52.211332+00:00,1,0,0.0
2026-05-25T02:30:20.205671+00:00,1,0,0.0
2026-05-28T02:01:29.503329+00:00,1,0,0.0
2026-08-13T02:29:45.321917+00:00,1,0,0.0
2026-05-27T02:16:55.333633+00:00,1,0,0.0
2026-06-22T03:26:58.365342+00:00,1,0,0.0
2026-07-04T03:40:24.540467+00:00,1,0,0.0
2026-05-11T02:05:40.316549+00:00,1,0,0.0
2026-04-22T06:24:58.119974+00:00,1,0,0.0
2026-04-24T06:32:58.625235+00:00,1,0,0.0
2026-05-06T01:53:00.207041+00:00,1,0,0.0
2026-05-27T02:16:25.666831+00:00,1,0,0.0
2026-07-05T04:00:47.154133+00:00,1,0,0.0
2026-05-07T01:56:28.887281+00:00,1,0,0.0
2026-08-07T02:54:07.529275+00:00,1,0,0.0
2026-06-07T02:35:38.727123+00:00,1,0,0.0
2026-05-08T02:01:52.092172+00:00,1,0,0.0
2026-06-07T02:33:40.522264+00:00,1,0,0.0
2026-05-29T02:08:17.074291+00:00,1,0,0.0
2026-07-28T02:56:04.081933+00:00,1,0,0.0
2026-07-20T03:39:36.540298+00:00,1,0,0.0
2026-06-22T03:22:44.547633+00:00,1,0,0.0
2026-06-28T04:21:37.297111+00:00,1,0,0.0
2026-08-05T02:57:47.027412+00:00,1,0,0.0
2026-07-22T03:19:19.121128+00:00,1,0,0.0
2026-05-11T02:06:32.531173+00:00,1,0,0.0
2026-07-06T04:05:34.386143+00:00,1,0,0.0
2026-07-09T03:51:01.996292+00:00,1,0,0.0
2026-08-12T02:25:48.00652+00:00,1,0,0.0
2026-08-08T01:59:47.324955+00:00,1,0,0.0
2026-08-02T03:30:44.073081+00:00,1,0,0.0
2026-05-04T01:53:30.426049+00:00,1,0,0.0
2026-06-10T02:17:03.460377+00:00,1,0,0.0
2026-07-21T03:20:32.338528+00:00,1,0,0.0
2026-06-18T02:38:43.746141+00:00,1,1,100.0
2026-05-08T02:04:01.63551+00:00,1,0,0.0
2026-07-02T04:02:56.210576+00:00,1,0,0.0
2026-07-11T03:18:18.547991+00:00,1,0,0.0
2026-04-23T06:28:58.737146+00:00,1,0,0.0
2026-04-22T06:26:13.019977+00:00,1,0,0.0
2026-05-14T02:09:01.576755+00:00,1,0,0.0
2026-04-27T07:57:33.565049+00:00,1,0,0.0
2026-04-22T06:23:48.647188+00:00,1,0,0.0
2026-05-26T02:09:43.197291+00:00,1,0,0.0
2026-05-15T02:07:44.038428+00:00,1,0,0.0
2026-08-14T02:23:38.441062+00:00,1,0,0.0
2026-08-18T01:35:23.009833+00:00,1,0,0.0
2026-08-07T02:58:23.353622+00:00,1,0,0.0
2026-06-12T02:33:58.915524+00:00,1,0,0.0
2026-07-20T03:41:48.25548+00:00,1,0,0.0
2026-05-22T02:15:15.795701+00:00,1,0,0.0
2026-07-12T03:29:59.860296+00:00,1,0,0.0
2026-07-05T03:59:53.438638+00:00,1,0,0.0
2026-07-03T03:50:06.421616+00:00,1,0,0.0
2026-05-04T01:52:22.061371+00:00,1,0,0.0
2026-06-21T02:42:04.212289+00:00,1,0,0.0
2026-07-10T03:51:41.727915+00:00,1,0,0.0
2026-08-05T02:56:50.755204+00:00,1,0,0.0
2026-05-22T02:14:23.156238+00:00,1,0,0.0
2026-06-28T04:22:53.436163+00:00,1,0,0.0
2026-07-10T03:51:38.64001+00:00,1,0,0.0
2026-04-22T06:27:47.546909+00:00,1,0,0.0
2026-05-09T01:57:29.00457+00:00,1,0,0.0
2026-05-20T02:12:08.072412+00:00,1,0,0.0
2026-06-11T02:38:32.694662+00:00,1,0,0.0
2026-04-30T01:57:34.087069+00:00,1,0,0.0
2026-06-24T04:05:23.727094+00:00,1,1,100.0
2026-05-28T02:03:24.571473+00:00,1,0,0.0
2026-08-11T02:05:58.239035+00:00,1,0,0.0
2026-04-25T06:08:39.330891+00:00,1,0,0.0
2026-06-19T02:55:21.307527+00:00,1,0,0.0
2026-04-24T06:30:33.895869+00:00,1,0,0.0
2026-05-24T02:09:22.901836+00:00,1,1,100.0
2026-07-18T02:54:47.227182+00:00,1,0,0.0
2026-05-08T02:04:04.937918+00:00,1,0,0.0
2026-08-09T02:07:10.343846+00:00,1,0,0.0
2026-04-25T06:08:02.472696+00:00,1,0,0.0
2026-07-01T04:23:55.484489+00:00,1,0,0.0
2026-08-13T02:28:55.237958+00:00,1,0,0.0
2026-08-13T02:25:36.545456+00:00,1,0,0.0
2026-07-16T03:14:14.07604+00:00,1,0,0.0
2026-05-27T02:17:22.643765+00:00,1,0,0.0
2026-05-15T02:07:15.349196+00:00,1,0,0.0
2026-05-09T01:57:00.325623+00:00,1,0,0.0
2026-06-22T03:26:25.039195+00:00,1,0,0.0
2026-06-25T04:06:10.336098+00:00,1,0,0.0
2026-05-30T02:03:32.486667+00:00,1,0,0.0
2026-07-30T02:47:36.868747+00:00,1,0,0.0
2026-05-30T02:02:02.40187+00:00,1,0,0.0
2026-04-22T06:27:29.331269+00:00,1,0,0.0
2026-07-31T03:30:33.489949+00:00,1,0,0.0
2026-06-30T04:08:44.601514+00:00,1,1,100.0
2026-06-12T02:34:33.882206+00:00,1,0,0.0
2026-06-08T02:39:28.008067+00:00,1,0,0.0
2026-04-25T06:09:21.665662+00:00,1,0,0.0
2026-06-12T02:34:30.691631+00:00,1,1,100.0
2026-07-03T03:50:25.961672+00:00,1,0,0.0
2026-04-28T07:59:08.779254+00:00,1,0,0.0
2026-08-07T02:57:02.429682+00:00,1,0,0.0
2026-04-22T06:24:08.803918+00:00,1,0,0.0
2026-06-27T03:58:43.491501+00:00,1,0,0.0
2026-06-15T02:44:34.186828+00:00,1,0,0.0
2026-05-25T02:29:02.418237+00:00,1,0,0.0
2026-05-20T02:11:54.541505+00:00,1,0,0.0
2026-08-16T01:42:26.433252+00:00,1,0,0.0
2026-07-22T03:18:54.172431+00:00,1,0,0.0
2026-05-15T02:07:21.760023+00:00,1,0,0.0
2026-07-18T02:55:04.791024+00:00,1,1,100.0
2026-04-26T06:31:41.374696+00:00,1,0,0.0
2026-04-26T06:33:27.811123+00:00,1,0,0.0
2026-06-14T02:38:52.869688+00:00,1,0,0.0
2026-06-17T02:42:18.221848+00:00,1,0,0.0
2026-04-26T06:30:38.690511+00:00,1,0,0.0
2026-05-24T02:10:18.380429+00:00,1,0,0.0
2026-04-29T01:59:51.825307+00:00,1,0,0.0
2026-06-01T02:40:23.961614+00:00,1,0,0.0
2026-07-03T03:49:38.76193+00:00,1,0,0.0
2026-06-22T03:23:30.905755+00:00,1,0,0.0
2026-06-11T02:39:07.154891+00:00,1,0,0.0
2026-06-11T02:37:53.895405+00:00,1,0,0.0
2026-07-25T03:17:38.418544+00:00,1,0,0.0
2026-06-07T02:35:51.95852+00:00,1,0,0.0
2026-05-21T02:11:40.837713+00:00,1,0,0.0
2026-06-17T02:40:58.140659+00:00,1,0,0.0
2026-05-20T02:12:01.133378+00:00,1,0,0.0
2026-08-16T01:43:48.488848+00:00,1,0,0.0
2026-05-07T01:56:25.563665+00:00,1,0,0.0
2026-06-07T02:34:43.948842+00:00,1,0,0.0
2026-04-26T06:30:13.326925+00:00,1,0,0.0
2026-07-11T03:19:07.795468+00:00,1,0,0.0
2026-05-26T02:09:17.069577+00:00,1,0,0.0
2026-05-12T02:01:29.693841+00:00,1,0,0.0
2026-06-20T02:15:30.870154+00:00,1,0,0.0
2026-05-04T01:53:33.741334+00:00,1,0,0.0
2026-07-11T03:17:51.448032+00:00,1,0,0.0
2026-07-20T03:41:34.938476+00:00,1,0,0.0
2026-06-19T02:55:11.504643+00:00,1,0,0.0
2026-05-17T02:01:29.909358+00:00,1,0,0.0
2026-05-12T02:02:16.461152+00:00,1,0,0.0
2026-06-06T02:07:09.833627+00:00,1,0,0.0
2026-06-01T02:40:20.187553+00:00,1,0,0.0
2026-04-26T06:29:50.778006+00:00,1,0,0.0
2026-04-26T06:32:19.185206+00:00,1,0,0.0
2026-04-23T06:31:45.719893+00:00,1,0,0.0
2026-04-22T03:26:48.866302+00:00,1,1,100.0
2026-08-07T02:59:09.743582+00:00,1,0,0.0
2026-07-03T03:49:56.276757+00:00,1,0,0.0
2026-05-12T02:02:28.544538+00:00,1,0,0.0
2026-05-08T02:04:12.259826+00:00,1,0,0.0
2026-04-29T02:00:26.894125+00:00,1,0,0.0
2026-05-23T02:02:18.434641+00:00,1,0,0.0
2026-06-01T02:41:44.748714+00:00,1,0,0.0
2026-05-14T02:11:51.166646+00:00,1,0,0.0
2026-04-28T08:00:29.575763+00:00,1,0,0.0
2026-06-05T02:15:02.243288+00:00,1,1,100.0
2026-06-01T02:39:26.470065+00:00,1,0,0.0
2026-04-26T06:31:44.37233+00:00,1,0,0.0
2026-05-02T01:50:15.532763+00:00,1,0,0.0
2026-06-30T04:07:59.035278+00:00,1,0,0.0
2026-07-29T03:15:07.53678+00:00,1,0,0.0
2026-05-13T02:08:13.150704+00:00,1,0,0.0
2026-06-08T02:39:08.83799+00:00,1,0,0.0
2026-08-05T02:55:43.045848+00:00,1,0,0.0
2026-08-02T03:29:44.4925+00:00,1,0,0.0
2026-06-06T02:06:30.791567+00:00,1,0,0.0
2026-05-13T02:06:37.555543+00:00,1,0,0.0
2026-04-24T06:32:11.749269+00:00,1,0,0.0
2026-04-22T06:27:33.913703+00:00,1,0,0.0
2026-06-28T04:21:24.753206+00:00,1,0,0.0
2026-06-18T02:39:42.880967+00:00,1,0,0.0
2026-06-12T02:32:41.819913+00:00,1,0,0.0
2026-07-03T03:48:40.608085+00:00,1,0,0.0
2026-05-24T02:09:41.570004+00:00,1,0,0.0
2026-04-22T03:27:24.347151+00:00,1,0,0.0
2026-05-13T02:06:44.862154+00:00,1,0,0.0
2026-07-17T03:17:14.891634+00:00,1,0,0.0
2026-06-08T02:39:06.082057+00:00,1,0,0.0
2026-08-05T02:55:35.84549+00:00,1,0,0.0
2026-05-28T02:01:13.870029+00:00,1,0,0.0
2026-05-01T02:00:10.214329+00:00,1,0,0.0
2026-05-11T02:06:10.058267+00:00,1,0,0.0
2026-08-12T02:29:25.75696+00:00,1,0,0.0
2026-06-22T03:26:47.724244+00:00,1,0,0.0
2026-05-03T01:52:28.364579+00:00,1,0,0.0
2026-05-03T01:52:06.48209+00:00,1,0,0.0
2026-08-17T01:40:01.671836+00:00,1,0,0.0
2026-08-02T03:30:47.550905+00:00,1,0,0.0
2026-08-01T03:29:45.480999+00:00,1,0,0.0
2026-08-15T01:36:33.170409+00:00,1,0,0.0
2026-06-10T02:16:00.705992+00:00,1,0,0.0
2026-08-10T02:11:51.084546+00:00,1,0,0.0
2026-05-08T02:05:12.702111+00:00,1,0,0.0
2026-05-12T02:01:05.910364+00:00,1,0,0.0
2026-04-27T07:58:50.428514+00:00,1,0,0.0
2026-07-27T03:39:55.15478+00:00,1,0,0.0
2026-05-08T02:02:58.596188+00:00,1,0,0.0
2026-06-22T03:23:01.235895+00:00,1,0,0.0
2026-04-23T06:31:18.852494+00:00,1,0,0.0
2026-04-22T06:25:50.312635+00:00,1,1,100.0
2026-08-12T02:25:52.259461+00:00,1,0,0.0
2026-05-13T02:08:23.186975+00:00,1,1,100.0
2026-07-02T04:03:08.450364+00:00,1,0,0.0
2026-05-13T02:07:34.98467+00:00,1,0,0.0
2026-05-02T01:50:18.674908+00:00,1,0,0.0
2026-07-20T03:41:04.164146+00:00,1,0,0.0
2026-06-18T02:38:31.765044+00:00,1,0,0.0
2026-05-02T01:49:27.02224+00:00,1,0,0.0
2026-06-01T02:41:25.412838+00:00,1,0,0.0
2026-06-03T02:47:11.601142+00:00,1,0,0.0
2026-05-20T02:12:46.875239+00:00,1,0,0.0
2026-05-14T02:09:34.128079+00:00,1,0,0.0
2026-06-21T02:42:13.685203+00:00,1,0,0.0
2026-07-22T03:18:44.859131+00:00,1,0,0.0
2026-06-29T04:29:18.8229+00:00,1,0,0.0
2026-06-08T02:37:09.82984+00:00,1,0,0.0
2026-06-12T02:33:46.404023+00:00,1,1,100.0
2026-06-11T02:38:13.816987+00:00,1,0,0.0
2026-05-16T01:59:14.232658+00:00,1,0,0.0
2026-05-19T02:13:37.84044+00:00,1,0,0.0
2026-04-29T02:00:13.93552+00:00,1,0,0.0
2026-06-22T02:43:35.218844+00:00,1,0,0.0
2026-07-17T03:17:00.623296+00:00,1,0,0.0
2026-04-24T06:30:49.0905+00:00,1,0,0.0
2026-06-04T02:40:51.144949+00:00,1,0,0.0
2026-05-05T01:55:10.659097+00:00,1,0,0.0
2026-04-23T06:31:08.078351+00:00,1,0,0.0
2026-04-22T03:27:14.473681+00:00,1,0,0.0
2026-07-22T03:18:12.277575+00:00,1,0,0.0
2026-08-12T02:29:32.185649+00:00,1,0,0.0
2026-07-24T03:21:02.128915+00:00,1,0,0.0
2026-06-12T02:33:01.572351+00:00,1,0,0.0
2026-06-13T02:14:04.810658+00:00,1,0,0.0
2026-05-01T02:00:13.453626+00:00,1,0,0.0
2026-05-29T02:07:01.425867+00:00,1,0,0.0
2026-04-22T06:24:54.722947+00:00,1,0,0.0
2026-06-07T02:34:34.623217+00:00,1,0,0.0
2026-07-07T03:57:29.958722+00:00,1,0,0.0
2026-06-15T02:42:10.259315+00:00,1,0,0.0
2026-06-19T02:55:14.718207+00:00,1,0,0.0
2026-07-15T02:53:35.495135+00:00,1,0,0.0
2026-06-10T02:15:12.255655+00:00,1,0,0.0
2026-06-30T04:07:52.612702+00:00,1,0,0.0
2026-06-10T02:16:19.631931+00:00,1,0,0.0
2026-05-22T02:14:55.762527+00:00,1,0,0.0
2026-05-26T02:08:35.471495+00:00,1,0,0.0
2026-04-22T03:26:15.69515+00:00,1,0,0.0
2026-06-12T02:33:07.594298+00:00,1,0,0.0
2026-04-22T03:23:31.854634+00:00,1,0,0.0
2026-05-15T02:07:18.29757+00:00,1,0,0.0
2026-05-28T02:00:50.663556+00:00,1,0,0.0
2026-06-28T04:22:59.533268+00:00,1,0,0.0
2026-04-28T07:57:28.15643+00:00,1,0,0.0
2026-07-14T02:55:51.838406+00:00,1,0,0.0
2026-06-15T02:43:05.981528+00:00,1,0,0.0
2026-06-24T04:06:45.171731+00:00,1,0,0.0
2026-04-27T07:59:26.865979+00:00,1,0,0.0
2026-06-13T02:14:40.373008+00:00,1,0,0.0
2026-07-20T03:40:37.821164+00:00,1,0,0.0
2026-07-01T04:24:13.592211+00:00,1,0,0.0
2026-07-14T02:54:59.869879+00:00,1,0,0.0
2026-05-09T01:55:57.960069+00:00,1,0,0.0
2026-08-07T02:56:14.009157+00:00,1,0,0.0
2026-07-18T02:54:33.357056+00:00,1,0,0.0
2026-08-07T02:55:40.119777+00:00,1,0,0.0
2026-05-30T02:02:57.83911+00:00,1,0,0.0
2026-04-24T06:32:42.099663+00:00,1,0,0.0
2026-04-22T03:27:31.322496+00:00,1,0,0.0
2026-08-12T02:24:29.614381+00:00,1,0,0.0
2026-05-11T02:05:46.583989+00:00,1,0,0.0
2026-05-28T02:01:39.589273+00:00,1,0,0.0
2026-06-10T02:17:12.537007+00:00,1,0,0.0
2026-06-07T02:33:46.729556+00:00,1,0,0.0
2026-05-04T01:53:49.066047+00:00,1,0,0.0
2026-05-15T02:06:53.316003+00:00,1,0,0.0
2026-06-12T02:34:42.912516+00:00,1,0,0.0
2026-08-04T03:15:05.74001+00:00,1,0,0.0
2026-06-26T04:12:39.332365+00:00,1,0,0.0
2026-07-24T03:20:59.02984+00:00,1,0,0.0
2026-04-25T06:06:44.077569+00:00,1,0,0.0
2026-06-15T02:43:28.400615+00:00,1,0,0.0
2026-06-25T04:06:25.225269+00:00,1,0,0.0
2026-07-09T03:50:52.111203+00:00,1,0,0.0
2026-06-04T02:41:21.280738+00:00,1,1,100.0
2026-06-07T02:35:19.569215+00:00,1,0,0.0
2026-05-24T02:10:01.174059+00:00,1,0,0.0
2026-08-13T02:28:43.236582+00:00,1,0,0.0
2026-07-08T03:23:34.011126+00:00,1,0,0.0
2026-05-12T02:01:46.301382+00:00,1,0,0.0
2026-07-04T03:42:11.507473+00:00,1,0,0.0
2026-07-03T03:49:41.6274+00:00,1,0,0.0
2026-06-03T02:46:20.361362+00:00,1,0,0.0
2026-04-22T06:26:40.161827+00:00,1,0,0.0
2026-04-24T06:32:51.683193+00:00,1,0,0.0
2026-05-08T02:03:55.32892+00:00,1,0,0.0
2026-07-26T03:32:03.064827+00:00,1,0,0.0
2026-06-07T02:33:49.956952+00:00,1,0,0.0
2026-05-05T01:52:47.173674+00:00,1,0,0.0
2026-04-23T06:30:44.781202+00:00,1,0,0.0
2026-05-21T02:12:08.80428+00:00,1,0,0.0
2026-07-28T02:56:11.42809+00:00,1,0,0.0
2026-06-23T04:04:46.662286+00:00,1,0,0.0
2026-06-05T02:15:35.984401+00:00,1,0,0.0
2026-05-05T01:53:25.379493+00:00,1,0,0.0
2026-05-11T02:06:25.991373+00:00,1,0,0.0
2026-06-23T04:04:08.994935+00:00,1,0,0.0
2026-08-12T02:26:41.29985+00:00,1,0,0.0
2026-07-21T03:20:39.953196+00:00,1,0,0.0
2026-07-10T03:52:06.299925+00:00,1,1,100.0
2026-05-06T01:53:23.062726+00:00,1,0,0.0
2026-07-02T04:04:11.250337+00:00,1,0,0.0
2026-05-17T02:02:09.341487+00:00,1,0,0.0
2026-05-30T02:02:51.712165+00:00,1,0,0.0
2026-07-07T03:56:44.420088+00:00,1,0,0.0
2026-08-16T01:43:01.367878+00:00,1,0,0.0
2026-07-09T03:52:05.710877+00:00,1,0,0.0
2026-07-05T03:59:20.514167+00:00,1,0,0.0
2026-06-18T02:39:01.193178+00:00,1,0,0.0
2026-06-22T02:43:32.100659+00:00,1,1,100.0
2026-06-01T02:38:56.28267+00:00,1,0,0.0
2026-04-24T06:32:08.273847+00:00,1,0,0.0
2026-05-11T02:06:03.531659+00:00,1,0,0.0
2026-07-30T02:48:55.567495+00:00,1,0,0.0
2026-05-23T02:03:24.430741+00:00,1,0,0.0
2026-06-06T02:07:48.230754+00:00,1,0,0.0
2026-07-23T03:25:07.497947+00:00,1,0,0.0
2026-08-06T03:14:01.277967+00:00,1,0,0.0
2026-05-28T02:01:43.335837+00:00,1,0,0.0
2026-05-28T02:02:14.211421+00:00,1,0,0.0
2026-08-17T01:41:14.468109+00:00,1,0,0.0
2026-08-02T03:29:24.629715+00:00,1,0,0.0
2026-06-23T04:04:43.319932+00:00,1,0,0.0
2026-07-04T03:41:54.068679+00:00,1,0,0.0
2026-06-21T02:40:42.467647+00:00,1,0,0.0
2026-04-25T06:08:36.05677+00:00,1,0,0.0
2026-08-08T01:59:13.745535+00:00,1,0,0.0
2026-07-09T03:52:20.313683+00:00,1,0,0.0
2026-06-23T04:04:25.133724+00:00,1,0,0.0
2026-08-02T03:29:57.167043+00:00,1,0,0.0
2026-04-29T02:01:23.446646+00:00,1,0,0.0
2026-05-08T02:04:22.222095+00:00,1,1,100.0
2026-06-24T04:05:40.186784+00:00,1,0,0.0
2026-08-15T01:36:05.031027+00:00,1,0,0.0
2026-08-06T03:13:20.833571+00:00,1,0,0.0
2026-06-01T02:40:13.308026+00:00,1,0,0.0
2026-06-30T04:08:05.256833+00:00,1,0,0.0
2026-06-07T02:34:54.165494+00:00,1,0,0.0
2026-05-09T01:56:28.588025+00:00,1,0,0.0
2026-04-23T06:29:38.797043+00:00,1,0,0.0
2026-06-15T02:44:40.540815+00:00,1,0,0.0
2026-05-25T02:31:05.99129+00:00,1,0,0.0
2026-04-23T06:28:52.591176+00:00,1,0,0.0
2026-08-13T02:30:15.798995+00:00,1,0,0.0
2026-04-24T06:32:29.233562+00:00,1,0,0.0
2026-05-29T02:06:45.180811+00:00,1,0,0.0
2026-05-27T02:16:58.477775+00:00,1,0,0.0
2026-06-23T04:03:36.586422+00:00,1,0,0.0
2026-07-07T03:57:17.185205+00:00,1,0,0.0
2026-05-06T01:53:03.555682+00:00,1,0,0.0
2026-04-22T06:26:49.558243+00:00,1,0,0.0
2026-04-26T06:29:35.114843+00:00,1,0,0.0
2026-06-13T02:15:41.779568+00:00,1,0,0.0
2026-05-13T02:07:50.877108+00:00,1,0,0.0
2026-08-11T02:06:56.82269+00:00,1,0,0.0
2026-05-14T02:10:26.096846+00:00,1,0,0.0
2026-08-14T02:24:03.113914+00:00,1,0,0.0
2026-06-23T04:03:59.771155+00:00,1,0,0.0
2026-07-07T03:58:10.764546+00:00,1,0,0.0
2026-05-19T02:12:29.017506+00:00,1,0,0.0
2026-04-26T06:30:22.876015+00:00,1,0,0.0
2026-05-10T01:56:32.65142+00:00,1,0,0.0
2026-04-22T06:23:40.571316+00:00,1,0,0.0
2026-07-21T03:20:56.4144+00:00,1,0,0.0
2026-07-12T03:29:21.004911+00:00,1,0,0.0
2026-04-29T02:00:42.506228+00:00,1,0,0.0
2026-06-16T02:45:24.886369+00:00,1,0,0.0
2026-05-24T02:11:15.417166+00:00,1,0,0.0
2026-07-20T03:41:00.555425+00:00,1,0,0.0
2026-05-05T01:54:22.466076+00:00,1,0,0.0
2026-05-22T02:14:16.475826+00:00,1,0,0.0
2026-08-07T02:57:38.726222+00:00,1,1,100.0
2026-06-22T02:43:52.463886+00:00,1,0,0.0
2026-07-17T03:17:28.623461+00:00,1,0,0.0
2026-05-21T02:13:29.732824+00:00,1,1,100.0
2026-07-08T03:23:30.90961+00:00,1,0,0.0
2026-05-18T02:13:04.872876+00:00,1,1,100.0
2026-07-10T03:52:47.379115+00:00,1,0,0.0
2026-06-07T02:34:26.804854+00:00,1,0,0.0
2026-05-17T02:02:18.746676+00:00,1,0,0.0
2026-06-29T04:28:56.358297+00:00,1,1,100.0
2026-06-26T04:12:42.817647+00:00,1,0,0.0
2026-04-25T06:08:09.300084+00:00,1,0,0.0
2026-05-11T02:05:15.338555+00:00,1,0,0.0
2026-06-07T02:33:59.766516+00:00,1,0,0.0
2026-05-07T01:57:32.780213+00:00,1,0,0.0
2026-08-14T02:23:42.186084+00:00,1,0,0.0
2026-05-16T02:00:33.347156+00:00,1,0,0.0
2026-04-29T01:58:41.97423+00:00,1,0,0.0
2026-05-28T02:03:01.714784+00:00,1,0,0.0
2026-06-25T04:06:48.189699+00:00,1,0,0.0
2026-05-23T02:02:44.78089+00:00,1,0,0.0
2026-07-27T03:40:05.686314+00:00,1,0,0.0
2026-07-05T03:59:23.974223+00:00,1,0,0.0
2026-06-27T04:00:17.77103+00:00,1,0,0.0
2026-05-18T02:14:33.257731+00:00,1,0,0.0
2026-05-31T02:29:15.35849+00:00,1,0,0.0
2026-06-05T02:15:53.003408+00:00,1,0,0.0
2026-04-27T07:58:11.850709+00:00,1,0,0.0
2026-04-22T03:25:49.165417+00:00,1,0,0.0
2026-07-18T02:54:14.390597+00:00,1,0,0.0
2026-05-22T02:13:40.556262+00:00,1,0,0.0
2026-06-01T02:41:05.76196+00:00,1,0,0.0
2026-07-05T04:00:22.691984+00:00,1,0,0.0
2026-06-16T02:47:23.524303+00:00,1,0,0.0
2026-06-05T02:16:12.077029+00:00,1,0,0.0
2026-07-01T04:24:27.38213+00:00,1,0,0.0
2026-06-22T03:23:21.044062+00:00,1,0,0.0
2026-07-12T03:30:06.049847+00:00,1,0,0.0
2026-04-23T06:31:15.707222+00:00,1,0,0.0
2026-06-04T02:40:08.762543+00:00,1,0,0.0
2026-05-30T02:03:09.872548+00:00,1,0,0.0
2026-08-13T02:26:01.744492+00:00,1,0,0.0
2026-07-26T03:31:31.691636+00:00,1,0,0.0
2026-05-03T01:51:27.410321+00:00,1,0,0.0
2026-04-28T07:57:18.748679+00:00,1,0,0.0
2026-06-22T03:22:25.305634+00:00,1,0,0.0
2026-07-20T03:40:52.22505+00:00,1,0,0.0
2026-04-29T02:01:39.825421+00:00,1,0,0.0
2026-04-25T06:07:39.299077+00:00,1,0,0.0
2026-06-17T02:42:40.510401+00:00,1,0,0.0
2026-04-28T07:59:05.482129+00:00,1,0,0.0
2026-07-26T03:31:24.598139+00:00,1,0,0.0
2026-06-02T02:37:18.44036+00:00,1,0,0.0
2026-05-23T02:00:41.308544+00:00,1,0,0.0
2026-04-27T07:57:30.413052+00:00,1,0,0.0
2026-06-22T03:28:03.230604+00:00,1,0,0.0
2026-06-04T02:41:03.906449+00:00,1,0,0.0
2026-05-17T02:00:47.000207+00:00,1,0,0.0
2026-04-24T06:31:00.478174+00:00,1,1,100.0
2026-05-29T02:08:54.786742+00:00,1,0,0.0
2026-08-12T02:28:44.789118+00:00,1,0,0.0
2026-05-21T02:11:01.482496+00:00,1,0,0.0
2026-06-28T04:21:11.08971+00:00,1,0,0.0
2026-04-30T01:59:15.249191+00:00,1,0,0.0
2026-07-20T03:41:28.442369+00:00,1,0,0.0
2026-08-13T02:26:29.129628+00:00,1,0,0.0
2026-05-24T02:09:54.856261+00:00,1,0,0.0
2026-04-25T06:09:34.182497+00:00,1,0,0.0
2026-08-08T01:59:25.210396+00:00,1,0,0.0
2026-06-08T02:38:45.278093+00:00,1,1,100.0
2026-05-12T02:02:00.021121+00:00,1,0,0.0
2026-06-05T02:14:52.139765+00:00,1,0,0.0
2026-05-01T02:01:54.755643+00:00,1,0,0.0
2026-04-23T06:30:21.656519+00:00,1,0,0.0
2026-07-02T04:03:37.100113+00:00,1,0,0.0
2026-06-22T03:22:37.946053+00:00,1,0,0.0
2026-06-26T04:12:58.574707+00:00,1,0,0.0
2026-05-28T02:02:49.673055+00:00,1,0,0.0
2026-06-27T03:59:34.36371+00:00,1,0,0.0
2026-07-23T03:24:43.065374+00:00,1,0,0.0
2026-06-10T02:16:22.546915+00:00,1,0,0.0
2026-06-04T02:41:33.807176+00:00,1,0,0.0
2026-07-29T03:15:49.566276+00:00,1,0,0.0
2026-08-07T02:56:26.944931+00:00,1,1,100.0
2026-06-15T02:43:45.340555+00:00,1,0,0.0
2026-05-13T02:08:06.917603+00:00,1,0,0.0
2026-05-15T02:06:42.883093+00:00,1,0,0.0
2026-07-30T02:48:06.12069+00:00,1,0,0.0
2026-05-02T01:49:11.93631+00:00,1,0,0.0
2026-06-03T02:46:58.755851+00:00,1,0,0.0
2026-05-23T02:02:02.678154+00:00,1,0,0.0
2026-05-05T01:54:15.520143+00:00,1,0,0.0
2026-07-10T03:52:35.058667+00:00,1,1,100.0
2026-06-04T02:41:27.623377+00:00,1,0,0.0
2026-06-16T02:46:04.270123+00:00,1,0,0.0
2026-05-17T02:01:24.105643+00:00,1,0,0.0
2026-07-21T03:20:53.108656+00:00,1,0,0.0
2026-06-22T02:44:01.66063+00:00,1,0,0.0
2026-05-10T01:56:14.323143+00:00,1,0,0.0
2026-07-21T03:21:02.530402+00:00,1,0,0.0
2026-06-14T02:38:11.540708+00:00,1,0,0.0
2026-07-08T03:24:20.222298+00:00,1,0,0.0
2026-08-06T03:12:42.201631+00:00,1,0,0.0
2026-06-18T02:38:16.117148+00:00,1,0,0.0
2026-05-05T01:54:18.903436+00:00,1,0,0.0
2026-05-09T01:57:13.350118+00:00,1,0,0.0
2026-06-08T02:39:24.860959+00:00,1,0,0.0
2026-06-11T02:39:13.522929+00:00,1,1,100.0
2026-04-22T06:27:04.346271+00:00,1,0,0.0
2026-07-07T03:57:55.325704+00:00,1,0,0.0
2026-06-06T02:06:47.072702+00:00,1,0,0.0
2026-07-28T02:57:15.376182+00:00,1,0,0.0
2026-06-05T02:15:08.812303+00:00,1,1,100.0
2026-04-24T06:31:41.903432+00:00,1,0,0.0
2026-06-13T02:14:37.381641+00:00,1,0,0.0
2026-06-27T03:59:28.056935+00:00,1,0,0.0
2026-04-22T06:26:33.451024+00:00,1,0,0.0
2026-05-17T02:01:00.149051+00:00,1,0,0.0
2026-05-11T02:07:03.158337+00:00,1,0,0.0
2026-07-02T04:03:23.734592+00:00,1,0,0.0
2026-07-28T02:56:56.569858+00:00,1,0,0.0
2026-04-25T06:08:42.419035+00:00,1,0,0.0
2026-06-23T04:02:57.693243+00:00,1,0,0.0
2026-06-13T02:15:03.729229+00:00,1,0,0.0
2026-07-03T03:49:03.582741+00:00,1,0,0.0
2026-08-13T02:30:28.500946+00:00,1,1,100.0
2026-05-23T02:02:09.027639+00:00,1,0,0.0
2026-08-13T02:31:01.635613+00:00,1,0,0.0
2026-05-05T01:55:01.172846+00:00,1,0,0.0
2026-07-12T03:29:47.500897+00:00,1,0,0.0
2026-05-31T02:29:50.675833+00:00,1,0,0.0
2026-05-02T01:49:30.129924+00:00,1,0,0.0
2026-08-16T01:42:19.453261+00:00,1,0,0.0
2026-05-11T02:05:24.730235+00:00,1,0,0.0
2026-07-01T04:24:20.697125+00:00,1,1,100.0
2026-04-30T01:59:18.526679+00:00,1,1,100.0
2026-04-22T03:23:51.92194+00:00,1,0,0.0
2026-06-24T04:06:20.380225+00:00,1,0,0.0
2026-05-19T02:12:22.596729+00:00,1,0,0.0
2026-06-18T02:38:46.888669+00:00,1,0,0.0
2026-07-09T03:52:15.47185+00:00,1,0,0.0
2026-04-22T03:23:35.120578+00:00,1,0,0.0
2026-06-08T02:38:58.513344+00:00,1,0,0.0
2026-07-07T03:57:45.326341+00:00,1,0,0.0
2026-08-12T02:26:12.558656+00:00,1,0,0.0
2026-05-14T02:10:36.028133+00:00,1,0,0.0
2026-05-21T02:11:47.353239+00:00,1,0,0.0
2026-04-26T06:30:03.504559+00:00,1,0,0.0
2026-07-05T03:59:59.65416+00:00,1,0,0.0
2026-07-24T03:19:29.28006+00:00,1,0,0.0
2026-06-16T02:45:35.968024+00:00,1,0,0.0
2026-04-27T08:01:19.51309+00:00,1,0,0.0
2026-05-28T02:02:11.028193+00:00,1,0,0.0
2026-07-08T03:23:37.44793+00:00,1,0,0.0
2026-04-24T06:29:58.50103+00:00,1,0,0.0
2026-06-06T02:08:11.107483+00:00,1,0,0.0
2026-08-09T02:07:03.998023+00:00,1,0,0.0
2026-08-06T03:13:40.903516+00:00,1,0,0.0
2026-05-26T02:10:06.82815+00:00,1,0,0.0
2026-05-05T01:55:17.519554+00:00,1,0,0.0
2026-08-04T03:14:56.39582+00:00,1,0,0.0
2026-05-08T02:02:09.163095+00:00,1,0,0.0
2026-07-12T03:29:31.715982+00:00,1,0,0.0
2026-04-26T06:31:07.981388+00:00,1,0,0.0
2026-05-14T02:11:34.620084+00:00,1,0,0.0
2026-04-24T06:33:01.667645+00:00,1,0,0.0
2026-06-22T02:43:45.86184+00:00,1,0,0.0
2026-05-19T02:13:58.885449+00:00,1,0,0.0
2026-05-16T01:59:52.003341+00:00,1,0,0.0
2026-06-04T02:41:10.606118+00:00,1,0,0.0
2026-07-24T03:20:49.418617+00:00,1,0,0.0
2026-04-25T06:08:26.536824+00:00,1,0,0.0
2026-07-11T03:18:24.900632+00:00,1,0,0.0
2026-07-21T03:20:36.145956+00:00,1,0,0.0
2026-04-25T06:09:30.655504+00:00,1,0,0.0
2026-08-13T02:24:49.802052+00:00,1,0,0.0
2026-05-28T02:03:34.719718+00:00,1,0,0.0
2026-05-02T01:49:39.512113+00:00,1,0,0.0
2026-05-02T01:48:59.597163+00:00,1,0,0.0
2026-04-25T06:07:49.730154+00:00,1,0,0.0
2026-04-22T03:24:11.67693+00:00,1,0,0.0
2026-06-05T02:16:25.075772+00:00,1,0,0.0
2026-06-14T02:38:43.873563+00:00,1,0,0.0
2026-06-24T04:06:41.994829+00:00,1,0,0.0
2026-06-19T02:55:17.941975+00:00,1,0,0.0
2026-05-14T02:10:39.234003+00:00,1,0,0.0
2026-06-25T04:06:04.40915+00:00,1,0,0.0
2026-04-26T06:30:55.547587+00:00,1,0,0.0
2026-07-03T03:49:26.427643+00:00,1,0,0.0
2026-08-07T02:54:23.70204+00:00,1,0,0.0
2026-05-21T02:11:50.386315+00:00,1,0,0.0
2026-05-17T02:02:22.074322+00:00,1,0,0.0
2026-05-15T02:07:25.56755+00:00,1,0,0.0
2026-07-16T03:15:29.55778+00:00,1,0,0.0
2026-06-22T03:23:27.64376+00:00,1,0,0.0
2026-04-28T07:58:59.621413+00:00,1,0,0.0
2026-06-15T02:44:43.707753+00:00,1,0,0.0
2026-08-18T01:36:17.907206+00:00,1,0,0.0
2026-06-13T02:15:38.463004+00:00,1,0,0.0
2026-06-03T02:47:08.59804+00:00,1,0,0.0
2026-05-14T02:11:21.693012+00:00,1,0,0.0
2026-06-08T02:37:50.252476+00:00,1,0,0.0
2026-06-22T03:26:08.086782+00:00,1,0,0.0
2026-06-16T02:46:23.455092+00:00,1,0,0.0
2026-06-05T02:14:33.666433+00:00,1,0,0.0
2026-07-03T03:49:00.231773+00:00,1,0,0.0
2026-07-14T02:54:42.348307+00:00,1,0,0.0
2026-06-10T02:15:15.111986+00:00,1,0,0.0
2026-05-28T02:00:47.592171+00:00,1,0,0.0
2026-05-04T01:53:10.835046+00:00,1,0,0.0
2026-05-12T02:02:03.157783+00:00,1,0,0.0
2026-04-25T06:08:52.443321+00:00,1,0,0.0
2026-04-22T03:24:14.62853+00:00,1,0,0.0
2026-06-13T02:14:07.818137+00:00,1,0,0.0
2026-05-18T02:12:41.473823+00:00,1,0,0.0
2026-07-16T03:14:27.167654+00:00,1,0,0.0
2026-08-12T02:25:18.854673+00:00,1,0,0.0
2026-05-18T02:13:38.632579+00:00,1,0,0.0
2026-08-14T02:25:42.564592+00:00,1,0,0.0
2026-05-07T01:57:59.924819+00:00,1,0,0.0
2026-05-28T02:03:21.476106+00:00,1,0,0.0
2026-06-21T02:41:33.308199+00:00,1,0,0.0
2026-06-13T02:14:57.39375+00:00,1,0,0.0
2026-08-04T03:15:57.053482+00:00,1,0,0.0
2026-04-24T06:30:08.258311+00:00,1,0,0.0
2026-05-13T02:08:29.268099+00:00,1,0,0.0
2026-08-13T02:30:03.415176+00:00,1,0,0.0
2026-05-07T01:56:09.158354+00:00,1,0,0.0
2026-08-01T03:29:36.349671+00:00,1,0,0.0
2026-07-16T03:15:07.291894+00:00,1,0,0.0
2026-05-08T02:04:32.281677+00:00,1,0,0.0
2026-04-22T03:25:11.452953+00:00,1,0,0.0
2026-06-16T02:46:01.215197+00:00,1,0,0.0
2026-06-04T02:39:27.37676+00:00,1,0,0.0
2026-07-17T03:17:21.205347+00:00,1,0,0.0
2026-06-26T04:13:38.114542+00:00,1,0,0.0
2026-07-09T03:50:23.37426+00:00,1,0,0.0
2026-08-05T02:56:12.821494+00:00,1,1,100.0
2026-07-30T02:47:59.051842+00:00,1,0,0.0
2026-06-04T02:39:24.064771+00:00,1,0,0.0
2026-04-28T07:58:37.078324+00:00,1,0,0.0
2026-07-23T03:25:17.094478+00:00,1,0,0.0
2026-05-03T01:51:33.694174+00:00,1,0,0.0
2026-08-07T02:57:55.592071+00:00,1,0,0.0
2026-07-21T03:20:03.731259+00:00,1,0,0.0
2026-06-16T02:45:44.609554+00:00,1,0,0.0
2026-06-29T04:29:02.991476+00:00,1,0,0.0
2026-05-28T02:01:50.370744+00:00,1,0,0.0
2026-06-07T02:34:06.572365+00:00,1,0,0.0
2026-06-16T02:46:17.154517+00:00,1,0,0.0
2026-06-28T04:22:18.268218+00:00,1,1,100.0
2026-05-29T02:08:10.631064+00:00,1,1,100.0
2026-05-12T02:00:49.38519+00:00,1,0,0.0
2026-04-28T07:57:09.613566+00:00,1,0,0.0
2026-07-05T04:00:16.056379+00:00,1,0,0.0
2026-08-11T02:06:04.801759+00:00,1,0,0.0
2026-06-05T02:14:36.782981+00:00,1,1,100.0
2026-06-05T02:15:42.655947+00:00,1,0,0.0
2026-04-22T06:23:55.040429+00:00,1,0,0.0
2026-07-24T03:20:08.79125+00:00,1,0,0.0
2026-07-08T03:23:11.949224+00:00,1,0,0.0
2026-04-29T01:58:45.038091+00:00,1,0,0.0
2026-08-15T01:36:23.06455+00:00,1,0,0.0
2026-04-22T03:23:25.808653+00:00,1,0,0.0
2026-05-23T02:03:53.635639+00:00,1,0,0.0
2026-06-23T04:04:51.685957+00:00,1,0,0.0
2026-04-22T03:26:25.831992+00:00,1,0,0.0
2026-06-10T02:16:13.622976+00:00,1,0,0.0
2026-07-04T03:41:25.797767+00:00,1,0,0.0
2026-04-30T01:58:39.819643+00:00,1,0,0.0
2026-04-26T06:31:17.806973+00:00,1,0,0.0
2026-06-26T04:13:50.297852+00:00,1,0,0.0
2026-05-28T02:02:17.297767+00:00,1,0,0.0
2026-07-10T03:52:28.406507+00:00,1,0,0.0
2026-07-07T03:58:16.972695+00:00,1,0,0.0
2026-05-21T02:11:31.559495+00:00,1,0,0.0
2026-05-08T02:02:28.119407+00:00,1,0,0.0
2026-05-12T02:01:02.661264+00:00,1,0,0.0
2026-06-28T04:22:02.613236+00:00,1,0,0.0
2026-05-25T02:30:36.061977+00:00,1,0,0.0
2026-06-22T03:26:35.02257+00:00,1,0,0.0
2026-05-03T01:53:24.572435+00:00,1,0,0.0
2026-05-12T02:02:13.331508+00:00,1,0,0.0
2026-05-14T02:10:00.195732+00:00,1,0,0.0
2026-08-12T02:28:57.294365+00:00,1,0,0.0
2026-04-26T06:33:05.53748+00:00,1,0,0.0
2026-05-28T02:03:18.108636+00:00,1,0,0.0
2026-06-15T02:42:34.365035+00:00,1,0,0.0
2026-04-29T01:58:54.827499+00:00,1,1,100.0
2026-04-30T01:57:37.011137+00:00,1,0,0.0
2026-05-08T02:03:49.076852+00:00,1,0,0.0
2026-05-10T01:56:03.285725+00:00,1,0,0.0
2026-05-27T02:16:15.71748+00:00,1,0,0.0
2026-04-27T08:01:01.344522+00:00,1,0,0.0
2026-07-14T02:54:20.001714+00:00,1,0,0.0
2026-06-05T02:16:05.705702+00:00,1,0,0.0
2026-05-19T02:13:48.012681+00:00,1,0,0.0
2026-07-21T03:20:22.949177+00:00,1,0,0.0
2026-05-11T02:06:52.951569+00:00,1,0,0.0
2026-06-03T02:46:30.890564+00:00,1,0,0.0
2026-07-13T03:33:08.072853+00:00,1,0,0.0
2026-05-17T02:01:08.327014+00:00,1,0,0.0
2026-05-17T02:01:18.173284+00:00,1,0,0.0
2026-04-23T06:30:01.755976+00:00,1,0,0.0
2026-05-08T02:04:55.882399+00:00,1,0,0.0
2026-08-16T01:43:28.832634+00:00,1,0,0.0
2026-06-02T02:38:29.336468+00:00,1,0,0.0
2026-07-17T03:17:11.496832+00:00,1,0,0.0
2026-04-24T06:32:04.972972+00:00,1,0,0.0
2026-05-14T02:10:19.456471+00:00,1,0,0.0
2026-08-12T02:26:18.548464+00:00,1,0,0.0
2026-08-07T02:56:29.975925+00:00,1,0,0.0
2026-06-02T02:37:55.511538+00:00,1,0,0.0
2026-06-10T02:16:36.456411+00:00,1,0,0.0
2026-08-17T01:39:36.895724+00:00,1,0,0.0
2026-04-30T02:00:02.541706+00:00,1,0,0.0
2026-05-23T02:02:21.640272+00:00,1,0,0.0
2026-06-01T02:40:30.189906+00:00,1,0,0.0
2026-08-05T02:56:44.515394+00:00,1,0,0.0
2026-04-25T06:08:12.462627+00:00,1,0,0.0
2026-06-30T04:08:50.717231+00:00,1,0,0.0
2026-05-26T02:09:50.032959+00:00,1,0,0.0
2026-06-17T02:41:57.672108+00:00,1,0,0.0
2026-05-28T02:04:00.095974+00:00,1,0,0.0
2026-05-11T02:07:09.537029+00:00,1,0,0.0
2026-04-25T06:09:15.711937+00:00,1,0,0.0
2026-06-20T02:15:37.993369+00:00,1,0,0.0
2026-07-24T03:20:18.505918+00:00,1,0,0.0
2026-07-10T03:52:21.934277+00:00,1,0,0.0
2026-04-27T07:57:54.815873+00:00,1,0,0.0
2026-05-02T01:49:45.860159+00:00,1,0,0.0
2026-08-12T02:28:03.494339+00:00,1,1,100.0
2026-05-17T02:02:38.280495+00:00,1,0,0.0
2026-05-22T02:14:39.393217+00:00,1,0,0.0
2026-05-31T02:29:47.72454+00:00,1,0,0.0
2026-06-28T04:21:46.661354+00:00,1,0,0.0
2026-05-05T01:54:31.868164+00:00,1,0,0.0
2026-04-27T07:59:51.230846+00:00,1,0,0.0
2026-08-12T02:29:17.768547+00:00,1,0,0.0
2026-08-15T01:35:37.56269+00:00,1,0,0.0
2026-05-24T02:09:29.504413+00:00,1,0,0.0
2026-06-27T03:58:39.98683+00:00,1,1,100.0
2026-07-05T04:01:04.582172+00:00,1,0,0.0
2026-04-22T06:23:51.761774+00:00,1,0,0.0
2026-07-17T03:17:35.27594+00:00,1,0,0.0
2026-06-16T02:46:45.387352+00:00,1,0,0.0
2026-07-22T03:18:25.358846+00:00,1,0,0.0
2026-04-23T06:30:14.332683+00:00,1,0,0.0
2026-06-20T02:15:54.56969+00:00,1,0,0.0
2026-07-05T04:00:25.527162+00:00,1,1,100.0
2026-05-18T02:14:37.040907+00:00,1,0,0.0
2026-06-28T04:22:08.702928+00:00,1,0,0.0
2026-05-29T02:08:58.201053+00:00,1,0,0.0
2026-05-21T02:13:50.290537+00:00,1,0,0.0
2026-08-06T03:12:58.628884+00:00,1,0,0.0
2026-05-26T02:11:10.035528+00:00,1,0,0.0
2026-05-29T02:08:33.199594+00:00,1,0,0.0
2026-04-27T07:58:18.113571+00:00,1,0,0.0
2026-08-07T02:56:32.781962+00:00,1,0,0.0
2026-07-28T02:56:52.927532+00:00,1,0,0.0
2026-05-18T02:14:43.820012+00:00,1,0,0.0
2026-04-28T08:00:12.781721+00:00,1,0,0.0
2026-04-22T06:26:26.610541+00:00,1,0,0.0
2026-07-09T03:51:25.992926+00:00,1,0,0.0
2026-07-27T03:40:14.702474+00:00,1,0,0.0
2026-05-22T02:14:26.60717+00:00,1,0,0.0
2026-08-11T02:05:50.714525+00:00,1,0,0.0
2026-08-09T02:07:20.166532+00:00,1,0,0.0
2026-06-24T04:06:08.406829+00:00,1,0,0.0
2026-06-02T02:38:06.170854+00:00,1,0,0.0
2026-05-27T02:17:08.246913+00:00,1,0,0.0
2026-04-30T01:57:31.098361+00:00,1,0,0.0
2026-07-22T03:18:22.074381+00:00,1,0,0.0
2026-08-10T02:11:54.210732+00:00,1,0,0.0
2026-04-22T03:27:41.085139+00:00,1,1,100.0
2026-08-13T02:28:13.477441+00:00,1,0,0.0
2026-07-01T04:24:47.117203+00:00,1,0,0.0
2026-05-24T02:09:16.030929+00:00,1,0,0.0
2026-08-17T01:40:59.886755+00:00,1,0,0.0
2026-06-01T02:41:54.711127+00:00,1,0,0.0
2026-06-01T02:39:40.636847+00:00,1,0,0.0
2026-07-21T03:19:57.099827+00:00,1,0,0.0
2026-06-18T02:38:03.65351+00:00,1,0,0.0
2026-06-04T02:41:15.121588+00:00,1,0,0.0
2026-07-09T03:51:19.715785+00:00,1,0,0.0
2026-07-06T04:06:31.086954+00:00,1,0,0.0
2026-05-15T02:08:09.37073+00:00,1,0,0.0
2026-08-13T02:26:22.971383+00:00,1,0,0.0
2026-08-04T03:15:30.505179+00:00,1,0,0.0
2026-06-22T02:44:39.304033+00:00,1,0,0.0
2026-07-22T03:19:13.756254+00:00,1,0,0.0
2026-07-16T03:15:35.776853+00:00,1,0,0.0
2026-07-19T03:26:08.930918+00:00,1,0,0.0
2026-05-15T02:08:02.569932+00:00,1,0,0.0
2026-07-16T03:15:20.35703+00:00,1,0,0.0
2026-05-17T02:00:50.395881+00:00,1,0,0.0
2026-05-02T01:49:36.534947+00:00,1,0,0.0
2026-04-22T06:25:19.644949+00:00,1,0,0.0
2026-05-22T02:15:05.409041+00:00,1,0,0.0
2026-04-22T03:25:05.035624+00:00,1,0,0.0
2026-04-25T06:07:53.166834+00:00,1,0,0.0
2026-04-22T03:28:06.352593+00:00,1,0,0.0
2026-08-13T02:31:17.485061+00:00,1,0,0.0
2026-04-25T06:08:23.488886+00:00,1,0,0.0
2026-06-05T02:15:11.979692+00:00,1,0,0.0
2026-08-14T02:24:13.049842+00:00,1,0,0.0
2026-07-04T03:40:51.279921+00:00,1,0,0.0
2026-05-29T02:07:39.824848+00:00,1,0,0.0
2026-05-04T01:54:22.676852+00:00,1,0,0.0
2026-07-07T03:57:51.624658+00:00,1,0,0.0
2026-08-11T02:06:14.743984+00:00,1,0,0.0
2026-04-27T08:02:05.448997+00:00,1,0,0.0
2026-05-17T02:01:46.014352+00:00,1,0,0.0
2026-05-10T01:56:44.603306+00:00,1,0,0.0
2026-05-08T02:03:19.940359+00:00,1,0,0.0
2026-08-18T01:36:35.947613+00:00,1,0,0.0
2026-06-10T02:16:53.043743+00:00,1,0,0.0
2026-06-22T03:27:25.015046+00:00,1,0,0.0
2026-08-12T02:24:26.502129+00:00,1,0,0.0
2026-05-23T02:03:44.402498+00:00,1,0,0.0
2026-05-21T02:12:41.567189+00:00,1,0,0.0
2026-08-07T02:56:45.377884+00:00,1,0,0.0
2026-07-25T03:18:01.500676+00:00,1,0,0.0
2026-04-22T03:24:55.634718+00:00,1,0,0.0
2026-05-05T01:54:12.420761+00:00,1,0,0.0
2026-05-22T02:13:57.327493+00:00,1,0,0.0
2026-06-19T02:54:09.372534+00:00,1,0,0.0
2026-05-21T02:12:15.294881+00:00,1,0,0.0
2026-07-22T03:19:46.836065+00:00,1,0,0.0
2026-07-04T03:40:38.223951+00:00,1,1,100.0
2026-05-26T02:09:26.788605+00:00,1,0,0.0
2026-07-24T03:21:12.253551+00:00,1,0,0.0
2026-08-11T02:06:38.175361+00:00,1,0,0.0
2026-05-19T02:14:06.776658+00:00,1,0,0.0
2026-04-29T01:58:32.831529+00:00,1,0,0.0
2026-04-22T06:25:07.914259+00:00,1,0,0.0
2026-08-01T03:29:58.421039+00:00,1,0,0.0
2026-08-18T01:35:26.29857+00:00,1,0,0.0
2026-07-14T02:54:55.616644+00:00,1,0,0.0
2026-05-13T02:08:19.832704+00:00,1,0,0.0
2026-05-27T02:17:01.657464+00:00,1,0,0.0
2026-07-28T02:56:28.495783+00:00,1,0,0.0
2026-05-25T02:32:05.578238+00:00,1,0,0.0
2026-07-03T03:49:32.746816+00:00,1,0,0.0
2026-04-25T06:08:59.660495+00:00,1,0,0.0
2026-05-01T02:01:26.316343+00:00,1,0,0.0
2026-06-17T02:41:54.361374+00:00,1,0,0.0
2026-06-04T02:41:07.229296+00:00,1,0,0.0
2026-05-09T01:57:10.253186+00:00,1,0,0.0
2026-05-29T02:07:08.323152+00:00,1,0,0.0
2026-06-30T04:09:12.376483+00:00,1,0,0.0
2026-07-26T03:32:16.446781+00:00,1,0,0.0
2026-04-22T06:26:09.952029+00:00,1,0,0.0
2026-06-17T02:41:39.71176+00:00,1,0,0.0
2026-05-10T01:56:39.13889+00:00,1,0,0.0
2026-07-26T03:32:05.762514+00:00,1,0,0.0
2026-05-12T02:01:15.785228+00:00,1,0,0.0
2026-04-27T07:58:54.11349+00:00,1,0,0.0
2026-05-26T02:10:26.745167+00:00,1,0,0.0
2026-06-29T04:28:00.286288+00:00,1,0,0.0
2026-07-14T02:55:09.285593+00:00,1,0,0.0
2026-05-08T02:06:09.120712+00:00,1,0,0.0
2026-06-16T02:46:33.914678+00:00,1,0,0.0
2026-06-15T02:45:29.108132+00:00,1,0,0.0
2026-06-01T02:42:07.487829+00:00,1,0,0.0
2026-05-27T02:17:36.700371+00:00,1,0,0.0
2026-05-05T01:54:39.285477+00:00,1,0,0.0
2026-07-27T03:40:27.817833+00:00,1,0,0.0
2026-08-14T02:24:06.298163+00:00,1,0,0.0
2026-08-07T02:56:36.014586+00:00,1,0,0.0
2026-08-07T02:58:13.509019+00:00,1,0,0.0
2026-07-14T02:55:02.95307+00:00,1,0,0.0
2026-04-26T06:32:46.793515+00:00,1,0,0.0
2026-06-18T02:40:09.734304+00:00,1,0,0.0
2026-07-26T03:31:17.812266+00:00,1,1,100.0
2026-07-11T03:19:17.329885+00:00,1,0,0.0
2026-07-06T04:06:27.760021+00:00,1,0,0.0
2026-05-05T01:55:07.42513+00:00,1,0,0.0
2026-05-21T02:12:22.268274+00:00,1,0,0.0
2026-07-08T03:23:59.911683+00:00,1,0,0.0
2026-06-12T02:34:52.086076+00:00,1,0,0.0
2026-04-26T06:32:06.679667+00:00,1,0,0.0
2026-06-21T02:40:51.841552+00:00,1,0,0.0
2026-08-12T02:27:34.9105+00:00,1,0,0.0
2026-08-14T02:23:35.031167+00:00,1,0,0.0
2026-06-11T02:39:16.846238+00:00,1,0,0.0
2026-07-14T02:55:39.242041+00:00,1,0,0.0
2026-06-17T02:41:50.829+00:00,1,0,0.0
2026-05-26T02:10:10.105964+00:00,1,0,0.0
2026-08-13T02:25:46.162462+00:00,1,0,0.0
2026-05-01T02:01:23.361444+00:00,1,0,0.0
2026-05-21T02:13:17.275754+00:00,1,0,0.0
2026-05-18T02:13:08.026611+00:00,1,0,0.0
2026-04-22T03:23:58.769175+00:00,1,0,0.0
2026-04-27T07:59:17.074095+00:00,1,0,0.0
2026-08-06T03:14:11.264578+00:00,1,0,0.0
2026-07-04T03:42:17.745834+00:00,1,0,0.0
2026-06-06T02:06:04.227308+00:00,1,0,0.0
2026-07-21T03:21:12.519137+00:00,1,0,0.0
2026-07-30T02:47:30.79358+00:00,1,0,0.0
2026-04-27T08:01:42.478124+00:00,1,0,0.0
2026-06-27T03:59:14.858214+00:00,1,0,0.0
2026-07-15T02:53:28.819858+00:00,1,0,0.0
2026-05-10T01:55:50.050643+00:00,1,0,0.0
2026-07-24T03:19:39.224698+00:00,1,0,0.0
2026-07-14T02:55:32.419639+00:00,1,0,0.0
2026-08-07T02:59:03.764387+00:00,1,0,0.0
2026-04-23T06:30:54.09051+00:00,1,0,0.0
2026-08-14T02:23:31.59867+00:00,1,0,0.0
2026-06-18T02:40:16.638138+00:00,1,0,0.0
2026-06-02T02:37:30.947855+00:00,1,0,0.0
2026-07-07T03:57:32.805601+00:00,1,0,0.0
2026-08-06T03:12:52.278004+00:00,1,0,0.0
2026-05-14T02:10:46.228855+00:00,1,0,0.0
2026-05-16T01:59:36.154064+00:00,1,0,0.0
2026-04-22T03:27:34.834723+00:00,1,0,0.0
2026-08-18T01:35:35.022786+00:00,1,0,0.0
2026-07-21T03:20:46.248644+00:00,1,0,0.0
2026-07-29T03:15:42.825837+00:00,1,0,0.0
2026-06-16T02:47:06.721733+00:00,1,0,0.0
2026-05-17T02:02:25.856669+00:00,1,0,0.0
2026-08-13T02:27:53.127014+00:00,1,0,0.0
2026-07-14T02:55:42.653244+00:00,1,0,0.0
2026-07-29T03:15:53.138065+00:00,1,0,0.0
2026-04-23T06:30:04.992345+00:00,1,0,0.0
2026-05-02T01:48:23.293754+00:00,1,0,0.0
2026-07-03T03:50:03.04862+00:00,1,0,0.0
2026-07-18T02:55:00.953307+00:00,1,0,0.0
2026-07-20T03:39:54.644+00:00,1,0,0.0
2026-04-25T06:06:37.538079+00:00,1,0,0.0
2026-07-08T03:24:06.233809+00:00,1,0,0.0
2026-04-26T06:30:06.37465+00:00,1,0,0.0
2026-05-24T02:10:46.050774+00:00,1,0,0.0
2026-07-03T03:49:23.223206+00:00,1,0,0.0
2026-07-18T02:54:22.11136+00:00,1,0,0.0
2026-06-15T02:43:38.393872+00:00,1,0,0.0
2026-08-04T03:15:46.934529+00:00,1,0,0.0
2026-07-17T03:17:07.867099+00:00,1,0,0.0
2026-05-20T02:11:42.727111+00:00,1,0,0.0
2026-04-22T03:23:41.703717+00:00,1,0,0.0
2026-04-22T03:25:42.712466+00:00,1,0,0.0
2026-06-23T04:03:14.357438+00:00,1,0,0.0
2026-06-19T02:55:05.126041+00:00,1,0,0.0
2026-05-14T02:08:39.143432+00:00,1,0,0.0
2026-07-17T03:17:38.521494+00:00,1,0,0.0
2026-08-07T02:56:10.83014+00:00,1,0,0.0
2026-05-24T02:09:51.590662+00:00,1,1,100.0
2026-05-07T01:57:05.670623+00:00,1,0,0.0
2026-05-03T01:53:18.191513+00:00,1,0,0.0
2026-06-22T03:27:15.385607+00:00,1,0,0.0
2026-08-15T01:37:42.577282+00:00,1,0,0.0
2026-07-02T04:03:40.339701+00:00,1,0,0.0
2026-07-22T03:18:51.275667+00:00,1,1,100.0
2026-08-02T03:30:34.232929+00:00,1,0,0.0
2026-06-17T02:41:44.030942+00:00,1,0,0.0
2026-04-27T08:00:33.066163+00:00,1,0,0.0
2026-04-23T06:31:49.38121+00:00,1,0,0.0
2026-04-25T06:08:32.635127+00:00,1,0,0.0
2026-07-19T03:26:39.253133+00:00,1,0,0.0
2026-05-31T02:29:25.012018+00:00,1,0,0.0
2026-07-05T04:00:40.803863+00:00,1,0,0.0
2026-06-18T02:38:40.155598+00:00,1,0,0.0
2026-08-11T02:05:47.629023+00:00,1,0,0.0
2026-06-28T04:21:14.216906+00:00,1,0,0.0
2026-06-16T02:45:57.695778+00:00,1,0,0.0
2026-04-22T03:23:08.847841+00:00,1,0,0.0
2026-07-27T03:39:24.277989+00:00,1,0,0.0
2026-04-23T06:29:48.564454+00:00,1,0,0.0
2026-06-07T02:35:35.492568+00:00,1,0,0.0
2026-06-20T02:15:40.972769+00:00,1,1,100.0
2026-04-30T01:59:02.144515+00:00,1,0,0.0
2026-06-13T02:14:01.583457+00:00,1,0,0.0
2026-05-29T02:08:20.096588+00:00,1,1,100.0
2026-04-29T02:01:26.72206+00:00,1,0,0.0
2026-07-21T03:21:09.217134+00:00,1,0,0.0
2026-04-22T03:26:31.757997+00:00,1,0,0.0
2026-05-08T02:06:02.874658+00:00,1,0,0.0
2026-08-07T02:54:59.539218+00:00,1,1,100.0
2026-05-08T02:04:25.188034+00:00,1,0,0.0
2026-06-18T02:40:03.09493+00:00,1,0,0.0
2026-04-29T01:58:38.861747+00:00,1,0,0.0
2026-08-04T03:15:20.475381+00:00,1,0,0.0
2026-07-09T03:51:13.351362+00:00,1,0,0.0
2026-06-01T02:41:22.087084+00:00,1,0,0.0
2026-07-08T03:23:15.240453+00:00,1,0,0.0
2026-06-12T02:32:49.529334+00:00,1,0,0.0
2026-08-17T01:40:20.80833+00:00,1,0,0.0
2026-07-10T03:52:03.30835+00:00,1,0,0.0
2026-05-15T02:06:56.44642+00:00,1,0,0.0
2026-06-17T02:42:00.828233+00:00,1,0,0.0
2026-05-13T02:07:44.351119+00:00,1,0,0.0
2026-07-17T03:17:17.957474+00:00,1,0,0.0
2026-06-14T02:38:36.29493+00:00,1,0,0.0
2026-08-07T02:58:55.827833+00:00,1,0,0.0
2026-05-25T02:32:15.583443+00:00,1,0,0.0
2026-06-06T02:06:43.741122+00:00,1,0,0.0
2026-08-12T02:26:21.477708+00:00,1,0,0.0
2026-06-18T02:39:32.691907+00:00,1,0,0.0
2026-05-11T02:07:18.797627+00:00,1,0,0.0
2026-08-05T02:55:46.09595+00:00,1,0,0.0
2026-05-06T01:53:32.263505+00:00,1,0,0.0
2026-05-31T02:29:37.504015+00:00,1,0,0.0
2026-07-22T03:18:28.386662+00:00,1,1,100.0
2026-05-09T01:56:21.431517+00:00,1,0,0.0
2026-06-05T02:15:15.333559+00:00,1,0,0.0
2026-05-17T02:02:44.782024+00:00,1,0,0.0
2026-05-02T01:49:55.414102+00:00,1,0,0.0
2026-05-06T01:53:45.846841+00:00,1,0,0.0
2026-07-24T03:18:52.912227+00:00,1,0,0.0
2026-05-13T02:06:09.122173+00:00,1,0,0.0
2026-05-17T02:02:06.248124+00:00,1,0,0.0
2026-05-14T02:09:24.51084+00:00,1,0,0.0
2026-08-05T02:55:53.073588+00:00,1,0,0.0
2026-08-08T01:59:16.84925+00:00,1,0,0.0
2026-06-22T03:27:01.841434+00:00,1,0,0.0
2026-04-27T08:00:51.853092+00:00,1,0,0.0
2026-05-10T01:55:59.889685+00:00,1,0,0.0
2026-04-22T06:27:26.173111+00:00,1,0,0.0
2026-06-08T02:37:16.919896+00:00,1,0,0.0
2026-06-26T04:14:49.685895+00:00,1,0,0.0
2026-05-23T02:04:06.389353+00:00,1,0,0.0
2026-07-30T02:48:28.887065+00:00,1,0,0.0
2026-04-22T03:24:52.128175+00:00,1,0,0.0
2026-08-10T02:11:13.330731+00:00,1,0,0.0
2026-06-19T02:54:41.908613+00:00,1,0,0.0
2026-05-23T02:01:29.401107+00:00,1,0,0.0
2026-07-05T03:59:17.260151+00:00,1,0,0.0
2026-07-12T03:29:56.793726+00:00,1,0,0.0
2026-07-22T03:18:32.19122+00:00,1,0,0.0
2026-04-23T06:30:28.137785+00:00,1,0,0.0
2026-05-10T01:56:29.780776+00:00,1,0,0.0
2026-08-04T03:15:37.370868+00:00,1,0,0.0
2026-06-12T02:32:34.893123+00:00,1,0,0.0
2026-04-24T06:32:32.373095+00:00,1,0,0.0
2026-07-31T03:30:46.568839+00:00,1,0,0.0
2026-07-05T03:59:35.657043+00:00,1,0,0.0
2026-08-10T02:12:15.802892+00:00,1,0,0.0
2026-05-04T01:53:24.0117+00:00,1,0,0.0
2026-08-18T01:35:32.337163+00:00,1,0,0.0
2026-04-26T06:30:00.312297+00:00,1,1,100.0
2026-06-04T02:39:58.507875+00:00,1,0,0.0
2026-08-07T02:56:52.462567+00:00,1,0,0.0
2026-05-18T02:12:47.891207+00:00,1,1,100.0
2026-07-27T03:40:02.006384+00:00,1,0,0.0
2026-08-09T02:06:51.033059+00:00,1,0,0.0
2026-06-22T03:22:54.539919+00:00,1,0,0.0
2026-05-19T02:13:41.231142+00:00,1,0,0.0
2026-06-02T02:38:12.909357+00:00,1,0,0.0
2026-04-29T02:00:23.041083+00:00,1,0,0.0
2026-04-27T07:58:31.545722+00:00,1,0,0.0
2026-06-22T03:23:37.439706+00:00,1,1,100.0
2026-06-11T02:38:20.003728+00:00,1,0,0.0
2026-07-20T03:39:47.442825+00:00,1,0,0.0
2026-05-02T01:48:39.888665+00:00,1,0,0.0
2026-06-03T02:46:10.456861+00:00,1,0,0.0
2026-07-20T03:40:48.820614+00:00,1,0,0.0
2026-06-30T04:08:24.514715+00:00,1,0,0.0
2026-06-04T02:39:44.690023+00:00,1,0,0.0
2026-06-21T02:41:00.914836+00:00,1,0,0.0
2026-06-03T02:45:22.616861+00:00,1,0,0.0
2026-04-26T06:29:32.145154+00:00,1,0,0.0
2026-04-22T03:28:09.654387+00:00,1,0,0.0
2026-07-12T03:29:25.296591+00:00,1,0,0.0
2026-08-07T02:54:31.484407+00:00,1,0,0.0
2026-07-30T02:47:55.76874+00:00,1,0,0.0
2026-06-26T04:13:28.937223+00:00,1,0,0.0
2026-08-17T01:39:52.460096+00:00,1,0,0.0
2026-06-25T04:06:45.0794+00:00,1,0,0.0
