shared_count,normalized_opening,id,name,primary_industry,created_at,requirements
32,bachelor s degree journalism communications related field preferred,0534148f-e8f3-46c7-afc2-72c3443ac4fd,Fact-Checking Journalist,Science & Research,2026-04-22T02:52:33.295118+00:00,"Bachelor's degree in journalism, communications, or related field preferred; strong research skills and familiarity with fact-checking tools essential."
32,bachelor s degree journalism communications related field preferred,089946f2-1cb8-460a-a01a-4e0c64b1e8e0,Data Journalism Reporter,Media & Journalism,2026-04-22T02:52:32.271017+00:00,"Bachelor's degree in journalism, communications, or related field preferred; strong skills in data analysis tools, spreadsheets, and basic coding are increasingly essential."
32,bachelor s degree journalism communications related field preferred,13ebd229-b98d-4bf2-a9a8-549fc3a807b7,Grant Reporter,Media & Journalism,2026-07-25T03:17:34.979676+00:00,"A bachelor's degree in journalism, communications, or related field is preferred; strong research and writing skills plus experience with grant databases and public records are essential."
32,bachelor s degree journalism communications related field preferred,147e7358-d162-4c0c-ae72-e942d62684eb,Fact Checker (News Outlet),Media & Journalism,2026-07-20T03:41:38.226712+00:00,"A bachelor's degree in journalism, communications, or related field is preferred; strong research and writing skills plus portfolio experience are essential."
32,bachelor s degree journalism communications related field preferred,185d0df4-690d-4714-ab75-fbd2931ea2e4,Fact-Checker (Journalism),Media & Journalism,2026-04-24T06:31:35.496483+00:00,"A bachelor's degree in journalism, communications, or a related field is preferred; strong research skills and familiarity with media literacy tools are essential."
32,bachelor s degree journalism communications related field preferred,1b063107-f239-4886-887e-d05c2371ada3,Fact-Checker (News Organizations),Media & Journalism,2026-05-29T02:08:48.759724+00:00,"Bachelor's degree in journalism, communications, or related field preferred; strong research abilities and familiarity with media literacy tools are essential."
32,bachelor s degree journalism communications related field preferred,1b4dad65-5095-48eb-8e0b-5738ebb999c5,Social Media Manager (News Org),Media & Journalism,2026-06-01T02:40:01.187632+00:00,"A bachelor's degree in journalism, communications, or related field is preferred; strong social media skills, portfolio of digital work, and familiarity with analytics platforms are essential."
32,bachelor s degree journalism communications related field preferred,2698cb8c-74a1-4e56-b5f9-e3b6828692b7,Media Fact-Checker,Media & Journalism,2026-05-10T01:55:10.911323+00:00,"Bachelor's degree in journalism, communications, or related field preferred; strong research skills and familiarity with fact-checking databases and media literacy essential."
32,bachelor s degree journalism communications related field preferred,34d7cb46-99a5-4585-89a9-1454c71d707f,Fact Checker (Publications),Media & Journalism,2026-05-08T02:05:24.893741+00:00,"Bachelor's degree in journalism, communications, or related field preferred; strong research skills and familiarity with media literacy tools essential."
32,bachelor s degree journalism communications related field preferred,3acc4929-1860-49ef-8731-1f4ad3d03683,News Producer (Digital Media),Media & Journalism,2026-05-28T02:02:03.014119+00:00,"A bachelor's degree in journalism, communications, or related field is preferred; strong digital skills and a portfolio demonstrating multimedia storytelling ability are essential."
32,bachelor s degree journalism communications related field preferred,3ee3f5aa-132d-4748-83c2-59168a49854e,Fact-Check Researcher,Media & Journalism,2026-06-10T02:17:18.945044+00:00,"A bachelor's degree in journalism, communications, or a related field is preferred; strong research skills and familiarity with media literacy tools are essential."
32,bachelor s degree journalism communications related field preferred,47f9cfe6-6932-474f-a8e6-037bde005e9c,Fact Checker (Investigative),Media & Journalism,2026-05-20T02:12:40.511828+00:00,"Bachelor's degree in journalism, communications, or related field preferred; strong research, writing, and digital media skills essential; fact-checking certifications available through organizations like IFCN."
32,bachelor s degree journalism communications related field preferred,4f7f8a63-bbc3-4a0d-812c-3895b461fe9a,Radio News Director,Media & Journalism,2026-06-22T02:44:18.220352+00:00,"A bachelor's degree in journalism, communications, or related field is preferred; strong portfolio of reporting work and familiarity with news production software are essential."
32,bachelor s degree journalism communications related field preferred,5361b60a-4745-452e-9902-371ed341fbe9,News Producer,Science & Research,2026-04-22T02:52:31.845128+00:00,"A bachelor's degree in journalism, communications, or a related field is preferred; internships and a strong portfolio demonstrating news judgment are often more valuable than formal credentials."
32,bachelor s degree journalism communications related field preferred,5b60d640-1248-43cb-b3e1-6f7a3382f866,Feature Writer,Science & Research,2026-04-22T02:52:31.392704+00:00,"Bachelor's degree in journalism, communications, or related field preferred; strong portfolio and writing samples often required instead of formal credentials."
32,bachelor s degree journalism communications related field preferred,64d89d52-941c-44a9-b64a-fe53e99dcf8f,Fact-Checker (News Organization),Media & Journalism,2026-04-27T08:01:32.648986+00:00,"A bachelor's degree in journalism, communications, or related field is often preferred; strong research, writing, and source-verification skills are essential."
32,bachelor s degree journalism communications related field preferred,659867c8-c08f-4b17-a66a-e1d904b34a75,Fact Checker (Publication),Media & Journalism,2026-07-11T03:19:13.768994+00:00,"Bachelor's degree in journalism, communications, or related field preferred; strong research skills and familiarity with fact-checking tools essential."
32,bachelor s degree journalism communications related field preferred,6ca8d046-55d2-4e08-bcc4-3a87911cab8f,Fact-Checker,Hospitality & Events,2026-04-22T02:52:31.660242+00:00,"Bachelor's degree in journalism, communications, or related field preferred; certifications from fact-checking organizations or journalism programs are advantageous but not always required."
32,bachelor s degree journalism communications related field preferred,7035d63d-fa55-4059-b482-29f447b196ea,Fact Checker,Science & Research,2026-04-22T02:52:31.20659+00:00,"Bachelor's degree in journalism, communications, or related field preferred; strong research skills and knowledge of media literacy tools are essential."
32,bachelor s degree journalism communications related field preferred,7f5965ea-fe07-48ee-bb74-2cbe41fbab03,Investigative Journalist (Data),Media & Journalism,2026-08-01T03:29:17.339809+00:00,"Bachelor's degree in journalism, communications, or related field preferred; strong skills in SQL, spreadsheets, and data visualization tools; portfolio of investigative work demonstrating research and reporting ability."
32,bachelor s degree journalism communications related field preferred,9cacdd64-c31b-4792-b6d0-0ef4b46ebf8b,Fact-Checker (Digital News),Media & Journalism,2026-04-25T06:09:24.600975+00:00,"Bachelor's degree in journalism, communications, or related field preferred; strong research skills and familiarity with fact-checking tools and databases essential."
32,bachelor s degree journalism communications related field preferred,9d84a844-75ac-4c2e-b774-1a267f07177c,Publications Manager,Media & Journalism,2026-06-22T03:22:57.771087+00:00,"A bachelor's degree in journalism, communications, or related field is often preferred, though strong portfolio work and publishing experience can substitute."
32,bachelor s degree journalism communications related field preferred,bfd375c6-117b-4364-b52c-ebc61538a536,Fact-Checker (Digital Media),Media & Journalism,2026-05-14T02:11:40.901865+00:00,"A bachelor's degree in journalism, communications, or a related field is often preferred; strong research skills and familiarity with fact-checking tools and digital media platforms are essential."
32,bachelor s degree journalism communications related field preferred,c80090e9-12e9-490a-a57a-1633c61d7c54,Press Release Writer,Marketing & Communications,2026-04-22T02:52:34.465719+00:00,"Bachelor's degree in journalism, communications, or related field preferred; strong writing portfolio and familiarity with media relations highly valued."
32,bachelor s degree journalism communications related field preferred,d1ecea5f-0843-4f68-b33c-103b7004d88f,News Correspondent,Hospitality & Events,2026-04-22T02:52:33.86077+00:00,"Bachelor's degree in journalism, communications, or related field preferred; strong portfolio and understanding of media law are valuable for entry-level roles."
32,bachelor s degree journalism communications related field preferred,d24f47b1-a1a5-43e0-ab4e-53dd38d29117,Fact-Checker (Media Organization),Media & Journalism,2026-04-22T02:52:31.392704+00:00,"A bachelor's degree in journalism, communications, or a related field is preferred; strong research skills, familiarity with fact-checking tools, and media literacy are essential."
32,bachelor s degree journalism communications related field preferred,d3eeca55-1870-495e-b8de-9a5255335841,Fact Checker (Nonprofit),Media & Journalism,2026-06-28T04:22:59.533268+00:00,"A bachelor's degree in journalism, communications, or related field is preferred but not always required; strong research skills and familiarity with media literacy are essential."
32,bachelor s degree journalism communications related field preferred,e0f19af4-5ab0-47d2-a715-5e758ae3909b,Reporter (Specialized Beat),Media & Journalism,2026-04-24T06:31:41.903432+00:00,"Bachelor's degree in journalism, communications, or related field preferred; strong writing portfolio and familiarity with digital publishing tools essential."
32,bachelor s degree journalism communications related field preferred,eb3c8236-57eb-47ee-9caf-1ff79e823f63,Editorial Director,Science & Research,2026-04-22T02:52:33.295118+00:00,"Bachelor's degree in Journalism, Communications, or related field preferred; professional experience in editorial roles and demonstrated leadership in media production typically required."
32,bachelor s degree journalism communications related field preferred,ef24fb2c-e153-4765-a888-555150d7b4de,Broadcast Journalist (Radio),Media & Journalism,2026-08-07T02:56:32.781962+00:00,"A bachelor's degree in journalism, communications, or related field is preferred; strong portfolio of work samples and experience in news gathering are essential."
32,bachelor s degree journalism communications related field preferred,f8d63ffd-3b97-45ff-b1f1-1dbe1baafaea,Fact-Checker (Online Publications),Media & Journalism,2026-07-18T02:55:00.953307+00:00,"Bachelor's degree in journalism, communications, or related field preferred; strong research skills, familiarity with fact-checking tools, and ability to evaluate sources are essential."
32,bachelor s degree journalism communications related field preferred,fc039843-5cb4-4d7c-ae36-4bed755e4d02,Reporter (Local News),Media & Journalism,2026-05-06T01:53:32.263505+00:00,"A bachelor's degree in journalism, communications, or related field is preferred; strong writing skills, news judgment, and a portfolio of published work are essential for entry-level positions."
26,portfolio demonstrating design skills essential degree graphic design,10e260b3-be6a-4386-afe0-de36c415d638,Publication Designer (Print & Digital),Design & Creative,2026-04-22T03:25:33.395213+00:00,"A portfolio demonstrating design skills is essential; a degree in graphic design, communications, or related field is preferred but entry-level positions may accept strong self-taught portfolios and proficiency in Adobe Creative Suite."
26,portfolio demonstrating design skills essential degree graphic design,1beee6b5-0e6a-47b5-8d68-3a938f38e07b,Package Labeling Designer,Science & Research,2026-04-22T02:52:32.086589+00:00,"A portfolio demonstrating design skills is essential; a degree in graphic design, marketing, or fine arts is often preferred but not always required if you have strong practical experience."
26,portfolio demonstrating design skills essential degree graphic design,25b48e09-0c57-4213-acd9-e6c15e2d470e,Art Director (Publishing),Design & Creative,2026-05-20T02:11:25.457+00:00,"A portfolio demonstrating design skills is essential; a degree in graphic design, fine arts, or related field is preferred but strong self-taught portfolios can lead to entry-level positions."
26,portfolio demonstrating design skills essential degree graphic design,4052425b-3575-4ea3-9914-f9851c18acce,Interactive Designer (Digital Media),Design & Creative,2026-04-22T02:52:34.239097+00:00,"A portfolio demonstrating design skills is essential; a degree in graphic design, UX/UI design, or related field is often preferred but a strong self-taught portfolio can substitute."
26,portfolio demonstrating design skills essential degree graphic design,41e4a47d-9615-44dc-a2de-ca87eb28357a,Branding Strategist,Design & Creative,2026-05-09T01:56:44.573278+00:00,"A portfolio demonstrating design skills is essential; a degree in graphic design, marketing, or communications is helpful but not always required if you have strong work samples."
26,portfolio demonstrating design skills essential degree graphic design,4c76aeb3-7c83-470e-9ea6-6d7eee9f7029,Print Design Specialist,Design & Creative,2026-06-11T02:38:46.84874+00:00,"A portfolio demonstrating design skills is essential; a degree in graphic design, fine arts, or related field is preferred but a strong portfolio and proficiency in Adobe Creative Suite (Photoshop, Illustrator, InDesign) can substitute."
26,portfolio demonstrating design skills essential degree graphic design,682ce763-30b0-4e9f-9cd8-71baefd7f36a,Visualization Designer,Science & Research,2026-04-22T02:52:30.082186+00:00,"A portfolio demonstrating design skills is essential; a degree in graphic design, data visualization, or related field helps but strong self-taught skills with design software (Adobe Creative Suite, Tableau, D3.js) can substitute."
26,portfolio demonstrating design skills essential degree graphic design,69f9e4f5-9b6a-4d4e-8e22-74fa71b0aaff,Signage Systems Designer,Design & Creative,2026-04-22T02:52:32.905098+00:00,"A portfolio demonstrating design skills is essential; a degree in graphic design, industrial design, or related field is helpful but not always required—what matters most is strong design software proficiency (Adobe Creative Suite, CAD) and understanding of materials and fabrication."
26,portfolio demonstrating design skills essential degree graphic design,6a2a35a1-68c7-4da4-9204-e96ac990b7fb,Brand Identity Architect,Marketing & Communications,2026-04-22T02:52:32.271017+00:00,"A portfolio demonstrating design skills is essential; a degree in graphic design, visual communication, or related field is preferred but not always required if you have strong work samples."
26,portfolio demonstrating design skills essential degree graphic design,74d913e4-cc62-49e5-a1a1-0e7a52870eb8,Exhibition Graphic Designer,Science & Research,2026-04-22T02:52:31.660242+00:00,"A portfolio demonstrating design skills is essential; a degree in graphic design, fine arts, or related field is often preferred but not always required if you have strong experience."
26,portfolio demonstrating design skills essential degree graphic design,799ea36a-aacb-4072-8558-c1ede4f983a7,Graphic Designer,Marketing & Communications,2026-04-22T02:52:29.856816+00:00,A portfolio demonstrating design skills is essential; a degree in graphic design or related field is helpful but not always required if you build strong freelance work.
26,portfolio demonstrating design skills essential degree graphic design,90c9ef80-9200-4160-9c98-52983bb7b4d9,Label Designer,Marketing & Communications,2026-04-22T02:52:33.087307+00:00,"A portfolio demonstrating design skills is essential; a degree in graphic design, fine arts, or marketing is helpful but experience with design software (Adobe Creative Suite) and understanding of packaging/branding principles can substitute."
26,portfolio demonstrating design skills essential degree graphic design,9427cae1-70bf-4dce-9abb-c1a8bda95219,Environmental Signage Designer,Design & Creative,2026-05-09T01:55:45.327131+00:00,"A portfolio demonstrating design skills is essential; a degree in graphic design, environmental science, or related field is helpful but not always required if you have strong portfolio work."
26,portfolio demonstrating design skills essential degree graphic design,976b0d01-3e12-4edf-9ea5-1429056d03d4,Branded Content Designer,Design & Creative,2026-04-22T02:52:31.845128+00:00,"A portfolio demonstrating design skills is essential; a degree in graphic design, marketing, or related field is helpful but not always required—strong digital design experience and platform knowledge matter most."
26,portfolio demonstrating design skills essential degree graphic design,981fee9c-8168-4547-81a4-84cef870bfc7,Exhibit Designer (Theme Parks),Design & Creative,2026-04-22T02:52:32.496342+00:00,"A portfolio demonstrating design skills is essential; a degree in graphic design, interior design, or fine arts is preferred but experience and a strong portfolio can substitute."
26,portfolio demonstrating design skills essential degree graphic design,9f430e4d-4c9d-4114-b803-1a56c34a0c09,Editorial Designer,Media & Journalism,2026-07-11T03:19:10.84574+00:00,"A portfolio demonstrating design skills is essential; a degree in graphic design, journalism, or fine arts is helpful but strong self-taught portfolios can substitute."
26,portfolio demonstrating design skills essential degree graphic design,ab7e4938-499d-4f72-9757-44b4755fb160,Magazine Art Director,Media & Journalism,2026-08-05T02:57:24.012975+00:00,"A portfolio demonstrating design skills is essential; a degree in graphic design, fine arts, or journalism helps but strong visual work can substitute."
26,portfolio demonstrating design skills essential degree graphic design,c623b32c-09dd-4a97-b56d-1371801ae5f3,Brand Identity Specialist,Design & Creative,2026-04-22T03:23:28.766938+00:00,"A portfolio demonstrating design skills is essential; a degree in graphic design, fine arts, or marketing is helpful but a strong portfolio can substitute for formal credentials."
26,portfolio demonstrating design skills essential degree graphic design,cc62bf7c-24ab-4988-8bc1-ee1d31e9ef26,Brand Packaging Designer,Design & Creative,2026-06-22T03:23:30.905755+00:00,"A portfolio demonstrating design skills is essential; a degree in graphic design, product design, or related field is preferred but not always required if you have strong self-taught capabilities."
26,portfolio demonstrating design skills essential degree graphic design,ccff2f25-f571-49cc-8b42-10a45af91395,Sustainability-Focused Brand Designer,Design & Creative,2026-04-26T06:30:13.326925+00:00,"A portfolio demonstrating design skills is essential; a degree in graphic design, fine arts, or sustainability studies is helpful but not always required, with proficiency in Adobe Creative Suite and understanding of sustainable practices highly valued."
26,portfolio demonstrating design skills essential degree graphic design,d2fc80be-198e-468e-9056-2b8ad9836e72,Product Packaging Designer,Marketing & Communications,2026-04-22T02:52:30.655222+00:00,"A portfolio demonstrating design skills is essential; a degree in graphic design, industrial design, or fine arts is helpful but not always required if you have strong digital design experience and examples."
26,portfolio demonstrating design skills essential degree graphic design,d6ec233a-e9bf-4ccf-b3ed-be474e41edfe,Signage and Wayfinding Designer,Healthcare & Medicine,2026-04-22T02:52:30.655222+00:00,"A portfolio demonstrating design skills is essential; a degree in graphic design, environmental design, or UX/UI is advantageous but not always required with strong work samples."
26,portfolio demonstrating design skills essential degree graphic design,dc0e9815-6005-4a5d-a0b0-0a4ebc552711,Sustainability-Focused Graphic Designer,Design & Creative,2026-07-18T02:54:14.390597+00:00,"A portfolio demonstrating design skills is essential; a degree in graphic design, visual communication, or related field is often preferred but not always required, plus familiarity with Adobe Creative Suite and sustainability principles."
26,portfolio demonstrating design skills essential degree graphic design,de14bd4f-75aa-4d7e-9fb0-f4515d0a2651,Brand Designer,Marketing & Communications,2026-04-22T02:52:33.087307+00:00,"A portfolio demonstrating design skills is essential; a degree in graphic design, marketing, or related field is preferred but strong self-taught portfolios can substitute, plus proficiency in Adobe Creative Suite and branding software."
26,portfolio demonstrating design skills essential degree graphic design,f10909d1-6b6a-4c71-be20-0e929f889598,Packaging Design Strategist,Design & Creative,2026-05-17T02:00:50.395881+00:00,"A portfolio demonstrating design skills is essential; a degree in graphic design, product design, or marketing is helpful but experience and a strong portfolio can substitute."
26,portfolio demonstrating design skills essential degree graphic design,fcadfc4d-2374-4741-b3a0-9b4845c033bd,Beauty Product Packaging Designer,Fashion & Beauty,2026-08-08T01:59:16.84925+00:00,"A portfolio demonstrating design skills is essential; a degree in graphic design, packaging design, or related field is preferred but not always required, especially with strong professional examples."
20,earn bachelor s degree complete law school j,03b58e2c-7e89-4860-93a3-17a3d818aa56,Deputy District Attorney,Law & Government,2026-05-12T02:01:26.444745+00:00,"You must earn a bachelor's degree, complete law school (J.D.), pass the bar exam in your state, and typically work as an associate attorney before becoming a Deputy District Attorney."
20,earn bachelor s degree complete law school j,1a5eb0d0-855f-4c7a-8211-9ae6393eb45a,Tax Law Specialist,Law & Government,2026-06-22T03:23:48.748561+00:00,"Earn a Bachelor's degree, complete law school (J.D.), pass the bar exam, and obtain a CPA or enroll in tax-specific certification programs like the Enrolled Agent (EA) credential."
20,earn bachelor s degree complete law school j,252f0f21-671e-4dff-b7f6-750b6bacaaec,Municipal Bond Lawyer,Law & Government,2026-05-25T02:30:26.518895+00:00,"Earn a bachelor's degree, complete law school (J.D.), and pass your state's bar exam; many positions prefer experience in municipal finance or securities law."
20,earn bachelor s degree complete law school j,28a52831-1d2e-4d75-afad-e673b3665057,Securities Attorney,Law & Government,2026-04-22T02:52:33.675655+00:00,"Earn a bachelor's degree, complete law school (J.D.), pass the bar exam in your state, and gain experience in securities or corporate law through internships or entry-level positions."
20,earn bachelor s degree complete law school j,4651a610-6172-4abc-b754-1271f1f8b2ca,Intellectual Property Litigation Attorney,Social Impact & Nonprofit,2026-04-22T02:52:32.905098+00:00,"Earn a bachelor's degree, complete law school (J.D.), pass the bar exam in your state, and ideally gain experience in IP law or related technical fields."
20,earn bachelor s degree complete law school j,55d4beeb-3598-4268-b9ed-dc8484dd51fa,Municipal Planning Attorney,Law & Government,2026-07-04T03:42:14.757745+00:00,"Earn a bachelor's degree, complete law school (J.D.), and pass your state's bar exam; many positions prefer experience in municipal law or planning."
20,earn bachelor s degree complete law school j,8087933f-c0dc-4ac6-81c1-34b588412518,Government Relations Lawyer,Law & Government,2026-07-27T03:40:08.694057+00:00,"Earn a bachelor's degree, complete law school (J.D.), and pass your state's bar exam; experience in legislative offices or policy internships strongly preferred."
20,earn bachelor s degree complete law school j,91922163-6dd1-4ed9-92cd-3195f3a010bc,Elder Law Attorney,Law & Government,2026-04-22T02:52:30.082186+00:00,"Earn a Bachelor's degree, complete Law School (J.D.), and pass the bar exam in your state; elder law certification is optional but valuable."
20,earn bachelor s degree complete law school j,a89394ca-5902-4cba-a45f-c6d31ed42dc3,Constitutional Law Attorney,Social Impact & Nonprofit,2026-04-22T02:52:31.392704+00:00,"Earn a bachelor's degree, complete law school (J.D.), and pass your state's bar exam; many pursue additional constitutional law coursework or clerks with federal judges."
20,earn bachelor s degree complete law school j,accb6213-4d61-4b20-99c1-ac234b21016d,Municipal Bonds Attorney,Law & Government,2026-05-29T02:08:36.223823+00:00,"Earn a bachelor's degree, complete law school (J.D.), pass the bar exam in your state, and typically gain 2-3 years of experience in securities or municipal law."
20,earn bachelor s degree complete law school j,acd53164-80d6-42f1-8878-2846dc758da2,International Trade Attorney,Law & Government,2026-04-22T02:52:32.496342+00:00,"Earn a bachelor's degree, complete law school (J.D.), pass the bar exam, and specialize in international trade law through coursework or internships."
20,earn bachelor s degree complete law school j,d6a28f12-236c-4034-b25e-025ad2858049,Nonprofit Law Specialist,Law & Government,2026-05-30T02:02:51.712165+00:00,"Earn a Bachelor's degree, complete law school (J.D.), and pass the bar exam in your state; some positions value prior nonprofit experience."
20,earn bachelor s degree complete law school j,de055334-8bd3-45c2-b458-76bdb3ba71d5,Nonprofit Attorney,Law & Government,2026-07-20T03:41:28.442369+00:00,"Earn a Bachelor's degree, complete law school (J.D.), and pass your state's bar exam; many nonprofit attorneys also pursue specialized nonprofit law certificates."
20,earn bachelor s degree complete law school j,de3408d2-fac6-4b8f-bdac-ea91e783d878,Estate Planning Attorney,Law & Government,2026-04-22T02:52:34.465719+00:00,"Earn a bachelor's degree, complete law school (J.D.), pass the bar exam in your state, and often pursue specialized certification in estate planning law."
20,earn bachelor s degree complete law school j,e050b3c5-740f-4be2-ac75-06667523d9e3,International Trade Lawyer,Law & Government,2026-06-18T02:38:16.117148+00:00,"Earn a bachelor's degree, complete law school (J.D.), pass the bar exam in your state, and gain experience in international law or trade."
20,earn bachelor s degree complete law school j,ef3a6ff5-88ca-452f-8abb-f13bc76bd8ac,City Prosecutor,Law & Government,2026-07-28T02:56:52.927532+00:00,"Earn a bachelor's degree, complete law school (J.D.), and pass your state's bar exam to practice law."
20,earn bachelor s degree complete law school j,f01ec1e8-6967-4498-aac3-217655364fcd,Labor Attorney,Social Impact & Nonprofit,2026-04-22T02:52:30.655222+00:00,"Earn a bachelor's degree, complete law school (J.D.), and pass the bar exam in your state; additional labor law certification strengthens candidacy."
20,earn bachelor s degree complete law school j,f3cca934-9834-47b5-81f4-f393a9c32cf2,Constitutional Attorney,Law & Government,2026-07-03T03:49:32.746816+00:00,"Earn a Bachelor's degree, complete law school (J.D.), and pass the bar exam in your state; many pursue additional constitutional law studies or clerkships."
20,earn bachelor s degree complete law school j,fecf3415-a09b-459c-b7c3-1974a3d1801d,Human Rights Attorney,Social Impact & Nonprofit,2026-04-22T02:52:34.05043+00:00,"Earn a bachelor's degree, complete law school (J.D.), and pass your state's bar exam; some positions require additional human rights certification or internships."
20,earn bachelor s degree complete law school j,feeb2a2b-c2d7-40ff-a517-dd2edc1871b5,Municipal Bond Attorney,Education & Coaching,2026-04-22T02:52:30.47108+00:00,"Earn a bachelor's degree, complete law school (J.D.), pass the bar exam in your state, and typically complete a clerkship or junior associate role before specializing in municipal bond law."
19,bachelor s degree business finance related field preferred,0afd2926-cf24-45d4-ab79-52e3a4e6fec1,Revenue Operations Manager,Business & Finance,2026-05-28T02:01:07.110408+00:00,"A bachelor's degree in business, finance, or related field is preferred; certifications in Salesforce, HubSpot, or revenue operations platforms strengthen candidacy."
19,bachelor s degree business finance related field preferred,106115c6-0ac0-4523-b22b-4df9f86fa4ee,Franchise Development Manager,Entrepreneurship,2026-04-22T02:52:29.206458+00:00,"Bachelor's degree in business, finance, or related field preferred; professional certifications such as CFE or MBA beneficial but not always required."
19,bachelor s degree business finance related field preferred,179f4b8b-7afe-49cb-a132-56156beb554f,Nonprofit Risk Manager,Social Impact & Nonprofit,2026-04-22T02:52:32.905098+00:00,"Bachelor's degree in business, finance, or related field preferred; risk management certifications (ARM, CRMA) or compliance training increasingly valued."
19,bachelor s degree business finance related field preferred,2d3eb2d5-8fa6-407c-8771-2aa56a852154,Supplier Diversity Manager,Business & Finance,2026-07-10T03:51:45.19811+00:00,"Bachelor's degree in business, finance, or related field preferred; certifications in supplier diversity (NMSDC) or procurement are advantageous but not always required."
19,bachelor s degree business finance related field preferred,3274cd17-813f-49d1-8fd0-7aae06ad1da3,Pre-Seed Investor Relations Manager,Entrepreneurship,2026-07-28T02:56:32.446471+00:00,"Bachelor's degree in business, finance, or related field preferred; experience in startup ecosystems, venture capital, or business development strongly desired."
19,bachelor s degree business finance related field preferred,35ac5ed4-b702-4a50-a03c-d4ca22cf0542,Insurance Underwriter (Cyber),Business & Finance,2026-07-05T03:59:26.818429+00:00,"Bachelor's degree in business, finance, or related field preferred; completion of insurance licensing exams and growing cybersecurity knowledge required."
19,bachelor s degree business finance related field preferred,3638d5cb-ceee-43cb-b048-b4da68e25721,Business Plan Writer,Entrepreneurship,2026-04-22T02:52:32.271017+00:00,"A bachelor's degree in business, finance, or related field is often preferred, though entrepreneurial experience and strong writing skills can substitute; some pursue business plan writing certifications or MBA programs."
19,bachelor s degree business finance related field preferred,6e07a2d7-cdde-4b8a-b6c5-e99c5af69cac,Commercial Insurance Broker,Business & Finance,2026-05-06T01:52:40.635504+00:00,"A bachelor's degree in business, finance, or related field is preferred; must obtain state insurance licensing and pass the Property and Casualty exam."
19,bachelor s degree business finance related field preferred,7af3d529-da57-40e0-9c7a-dc2a3ea6c88e,Impact Investment Fund Founder,Entrepreneurship,2026-07-03T03:49:10.152946+00:00,"Bachelor's degree in business, finance, or related field preferred; experience in investment, entrepreneurship, or nonprofit sector typically required before founding."
19,bachelor s degree business finance related field preferred,831f0253-2a58-4242-97cb-fbab0c2e6cef,Insurance Underwriter (Specialty Lines),Business & Finance,2026-05-08T02:03:36.324989+00:00,"Bachelor's degree in business, finance, or related field preferred; professional certifications (like the Chartered Property Casualty Underwriter) typically required or pursued after entry."
19,bachelor s degree business finance related field preferred,a3bcd916-448a-4df3-923c-eec7405d4cb3,Commercial Insurance Underwriter,Business & Finance,2026-05-21T02:12:45.171914+00:00,"A bachelor's degree in business, finance, or related field is preferred; professional certification like the Chartered Property Casualty Underwriter (CPCU) credential enhances career prospects."
19,bachelor s degree business finance related field preferred,aa9b202e-d5ac-4f9e-a833-f50486e0cd7b,Relationship Manager (Business Banking),Business & Finance,2026-04-22T02:52:29.422718+00:00,"Bachelor's degree in business, finance, or related field preferred; Series 7 and Series 63 securities licenses typically required."
19,bachelor s degree business finance related field preferred,c008bd9d-137f-4583-bda4-c986210a6ad5,Underwriter (Insurance),Business & Finance,2026-04-28T07:59:17.844048+00:00,"A bachelor's degree in business, finance, or related field is preferred; professional certification (like the Chartered Property Casualty Underwriter credential) strengthens credentials after entry."
19,bachelor s degree business finance related field preferred,c2329230-268f-456a-8ac6-e71670e35537,Impact Venture Capitalist,Entrepreneurship,2026-04-25T06:06:40.936763+00:00,"Bachelor's degree in business, finance, or related field preferred; extensive startup experience, financial acumen, and a strong industry network are typically essential before transitioning to VC roles."
19,bachelor s degree business finance related field preferred,c4a669a8-1f6e-4596-a284-5cc5456ee772,Event Insurance Specialist,Hospitality & Events,2026-05-30T02:03:57.959548+00:00,"A bachelor's degree in business, finance, or related field is preferred; insurance licensing (Property & Casualty or Event-specific certifications) and continuing education are typically required."
19,bachelor s degree business finance related field preferred,c5ccc63b-44e3-41ee-bd3c-8e1009dcd88c,Consulting Startup Owner,Entrepreneurship,2026-04-22T02:52:30.264317+00:00,"A bachelor's degree in business, finance, or related field is preferred; entrepreneurial experience and strong analytical skills can substitute for formal credentials in some cases."
19,bachelor s degree business finance related field preferred,d34df182-7108-490c-b798-25f7a6d98d9c,Angel Investment Scout,Entrepreneurship,2026-04-22T02:52:33.295118+00:00,"Bachelor's degree in business, finance, or related field preferred; certifications in venture capital, financial analysis, or business development are advantageous but not always required."
19,bachelor s degree business finance related field preferred,e4ee2c4c-4975-402c-b5ef-c71ebcf9e012,Conscious Venture Capitalist,Entrepreneurship,2026-05-14T02:10:39.234003+00:00,"Bachelor's degree in business, finance, or related field preferred; MBA or venture capital experience strongly advantageous; demonstrated passion for social or environmental causes."
19,bachelor s degree business finance related field preferred,e7495886-f28b-4ca6-b8b7-bbb0676f5de9,Insurance Underwriter,Media & Journalism,2026-04-22T02:52:34.239097+00:00,"Bachelor's degree in business, finance, or related field preferred; professional certifications such as Associate in Commercial Underwriting (AU) or Chartered Property Casualty Underwriter (CPCU) enhance career prospects."
18,bachelor s degree finance business economics required mba,03d90543-2441-493a-aad9-5a143bfd71c5,Merger and Acquisition Specialist,Business & Finance,2026-05-07T01:57:22.411361+00:00,"Bachelor's degree in Finance, Business, or Economics required; MBA and investment banking or corporate finance experience typically needed before specializing in M&A."
18,bachelor s degree finance business economics required mba,068d0c17-7f3a-41b3-b781-bce79ce0e729,Private Equity Analyst,Business & Finance,2026-05-27T02:16:05.687734+00:00,"Bachelor's degree in finance, business, or economics required; MBA and CFA certification highly valued for advancement."
18,bachelor s degree finance business economics required mba,08a97a6f-3dce-484e-aa02-7c781c9a935d,Mergers and Acquisitions Specialist,Science & Research,2026-04-22T02:52:31.20659+00:00,"Bachelor's degree in finance, business, or economics required; MBA preferred; securities licenses (Series 7, 63) and CFA certification highly valued."
18,bachelor s degree finance business economics required mba,14cb7ea0-5f6d-441c-a388-aa29b821f1f0,Corporate Mergers & Acquisitions Specialist,Business & Finance,2026-06-06T02:06:56.414785+00:00,"Bachelor's degree in finance, business, or economics required; MBA strongly preferred; CFA or investment banking experience typically needed for entry."
18,bachelor s degree finance business economics required mba,1541717f-e969-4c8e-8049-89d9a4d938d5,Mergers & Acquisitions Advisor,Business & Finance,2026-04-24T06:30:17.667431+00:00,"Bachelor's degree in finance, business, or economics required; MBA and financial certifications (CFA, CPA) strongly preferred for advancement."
18,bachelor s degree finance business economics required mba,51a5c097-b311-452d-bfec-9be1a3f57cf9,Venture Debt Advisor,Entrepreneurship,2026-04-22T02:52:31.845128+00:00,"Bachelor's degree in finance, business, or economics required; MBA or CFA preferred; 3-5 years finance experience strongly preferred."
18,bachelor s degree finance business economics required mba,52c73d05-638f-4158-8a26-c1ca370ed63b,Mergers & Acquisitions Specialist,Science & Research,2026-04-22T02:52:33.477982+00:00,"Bachelor's degree in finance, business, or economics required; MBA and financial certifications (CFA, CPA) typically expected for advancement."
18,bachelor s degree finance business economics required mba,5a2c5de1-a213-42fc-921c-bd54bbff3812,Mergers and Acquisitions Manager,Business & Finance,2026-04-22T02:52:31.392704+00:00,"Bachelor's degree in finance, business, or economics required; MBA preferred; Series 7 or 63 licensing may be needed depending on employer."
18,bachelor s degree finance business economics required mba,5a933e8f-b1a3-4e1c-9b07-ec76b6a89206,Merger & Acquisitions Specialist,Business & Finance,2026-06-26T04:12:46.030219+00:00,"Bachelor's degree in finance, business, or economics required; MBA preferred; CFA or similar certifications strengthen candidacy; investment banking or corporate finance experience essential for entry."
18,bachelor s degree finance business economics required mba,693e56ca-30cb-47a1-8ce1-ff1df922bfd1,Mergers and Acquisitions Advisor,Business & Finance,2026-04-22T02:52:32.905098+00:00,"Bachelor's degree in finance, business, or economics required; MBA and financial certifications (CFA, CFM) typically needed for advancement."
18,bachelor s degree finance business economics required mba,8356e01b-716e-4fb2-bc4f-61ef35f9d567,Mergers and Acquisitions Analyst,Fashion & Beauty,2026-04-22T02:52:31.392704+00:00,"Bachelor's degree in Finance, Business, or Economics required; MBA and CFA certification preferred for advancement."
18,bachelor s degree finance business economics required mba,83a10505-3ef4-4ab3-924e-da829c281dcc,Mergers & Acquisitions Consultant,Business & Finance,2026-06-08T02:38:36.404581+00:00,"Bachelor's degree in finance, business, or economics required; MBA and relevant certifications (CFA, CFM) strongly preferred; 3-5 years of financial analysis experience typical for entry into M&A consulting."
18,bachelor s degree finance business economics required mba,99e211aa-cbac-410c-af39-2e0b28b1c7b1,Merger & Acquisitions Advisor,Business & Finance,2026-06-27T03:58:50.129996+00:00,"Bachelor's degree in finance, business, or economics required; MBA and investment banking experience strongly preferred; CFA or Series 7/63 licenses may be needed."
18,bachelor s degree finance business economics required mba,b1a33d98-9cce-4b8d-b216-20e4089f02a3,Mergers & Acquisitions Associate,Business & Finance,2026-04-22T03:25:23.776941+00:00,"Bachelor's degree in Finance, Business, or Economics required; MBA and investment banking experience typically needed for entry."
18,bachelor s degree finance business economics required mba,b4bf16ea-e653-42e2-8ec5-78d4c22fcc42,M&A Specialist,Business & Finance,2026-04-22T02:52:34.239097+00:00,"Bachelor's degree in finance, business, or economics required; MBA and investment banking or corporate finance experience typically expected; CFA or similar certifications valuable."
18,bachelor s degree finance business economics required mba,b8baae6f-f48a-4664-8985-fa90a943f72a,Merger & Acquisition Specialist,Business & Finance,2026-04-27T08:00:01.180134+00:00,"Bachelor's degree in finance, business, or economics required; MBA preferred; relevant certifications like CFA or investment banking experience typically needed to enter the field."
18,bachelor s degree finance business economics required mba,c170a577-66bf-464b-b5e7-21ff32b0f9e4,M&A Advisory Consultant,Business & Finance,2026-06-03T02:46:34.051686+00:00,"Bachelor's degree in finance, business, or economics required; MBA and certifications like CFA or investment banking experience typically needed for consultant roles."
18,bachelor s degree finance business economics required mba,cdc8746b-5d72-4758-9322-04af3fb74d63,Mergers and Acquisitions (M&A) Associate,Business & Finance,2026-04-26T06:29:50.778006+00:00,"Bachelor's degree in finance, business, or economics required; MBA and investment banking experience strongly preferred; CFA certification valuable but not mandatory."
18,bachelor s degree education instructional design related field,08ea61bc-2a5c-47c8-9a70-20e69343e1f4,Blended Learning Specialist,Education & Coaching,2026-08-07T02:56:04.633824+00:00,"A bachelor's degree in education, instructional design, or related field is often preferred, along with certifications in learning management systems (LMS) or instructional design."
18,bachelor s degree education instructional design related field,335350c4-f7b4-4e61-a5f8-b3b2c07f0738,Online Learning Specialist,Education & Coaching,2026-04-26T06:32:25.014248+00:00,"A bachelor's degree in education, instructional design, or a related field is often preferred, plus certification in learning management systems (LMS) or instructional design credentials like IDOL or IDOL-like programs."
18,bachelor s degree education instructional design related field,366e0cc0-3775-472d-9032-fcbf97d444e3,Online Curriculum Designer,Education & Coaching,2026-04-25T06:06:34.423435+00:00,"A bachelor's degree in education, instructional design, or related field is often preferred; certifications in instructional design or learning management systems are helpful but not always required."
18,bachelor s degree education instructional design related field,4e0e00d3-2758-448d-beeb-33a53616a55f,Online Learning Curriculum Designer,Education & Coaching,2026-04-24T06:32:25.944188+00:00,"A bachelor's degree in education, instructional design, or related field is preferred; certifications in instructional design (like IDOL or ATD) strengthen prospects."
18,bachelor s degree education instructional design related field,53c701c5-00b5-4a80-b12c-be577aaa30d6,Online Education Coordinator,Education & Coaching,2026-05-16T01:59:17.388835+00:00,"Bachelor's degree in Education, Instructional Design, or related field preferred; certifications in learning management systems (LMS) or instructional design can accelerate career growth."
18,bachelor s degree education instructional design related field,5d8d5db5-d654-46d7-82ec-0e5f97a5c38f,Curriculum Specialist (Corporate Training),Education & Coaching,2026-05-22T02:13:28.279075+00:00,"Bachelor's degree in education, instructional design, or related field preferred; certifications like IDOL or ATD membership strengthen candidacy."
18,bachelor s degree education instructional design related field,5dbfd3d3-1e3a-43a5-a9c1-65527daafe3c,Instructional Design Manager,Education & Coaching,2026-05-23T02:02:34.271845+00:00,"Bachelor's degree in education, instructional design, or related field; experience in instructional design or training roles; and often a certification like IDOL or IDOL-ICE is valuable."
18,bachelor s degree education instructional design related field,6339d0c3-5509-422b-b265-35072111fc84,Curriculum Developer (Corporate Training),Education & Coaching,2026-04-22T02:52:30.655222+00:00,"Bachelor's degree in education, instructional design, or related field preferred; certifications like IDOL or ATD are beneficial but not always required."
18,bachelor s degree education instructional design related field,7967ceac-f412-40b6-9d62-7d7e8a8e11b4,EdTech Curriculum Manager,Education & Coaching,2026-04-25T06:08:29.621724+00:00,"Bachelor's degree in education, instructional design, or related field; experience in curriculum development and familiarity with learning management systems (LMS) and educational technology platforms preferred."
18,bachelor s degree education instructional design related field,7c478123-2d02-4fa7-a6b7-1a4e0e7c6ed0,Instructional Designer (E-Learning),Education & Coaching,2026-04-22T02:52:29.422718+00:00,"Bachelor's degree in education, instructional design, or related field preferred; industry certifications like IDOL or ATD are valuable but not always required to start."
18,bachelor s degree education instructional design related field,8937c3a0-9ea5-4ac7-a2e4-27e2fccf1a6c,Learning Experience Designer,Education & Coaching,2026-04-22T02:52:33.477982+00:00,"Bachelor's degree in education, instructional design, or related field preferred; certifications such as IDOL, IDSA, or Articulate Storyline are valuable but not always required."
18,bachelor s degree education instructional design related field,9b7258ef-a52a-4fb2-a6ba-df9814e5e8d7,Curriculum Designer,Education & Coaching,2026-04-22T02:52:33.477982+00:00,"Bachelor's degree in Education, Instructional Design, or related field; certifications in Instructional Design (IDOL, IDSA) or Learning Management Systems are beneficial but not always required."
18,bachelor s degree education instructional design related field,bae30770-33b8-4f9e-af25-45f2476efa06,Learning Experience Manager,Education & Coaching,2026-05-23T02:02:38.220494+00:00,"A bachelor's degree in education, instructional design, or related field is often preferred; certifications in learning management systems (LMS) or instructional design (IDOL, ADDIE) are valuable but not always required."
18,bachelor s degree education instructional design related field,c164c74a-ba0e-4c13-9973-4a7024bbdbd8,Learning Experience Designer (Corporate),Education & Coaching,2026-05-14T02:10:29.612844+00:00,"Bachelor's degree in education, instructional design, or related field preferred; certifications like IDOL or ATD-IDP strengthen prospects; experience with eLearning tools (Articulate, Adobe Captivate) is increasingly important."
18,bachelor s degree education instructional design related field,c431b66b-6ea4-4317-a238-2441e72b1417,Curriculum Designer (Corporate Training),Education & Coaching,2026-04-27T08:00:21.78426+00:00,"Bachelor's degree in education, instructional design, or related field preferred; certifications like IDOL or IDOL Foundation are valuable but not always required."
18,bachelor s degree education instructional design related field,c84f118e-f776-4678-9466-a10a42025364,EdTech Curriculum Specialist,Education & Coaching,2026-04-23T06:28:58.737146+00:00,"Bachelor's degree in Education, Instructional Design, or related field preferred; knowledge of learning management systems (LMS) and instructional design principles essential."
18,bachelor s degree education instructional design related field,da12fcd3-133b-4b1e-bce3-fc7fbf76b839,Online Curriculum Developer,Education & Coaching,2026-07-17T03:17:28.623461+00:00,"A bachelor's degree in education, instructional design, or related field is often preferred; certifications in learning management systems (LMS) and instructional design can accelerate entry."
18,bachelor s degree education instructional design related field,fb469adb-bafd-4bdb-a6d6-38abd067701b,Online Learning Experience Manager,Education & Coaching,2026-08-04T03:15:20.475381+00:00,"A bachelor's degree in education, instructional design, or related field is helpful but not always required; certifications in learning management systems (LMS), instructional design, or education technology are valuable."
18,bachelor s degree computer science related field common,30954727-b10f-45c9-8e6e-dd7c6d59b295,Software Engineer (Full Stack),Tech & Engineering,2026-05-09T01:57:26.066162+00:00,A bachelor's degree in computer science or related field is common but bootcamps and self-teaching with strong portfolios can lead to entry-level roles; proficiency in multiple programming languages and frameworks is essential.
18,bachelor s degree computer science related field common,4881f711-2479-42b0-b7b6-560cfbe5eafc,Full-Stack Developer,Tech & Engineering,2026-08-11T02:07:13.18459+00:00,A bachelor's degree in computer science or related field is common but not always required; bootcamps and self-taught portfolios can substitute if you demonstrate strong coding skills and real projects.
18,bachelor s degree computer science related field common,4b68fb43-19df-4c77-b607-cb103569cd01,Software Engineer Manager,Architecture & Urban Planning,2026-04-22T02:52:31.845128+00:00,"A bachelor's degree in computer science or related field is common, plus 5-7 years of software engineering experience before transitioning into management roles."
18,bachelor s degree computer science related field common,692e50fb-efe9-421d-b8b2-3ba857d6ba57,Backend Infrastructure Engineer,Tech & Engineering,2026-06-03T02:47:24.487008+00:00,"A bachelor's degree in computer science or related field is common but not always required; coding bootcamps and self-taught portfolios can lead to entry-level roles, though cloud certifications (AWS, Google Cloud) strengthen candidacy."
18,bachelor s degree computer science related field common,6a5655a3-4bd6-4874-b42a-365a55ba0a44,Backend Software Engineer,Tech & Engineering,2026-05-20T02:12:49.959472+00:00,A bachelor's degree in computer science or related field is common but not always required; bootcamp graduates and self-taught developers can enter with a strong portfolio of projects.
18,bachelor s degree computer science related field common,728dbbb3-031c-42b9-b503-b8caaa9d2f1b,QA Automation Engineer,Tech & Engineering,2026-05-04T01:54:35.566879+00:00,"A bachelor's degree in computer science or related field is common but not always required; coding bootcamps and certifications in test automation tools (Selenium, Appium, TestNG) can substitute with strong portfolio projects."
18,bachelor s degree computer science related field common,782273c9-574d-4844-b863-561ff37af89d,Quality Assurance Engineer (Software Testing),Tech & Engineering,2026-07-11T03:19:36.25926+00:00,"A bachelor's degree in computer science or related field is common, though some roles accept high school diplomas plus certifications like ISTQB or relevant bootcamp training."
18,bachelor s degree computer science related field common,7aaeb4e3-e00c-4911-a244-31bb2f21965a,Backend API Developer,Tech & Engineering,2026-06-06T02:08:14.233726+00:00,"A bachelor's degree in computer science or related field is common but bootcamps and self-taught portfolios can work; proficiency in backend languages like Python, Java, or Node.js is essential."
18,bachelor s degree computer science related field common,b5196790-2fe1-4c80-8866-bbb0b8705045,API Developer,Supply Chain & Operations,2026-04-22T02:52:31.392704+00:00,"A bachelor's degree in computer science or related field is common, though bootcamps and self-taught developers with strong portfolios can enter the field; knowledge of programming languages and REST/GraphQL API design is essential."
18,bachelor s degree computer science related field common,ba514328-caa8-4cf2-9dc5-4011f3224752,Software Developer,Aviation & Transportation,2026-04-22T02:52:31.660242+00:00,A bachelor's degree in computer science or related field is common but bootcamp graduates and self-taught developers with strong portfolios can enter the field; certifications in specific languages or frameworks are optional.
18,bachelor s degree computer science related field common,c978c25c-fd07-42e8-84fc-8c5fb5b3e541,Quality Assurance Engineer (Software),Tech & Engineering,2026-04-22T06:27:47.546909+00:00,A bachelor's degree in computer science or related field is common but not always required; certifications like ISTQB or CSTE can boost entry-level prospects.
18,bachelor s degree computer science related field common,cc1a6b6c-dcfc-4f6c-999d-31b2a395501a,Frontend Engineer,Science & Research,2026-04-22T02:52:32.496342+00:00,"A bachelor's degree in computer science or related field is common, but bootcamp certifications and self-taught portfolios are increasingly accepted; proficiency in HTML, CSS, JavaScript, and modern frameworks like React or Vue is essential."
18,bachelor s degree computer science related field common,cd6df5de-2be5-48f5-a82d-c9cd0f9e63e7,IT Security Analyst,Tech & Engineering,2026-05-04T01:53:33.741334+00:00,"A bachelor's degree in computer science or related field is common; certifications like CompTIA Security+, CEH, or CISSP are highly valued and sometimes required."
18,bachelor s degree computer science related field common,d3ef55b2-1209-4b65-9461-e642697c937b,Quality Assurance Engineer,Science & Research,2026-04-22T02:52:33.675655+00:00,A bachelor's degree in computer science or related field is common but not always required; certifications like ISTQB or experience with testing tools can substitute for formal education.
18,bachelor s degree computer science related field common,f0b08c9b-43af-48e0-b6b3-0cdf135d9539,Mobile Application Developer,Tech & Engineering,2026-06-22T02:44:39.304033+00:00,"Bachelor's degree in computer science or related field is common, but coding bootcamps and self-taught portfolios can substitute; knowledge of iOS/Android frameworks and programming languages like Swift, Java, or Kotlin essential."
18,bachelor s degree computer science related field common,f1f49d00-dad3-4b72-a0cb-5a53266dfed6,Software Quality Assurance Engineer,Science & Research,2026-04-22T02:52:32.086589+00:00,A bachelor's degree in computer science or related field is common but not always required; certifications like ISTQB or CSTE can boost entry-level opportunities.
18,bachelor s degree computer science related field common,f1f94c32-74e5-4f72-bd52-20dc428b8660,Cloud Engineer,Science & Research,2026-04-22T02:52:32.496342+00:00,"A bachelor's degree in computer science or related field is common but not always required; AWS, Azure, or Google Cloud certifications significantly boost hiring chances."
18,bachelor s degree computer science related field common,fbb8aceb-3b81-4be0-88b0-6e3376337089,Software Engineer,Science & Research,2026-04-22T02:52:33.675655+00:00,"A bachelor's degree in computer science or related field is common but bootcamps, self-teaching, and portfolio projects can substitute; certifications are optional and role-dependent."
17,bachelor s degree computer science engineering related field,047d5088-56c1-4ff9-bbc6-a39c7a90b1d9,Computer Vision Engineer,Supply Chain & Operations,2026-04-22T02:52:33.675655+00:00,"Bachelor's degree in Computer Science, Engineering, or related field; knowledge of deep learning frameworks, Python, and computer vision libraries; optional certifications in machine learning or AI."
17,bachelor s degree computer science engineering related field,16d82ffc-426a-4872-bcb3-e215feec3d9c,Data Pipeline Engineer,Science & Research,2026-04-22T02:52:29.422718+00:00,"Bachelor's degree in Computer Science, Engineering, or related field preferred; certifications in cloud platforms (AWS, GCP, Azure) and data tools (Apache Spark, Kafka) are valuable but not always required."
17,bachelor s degree computer science engineering related field,1b941b2f-e048-42d7-9004-8a000f94ed98,Payment Systems Architect,Cybersecurity,2026-04-22T02:52:31.392704+00:00,"Bachelor's degree in Computer Science, Engineering, or related field; certifications in payment systems, security (CISSP), and cloud platforms (AWS/Azure) are highly valued."
17,bachelor s degree computer science engineering related field,24625f79-818c-45c2-8d1d-c13abd5f6fd4,AI/Machine Learning Operations Manager,Tech & Engineering,2026-05-13T02:08:48.766116+00:00,"Bachelor's degree in computer science, engineering, or related field preferred; certifications in cloud platforms (AWS, GCP, Azure) and MLOps tools are valuable but not always required with relevant experience."
17,bachelor s degree computer science engineering related field,2a95da84-d786-4dcf-afd8-ba3ccbdd6bdc,Chief Technology Officer,Cybersecurity,2026-04-22T02:52:31.845128+00:00,"Bachelor's degree in computer science, engineering, or related field required; typically 10+ years of tech industry experience and certifications in cloud platforms or cybersecurity are strongly preferred."
17,bachelor s degree computer science engineering related field,3289f063-f03c-496c-8eb8-dcc37877aa29,AI/ML Operations Engineer,Tech & Engineering,2026-06-15T02:43:20.927589+00:00,"Bachelor's degree in computer science, engineering, or related field; experience with cloud platforms (AWS, GCP, Azure), containerization tools (Docker, Kubernetes), and Python or similar languages preferred."
17,bachelor s degree computer science engineering related field,3ac36e38-e0ec-447c-96b4-663ad5f01626,Robotics Software Engineer,Tech & Engineering,2026-07-29T03:15:26.403993+00:00,"A bachelor's degree in computer science, engineering, or related field is common, though some positions accept portfolio-based candidates with strong programming skills in C++, Python, or ROS experience."
17,bachelor s degree computer science engineering related field,616b827a-db2f-4d0c-8a13-be0a0a5f4d6e,Accessibility Engineer,Tech & Engineering,2026-05-29T02:09:13.755539+00:00,"Bachelor's degree in computer science, engineering, or related field is typical; certifications like IAAP (International Association of Accessibility Professionals) CPACC are valuable but not always required."
17,bachelor s degree computer science engineering related field,70b3103b-495e-4ea0-a736-3cb4254296ec,Data Engineer,Science & Research,2026-04-22T02:52:33.087307+00:00,"A bachelor's degree in computer science, engineering, or related field is typical; strong skills in SQL, Python, and cloud platforms (AWS, Azure, GCP) are essential, with certifications like AWS Solutions Architect or Google Cloud Professional Data Engineer valued by employers."
17,bachelor s degree computer science engineering related field,7fdd0e73-9311-4596-b770-0071cdd3dd4f,Solutions Architect,Tech & Engineering,2026-04-22T02:52:29.206458+00:00,"Bachelor's degree in computer science, engineering, or related field preferred; certifications in cloud platforms (AWS, Azure, Google Cloud) and relevant tech stacks are valuable but experience building solutions matters most."
17,bachelor s degree computer science engineering related field,931dd6c8-e070-4a91-9af8-82e6d7699f7e,Machine Learning Operations Manager,Tech & Engineering,2026-04-28T08:00:32.531703+00:00,"Bachelor's degree in computer science, engineering, or related field, plus 2-3 years of ML/software engineering experience and familiarity with MLOps tools and cloud platforms."
17,bachelor s degree computer science engineering related field,ace4367d-3852-4bb1-8054-441eb4b85955,Software Engineer (AI/ML),Tech & Engineering,2026-06-23T04:04:54.865597+00:00,"A bachelor's degree in computer science, engineering, or related field is common but bootcamps and self-taught paths exist; proficiency in Python, TensorFlow, PyTorch, and machine learning fundamentals are essential."
17,bachelor s degree computer science engineering related field,aed25b09-cc13-4654-988e-83487a555240,Technical Program Manager (TPM),Tech & Engineering,2026-04-26T06:31:54.022057+00:00,"Bachelor's degree in computer science, engineering, or related field preferred; strong foundation in software development, systems thinking, or product management; certifications like PMP or Agile are valuable but not required."
17,bachelor s degree computer science engineering related field,ceb47f7f-b7f8-41bf-a23d-8f237ac54c28,Research Software Engineer,Science & Research,2026-05-14T02:11:51.166646+00:00,"A bachelor's degree in computer science, engineering, or a related field is typically required; advanced roles often need a master's degree or PhD in a scientific discipline combined with software engineering expertise."
17,bachelor s degree computer science engineering related field,db01509e-7c65-45c7-8087-82bc25d8f3bf,ML Ops Engineer,Fashion & Beauty,2026-04-22T02:52:34.05043+00:00,"Bachelor's degree in Computer Science, Engineering, or related field; certifications in cloud platforms (AWS, GCP, Azure), Kubernetes, and DevOps tools are highly valued."
17,bachelor s degree computer science engineering related field,e6bc5ce0-b8a1-45fd-af5c-a1c6d71875ce,Digital Twin Developer,Tech & Engineering,2026-08-12T02:25:18.854673+00:00,"Bachelor's degree in computer science, engineering, or related field; proficiency in 3D modeling software, simulation platforms (Unity, Unreal), and programming languages like C++ or Python."
17,bachelor s degree computer science engineering related field,f6e04100-0214-4161-b5e0-558a851f0759,Machine Learning Operations Engineer,Fashion & Beauty,2026-04-22T02:52:33.295118+00:00,"Bachelor's degree in Computer Science, Engineering, or related field; strong foundation in Python, cloud platforms (AWS/GCP), and DevOps practices; certifications in MLOps or cloud engineering are advantageous."
16,high school diploma minimum bachelor s degree hospitality,020c46e2-8786-43ad-b05e-4fa90531024a,Resort Operations Manager,Hospitality & Events,2026-05-13T02:06:48.124305+00:00,High school diploma minimum; bachelor's degree in hospitality management preferred; certifications in hotel operations and customer service enhance advancement.
16,high school diploma minimum bachelor s degree hospitality,0842dca2-07be-4928-bc9d-e02a3558576d,Wedding Planner (Destination Events),Hospitality & Events,2026-04-25T06:07:10.87779+00:00,"High school diploma minimum; bachelor's degree in hospitality, business, or event management preferred; certifications like Certified Professional Wedding Planner (CPWP) enhance credibility."
16,high school diploma minimum bachelor s degree hospitality,12604f45-0f7f-41ce-9c0a-0907f666ae32,Conference Planner (Corporate),Hospitality & Events,2026-05-27T02:17:25.943231+00:00,"High school diploma minimum; bachelor's degree in hospitality, business, or communications preferred; certification through professional organizations like MPI (Meeting Professionals International) is beneficial."
16,high school diploma minimum bachelor s degree hospitality,270d31f8-7335-4f02-9049-02649d8bc3f7,Event Manager (Destination Weddings),Hospitality & Events,2026-06-22T03:22:47.916367+00:00,"High school diploma minimum; bachelor's degree in hospitality, business, or event management preferred; certifications like Certified Professional Planner (CPP) strengthen credentials."
16,high school diploma minimum bachelor s degree hospitality,29037a76-ebdd-4bc5-98dc-6d6b39d1105f,Event Planner (Corporate),Marketing & Communications,2026-04-22T02:52:30.47108+00:00,"High school diploma minimum; bachelor's degree in hospitality, business, or event management preferred; certifications like Certified Event Planner (CEP) strengthen credentials but aren't required for entry-level roles."
16,high school diploma minimum bachelor s degree hospitality,3b3a9300-f742-4414-8619-7af2551d8ce0,Convention Sales Manager,Hospitality & Events,2026-04-24T06:32:48.666463+00:00,"High school diploma minimum; bachelor's degree in hospitality, business, or marketing preferred; sales experience and industry certifications like CMP (Certified Meeting Professional) enhance career prospects."
16,high school diploma minimum bachelor s degree hospitality,3eb9f815-2343-40d7-b417-4b3cdcf870c8,Guest Experience Director,Hospitality & Events,2026-05-19T02:12:44.480066+00:00,High school diploma minimum; bachelor's degree in hospitality management or related field preferred; certifications in customer service or event planning strengthen candidacy.
16,high school diploma minimum bachelor s degree hospitality,4525058b-d872-4534-9265-a41b1420ca31,Event Planner,Supply Chain & Operations,2026-04-22T02:52:32.271017+00:00,"High school diploma minimum; bachelor's degree in hospitality, business, or event management preferred; certifications such as Certified Meeting Professional (CMP) or Certified Special Events Professional (CSEP) are advantageous but not required."
16,high school diploma minimum bachelor s degree hospitality,4d7ea0c2-a035-436a-9335-9ca3e1855951,Cruise Ship Director,Supply Chain & Operations,2026-04-22T02:52:29.856816+00:00,"High school diploma minimum; bachelor's degree in hospitality, business, or event management preferred; certifications in cruise operations or leadership are advantageous."
16,high school diploma minimum bachelor s degree hospitality,5f10d973-7f3a-4fcb-96ec-5bda090699ac,Event Coordinator (Corporate),Hospitality & Events,2026-04-30T01:58:17.554452+00:00,"High school diploma minimum; bachelor's degree in hospitality, business, or event management preferred; certification through MPI or ISES is valuable but not required."
16,high school diploma minimum bachelor s degree hospitality,85bb8baf-b791-4d52-bc19-ce4425207787,Meeting and Event Coordinator (Medical),Hospitality & Events,2026-06-18T02:39:52.543577+00:00,"High school diploma minimum; bachelor's degree in hospitality, business, or healthcare preferred; professional certifications like CMP (Certified Meeting Professional) are valuable but not always required."
16,high school diploma minimum bachelor s degree hospitality,86999818-0339-499f-b516-d43e6f53f9f3,Event Coordinator,Hospitality & Events,2026-04-22T02:52:30.082186+00:00,"High school diploma minimum; bachelor's degree in hospitality, business, or event management preferred; professional certifications like CMP (Certified Meeting Professional) enhance career prospects."
16,high school diploma minimum bachelor s degree hospitality,8d5174cf-860a-4bdb-b9e4-7a02987d7f27,Convention Center Coordinator,Hospitality & Events,2026-05-04T01:54:13.05175+00:00,"High school diploma minimum; bachelor's degree in hospitality, business, or event management preferred; certifications like CMP (Certified Meeting Professional) enhance prospects."
16,high school diploma minimum bachelor s degree hospitality,c8166b33-1762-497f-8970-5659ccea9680,Venue Operations Director,Hospitality & Events,2026-07-09T03:51:01.996292+00:00,High school diploma minimum; bachelor's degree in hospitality management or business preferred; certifications in event management or facility operations helpful.
16,high school diploma minimum bachelor s degree hospitality,d667b0ef-e170-4514-a903-9770e28cc55e,Hotel Reputation Manager,Hospitality & Events,2026-08-12T02:26:41.29985+00:00,"High school diploma minimum; bachelor's degree in hospitality, communications, or marketing preferred; certifications in reputation management platforms or social media management are advantageous."
16,high school diploma minimum bachelor s degree hospitality,f57576ea-8934-409f-8a4e-f889e239c0d3,Event Venue Manager,Supply Chain & Operations,2026-04-22T02:52:30.082186+00:00,"High school diploma minimum; bachelor's degree in hospitality, event management, or business preferred; certifications in event planning or venue management helpful."
15,bachelor s degree business entrepreneurship related field preferred,004e473d-0260-4a99-bc09-9a20c62d37c9,Franchise Architect,Entrepreneurship,2026-07-28T02:56:25.323996+00:00,"A bachelor's degree in business, entrepreneurship, or related field is typically preferred; certifications in franchise development or business consulting strengthen credentials."
15,bachelor s degree business entrepreneurship related field preferred,03c5a266-bcb0-4101-b5e8-914649317144,Business Incubator Mentor,Entrepreneurship,2026-04-22T02:52:33.087307+00:00,"Bachelor's degree in business, entrepreneurship, or related field preferred; successful startup experience and strong business acumen are often more valuable than formal credentials."
15,bachelor s degree business entrepreneurship related field preferred,1f59c7cc-9d03-4e95-94d2-d4eb0bc8df8c,Business Incubator Director,Entrepreneurship,2026-04-30T01:57:43.40219+00:00,"Bachelor's degree in business, entrepreneurship, or related field preferred; experience launching or scaling startups and strong business acumen are essential."
15,bachelor s degree business entrepreneurship related field preferred,35ff7cda-81c9-43fb-aefc-458d9e9d50c4,Incubator Program Director,Gaming & Esports,2026-04-22T02:52:29.856816+00:00,"Bachelor's degree in business, entrepreneurship, or related field preferred; certifications in startup management, business development, or entrepreneurship training programs are advantageous."
15,bachelor s degree business entrepreneurship related field preferred,5dc85d85-dee8-4af3-b71e-0bf4faec337b,Venture Scout,Entrepreneurship,2026-04-30T01:57:50.234007+00:00,"Bachelor's degree in business, entrepreneurship, or related field preferred; experience in startup ecosystems, business development, or venture capital strongly valued."
15,bachelor s degree business entrepreneurship related field preferred,615c1b17-cebb-43f1-8c4a-624ca9396d55,Franchise Restoration Consultant,Entrepreneurship,2026-04-25T06:08:55.745025+00:00,"Bachelor's degree in business, entrepreneurship, or related field preferred; franchise management certification and 3-5 years of business or franchise industry experience typically required."
15,bachelor s degree business entrepreneurship related field preferred,67958779-91d6-4c60-99a9-379ad4f48ff1,Business Incubator Manager,Entrepreneurship,2026-04-22T02:52:33.477982+00:00,"A bachelor's degree in business, entrepreneurship, or related field is preferred; prior startup experience or business development background strongly recommended."
15,bachelor s degree business entrepreneurship related field preferred,68381b4a-f586-4c49-a9ae-32864fa50c19,Business Model Innovation Consultant,Entrepreneurship,2026-07-04T03:41:46.760031+00:00,"Bachelor's degree in business, entrepreneurship, or related field preferred; experience with startups, consulting, or innovation frameworks is valuable."
15,bachelor s degree business entrepreneurship related field preferred,7ea0966f-0543-433c-b662-a59a134e17ea,Tech Incubator Director,Entrepreneurship,2026-05-14T02:08:48.844845+00:00,"A bachelor's degree in business, entrepreneurship, or related field is often preferred; MBA or startup experience and demonstrated track record with successful ventures are typically required."
15,bachelor s degree business entrepreneurship related field preferred,88056f02-c033-40b3-94d0-a0f0197cc4ac,Franchise Model Designer,Entrepreneurship,2026-04-26T06:32:40.179339+00:00,"Bachelor's degree in business, entrepreneurship, or related field preferred; experience in business operations, consulting, or franchise management highly valued."
15,bachelor s degree business entrepreneurship related field preferred,8949adfc-5ed8-4049-94f4-8d3600d78206,Launch Pad Director (Startup Incubator),Entrepreneurship,2026-07-04T03:41:43.696623+00:00,"Bachelor's degree in business, entrepreneurship, or related field preferred; 3+ years of startup or business experience and a strong professional network typically required."
15,bachelor s degree business entrepreneurship related field preferred,ab488458-0ed7-4d79-a616-ff9bcd6b8b18,Tech Incubator Manager,Entrepreneurship,2026-04-22T02:52:32.086589+00:00,"Bachelor's degree in business, entrepreneurship, or related field preferred; experience founding or scaling a startup or working in venture capital/business development typically required."
15,bachelor s degree business entrepreneurship related field preferred,b206fee6-743f-4dac-95cb-feb1a30da90c,Innovation Consultant,Entrepreneurship,2026-07-07T03:58:07.834098+00:00,"A bachelor's degree in business, entrepreneurship, or related field is preferred; relevant certifications in innovation management or business strategy can accelerate advancement."
15,bachelor s degree business entrepreneurship related field preferred,b8835c82-aceb-4ea1-9751-88a8de61b553,Minority-Owned Business Consultant,Entrepreneurship,2026-05-29T02:08:07.156838+00:00,"Bachelor's degree in business, entrepreneurship, or related field preferred; consulting certification or SBA training courses strengthen candidacy."
15,bachelor s degree business entrepreneurship related field preferred,c1397f62-93cf-43c7-b3c7-7a8351eac9a6,Business Plan Accelerator Mentor,Entrepreneurship,2026-08-02T03:29:31.477648+00:00,"Bachelor's degree in business, entrepreneurship, or related field preferred; real-world startup experience and industry certifications (like Lean Startup or accelerator programs) highly valued."
15,bachelor s degree nonprofit management business related field,027f5789-5b29-401e-a3a5-c046ac3f7c62,Grant Administration Manager,Social Impact & Nonprofit,2026-06-21T02:41:13.856851+00:00,"A bachelor's degree in nonprofit management, business, or a related field is common; certification in grant management (like AGCM) strengthens credentials but isn't always required."
15,bachelor s degree nonprofit management business related field,0705ebf1-96b8-4e45-8373-575b802ce036,Volunteer Coordinator (Nonprofit),Social Impact & Nonprofit,2026-05-11T02:06:19.702889+00:00,"Bachelor's degree in nonprofit management, business, or related field preferred but not always required; volunteer experience or certification in volunteer management is a plus."
15,bachelor s degree nonprofit management business related field,2be7f121-c4b2-4a16-9f97-ec984f93a307,Nonprofit Board Development Director,Social Impact & Nonprofit,2026-06-14T02:38:29.712192+00:00,"A bachelor's degree in nonprofit management, business, or related field is helpful but not always required; experience in fundraising, volunteer management, or board relations is valuable."
15,bachelor s degree nonprofit management business related field,2df719de-94f9-4bcf-b5f9-71c85658d37e,Nonprofit Grants Officer,Social Impact & Nonprofit,2026-04-22T02:52:29.422718+00:00,"Bachelor's degree in nonprofit management, business, or related field preferred; strong writing skills and grant research experience essential."
15,bachelor s degree nonprofit management business related field,348a7a6c-6885-4c45-a350-06ade1d736cc,Development Director (Nonprofits),Social Impact & Nonprofit,2026-04-22T02:52:29.856816+00:00,"A bachelor's degree in nonprofit management, business, or related field is preferred; certifications like CFRE (Certified Fundraising Executive) strengthen candidacy but aren't always required for entry-level roles."
15,bachelor s degree nonprofit management business related field,4de3c291-23af-451e-b26e-33e0e85bd53b,Nonprofit Board Development Manager,Social Impact & Nonprofit,2026-04-22T02:52:34.465719+00:00,"Bachelor's degree in nonprofit management, business, or related field preferred; certifications in board governance or nonprofit leadership are valuable but not always required."
15,bachelor s degree nonprofit management business related field,60dccf32-80fe-47b8-92f8-402e3fba80c6,Volunteer Program Director,Social Impact & Nonprofit,2026-05-23T02:04:03.102397+00:00,"A bachelor's degree in nonprofit management, business, or related field is helpful but not always required; relevant volunteer or nonprofit experience and strong communication skills are essential."
15,bachelor s degree nonprofit management business related field,81a9be85-55b8-40b5-b6d5-355694333e48,Nonprofit Board Member Recruiter,Social Impact & Nonprofit,2026-04-22T02:52:32.905098+00:00,"Bachelor's degree in nonprofit management, business, or related field preferred; professional certifications in board governance or nonprofit management are advantageous but not required."
15,bachelor s degree nonprofit management business related field,8f294c8b-ec1e-43f6-acaa-e2ca4ad5de7d,Food Bank Director,Social Impact & Nonprofit,2026-04-22T02:52:29.422718+00:00,"Bachelor's degree in nonprofit management, business, or related field preferred; some positions accept relevant work experience in lieu of degree, plus knowledge of food safety regulations."
15,bachelor s degree nonprofit management business related field,94a18c2d-0a1c-4d0b-9a7b-1f786a3d56d0,Nonprofit Board Recruitment Manager,Social Impact & Nonprofit,2026-06-17T02:41:34.912097+00:00,"A bachelor's degree in nonprofit management, business, or related field is preferred; professional certifications in board recruitment or nonprofit governance are valuable but not required."
15,bachelor s degree nonprofit management business related field,98b170b9-e689-4aa5-bb80-45f2dc165ef6,Nonprofit Board Recruiter,Social Impact & Nonprofit,2026-06-22T03:28:00.080723+00:00,"Bachelor's degree in nonprofit management, business, or related field preferred; strong networking skills and volunteer board experience highly valued."
15,bachelor s degree nonprofit management business related field,a333eff6-ea1d-4764-948c-b9b28da93d6a,Nonprofit Board Development Officer,Social Impact & Nonprofit,2026-04-22T02:52:32.086589+00:00,"Bachelor's degree in nonprofit management, business, or related field preferred; certifications in board governance or nonprofit leadership are valuable but not always required."
15,bachelor s degree nonprofit management business related field,d59567b6-6ca8-4710-8221-6cd2264b7599,Grant Development Manager,Social Impact & Nonprofit,2026-06-03T02:46:20.361362+00:00,"Bachelor's degree in nonprofit management, business, or related field preferred; strong grant writing skills and experience in fundraising or nonprofit operations essential."
15,bachelor s degree nonprofit management business related field,e9bb9b85-87cd-4706-b46a-7a9281a2353e,Nonprofit Board Liaison,Gaming & Esports,2026-04-22T02:52:30.47108+00:00,"Bachelor's degree in nonprofit management, business, or related field preferred; experience with board administration, governance, or nonprofit operations is valuable but not always required."
15,bachelor s degree nonprofit management business related field,e9fe88c7-a3ae-4d30-8a89-e734794dba74,Research Grant Manager,Social Impact & Nonprofit,2026-04-22T02:52:29.422718+00:00,"Bachelor's degree in nonprofit management, business, or related field preferred; strong writing and project management skills essential; grant management certification helpful but not required."
15,bachelor s degree journalism communications related field common,0fa5ce48-8833-486b-965f-e179833cca73,Corrections Journalist,Media & Journalism,2026-04-27T07:59:09.27379+00:00,"A bachelor's degree in journalism, communications, or related field is common but not always required; strong research skills, media literacy training, and a portfolio of fact-checking work are essential."
15,bachelor s degree journalism communications related field common,3a02a819-5c3d-4163-97b0-d909d2731a00,Social Media Manager (News Organizations),Media & Journalism,2026-07-07T03:57:39.025228+00:00,"A bachelor's degree in journalism, communications, or a related field is common but not always required; strong portfolio demonstrating social media strategy and content creation skills is essential."
15,bachelor s degree journalism communications related field common,46347e51-516a-4be6-adb5-2d1e79996bfb,Investigative Researcher,Media & Journalism,2026-07-14T02:55:29.003543+00:00,"A bachelor's degree in journalism, communications, or a related field is common but not always required; strong writing skills, research methodology knowledge, and familiarity with data tools are essential."
15,bachelor s degree journalism communications related field common,47e016e0-dddd-4cb1-a0bb-f31699cb1a48,Investigative Researcher (Journalism),Media & Journalism,2026-08-10T02:11:29.691342+00:00,"A bachelor's degree in journalism, communications, or related field is common but not always required; strong writing skills, ethics training, and a portfolio of published work are essential."
15,bachelor s degree journalism communications related field common,483af109-1637-429e-9900-2785731a9737,Investigative Journalist (Deep Reporting),Media & Journalism,2026-04-22T03:27:08.225608+00:00,"A bachelor's degree in journalism, communications, or related field is common; strong portfolio of published work and fact-checking skills are essential."
15,bachelor s degree journalism communications related field common,5ee6258a-f6ac-496d-b140-d0eb59dc345a,Content Strategist (News),Media & Journalism,2026-04-22T02:52:32.271017+00:00,"A bachelor's degree in journalism, communications, or a related field is common but not always required; strong portfolio and familiarity with analytics tools and content management systems are valuable."
15,bachelor s degree journalism communications related field common,79d1b24f-90fd-4838-85d1-40ed7439a7d1,Fact Checker (Online),Media & Journalism,2026-06-29T04:29:12.204044+00:00,"A bachelor's degree in journalism, communications, or related field is common but not always required; strong research skills and media literacy are essential."
15,bachelor s degree journalism communications related field common,7c360060-890f-4586-938f-bd30c34d81ce,Newspaper Editor,Media & Journalism,2026-05-08T02:02:37.901586+00:00,"A bachelor's degree in journalism, communications, or related field is common but not always required; strong writing portfolio and journalism experience are essential."
15,bachelor s degree journalism communications related field common,896fc085-b821-4dc6-a8ea-7355b404f3b5,Fact-Check Journalist,Media & Journalism,2026-05-30T02:02:54.812406+00:00,"A bachelor's degree in journalism, communications, or a related field is common but not always required; strong writing skills and experience with fact-checking tools and databases are essential."
15,bachelor s degree journalism communications related field common,9d1dd821-cffc-4f3f-97a9-0cd3c182d96d,Local News Reporter,Media & Journalism,2026-04-25T06:07:29.690736+00:00,"A bachelor's degree in journalism, communications, or related field is common but not always required; strong writing skills, portfolio, and often internship experience are essential."
15,bachelor s degree journalism communications related field common,9ff5c444-9590-434d-9461-60aaa4a94c13,Digital Journalist,Media & Journalism,2026-06-03T02:46:14.244568+00:00,"A bachelor's degree in journalism, communications, or related field is common but not always required; strong portfolio and digital literacy skills matter more for entry-level roles."
15,bachelor s degree journalism communications related field common,b9feef08-8079-48df-8791-6306101b8e0e,Documentary Journalist,Media & Journalism,2026-04-22T02:52:29.422718+00:00,"A bachelor's degree in journalism, communications, or related field is common but not always required; strong portfolio and multimedia skills (video, audio, writing) are essential."
15,bachelor s degree journalism communications related field common,d502ed04-3810-4a1e-a907-3df1ca522a66,Long-Form Journalist,Media & Journalism,2026-07-24T03:20:59.02984+00:00,"A bachelor's degree in journalism, communications, or a related field is common; strong portfolio and familiarity with digital publishing platforms are increasingly essential."
15,bachelor s degree journalism communications related field common,fa53bbd2-d853-4219-86b3-a35eed3c8aee,Content Fact-Checker,Media & Journalism,2026-07-05T04:00:40.803863+00:00,"A bachelor's degree in journalism, communications, or a related field is common; strong research skills and media literacy certification programs are valuable."
15,bachelor s degree journalism communications related field common,fb4b1b9d-eb59-4ba0-b97a-af09d6f81a29,Fact Checker (Full-time),Media & Journalism,2026-07-09T03:51:13.351362+00:00,"A bachelor's degree in journalism, communications, or related field is common but not always required; strong writing skills, research ability, and familiarity with fact-checking tools and databases are essential."
14,bachelor s degree business nonprofit management related field,0e4d7aad-cee1-485f-a492-cb8d900f57c8,Grant Manager (Nonprofit),Social Impact & Nonprofit,2026-05-16T02:00:43.902232+00:00,"Bachelor's degree in business, nonprofit management, or related field preferred; strong writing skills and familiarity with grant databases essential."
14,bachelor s degree business nonprofit management related field,159e6134-a045-4738-a408-996e68aa887f,Equitable Procurement Specialist,Social Impact & Nonprofit,2026-08-13T02:28:49.216473+00:00,"Bachelor's degree in business, nonprofit management, or related field preferred; certifications in sustainable or equitable procurement (CPPB, B-Corp training) strengthen candidacy."
14,bachelor s degree business nonprofit management related field,1af77015-cdfc-42c7-93ac-fc3ec20e592d,Nonprofit Board Secretary,Social Impact & Nonprofit,2026-05-14T02:09:17.949508+00:00,"A bachelor's degree in business, nonprofit management, or related field is preferred; board secretary training or governance certifications like those offered by BoardSource strengthen candidacy."
14,bachelor s degree business nonprofit management related field,288abf86-e445-43d1-a237-8ca95daf5c10,Nonprofit Operations Director,Social Impact & Nonprofit,2026-06-23T04:03:53.004316+00:00,"A bachelor's degree in business, nonprofit management, or related field is often preferred, though relevant experience in operations or nonprofit work can substitute; some organizations offer nonprofit management certificates."
14,bachelor s degree business nonprofit management related field,29c60a05-7e0d-46d8-a363-5579f36a5328,Grant Administration Specialist,Social Impact & Nonprofit,2026-05-19T02:13:10.472605+00:00,"A bachelor's degree in business, nonprofit management, or related field is common but not always required; strong writing and research skills are essential."
14,bachelor s degree business nonprofit management related field,49dc7830-0a0e-4f37-9288-1a6dbebc754e,Social Enterprise Consultant,Supply Chain & Operations,2026-04-22T02:52:30.47108+00:00,"A bachelor's degree in business, nonprofit management, or related field is helpful; certifications in social enterprise or business consulting are valuable but experience and portfolio can substitute."
14,bachelor s degree business nonprofit management related field,57349d4f-4ab9-4165-b06f-317d36f5f78b,Corporate Social Responsibility Manager,Environment & Sustainability,2026-04-22T02:52:32.496342+00:00,"Bachelor's degree in business, nonprofit management, or related field; certifications such as B Corp or CSR credentials are advantageous but not always required."
14,bachelor s degree business nonprofit management related field,5e4c00ea-4ac4-4314-965c-64ef1360a698,Social Enterprise Business Manager,Social Impact & Nonprofit,2026-06-15T02:45:16.359285+00:00,"Bachelor's degree in business, nonprofit management, or related field preferred; certifications in social enterprise or nonprofit management helpful but not always required."
14,bachelor s degree business nonprofit management related field,686577e2-018e-4377-a881-c91fae5a0b90,Food Bank Operations Manager,Supply Chain & Operations,2026-04-22T02:52:33.675655+00:00,"Bachelor's degree in business, nonprofit management, or related field preferred; certifications in supply chain management or nonprofit leadership are advantageous but not always required."
14,bachelor s degree business nonprofit management related field,a48af37d-2832-4bf5-8356-d48663e5c07b,Freelance Grant Consultant,Entrepreneurship,2026-05-22T02:14:49.373755+00:00,"Bachelor's degree in business, nonprofit management, or related field preferred; strong writing skills and familiarity with grant databases essential; optional certifications in grant writing available through professional organizations."
14,bachelor s degree business nonprofit management related field,b54d2e01-cdcf-4348-ba73-e570832aa6d3,Grant Compliance Officer,Social Impact & Nonprofit,2026-06-18T02:38:28.345606+00:00,"A bachelor's degree in business, nonprofit management, or related field is preferred; certifications in grant management or nonprofit administration strengthen candidacy."
14,bachelor s degree business nonprofit management related field,bc6bec66-be76-4736-82e6-0fe4bb409cca,Grant Management Specialist,Social Impact & Nonprofit,2026-05-08T02:02:55.106535+00:00,"Bachelor's degree in business, nonprofit management, or related field preferred; certifications like Grant Management Certification (GMC) or Certified Grant Manager (CGM) strengthen credentials."
14,bachelor s degree business nonprofit management related field,c4161d75-6df9-4b15-b45a-4e6427851542,Nonprofit Operations Manager,Supply Chain & Operations,2026-04-22T02:52:31.845128+00:00,"Bachelor's degree in business, nonprofit management, or related field preferred; certifications like Certified Nonprofit Professional (CNP) are valuable but not always required."
14,bachelor s degree business nonprofit management related field,d8ee99fd-e99e-496f-a87b-bf361984575d,Impact Investor Relations Manager,Business & Finance,2026-04-22T02:52:32.271017+00:00,"Bachelor's degree in business, nonprofit management, or related field preferred; certification in impact investing or ESG (Environmental, Social, Governance) is a plus but not required for entry-level roles."
14,bachelor s degree computer science related field preferred,16e34bf9-e9d9-453c-aca0-32957468b0f2,DevOps Engineer,Science & Research,2026-04-22T02:52:31.20659+00:00,"Bachelor's degree in Computer Science or related field preferred; certifications such as AWS Certified Solutions Architect, Kubernetes Administrator (CKA), or Jenkins certification are valuable but not always required."
14,bachelor s degree computer science related field preferred,1bc141eb-7ffe-403f-9c99-bab1163d839f,Platform Engineer,Science & Research,2026-04-22T02:52:32.086589+00:00,"Bachelor's degree in Computer Science or related field preferred; certifications in cloud platforms (AWS, Azure, GCP), Kubernetes, and DevOps tools are highly valued."
14,bachelor s degree computer science related field preferred,22ae346a-0942-4450-9a8c-317384ea61c3,Quality Assurance Automation Tester,Tech & Engineering,2026-08-06T03:14:27.374131+00:00,"Bachelor's degree in computer science or related field preferred; certifications like ISTQB or hands-on experience with automation tools (Selenium, Cypress) can substitute for formal degree."
14,bachelor s degree computer science related field preferred,36b1a509-f5ab-49a7-921b-f927e1a8e974,Network Infrastructure Engineer,Tech & Engineering,2026-06-19T02:55:27.35769+00:00,Bachelor's degree in computer science or related field preferred; CompTIA Network+ or Cisco CCNA certifications highly valued for entry-level positions.
14,bachelor s degree computer science related field preferred,3924a08e-69ea-4902-aa5f-6850f8116632,Network Security Engineer,Cybersecurity,2026-04-22T02:52:34.239097+00:00,"Bachelor's degree in Computer Science or related field preferred; CompTIA Security+, CISSP, or similar cybersecurity certifications required or strongly preferred."
14,bachelor s degree computer science related field preferred,5f000910-7b7b-4d2a-aaec-93b0e0b47330,Cybersecurity Analyst,Cybersecurity,2026-04-22T02:52:30.264317+00:00,"Bachelor's degree in computer science or related field preferred; CompTIA Security+, CEH, or CISSP certifications highly valued; 2-3 years IT experience typically required before specializing in cybersecurity."
14,bachelor s degree computer science related field preferred,79738cb6-f191-406f-9ddd-f9aa3b73599c,Site Reliability Engineer,Hospitality & Events,2026-04-22T02:52:34.465719+00:00,"Bachelor's degree in Computer Science or related field preferred; certifications in cloud platforms (AWS, GCP, Azure), Linux, and incident management are highly valued."
14,bachelor s degree computer science related field preferred,8e84ebcc-721f-4ba3-8d37-39495d753e49,Information Security Analyst,Tech & Engineering,2026-05-26T02:11:13.476171+00:00,"Bachelor's degree in computer science or related field preferred; industry certifications like CompTIA Security+, CEH, or CISSP are typically required or expected within first 2-3 years."
14,bachelor s degree computer science related field preferred,b426e1db-b780-4f4d-ab25-f33b9a247912,Incident Response Manager,Cybersecurity,2026-04-22T02:52:34.239097+00:00,"Bachelor's degree in Computer Science or related field preferred; CompTIA Security+, Certified Incident Handler (ECIH), or CISSP certification highly valued."
14,bachelor s degree computer science related field preferred,b4512e5e-2b4e-4c1c-8827-932c13f5a6e4,Infrastructure Engineer,Science & Research,2026-04-22T02:52:32.271017+00:00,"Bachelor's degree in Computer Science or related field preferred; certifications such as AWS, Azure, Google Cloud, or CompTIA Security+ are valuable but not always required."
14,bachelor s degree computer science related field preferred,bfa68e95-f7d2-4514-8632-4cd7117211b0,Software Security Engineer,Tech & Engineering,2026-05-16T02:00:02.166032+00:00,"Bachelor's degree in computer science or related field preferred; industry certifications like CompTIA Security+, CEH, or CISSP highly valued; programming and networking knowledge required."
14,bachelor s degree computer science related field preferred,d36003f1-a98f-4695-8eeb-92c925f6ba73,Software Engineer (Mobile Apps),Tech & Engineering,2026-06-30T04:07:52.612702+00:00,"Bachelor's degree in Computer Science or related field preferred, but bootcamps and self-taught portfolios with strong projects can lead to entry-level roles; proficiency in languages like Swift, Kotlin, React Native, or Flutter essential."
14,bachelor s degree computer science related field preferred,e0851e23-f7f1-4b1f-aad9-c29f8d9644d8,Cybersecurity Engineer,Cybersecurity,2026-04-22T02:52:34.05043+00:00,"A bachelor's degree in computer science or related field is preferred; industry certifications like CompTIA Security+, CEH, or CISSP are often required or strongly recommended."
14,bachelor s degree computer science related field preferred,f991ed82-2925-493e-8ca3-1598a11fe818,Quality Assurance Tester,Gaming & Esports,2026-04-22T02:52:34.465719+00:00,"Bachelor's degree in computer science or related field preferred; certifications such as ISTQB, CSTE, or CompTIA Security+ are beneficial but not always required."
13,bachelor s degree chemistry chemical engineering cosmetic science,0053ee65-e2ab-4286-858a-75373957aab7,Skincare Formulation Chemist,Fashion & Beauty,2026-04-29T01:59:04.103263+00:00,"A bachelor's degree in chemistry, chemical engineering, or cosmetic science is typically required; some positions prefer or require a master's degree and knowledge of skincare ingredients and formulation techniques."
13,bachelor s degree chemistry chemical engineering cosmetic science,0578df26-0140-409e-a3e1-7b00f86d2dd0,Cosmetics Formulation Scientist,Fashion & Beauty,2026-06-19T02:54:29.118233+00:00,"A bachelor's degree in chemistry, chemical engineering, or cosmetic science is typically required, along with knowledge of regulatory compliance (FDA, EU regulations) and formulation software."
13,bachelor s degree chemistry chemical engineering cosmetic science,21ec5bae-2e5f-4105-990c-f7562bb070fe,Skincare Chemist,Fashion & Beauty,2026-06-25T04:06:58.02771+00:00,"Bachelor's degree in Chemistry, Chemical Engineering, or Cosmetic Science required; many positions prefer internship experience in product development or cosmetic formulation."
13,bachelor s degree chemistry chemical engineering cosmetic science,621b28df-cffc-45f5-9928-8a17de4013f0,Beauty Product Developer,Fashion & Beauty,2026-04-22T02:52:30.264317+00:00,"A bachelor's degree in chemistry, chemical engineering, or cosmetic science is typically required, often with internship experience in product development labs."
13,bachelor s degree chemistry chemical engineering cosmetic science,82672b82-ac78-4abd-a0cb-58505149d5bc,Cosmetics Formulator,Fashion & Beauty,2026-04-23T06:29:05.280122+00:00,"A bachelor's degree in chemistry, chemical engineering, or cosmetic science is typically required, often followed by internships in product development labs."
13,bachelor s degree chemistry chemical engineering cosmetic science,8fa2326d-2c0b-4a12-82da-68cded82aa71,Beauty Product Development Manager,Fashion & Beauty,2026-06-28T04:22:42.052556+00:00,"Bachelor's degree in chemistry, chemical engineering, or cosmetic science; experience in product development or quality assurance is typically required."
13,bachelor s degree chemistry chemical engineering cosmetic science,a0fb6310-26e7-4f5a-a4ac-afa7cd1a9b4b,Cosmetic Chemist,Fashion & Beauty,2026-04-22T02:52:33.675655+00:00,"Bachelor's degree in chemistry, chemical engineering, or cosmetic science, with knowledge of formulation principles and regulatory compliance such as FDA and EU cosmetic regulations."
13,bachelor s degree chemistry chemical engineering cosmetic science,ae58334b-8cf5-42bb-baf2-2f1aa489c863,Beauty Product Formulator,Fashion & Beauty,2026-04-22T02:52:30.655222+00:00,"Bachelor's degree in chemistry, chemical engineering, or cosmetic science; many positions require internship experience in formulation or quality assurance."
13,bachelor s degree chemistry chemical engineering cosmetic science,ae5a03bf-619b-496b-9aba-439081baebb3,Cosmetic Formulation Scientist,Fashion & Beauty,2026-04-22T02:52:32.905098+00:00,"A bachelor's degree in chemistry, chemical engineering, or cosmetic science is typically required; some companies prefer a master's degree or relevant internship experience in product development."
13,bachelor s degree chemistry chemical engineering cosmetic science,d4a48ecc-cf59-45b9-9ae9-dba56bd654ff,Beauty Product Formulist,Fashion & Beauty,2026-08-07T02:55:40.119777+00:00,"A bachelor's degree in chemistry, chemical engineering, or cosmetic science is typically required, with some positions preferring internship or lab experience."
13,bachelor s degree chemistry chemical engineering cosmetic science,ddde905a-e1db-4dc1-b3ee-41dfe385510a,Skincare Formulation Scientist,Fashion & Beauty,2026-04-24T06:31:00.478174+00:00,"Bachelor's degree in Chemistry, Chemical Engineering, or Cosmetic Science required; many positions prefer or require internship experience in product development or analytical labs."
13,bachelor s degree chemistry chemical engineering cosmetic science,e0f27b55-ca89-402a-958d-44dce095d970,Sunscreen Formulation Specialist,Fashion & Beauty,2026-04-22T02:52:31.660242+00:00,"Bachelor's degree in chemistry, chemical engineering, or cosmetic science is typically required, often with internship experience in product development."
13,bachelor s degree chemistry chemical engineering cosmetic science,ea16092f-acba-4ccc-a3f8-20acf9a2b61e,Beauty Science Researcher,Fashion & Beauty,2026-05-08T02:02:28.119407+00:00,"Bachelor's degree in Chemistry, Chemical Engineering, Cosmetic Science, or related field; many positions prefer or require a Master's degree and knowledge of cosmetic regulations."
13,bachelor s degree accounting finance required cpa certified,10e798cc-3be0-4584-b11d-766ab144a870,Audit Manager,Sports & Fitness,2026-04-22T02:52:31.392704+00:00,Bachelor's degree in accounting or finance required; CPA (Certified Public Accountant) or CIA (Certified Internal Auditor) certification typically needed for manager-level positions.
13,bachelor s degree accounting finance required cpa certified,1f81395d-a4f5-450f-bb5d-3c19b223399d,Corporate Comptroller,Arts & Performance,2026-04-22T02:52:33.295118+00:00,Bachelor's degree in accounting or finance required; CPA (Certified Public Accountant) certification and several years of accounting experience typically needed to reach comptroller level.
13,bachelor s degree accounting finance required cpa certified,378aacfb-eb3e-4c54-b2dd-2f53741ab320,Accounting Manager,Business & Finance,2026-06-10T02:14:51.272149+00:00,Bachelor's degree in accounting or finance required; CPA (Certified Public Accountant) certification typically needed for management roles.
13,bachelor s degree accounting finance required cpa certified,9c719782-c714-413c-9459-ac6fb12309ec,Audit Manager (Big Four),Business & Finance,2026-06-14T02:38:50.030962+00:00,Bachelor's degree in accounting or finance required; CPA (Certified Public Accountant) certification highly preferred or required for advancement.
13,bachelor s degree accounting finance required cpa certified,a9f3ddcb-f96c-46be-8f2b-22f36bf39018,Audit Manager (Big Four Accounting),Business & Finance,2026-08-04T03:13:58.726624+00:00,Bachelor's degree in accounting or finance required; CPA (Certified Public Accountant) certification typically needed within a few years of hire.
13,bachelor s degree accounting finance required cpa certified,b2a55bf4-1dd8-46fa-b134-c4eb7b6cfcbf,Cost Accountant,Arts & Performance,2026-04-22T02:52:33.675655+00:00,"A bachelor's degree in accounting or finance is typically required, with CPA (Certified Public Accountant) certification often needed for advancement."
13,bachelor s degree accounting finance required cpa certified,b8359715-3ff8-4284-a98d-ac3ec4a9536b,Corporate Accounting Manager,Business & Finance,2026-04-22T02:52:33.295118+00:00,A bachelor's degree in accounting or finance is required; the CPA (Certified Public Accountant) certification is standard for advancement into management roles.
13,bachelor s degree accounting finance required cpa certified,bbfe8165-3ed3-4bc8-b408-d72f263f700a,Audit Partner,Cybersecurity,2026-04-22T02:52:33.295118+00:00,Bachelor's degree in accounting or finance required; CPA (Certified Public Accountant) certification and typically 5-10 years of audit experience needed to reach partner level.
13,bachelor s degree accounting finance required cpa certified,cd188c8b-801c-4060-b119-d06140b9fc3a,Auditor,Business & Finance,2026-04-22T02:52:31.845128+00:00,Bachelor's degree in accounting or finance required; CPA (Certified Public Accountant) certification typically needed for advancement.
13,bachelor s degree accounting finance required cpa certified,d8cc5209-f789-4ac9-9a0f-f8e24578c035,Audit Senior,Business & Finance,2026-05-29T02:06:45.180811+00:00,Bachelor's degree in accounting or finance is required; CPA (Certified Public Accountant) certification is typically needed within a few years of hire.
13,bachelor s degree accounting finance required cpa certified,dd29b9e1-d7be-44b7-bec7-ebc26f1b23d9,Accounting Firm Partner,Hospitality & Events,2026-04-22T02:52:29.646164+00:00,Bachelor's degree in accounting or finance required; CPA (Certified Public Accountant) certification and 5-10+ years of accounting experience necessary to reach partner level.
13,bachelor s degree accounting finance required cpa certified,e44f9ca8-58b1-428d-8d2c-c8fb8b6b38bc,Financial Auditor,Business & Finance,2026-07-11T03:18:24.900632+00:00,Bachelor's degree in accounting or finance required; CPA (Certified Public Accountant) or CIA (Certified Internal Auditor) certification typically needed for advancement.
13,bachelor s degree accounting finance required cpa certified,f272c5b8-e515-4ac6-be2c-760b1e91a58d,Financial Audit Manager,Business & Finance,2026-05-21T02:12:41.567189+00:00,Bachelor's degree in accounting or finance required; CPA (Certified Public Accountant) and CIA (Certified Internal Auditor) certifications typically needed for manager-level positions.
12,earn bachelor s degree complete law school 3,00def351-0e8f-406d-af66-42050345c764,Defense Attorney,Social Impact & Nonprofit,2026-04-22T02:52:29.206458+00:00,"Earn a bachelor's degree, complete law school (3 years), and pass your state's bar exam to practice law."
12,earn bachelor s degree complete law school 3,043aabc3-d60c-4ab3-bad1-da2222b34fa1,Copyright Lawyer,Social Impact & Nonprofit,2026-04-22T02:52:33.675655+00:00,"Earn a bachelor's degree, complete law school (3 years), and pass the bar exam in your state; IP law certification or a specialized LLM is advantageous."
12,earn bachelor s degree complete law school 3,133a7fb1-24d5-41b1-bc3a-173217ff22a2,Contract Attorney,Law & Government,2026-04-22T02:52:29.422718+00:00,"Earn a bachelor's degree, complete law school (3 years), and pass the bar exam in your state; some positions may require additional certifications in contract law or mediation."
12,earn bachelor s degree complete law school 3,53f96cab-c978-4010-845b-68ff7e97123d,Immigration Attorney,Social Impact & Nonprofit,2026-04-22T02:52:30.082186+00:00,"You must earn a bachelor's degree, complete law school (3 years), and pass the bar exam in your state; many employers prefer prior immigration law experience or a relevant master's degree."
12,earn bachelor s degree complete law school 3,661a2ad3-a7d0-42bf-b91f-ddba26b49c1c,Intellectual Property Attorney,Law & Government,2026-04-22T02:52:30.264317+00:00,"Earn a bachelor's degree, complete law school (3 years), pass the bar exam in your state, and ideally pursue a specialized LLM in intellectual property or pass the USPTO patent bar exam."
12,earn bachelor s degree complete law school 3,7723d35c-4390-41cf-8500-bd8354a5e420,Corporate Counsel,Law & Government,2026-04-22T02:52:32.680575+00:00,"Earn a bachelor's degree, complete law school (3 years), and pass the bar exam in your state."
12,earn bachelor s degree complete law school 3,8bcd1ff9-7f37-42e2-96d1-b331074d9c72,Performance Rights Lawyer,Arts & Performance,2026-08-09T02:06:57.710097+00:00,"Earn a Bachelor's degree, complete law school (3 years), pass the bar exam, and ideally pursue additional training in entertainment or intellectual property law."
12,earn bachelor s degree complete law school 3,ae3fefd4-9889-4632-b0dc-09733ddd81e9,Real Estate Transaction Attorney,Law & Government,2026-05-30T02:04:04.025582+00:00,"Earn a bachelor's degree, complete law school (3 years), and pass the bar exam in your state to become a licensed attorney."
12,earn bachelor s degree complete law school 3,bc2edeb3-0a52-46a7-8fe9-52ece8003ad4,Housing Rights Attorney,Law & Government,2026-08-10T02:11:26.540747+00:00,"You must earn a bachelor's degree, complete law school (3 years), and pass the bar exam in your state."
12,earn bachelor s degree complete law school 3,be69a788-b3a4-4301-a436-9d188fe03bbd,Patent Litigation Attorney,Law & Government,2026-04-22T02:52:29.646164+00:00,"Earn a bachelor's degree, complete law school (3 years), and pass the bar exam in your state; technical background in engineering or science is highly valued."
12,earn bachelor s degree complete law school 3,e37c4147-4632-4b9d-b54e-697c3c22030c,Land Use Attorney,Law & Government,2026-04-26T06:31:07.981388+00:00,"Earn a bachelor's degree, complete law school (3 years), and pass the bar exam in your state; specialized coursework in land use, zoning, and environmental law is beneficial."
12,earn bachelor s degree complete law school 3,f696694e-03a6-44df-ae88-02a2880d764c,Family Law Attorney,Social Impact & Nonprofit,2026-04-22T02:52:31.20659+00:00,"Earn a bachelor's degree, complete law school (3 years), pass the bar exam in your state, and obtain a license to practice law."
12,bachelor s degree environmental science engineering related field,01a01cd2-d74c-4992-be47-9034e3ff8f2c,Water Conservation Specialist,Gaming & Esports,2026-04-22T02:52:32.496342+00:00,"Bachelor's degree in environmental science, engineering, or related field preferred; certification in water management or conservation is valuable but not always required."
12,bachelor s degree environmental science engineering related field,47912918-1088-4d3b-90c4-eaea910a96a3,Environmental Compliance Manager,Environment & Sustainability,2026-04-22T02:52:33.86077+00:00,"Bachelor's degree in environmental science, engineering, or related field; EPA or state environmental certification often required; some positions prefer 1-2 years of related experience."
12,bachelor s degree environmental science engineering related field,47ef5152-12c3-404a-825e-0d37d82426c2,Renewable Energy Consultant,Environment & Sustainability,2026-04-22T02:52:30.082186+00:00,"A bachelor's degree in environmental science, engineering, or related field is common; professional certifications like LEED or renewable energy credentials strengthen prospects."
12,bachelor s degree environmental science engineering related field,6fa57b05-a43e-42a5-87e0-5909cc283cdd,Environmental Compliance Auditor,Environment & Sustainability,2026-04-22T02:52:30.082186+00:00,"A bachelor's degree in environmental science, engineering, or related field is typical; EPA certification and knowledge of environmental regulations are essential."
12,bachelor s degree environmental science engineering related field,7cdfd7b5-71c7-4723-a01b-2b72495ee69d,Renewable Energy Permit Specialist,Environment & Sustainability,2026-05-05T01:53:15.55116+00:00,"Bachelor's degree in environmental science, engineering, or related field preferred; knowledge of environmental regulations and permitting processes is essential."
12,bachelor s degree environmental science engineering related field,84fd260a-5a14-4221-a1d5-8587bef77214,Lifecycle Assessment Analyst,Environment & Sustainability,2026-07-20T03:41:24.76218+00:00,"Bachelor's degree in environmental science, engineering, or related field; knowledge of ISO 14040 LCA standards and software tools like SimaPro or GaBi is typically required."
12,bachelor s degree environmental science engineering related field,a6ae196b-cad0-4d18-836c-a6fab9f19a3e,Environmental Remediation Entrepreneur,Environment & Sustainability,2026-06-22T03:27:43.52135+00:00,"Bachelor's degree in environmental science, engineering, or related field; state licensing as Environmental Consultant or PE may be required depending on location and scope of work."
12,bachelor s degree environmental science engineering related field,babc994f-6b28-490d-82c1-afb8981e2c3a,Renewable Energy Compliance Officer,Environment & Sustainability,2026-04-22T02:52:33.295118+00:00,"A bachelor's degree in environmental science, engineering, or related field plus knowledge of renewable energy regulations and compliance standards; certifications like NABCEP or relevant environmental compliance credentials are advantageous."
12,bachelor s degree environmental science engineering related field,c7c9cf2d-1b94-4533-8730-fde39346ebac,Green Building Analyst,Environment & Sustainability,2026-06-28T04:21:37.297111+00:00,"A bachelor's degree in environmental science, engineering, or related field is preferred, along with LEED or similar green building certification."
12,bachelor s degree environmental science engineering related field,e21f933d-ef9b-43b6-8570-189b0f983a35,Environmental Impact Auditor,Environment & Sustainability,2026-04-22T03:23:51.92194+00:00,"Bachelor's degree in environmental science, engineering, or related field; some positions require EPA certification or state environmental auditing credentials."
12,bachelor s degree environmental science engineering related field,f09972ff-c290-4520-9761-6b63eca0888b,Environmental Compliance Specialist,Environment & Sustainability,2026-04-22T02:52:34.05043+00:00,"A bachelor's degree in environmental science, engineering, or related field is typical; some positions accept high school diploma plus certification courses in environmental regulations and auditing."
12,bachelor s degree environmental science engineering related field,f6b8ae71-8ec8-47fb-9176-d4a137580800,Climate Tech Project Director,Environment & Sustainability,2026-05-21T02:13:17.275754+00:00,"Bachelor's degree in environmental science, engineering, or related field plus 3-5 years of project management experience in cleantech or sustainability sectors."
12,bachelor s degree computer science software engineering related,0821c40a-3c4f-42e9-831d-830104132957,Fitness Technology Developer,Sports & Fitness,2026-05-23T02:04:13.051475+00:00,"Bachelor's degree in Computer Science, Software Engineering, or related field preferred; certifications in mobile or web development and knowledge of fitness/health APIs helpful."
12,bachelor s degree computer science software engineering related,57cb268c-e9f6-494b-8677-aae1dc7422b3,Insurance Technology Developer,Science & Research,2026-04-22T02:52:32.905098+00:00,"Bachelor's degree in computer science, software engineering, or related field; certifications in insurance technology platforms, cloud services (AWS, Azure), or relevant programming languages are beneficial."
12,bachelor s degree computer science software engineering related,6db9d411-fdc4-418c-a021-54a38a2ee119,Civic Tech Developer,Architecture & Urban Planning,2026-08-17T01:39:30.175969+00:00,"Bachelor's degree in computer science, software engineering, or related field preferred; strong portfolio demonstrating full-stack development and civic or public-interest project experience required."
12,bachelor s degree computer science software engineering related,713b84ca-84c3-4e50-8bb8-a5ffa533b243,Telemedicine Platform Engineer,Healthcare & Medicine,2026-04-22T02:52:30.082186+00:00,"Bachelor's degree in Computer Science, Software Engineering, or related field; certifications in cloud platforms (AWS, Azure, GCP) and healthcare compliance (HIPAA) are highly valued."
12,bachelor s degree computer science software engineering related,7c0939ea-4876-451b-a813-2b68a3adce36,Newsroom Developer,Science & Research,2026-04-22T02:52:33.295118+00:00,"Bachelor's degree in Computer Science, Software Engineering, or related field preferred; proficiency in web development, CMS platforms, and journalism technology stack required."
12,bachelor s degree computer science software engineering related,803cd14b-67d7-4d80-94b7-040b35b25a27,Biomedical Software Engineer,Tech & Engineering,2026-07-22T03:20:09.153966+00:00,"Bachelor's degree in computer science, software engineering, or related field; knowledge of medical device regulations (FDA, ISO standards) and programming languages like C++, Java, or Python required."
12,bachelor s degree computer science software engineering related,9783e3ff-e6e2-4f82-a513-9e5bd2750973,Digital Wallet Developer,Cybersecurity,2026-04-22T02:52:30.264317+00:00,"Bachelor's degree in Computer Science, Software Engineering, or related field; certifications in blockchain technology, fintech development, and cybersecurity are beneficial but not always required."
12,bachelor s degree computer science software engineering related,a015ff2f-3038-46dd-8ed0-375b7828a749,Virtual Fitting Room Technologist,Fashion & Beauty,2026-04-22T03:26:22.165224+00:00,"Bachelor's degree in computer science, software engineering, or related field preferred; proficiency in AR/VR platforms (Unity, Unreal Engine) and 3D modeling software is essential."
12,bachelor s degree computer science software engineering related,badc488f-46e8-45b4-b324-421718a389bc,Streaming Platform Programmer,Media & Journalism,2026-06-01T02:41:41.498726+00:00,"A bachelor's degree in computer science, software engineering, or related field is common, though bootcamp graduates and self-taught developers with strong portfolios can enter the field."
12,bachelor s degree computer science software engineering related,d955c258-2267-4fc8-b201-99d170807880,Augmented Reality Developer,Hospitality & Events,2026-04-22T02:52:34.465719+00:00,"Bachelor's degree in Computer Science, Software Engineering, or related field; proficiency in AR development platforms like Unity, Unreal Engine, or ARKit/ARCore; and knowledge of 3D modeling and programming languages such as C# or C++."
12,bachelor s degree computer science software engineering related,e7896adb-a5e8-4b50-9cc7-23d37ce9d6fa,Augmented Reality Engineer,Tech & Engineering,2026-06-16T02:46:01.215197+00:00,"A bachelor's degree in computer science, software engineering, or related field is typical; knowledge of AR platforms (Unity, Unreal Engine) and programming languages (C#, C++) is essential."
12,bachelor s degree computer science software engineering related,ee29f7e7-7f95-4e65-8248-2a8ebce1e8e3,Software Engineer (Healthcare),Tech & Engineering,2026-07-05T04:01:04.582172+00:00,"Bachelor's degree in computer science, software engineering, or related field; knowledge of healthcare compliance (HIPAA) and medical software standards is valuable."
11,bachelor s degree accounting finance related field cpa,066bd8e8-23d2-4f77-8e02-0fa070043818,Corporate Finance Controller,Business & Finance,2026-05-05T01:52:59.872284+00:00,"Bachelor's degree in accounting, finance, or related field; CPA certification and several years of accounting experience typically required for controller-level positions."
11,bachelor s degree accounting finance related field cpa,356b8664-76f3-4a2a-b352-8cc9d59c8d1d,Forensic Accountant,Cybersecurity,2026-04-22T02:52:30.082186+00:00,"Bachelor's degree in accounting, finance, or related field; CPA certification and CFE (Certified Fraud Examiner) credentials typically required or strongly preferred."
11,bachelor s degree accounting finance related field cpa,51f18706-9e7f-4fc1-89e9-1c6ef5823b51,Government Auditor,Law & Government,2026-04-22T02:52:29.646164+00:00,"Bachelor's degree in accounting, finance, or related field; CPA (Certified Public Accountant) or CIA (Certified Internal Auditor) certification typically required."
11,bachelor s degree accounting finance related field cpa,a326eb8c-52de-41cb-bde3-47db9823b07a,Forensic Auditor,Cybersecurity,2026-04-22T02:52:33.86077+00:00,"Bachelor's degree in accounting, finance, or related field; CPA (Certified Public Accountant) or CFE (Certified Fraud Examiner) certification typically required."
11,bachelor s degree accounting finance related field cpa,be8f01a6-91cc-4bc8-9caa-c54fa6e3f2fb,Grant Compliance Auditor,Business & Finance,2026-05-03T01:52:46.448264+00:00,"Bachelor's degree in accounting, finance, or related field; CPA certification or auditing certifications (CIA, CGAP) typically required."
11,bachelor s degree accounting finance related field cpa,bf9e6bc5-7145-4e57-9601-71d8a05cb195,Tax Auditor,Law & Government,2026-05-30T02:04:01.018767+00:00,"Bachelor's degree in accounting, finance, or related field; CPA certification strongly preferred; knowledge of tax law and accounting principles essential."
11,bachelor s degree accounting finance related field cpa,d5a45653-0840-4b23-aa4f-9532b5574509,Compliance Auditor (Government),Law & Government,2026-04-24T06:32:51.683193+00:00,"Bachelor's degree in accounting, finance, or related field; CPA or CIA certification preferred; some positions require background clearance."
11,bachelor s degree accounting finance related field cpa,d72ff313-bb48-49b8-8758-d0ba48184097,Compliance Auditor (Financial),Law & Government,2026-04-22T02:52:30.47108+00:00,"Bachelor's degree in accounting, finance, or related field with CPA, CIA, or CISA certification required or strongly preferred."
11,bachelor s degree accounting finance related field cpa,f6a6738d-fc60-43d7-9da5-081b36a3c2d3,Tax Consultant,Law & Government,2026-04-22T02:52:31.660242+00:00,"Bachelor's degree in accounting, finance, or related field; CPA (Certified Public Accountant) certification required or strongly preferred; additional certifications such as EA (Enrolled Agent) or CTc (Certified Tax Counselor) may be beneficial."
11,bachelor s degree accounting finance related field cpa,fa43e888-2e83-403d-8981-64672fac2b9e,Financial Examiner,Hospitality & Events,2026-04-22T02:52:29.856816+00:00,"Bachelor's degree in accounting, finance, or related field; CPA certification and banking/finance experience typically required."
11,bachelor s degree accounting finance related field cpa,fe4a7af5-769b-4898-91ee-0ed15dad9057,Forensic Valuation Analyst,Cybersecurity,2026-04-22T02:52:31.660242+00:00,"Bachelor's degree in accounting, finance, or related field; CPA or CFE (Certified Fraud Examiner) certification typically required; forensic accounting coursework and 2-3 years of accounting experience recommended."
11,earn bachelor s degree complete law school jd,176faa89-171e-4657-a319-c520d0b3a320,Environmental Compliance Attorney,Law & Government,2026-04-24T06:31:26.108311+00:00,"Earn a bachelor's degree, complete law school (JD), and pass the bar exam in your state; additional coursework in environmental law is beneficial."
11,earn bachelor s degree complete law school jd,28be90fb-616a-4a0c-82f8-b71287440eb6,Patent Lawyer,Law & Government,2026-04-22T02:52:33.295118+00:00,"Earn a bachelor's degree, complete law school (JD), pass the bar exam, and often complete patent law specialization or technical background in STEM fields."
11,earn bachelor s degree complete law school jd,33639ecc-08b5-4f89-b138-eafe9edc1e45,Corporate Tax Attorney,Law & Government,2026-04-22T02:52:29.206458+00:00,"Earn a bachelor's degree, complete law school (JD), and pass the bar exam in your state; many pursue additional tax certifications or LLM in tax law."
11,earn bachelor s degree complete law school jd,584d1946-a2b1-4819-883d-a351ae7960a9,Prosecutor,Gaming & Esports,2026-04-22T02:52:33.86077+00:00,"Earn a bachelor's degree, complete law school (JD), and pass your state's bar exam to become a licensed attorney."
11,earn bachelor s degree complete law school jd,69664e1a-c9ee-4624-8d01-c7553efa1dc6,Securities Regulation Lawyer,Law & Government,2026-06-30T04:08:56.851372+00:00,"Earn a bachelor's degree, complete law school (JD), pass the bar exam, and pursue specialization in securities law through coursework or internships."
11,earn bachelor s degree complete law school jd,6b90ba7b-bdd1-4f13-97e6-bb1fe3b9bdc4,Patent Attorney,Law & Government,2026-04-22T02:52:30.655222+00:00,"Earn a bachelor's degree, complete law school (JD), pass the bar exam, and obtain a patent agent registration from the USPTO (requires technical background in engineering or science)."
11,earn bachelor s degree complete law school jd,9d885ed9-45d1-4784-8747-3d3ef70122c1,Animal Welfare Attorney,Law & Government,2026-06-01T02:39:57.578915+00:00,"Earn a bachelor's degree, complete law school (JD), pass the bar exam, and gain experience in animal law through internships or nonprofit work."
11,earn bachelor s degree complete law school jd,bcf1129e-1a52-4cf2-aad1-4346dc57f5a3,Healthcare Policy Attorney,Law & Government,2026-07-12T03:30:19.035751+00:00,"Earn a bachelor's degree, complete law school (JD), and pass your state's bar exam; policy expertise gained through internships or specialized coursework in healthcare law."
11,earn bachelor s degree complete law school jd,c24c2834-e216-4cd4-839b-36462d124a9e,Real Estate Litigation Attorney,Law & Government,2026-06-10T02:17:06.237128+00:00,"Earn a bachelor's degree, complete law school (JD), and pass your state's bar exam; many positions require 2-3 years of litigation experience."
11,earn bachelor s degree complete law school jd,e41b629e-b80c-4bcb-a1d9-2f06cc950b58,International Law Specialist,Law & Government,2026-07-24T03:20:49.418617+00:00,"Earn a bachelor's degree, complete law school (JD), pass the bar exam, and consider specialized certifications in international law or diplomacy."
11,earn bachelor s degree complete law school jd,f50858a3-01ea-4706-95e7-513e63772d85,Entertainment Attorney,Law & Government,2026-04-22T02:52:29.422718+00:00,"Earn a bachelor's degree, complete law school (JD), pass the bar exam, and develop expertise in entertainment law through internships or specialized practice areas."
11,bachelor s degree life sciences chemistry related field,1965d601-1415-4e14-a748-cdc8b41e9da6,Regulatory Affairs Specialist (Science),Science & Research,2026-06-02T02:37:59.737126+00:00,"Bachelor's degree in life sciences, chemistry, or related field required; many positions prefer or require advanced degree or regulatory certification (such as RAC)."
11,bachelor s degree life sciences chemistry related field,1bad8f9a-7fdf-4e38-8767-5d2562cdf6c7,Research Protocol Specialist,Science & Research,2026-05-04T01:54:25.781573+00:00,"Bachelor's degree in life sciences, chemistry, or related field; many positions prefer master's degree and knowledge of regulatory guidelines like FDA or ICH standards."
11,bachelor s degree life sciences chemistry related field,274e847d-3593-4777-9a37-c6a1ade720ef,Medical Writer (Clinical Trials),Healthcare & Medicine,2026-06-11T02:38:06.570155+00:00,"Bachelor's degree in life sciences, chemistry, or related field required; many positions prefer or require a master's degree and knowledge of regulatory guidelines (FDA, ICH)."
11,bachelor s degree life sciences chemistry related field,340cb3cf-627f-41b0-ba47-eaf667d3e87c,Regulatory Affairs Manager (FDA),Law & Government,2026-06-26T04:13:47.102994+00:00,"Bachelor's degree in life sciences, chemistry, or related field required; advanced degree and FDA regulatory certifications (RAC) strongly preferred."
11,bachelor s degree life sciences chemistry related field,4f85f31f-2f57-4ceb-a754-90fa6467df9b,Medical Writer,Science & Research,2026-06-06T02:07:44.813897+00:00,"Bachelor's degree in life sciences, chemistry, or related field required; most positions prefer advanced degree (Master's or PhD) and 2+ years of scientific writing experience."
11,bachelor s degree life sciences chemistry related field,72ea164a-f822-47b4-99cd-c6e373c05af7,Regulatory Affairs Specialist (FDA),Law & Government,2026-07-24T03:20:55.816725+00:00,"Bachelor's degree in life sciences, chemistry, or related field; many positions prefer or require regulatory affairs certification (RAC) and 2+ years of industry experience."
11,bachelor s degree life sciences chemistry related field,85336afb-8674-42fd-80f8-7f5706e8f03b,Clinical Trial Protocol Developer,Science & Research,2026-07-05T04:01:20.645336+00:00,"Bachelor's degree in life sciences, chemistry, or related field required; advanced degree and regulatory certifications (like ACRP or SOCRA) strongly preferred."
11,bachelor s degree life sciences chemistry related field,9607ced2-66d9-4717-ab64-098c5b8d9994,Research Compliance Officer,Science & Research,2026-06-27T04:00:24.215349+00:00,"Bachelor's degree in life sciences, chemistry, or related field required; many positions prefer graduate credentials or compliance certifications (ACRP, SOCRA)."
11,bachelor s degree life sciences chemistry related field,97ed58de-68e9-402f-878e-b696f8ee404b,Regulatory Affairs Specialist (Biotech),Science & Research,2026-05-28T02:03:47.62668+00:00,"Bachelor's degree in life sciences, chemistry, or related field required; many positions prefer or require advanced degree (MS/PhD) and FDA or regulatory certification experience."
11,bachelor s degree life sciences chemistry related field,c6c2db88-7d7e-4c2e-ab4f-36c76816030a,FDA Regulatory Affairs Specialist,Law & Government,2026-06-22T03:26:58.365342+00:00,"Bachelor's degree in life sciences, chemistry, or related field; many positions require advanced degree or professional certification in regulatory affairs."
11,bachelor s degree life sciences chemistry related field,f5f07eec-33be-4c1b-a574-2448e6be1c8a,Laboratory Operations Manager,Science & Research,2026-07-11T03:19:17.329885+00:00,"Bachelor's degree in life sciences, chemistry, or related field is common; some positions accept high school diploma with relevant lab experience and certifications in safety protocols."
11,bachelor s degree nonprofit management social work public,1c794123-189a-455b-8fd7-03b99485d018,Social Justice Program Director,Gaming & Esports,2026-04-22T02:52:31.392704+00:00,"Bachelor's degree in nonprofit management, social work, public policy, or related field preferred; relevant volunteer or internship experience in social impact roles can substitute for some positions."
11,bachelor s degree nonprofit management social work public,25934b00-daee-4393-b685-4302e7a4ff02,Social Justice Program Coordinator,Social Impact & Nonprofit,2026-04-22T02:52:32.086589+00:00,"A bachelor's degree in nonprofit management, social work, public policy, or related field is often preferred, though relevant lived experience and demonstrated commitment to social justice can sometimes substitute."
11,bachelor s degree nonprofit management social work public,2cf15c66-37f8-4cac-94a8-f345e0c8177e,Community Benefit Specialist,Social Impact & Nonprofit,2026-06-15T02:45:10.346687+00:00,"A bachelor's degree in nonprofit management, social work, public administration, or related field is often preferred, though entry-level roles may accept relevant work experience and certifications like Grant Writing or Program Evaluation."
11,bachelor s degree nonprofit management social work public,72eff3cc-664a-4a74-bfbb-6f456617c884,Program Officer,Gaming & Esports,2026-04-22T02:52:34.465719+00:00,"Bachelor's degree in nonprofit management, social work, public administration, or related field preferred; certifications in grant writing or nonprofit management are advantageous but not always required."
11,bachelor s degree nonprofit management social work public,98b66f6b-da25-4478-bd50-bb08f9f25192,Grant Writer (Health & Human Services),Social Impact & Nonprofit,2026-06-25T04:06:16.076699+00:00,"Bachelor's degree in nonprofit management, social work, public health, or related field preferred; strong writing skills and familiarity with grant databases essential."
11,bachelor s degree nonprofit management social work public,a435e956-914b-40f7-ae1c-e91cabb1cdd5,Nonprofit Program Officer,Gaming & Esports,2026-04-22T02:52:30.47108+00:00,"A bachelor's degree in nonprofit management, social work, public policy, or related field is preferred; relevant volunteer experience and project management skills are valued entry points."
11,bachelor s degree nonprofit management social work public,b3ed3246-2575-45e5-b20b-165e194051b1,Nonprofit Program Manager,Social Impact & Nonprofit,2026-04-22T02:52:32.496342+00:00,"A bachelor's degree in nonprofit management, social work, public administration, or related field is preferred; many organizations hire strong candidates with relevant experience and certifications like Certified Fund Raising Executive (CFRE)."
11,bachelor s degree nonprofit management social work public,bde34a1b-377f-4fcf-baef-3ad4ac571d47,Social Justice Nonprofit Director,Social Impact & Nonprofit,2026-04-27T08:01:52.114479+00:00,"A bachelor's degree in nonprofit management, social work, public administration, or a relevant field is common; nonprofit certifications and volunteer experience in advocacy work strengthen applications."
11,bachelor s degree nonprofit management social work public,cb1cb345-3a2f-4357-9835-252b196419a8,Veterans Advocacy Director,Social Impact & Nonprofit,2026-04-22T06:27:29.331269+00:00,"Bachelor's degree in nonprofit management, social work, public policy, or related field preferred; relevant experience in veterans services or nonprofit leadership valued."
11,bachelor s degree nonprofit management social work public,cbfc7604-e8ce-4fdc-9aa4-6ee813166cb8,Program Officer (Nonprofit),Social Impact & Nonprofit,2026-04-26T06:33:27.811123+00:00,"A bachelor's degree in nonprofit management, social work, public administration, or related field is common; certifications in grant writing or program evaluation are helpful but not always required."
11,bachelor s degree nonprofit management social work public,eae96896-c49e-4bb9-ab0e-128282f20a72,Community Outreach Manager,Gaming & Esports,2026-04-22T02:52:31.845128+00:00,"A bachelor's degree in nonprofit management, social work, public health, or related field is preferred but not always required; relevant volunteer or internship experience can substitute for entry-level roles."
11,bachelor s degree computer science cybersecurity related field,27e334c1-43db-4650-8068-fe49bde58b6b,Product Security Engineer,Tech & Engineering,2026-06-10T02:15:30.458324+00:00,"Bachelor's degree in computer science, cybersecurity, or related field preferred; certifications like CISSP, CEH, or Security+ highly valued; 2-3 years software development or security experience typically required."
11,bachelor s degree computer science cybersecurity related field,29debf99-659d-419f-94d4-13353b75b827,Vulnerability Researcher,Cybersecurity,2026-04-22T02:52:34.465719+00:00,"Bachelor's degree in Computer Science, Cybersecurity, or related field; certifications such as OSCP, CEH, or GPEN are highly valued"
11,bachelor s degree computer science cybersecurity related field,335c2bc1-1986-42ee-9a3d-6d596018c16a,Biometric Security Specialist,Cybersecurity,2026-04-22T02:52:34.239097+00:00,"Bachelor's degree in computer science, cybersecurity, or related field; certifications such as Certified Biometric Professional (CBP) or relevant security credentials are highly preferred."
11,bachelor s degree computer science cybersecurity related field,38690cb6-8c83-4ff4-936a-d910c6163dfa,Security Chaos Engineer,Cybersecurity,2026-08-15T01:36:02.056946+00:00,"A bachelor's degree in computer science, cybersecurity, or related field is typical; industry certifications like CEH, OSCP, or GIAC are highly valued; 2-3 years of foundational security experience required."
11,bachelor s degree computer science cybersecurity related field,39bbc273-9b55-463b-854d-d51ddb8dda45,Cloud Security Engineer,Tech & Engineering,2026-04-25T06:09:50.024462+00:00,"A bachelor's degree in computer science, cybersecurity, or related field plus industry certifications like Security+ or AWS Certified Security are typically required."
11,bachelor s degree computer science cybersecurity related field,3d32e395-9d3f-4b6d-aa57-9fea6cd2b58e,Secure Software Development Manager,Cybersecurity,2026-08-13T02:25:42.983563+00:00,"Bachelor's degree in Computer Science, Cybersecurity, or related field, plus 5+ years in software development or security roles, with certifications like CISSP, CEH, or CSSLP strongly preferred."
11,bachelor s degree computer science cybersecurity related field,89383af8-0854-413a-9dae-4d7fa297d55a,Blockchain Security Analyst,Cybersecurity,2026-04-22T02:52:32.496342+00:00,"Bachelor's degree in Computer Science, Cybersecurity, or related field; certifications such as CEH, CISSP, or blockchain-specific credentials like Certified Blockchain Professional are highly valued."
11,bachelor s degree computer science cybersecurity related field,a3a52e9b-e3d8-46e6-bdf4-169bc20479c7,Threat Modeling Engineer,Cybersecurity,2026-08-17T01:39:49.47899+00:00,"A bachelor's degree in computer science, cybersecurity, or related field plus industry certifications (CEH, CISSP, or CCSK) and 2-3 years of security experience are typically required."
11,bachelor s degree computer science cybersecurity related field,d851c088-10d0-4a34-861f-9a88d51721fe,Adversarial Machine Learning Specialist,Cybersecurity,2026-08-15T01:36:05.031027+00:00,"A bachelor's degree in computer science, cybersecurity, or related field plus hands-on experience with machine learning frameworks and security certifications (CEH, CISSP) are typically required."
11,bachelor s degree computer science cybersecurity related field,f547ccc1-dfa3-4784-af67-93ee1fac9b19,Security Architect,Tech & Engineering,2026-07-27T03:40:27.817833+00:00,"Bachelor's degree in computer science, cybersecurity, or related field required; industry certifications (CISSP, CCSK, or CEH) and 3-5 years of IT security experience typically needed."
11,bachelor s degree computer science cybersecurity related field,fdb7437d-fd32-42df-8291-6d4d67a65bbb,Secure AI Systems Auditor,Cybersecurity,2026-08-18T01:35:32.337163+00:00,"Bachelor's degree in computer science, cybersecurity, or related field; certifications like CEH, CISSP, or AI security specializations preferred; 2+ years security or QA experience typical for entry."
10,bachelor s degree education business related field preferred,1a1dbcfc-1349-472b-8aba-451cb329dae1,Tutoring Program Director,Education & Coaching,2026-06-30T04:07:26.596507+00:00,"Bachelor's degree in education, business, or related field preferred; experience managing teams or education programs and strong knowledge of curriculum development highly valued."
10,bachelor s degree education business related field preferred,318d4f22-fbbc-40c0-a139-85b91587b0da,Professional Development Trainer,Education & Coaching,2026-06-08T02:38:41.667091+00:00,"Bachelor's degree in education, business, or related field preferred; certifications in instructional design, adult learning, or coaching (like CIPD or ICF) strengthen credentials."
10,bachelor s degree education business related field preferred,413c174d-c05c-4b4c-8b9d-cb5a30bbfc00,Tutoring Center Director,Education & Coaching,2026-04-22T02:52:34.239097+00:00,"Bachelor's degree in Education, Business, or related field preferred; experience as a tutor or educator and strong knowledge of teaching methods typically required."
10,bachelor s degree education business related field preferred,56ba1f58-3150-4460-8a3f-c22504448a4e,Educational Program Coordinator,Education & Coaching,2026-07-26T03:31:27.493061+00:00,"A bachelor's degree in education, business, or related field is preferred; relevant certifications in program management or instructional design strengthen applications."
10,bachelor s degree education business related field preferred,5c658fb6-ec19-4da6-8299-dfe0f7c94f78,Adult Education Coordinator,Education & Coaching,2026-04-22T02:52:30.47108+00:00,"A bachelor's degree in education, business, or related field is often preferred; some positions accept high school diploma plus relevant experience, and certifications in instructional design or adult learning are beneficial."
10,bachelor s degree education business related field preferred,68888b3f-c1df-43e1-8b09-ddc562367650,Adult Education Program Manager,Education & Coaching,2026-08-08T01:59:10.540295+00:00,"Bachelor's degree in Education, Business, or related field preferred; experience in program coordination or adult learning environments is valuable."
10,bachelor s degree education business related field preferred,6a95b3c1-7ab8-4e13-8373-d841558689dc,Training Program Manager,Education & Coaching,2026-06-15T02:42:30.605632+00:00,"Bachelor's degree in education, business, or related field preferred; certifications in instructional design or project management are advantageous but not always required."
10,bachelor s degree education business related field preferred,838b4afa-342b-43d2-b2c6-6eaa6aff2237,Education Consultant (K-12),Education & Coaching,2026-07-13T03:32:25.830309+00:00,"Bachelor's degree in education, business, or related field preferred; teaching experience and professional certifications (like educational leadership or instructional design) strengthen candidacy."
10,bachelor s degree education business related field preferred,d534dba4-d70d-4692-a2d0-80de1b56ef7e,Corporate Skills Trainer,Education & Coaching,2026-04-22T02:52:31.660242+00:00,"Bachelor's degree in education, business, or related field preferred; certifications in training design (IDOL, ATD) or subject matter expertise often required."
10,bachelor s degree education business related field preferred,fa1f807d-7076-4528-8612-4902f682145d,Apprenticeship Program Manager,Education & Coaching,2026-04-27T08:00:33.066163+00:00,"Bachelor's degree in education, business, or related field preferred; certifications in program management or apprenticeship coordination enhance prospects."
10,bachelor s degree social work public administration related,1a53d878-b94f-4b82-817c-8d46a48623ca,Housing Specialist,Social Impact & Nonprofit,2026-07-25T03:18:05.038969+00:00,"Bachelor's degree in social work, public administration, or related field preferred; some positions accept high school diploma with relevant experience and certifications like social work licensure may be required depending on employer."
10,bachelor s degree social work public administration related,26c3ec00-e109-450c-bec0-fa645e17157e,Homeless Services Manager,Social Impact & Nonprofit,2026-05-24T02:11:08.952531+00:00,"A bachelor's degree in social work, public administration, or related field is often preferred; relevant experience in nonprofits or case management can sometimes substitute, plus knowledge of local housing resources and community partnerships."
10,bachelor s degree social work public administration related,4ca84ec0-f4c5-4967-920b-52a49d4f7f84,Social Services Director,Gaming & Esports,2026-04-22T02:52:32.496342+00:00,"Bachelor's degree in social work, public administration, or related field; many positions prefer or require a Master's degree and relevant nonprofit experience."
10,bachelor s degree social work public administration related,599e5eeb-ce00-4226-889e-7bfe4458f036,Homelessness Services Director,Social Impact & Nonprofit,2026-05-10T01:55:17.345171+00:00,"A bachelor's degree in social work, public administration, or related field is often preferred; relevant nonprofit experience and strong grant writing skills are highly valued."
10,bachelor s degree social work public administration related,6882becc-e6b2-4e00-a5ae-370ee2d88b60,Community Development Manager,Gaming & Esports,2026-04-22T02:52:33.86077+00:00,"A bachelor's degree in social work, public administration, or related field is preferred; relevant volunteer experience and strong communication skills can substitute for formal credentials."
10,bachelor s degree social work public administration related,6f868b07-2388-415b-9bae-a172445c85e4,Housing First Program Manager,Social Impact & Nonprofit,2026-05-14T02:12:00.942873+00:00,"A bachelor's degree in social work, public administration, or related field is preferred but not always required; some nonprofits hire with equivalent work experience in case management or community services."
10,bachelor s degree social work public administration related,7dc268ca-9557-463c-899f-553211fcb40d,Community Development Officer,Gaming & Esports,2026-04-22T02:52:34.465719+00:00,"A bachelor's degree in social work, public administration, or related field is often preferred; community engagement experience and strong communication skills are essential."
10,bachelor s degree social work public administration related,8ee0d85a-a9d0-47d8-a5fe-a4aff7c6c649,Community Development Director,Gaming & Esports,2026-04-22T02:52:30.47108+00:00,"Bachelor's degree in social work, public administration, or related field preferred; certifications in nonprofit management or community organizing are valuable but not always required."
10,bachelor s degree social work public administration related,cc2c4187-ee11-4a76-a815-6fb3ba9b4268,Homeless Services Director,Gaming & Esports,2026-04-22T02:52:33.86077+00:00,"A bachelor's degree in social work, public administration, or related field is often preferred; relevant certifications in nonprofit management or case management strengthen candidacy."
10,bachelor s degree social work public administration related,e400803e-3b75-4949-af50-6601f3327b18,Program Coordinator (Social Services),Social Impact & Nonprofit,2026-05-16T01:59:52.003341+00:00,"A bachelor's degree in social work, public administration, or related field is often preferred; some organizations hire with relevant experience and certifications like CPR or program management training."
10,high school diploma associate degree preferred certifications like,3c26327b-edf2-452e-ac2b-24cf441edbec,Hotel Event Manager,Supply Chain & Operations,2026-04-22T02:52:31.20659+00:00,High school diploma or associate degree preferred; certifications like CMP (Certified Meeting Professional) or ISES membership boost credentials.
10,high school diploma associate degree preferred certifications like,413869b1-36a0-4581-bb91-153c27fab860,Security Operations Center (SOC) Analyst,Tech & Engineering,2026-05-03T01:52:31.009599+00:00,High school diploma or associate degree preferred; certifications like CompTIA Security+ or Certified Ethical Hacker (CEH) strongly valued for entry-level positions.
10,high school diploma associate degree preferred certifications like,591622e9-f328-422d-87f6-d282ec79803a,Conference Operations Manager,Hospitality & Events,2026-05-10T01:56:17.553699+00:00,High school diploma or associate degree preferred; certifications like Certified Meeting Professional (CMP) or Event Planner Certification enhance career prospects.
10,high school diploma associate degree preferred certifications like,63b1b78f-09ec-4424-bf22-3df5240a6dab,Conference Center Director,Hospitality & Events,2026-06-18T02:39:49.197753+00:00,"High school diploma or associate degree preferred; certifications like Certified Meeting Professional (CMP) or Event Management credential enhance prospects, though on-the-job experience is valuable."
10,high school diploma associate degree preferred certifications like,739ccd5b-84c2-4320-8297-341ee9f466af,Corporate Event Planner,Hospitality & Events,2026-06-04T02:41:24.543105+00:00,High school diploma or associate degree preferred; certifications like Certified Events Planner (CEP) or Meeting Professionals International (MPI) strengthen credentials.
10,high school diploma associate degree preferred certifications like,7e499cfe-f577-4274-828f-7b893d9f8d2d,Meeting and Events Coordinator,Hospitality & Events,2026-06-13T02:15:29.0657+00:00,High school diploma or associate degree preferred; certifications like CMP (Certified Meeting Professional) are advantageous but not always required for entry-level roles.
10,high school diploma associate degree preferred certifications like,83a54ea8-a52d-4bba-b847-8b46c60c3284,Corporate Meeting Planner,Hospitality & Events,2026-06-06T02:07:26.380731+00:00,High school diploma or associate degree preferred; certifications like Certified Meeting Professional (CMP) or Certified Events Planner (CEP) boost career growth.
10,high school diploma associate degree preferred certifications like,88e8ee70-e914-4db5-adee-03ec9da9b6dc,Virtual Event Producer,Hospitality & Events,2026-07-05T04:00:28.588041+00:00,High school diploma or associate degree preferred; certifications like Certified Virtual Event Specialist (CVES) or event management training programs strengthen candidacy.
10,high school diploma associate degree preferred certifications like,c24b04d2-728a-421d-a19e-9f235d28125e,Meeting Planner (Association),Hospitality & Events,2026-06-03T02:46:06.932131+00:00,High school diploma or associate degree preferred; certifications like Certified Meeting Professional (CMP) or Certified Association Executive (CAE) enhance career prospects.
10,high school diploma associate degree preferred certifications like,f9ea254c-12b0-4d82-bf03-d22a9d91c1bf,Corporate Retreat Coordinator,Supply Chain & Operations,2026-04-22T02:52:31.845128+00:00,High school diploma or associate degree preferred; certifications like Certified Meeting Professional (CMP) or Event Planner Certification enhance career prospects.
9,bachelor s degree finance economics business required cfa,0330584f-59c2-497c-8411-c9c8d5c1afc5,Equity Fund Manager,Business & Finance,2026-05-25T02:31:28.994983+00:00,"Bachelor's degree in finance, economics, or business required; CFA (Chartered Financial Analyst) certification and series 7/63 licenses typically needed to advance."
9,bachelor s degree finance economics business required cfa,184ca45f-fb74-4d06-b8c4-0ed0bc3df1b6,Equity Analyst (Energy Sector),Business & Finance,2026-04-22T02:52:29.206458+00:00,"Bachelor's degree in finance, economics, or business required; CFA (Chartered Financial Analyst) certification preferred or often needed for advancement."
9,bachelor s degree finance economics business required cfa,493da614-e329-4041-8fec-8640138dc379,Equity Strategist (Private Equity),Business & Finance,2026-04-22T03:25:14.552988+00:00,"Bachelor's degree in finance, economics, or business required; CFA or MBA highly preferred; 3-5 years of financial analysis experience typically needed before entry into equity strategy roles."
9,bachelor s degree finance economics business required cfa,4f5d825b-3550-4a15-bd36-7df59ce2b802,Hedge Fund Analyst,Fashion & Beauty,2026-04-22T02:52:33.86077+00:00,"Bachelor's degree in finance, economics, or business required; CFA certification (3 levels, typically completed over 4+ years) strongly preferred or required by most firms."
9,bachelor s degree finance economics business required cfa,5bf6d593-e483-44b4-b830-e0bb2bf84e04,Equity Research Manager,Business & Finance,2026-06-23T04:02:54.493631+00:00,"Bachelor's degree in finance, economics, or business required; CFA (Chartered Financial Analyst) certification preferred or required by many firms."
9,bachelor s degree finance economics business required cfa,647841dc-1702-4444-b56e-b96a9f14caeb,Investment Banker (Tech Sector),Business & Finance,2026-06-11T02:37:26.179521+00:00,"Bachelor's degree in finance, economics, or business required; CFA (Chartered Financial Analyst) certification and Series 7/63 licenses typically needed for advancement."
9,bachelor s degree finance economics business required cfa,b085448b-5364-49b9-bc25-2391077f9bdd,Investment Manager,Science & Research,2026-04-22T02:52:32.271017+00:00,"Bachelor's degree in finance, economics, or business required; CFA (Chartered Financial Analyst) certification highly valued; 2-3 years experience typically needed for entry-level investment roles."
9,bachelor s degree finance economics business required cfa,ce921085-636a-4e07-981d-73f75713f973,Equity Research Associate,Business & Finance,2026-05-23T02:02:18.434641+00:00,"Bachelor's degree in finance, economics, or business required; CFA certification preferred but not required for entry-level roles."
9,bachelor s degree finance economics business required cfa,e71551e7-b512-44c2-b0c5-017e21178a60,Investment Banker (Corporate Finance),Business & Finance,2026-04-24T06:30:08.258311+00:00,"Bachelor's degree in finance, economics, or business required; CFA certification and MBA highly valued for advancement."
9,bachelor s degree required followed by law school,04965e20-a499-44cd-9b9c-7103dd8544e3,Public Health Attorney,Food & Culinary,2026-04-22T02:52:29.422718+00:00,"Bachelor's degree required, followed by law school (JD) and bar exam passage; many pursue MPH or public health certificate for specialization."
9,bachelor s degree required followed by law school,4280a22e-36bf-4310-9f68-3ed7715eba4d,Trademark and Copyright Attorney,Law & Government,2026-06-12T02:34:48.990302+00:00,"Bachelor's degree required, followed by law school (JD) and passing the bar exam in your state; specialization in intellectual property law through coursework or internships is recommended."
9,bachelor s degree required followed by law school,9de82fff-8387-4e52-8c06-0be3b8becced,Immigration Lawyer,Law & Government,2026-05-06T01:53:26.007056+00:00,"Bachelor's degree required, followed by law school (JD) and passing the bar exam in your state."
9,bachelor s degree required followed by law school,b47fb459-875c-4dab-b717-96598ca3ca9c,Constitutional Law Advocate,Law & Government,2026-06-08T02:39:15.147257+00:00,"Bachelor's degree required, followed by law school (3 years) and passing the bar exam in your state; many pursue additional coursework in constitutional law."
9,bachelor s degree required followed by law school,bed6c1af-5d4f-41ab-b955-bfcb39c9d05d,Prosecutor (District Attorney),Law & Government,2026-05-02T01:50:05.004928+00:00,"Bachelor's degree required, followed by law school (3 years) and passing the bar exam in your state."
9,bachelor s degree required followed by law school,d0bafaa2-ffbf-4ba6-9da3-c05a7ccc38f4,Title Insurance Attorney,Law & Government,2026-05-08T02:05:12.702111+00:00,"Bachelor's degree required, followed by law school (Juris Doctor) and passing the bar exam in your state; additional title insurance certification may be required."
9,bachelor s degree required followed by law school,d54da44c-8e89-4517-bc67-3288bb85a308,Intellectual Property (IP) Lawyer,Law & Government,2026-07-04T03:42:11.507473+00:00,"Bachelor's degree required, followed by law school (JD) and passing the bar exam; many pursue additional IP certification or technical background in science/engineering."
9,bachelor s degree required followed by law school,deb63f7b-5767-4923-95a9-706196c321ae,Civil Rights Attorney,Social Impact & Nonprofit,2026-04-22T02:52:31.392704+00:00,"Bachelor's degree required, followed by law school (3 years) and passing the bar exam in your state; many civil rights attorneys also pursue internships at nonprofits or government agencies."
9,bachelor s degree required followed by law school,e5098e13-28ed-4a64-91e6-55ef18e7147f,Arts Lawyer,Social Impact & Nonprofit,2026-04-22T02:52:32.086589+00:00,"Bachelor's degree required, followed by law school (3 years) and passing the bar exam in your state; specialization in entertainment/arts law typically comes through internships or coursework during law school."
9,bachelor s degree business economics related field preferred,05d11857-6e86-4ca5-8740-63f0d234c15a,Corporate Benchmarking Analyst,Business & Finance,2026-06-10T02:15:47.041924+00:00,"Bachelor's degree in business, economics, or related field preferred; familiarity with data analysis tools and spreadsheet software required."
9,bachelor s degree business economics related field preferred,527a140a-7ad3-47f5-be16-ac5acf366f98,Venture Scale-Up Advisor,Entrepreneurship,2026-07-05T04:01:11.374449+00:00,"Bachelor's degree in business, economics, or related field preferred; experience working in startups, venture capital, or business development is typically required before advising."
9,bachelor s degree business economics related field preferred,617715aa-ddb5-4815-b5ad-04f8d6fcbbed,Venture Studio Operator,Entrepreneurship,2026-04-22T02:52:32.271017+00:00,"A bachelor's degree in business, economics, or related field is preferred; strong experience in startup operations, venture capital, or entrepreneurship is typically required before becoming a studio operator."
9,bachelor s degree business economics related field preferred,8d78a663-8caf-4114-8a56-54aad2ef2ee8,Consulting Practice Owner,Entrepreneurship,2026-05-27T02:17:16.390141+00:00,"Bachelor's degree in business, economics, or related field preferred; MBA or consulting certification accelerates growth; 2-3 years prior business experience typically required to launch."
9,bachelor s degree business economics related field preferred,b40df460-b1e0-486a-9fc4-1a1722aa4cd2,Trade Compliance Specialist,Business & Finance,2026-05-19T02:12:10.692117+00:00,"A bachelor's degree in business, economics, or related field is preferred; certification through programs like the Certified Customs Specialist (CCS) or customs broker license can accelerate career growth."
9,bachelor s degree business economics related field preferred,b978845b-c0ae-4e03-a3a0-cb5c926a8802,Product-Market Fit Consultant,Entrepreneurship,2026-04-30T01:57:53.280133+00:00,"Bachelor's degree in business, economics, or related field preferred; startup experience and knowledge of market research methodologies are valuable."
9,bachelor s degree business economics related field preferred,bd040f2a-f065-4bb9-b3af-efc118d646c5,Small Business Consultant,Marketing & Communications,2026-04-22T02:52:33.477982+00:00,"Bachelor's degree in business, economics, or related field preferred; certifications such as SCORE mentoring, Small Business Administration (SBA) training, or industry-specific credentials are advantageous but not always required."
9,bachelor s degree business economics related field preferred,d33d3e76-cae9-4295-9848-c981b2abad2f,Business Development Manager (Startups),Entrepreneurship,2026-06-19T02:55:14.718207+00:00,"Bachelor's degree in business, economics, or related field preferred; strong communication skills and entrepreneurial experience or internships highly valued."
9,bachelor s degree business economics related field preferred,f2719141-76af-4286-b9cd-651ffb84e234,Business Plan Consultant,Entrepreneurship,2026-04-22T02:52:29.422718+00:00,"Bachelor's degree in business, economics, or related field preferred; MBA or business consulting certification can accelerate advancement."
9,bachelor s degree social work nonprofit management related,05e794ba-c179-42cf-943e-53d1a02bbe65,Homelessness Services Manager,Social Impact & Nonprofit,2026-07-03T03:50:39.07336+00:00,"A bachelor's degree in social work, nonprofit management, or related field is often preferred; relevant experience in homeless services or case management can substitute."
9,bachelor s degree social work nonprofit management related,19686ea0-1d58-48ac-bcd8-343ebc78ba56,LGBTQ+ Community Services Director,Social Impact & Nonprofit,2026-05-30T02:04:16.514576+00:00,"A bachelor's degree in social work, nonprofit management, or related field is often preferred; relevant lived experience or certification in community organizing may substitute for formal education at some organizations."
9,bachelor s degree social work nonprofit management related,1f02feb9-a71f-4294-81a9-b6d9db766701,Social Services Manager,Social Impact & Nonprofit,2026-04-22T02:52:29.856816+00:00,"Bachelor's degree in social work, nonprofit management, or related field; some roles prefer master's degrees and prior direct service experience in social services."
9,bachelor s degree social work nonprofit management related,7a766bc2-694f-47d4-b1d0-65356ed8d2d0,Refugee Resettlement Services Coordinator,Social Impact & Nonprofit,2026-05-29T02:09:01.134169+00:00,"A bachelor's degree in social work, nonprofit management, or related field is preferred; bilingual skills and knowledge of refugee resettlement policies are highly valued."
9,bachelor s degree social work nonprofit management related,8441ddb1-3f04-45e0-b41e-bc103b441802,Social Services Program Manager,Social Impact & Nonprofit,2026-06-22T03:23:13.737586+00:00,"A bachelor's degree in social work, nonprofit management, or related field is preferred; certifications in program management or social services are beneficial but not always required."
9,bachelor s degree social work nonprofit management related,9470a3f3-322e-4288-9d37-fa886cedd154,Refugee Services Coordinator,Gaming & Esports,2026-04-22T02:52:32.905098+00:00,"A bachelor's degree in social work, nonprofit management, or related field is preferred; bilingual skills and certification in case management are often required or valued."
9,bachelor s degree social work nonprofit management related,9804f1f5-8612-4b3b-9f21-bca11260d3ca,Refugee Services Director,Social Impact & Nonprofit,2026-05-08T02:05:46.497139+00:00,"A bachelor's degree in social work, nonprofit management, or related field is typically expected, though some organizations hire experienced case managers without degrees; bilingual skills are highly valued."
9,bachelor s degree social work nonprofit management related,a751e092-1286-4b6b-9e8d-43ceeb3c6858,Veterans Advocacy Coordinator,Social Impact & Nonprofit,2026-07-04T03:42:31.095252+00:00,"A bachelor's degree in social work, nonprofit management, or related field is preferred; certifications in case management or nonprofit administration strengthen candidacy, though relevant volunteer experience can substitute."
9,bachelor s degree social work nonprofit management related,f730225f-2fcb-4f0c-87d6-f3cb5984ef28,Domestic Violence Shelter Director,Gaming & Esports,2026-04-22T02:52:29.646164+00:00,"A bachelor's degree in social work, nonprofit management, or related field is often preferred; some positions accept relevant work experience plus certifications in nonprofit leadership or victim advocacy."
9,bachelor s degree environmental science business related field,06608e51-6e99-4d10-bfeb-5b7072b696d7,Sustainability Manager,Environment & Sustainability,2026-04-22T02:52:31.392704+00:00,"Bachelor's degree in environmental science, business, or related field preferred; certifications like LEED or CSR are advantageous but not always required."
9,bachelor s degree environmental science business related field,09f444b7-806b-4aec-b47b-9bfbdbfc13c6,Corporate Sustainability Officer,Environment & Sustainability,2026-05-11T02:05:28.105691+00:00,"Bachelor's degree in environmental science, business, or related field, often with certifications like LEED or ISO 14001 and 2-3 years of sustainability or environmental experience."
9,bachelor s degree environmental science business related field,1a2ce17d-07e8-420b-81cd-fa756169e30a,Sustainability Certification Auditor,Environment & Sustainability,2026-07-04T03:40:27.763093+00:00,"A bachelor's degree in environmental science, business, or related field is preferred; certifications like ISO 14001 Lead Auditor or equivalent sustainability credentials are typically required or strongly recommended."
9,bachelor s degree environmental science business related field,3902ee66-4c5d-4563-a487-9afd8946e4e8,Sustainability Reporting Manager,Environment & Sustainability,2026-04-22T02:52:29.856816+00:00,"Bachelor's degree in environmental science, business, or related field preferred; certifications like GRI (Global Reporting Initiative) or ISO 14001 strengthen candidacy."
9,bachelor s degree environmental science business related field,a1dedc2d-fb92-4180-a6a2-fe4589f22a59,Sustainability Compliance Officer,Environment & Sustainability,2026-08-01T03:30:10.576445+00:00,"A bachelor's degree in environmental science, business, or related field is preferred; certifications like Certified Environmental Compliance Auditor (CECA) are valuable but not always required."
9,bachelor s degree environmental science business related field,ab417650-d3e2-4c17-8a7f-c2fc357ea40f,Corporate Sustainability Manager,Environment & Sustainability,2026-06-26T04:14:33.996575+00:00,"Bachelor's degree in environmental science, business, or related field; certifications like LEED, ISO 14001, or GRI are valuable but not always required."
9,bachelor s degree environmental science business related field,ba1e80b9-4e6d-4233-88ae-0abcc172d3b1,Carbon Neutral Certification Auditor,Environment & Sustainability,2026-05-19T02:13:55.401884+00:00,"A bachelor's degree in environmental science, business, or related field plus relevant certifications (ISO 14001, carbon auditing credentials) and 2-3 years of compliance or sustainability experience."
9,bachelor s degree environmental science business related field,def15e92-0206-4b10-a619-9cd8db591683,Carbon Offset Project Manager,Supply Chain & Operations,2026-04-22T02:52:30.082186+00:00,"Bachelor's degree in environmental science, business, or related field preferred; certifications in carbon accounting (ISO 14064) or project management (PMP) are advantageous."
9,bachelor s degree environmental science business related field,f64379ab-ff58-41f1-a8bd-a44029c8eb7d,Food Waste Reduction Analyst,Food & Culinary,2026-08-14T02:23:35.031167+00:00,"Bachelor's degree in environmental science, business, or related field preferred; certifications in sustainability or food systems are valuable but not always required for entry-level roles."
9,bachelor s degree computer science electrical engineering related,0d23709e-0f2a-468f-a143-19f3fdb99cad,Firmware Engineer,Healthcare & Medicine,2026-04-22T02:52:33.86077+00:00,"Bachelor's degree in Computer Science, Electrical Engineering, or related field; knowledge of embedded systems, C/C++, and microcontroller programming; certifications in embedded systems or specific platforms are advantageous."
9,bachelor s degree computer science electrical engineering related,25cfabf4-dba0-4c73-920e-9487ce3a7347,IoT (Internet of Things) Specialist,Tech & Engineering,2026-06-01T02:42:11.596367+00:00,"Bachelor's degree in computer science, electrical engineering, or related field preferred; certifications in IoT platforms (AWS, Azure) and programming languages (Python, C++) are valuable entry points."
9,bachelor s degree computer science electrical engineering related,2d0536e0-0cc0-4741-8c6d-5f12a4b8f69b,3D Vision Engineer,Aviation & Transportation,2026-04-22T02:52:30.47108+00:00,"Bachelor's degree in Computer Science, Electrical Engineering, or related field; proficiency in C++, Python, and 3D vision frameworks like OpenCV or ROS; familiarity with depth sensors and camera calibration is beneficial."
9,bachelor s degree computer science electrical engineering related,a22435f7-02f0-41fc-9ca8-0cfa5a5fb69f,Embedded Systems Engineer,Healthcare & Medicine,2026-04-22T02:52:32.905098+00:00,"Bachelor's degree in Computer Science, Electrical Engineering, or related field; certifications in embedded systems, microcontrollers, or real-time operating systems are advantageous."
9,bachelor s degree computer science electrical engineering related,ad17c1ff-a9be-48f2-a2bf-0f06ecaee9a1,Machine Vision Engineer,Tech & Engineering,2026-05-31T02:30:42.034931+00:00,"Bachelor's degree in Computer Science, Electrical Engineering, or related field; experience with OpenCV, Python, and machine learning frameworks preferred."
9,bachelor s degree computer science electrical engineering related,c36b35ea-d947-4777-a5b1-7aa0081c701b,IoT Solutions Engineer,Tech & Engineering,2026-04-22T02:52:30.47108+00:00,"A bachelor's degree in computer science, electrical engineering, or related field is preferred; certifications in IoT platforms (AWS, Azure, Google Cloud) and networking (CCNA) strengthen candidacy."
9,bachelor s degree computer science electrical engineering related,e3327e1b-fba9-491d-8b29-f6ad1d475f4f,IoT Solutions Architect,Tech & Engineering,2026-04-22T02:52:32.086589+00:00,"Bachelor's degree in computer science, electrical engineering, or related field; certifications in cloud platforms (AWS, Azure) and IoT frameworks are valuable."
9,bachelor s degree computer science electrical engineering related,f4c2877e-9628-4de9-af0f-64be69e148e1,Voice Technology Engineer,Tech & Engineering,2026-05-08T02:06:09.120712+00:00,"A bachelor's degree in computer science, electrical engineering, or related field is typical, though some positions accept strong portfolios and certifications in machine learning and audio processing."
9,bachelor s degree computer science electrical engineering related,f4dadb9b-1f6f-4693-b924-60483f753dd5,IoT (Internet of Things) Engineer,Tech & Engineering,2026-06-15T02:45:29.108132+00:00,"Bachelor's degree in computer science, electrical engineering, or related field; familiarity with microcontrollers, networking protocols, and embedded systems is essential."
9,high school diploma minimum bachelor s degree education,11fff269-d431-4966-b1fa-5aeeefeb9658,Tutor (Special Education),Education & Coaching,2026-04-29T02:00:10.715612+00:00,High school diploma minimum; bachelor's degree in education or relevant subject preferred; certification in special education or educational psychology may be required depending on employer and location.
9,high school diploma minimum bachelor s degree education,30a94fcb-3914-4530-b9ea-25fe997015bd,Tutoring Center Manager,Education & Coaching,2026-04-23T06:30:31.249359+00:00,High school diploma minimum; bachelor's degree in education or related field preferred; management experience and tutoring certification are advantageous.
9,high school diploma minimum bachelor s degree education,36552a7f-55fb-4fe5-b789-73ff5707cb3e,Museum Docent Coordinator,Education & Coaching,2026-04-22T02:52:29.856816+00:00,"High school diploma minimum; bachelor's degree in education, art history, museum studies, or related field preferred; some museums require certification or training in museum education practices."
9,high school diploma minimum bachelor s degree education,641ed0f4-1650-4fb9-a4b8-d9ee7a0e9d8e,Adult Literacy Coordinator,Education & Coaching,2026-05-25T02:29:41.616889+00:00,High school diploma minimum; bachelor's degree in education or related field preferred; certification in adult education or literacy instruction often required by employers.
9,high school diploma minimum bachelor s degree education,805e6f42-f338-4baf-a9f8-1d562816b75f,Study Skills Coach,Education & Coaching,2026-05-06T01:52:53.503568+00:00,"High school diploma minimum; bachelor's degree in education, psychology, or related field preferred; coaching certifications or study skills training programs strengthen credentials."
9,high school diploma minimum bachelor s degree education,924dd00b-1ca4-4656-a92d-fd94a9520763,Life Skills Instructor,Education & Coaching,2026-05-26T02:10:16.633361+00:00,"High school diploma minimum; bachelor's degree in education, social work, or related field preferred; certifications in specific life skills areas may be required by employer."
9,high school diploma minimum bachelor s degree education,d3aeb411-29c0-47f2-9758-9f95f2d21307,Literacy Tutor (Private),Education & Coaching,2026-04-22T03:23:31.854634+00:00,High school diploma minimum; bachelor's degree in education or related field preferred; some states require teaching certification or tutoring credentials depending on student age.
9,high school diploma minimum bachelor s degree education,da26c81f-ab49-482b-9a3d-1eeed5eeb375,Tutor for Learning Disabilities,Sports & Fitness,2026-04-22T02:52:32.905098+00:00,High school diploma minimum; bachelor's degree in education or related field preferred; certification in special education or learning disabilities varies by state and employer.
9,high school diploma minimum bachelor s degree education,e623e667-ffe5-4c9a-b2de-414bc893fff6,Virtual Tutor Coordinator,Education & Coaching,2026-06-16T02:46:23.455092+00:00,"High school diploma minimum; bachelor's degree in education, management, or related field preferred; experience with learning management systems and student coaching helpful."
9,bachelor s degree accounting finance business required cpa,1446d775-e1aa-4789-8162-028484288354,Business Bankruptcy Specialist,Business & Finance,2026-07-08T03:23:04.86633+00:00,"Bachelor's degree in accounting, finance, or business required; CPA certification highly preferred; many bankruptcy specialists pursue additional certifications like Certified Financial Planner (CFP) or Certified Insolvency & Reorganization Advisor (CIRA)."
9,bachelor s degree accounting finance business required cpa,21628884-186d-4680-ae3d-8204cbe2f0aa,Financial Controller,Hospitality & Events,2026-04-22T02:52:31.660242+00:00,"Bachelor's degree in accounting, finance, or business required; CPA (Certified Public Accountant) certification strongly preferred or required by most employers."
9,bachelor s degree accounting finance business required cpa,6eb4e387-82e0-4531-a376-4fbd960309d8,Nonprofit Finance Director,Social Impact & Nonprofit,2026-04-22T02:52:30.264317+00:00,"Bachelor's degree in accounting, finance, or business required; CPA or nonprofit accounting certifications are advantageous."
9,bachelor s degree accounting finance business required cpa,84830df3-899d-4f63-b2f6-3f798856654d,Hotel Financial Controller,Business & Finance,2026-08-02T03:30:31.000479+00:00,"Bachelor's degree in accounting, finance, or business required; CPA or hospitality financial management certification preferred and often required for advancement."
9,bachelor s degree accounting finance business required cpa,99b08832-0052-49c9-9a0e-baa94b94a1f2,CFO (Corporate Finance),Business & Finance,2026-05-16T02:00:05.21527+00:00,"Bachelor's degree in accounting, finance, or business required; CPA or MBA often needed for advancement."
9,bachelor s degree accounting finance business required cpa,bc89803c-686f-401d-9ba0-d0609f235305,Fractional CFO (Small Business),Business & Finance,2026-05-10T01:55:34.239621+00:00,"Bachelor's degree in accounting, finance, or business required; CPA, CFA, or bookkeeping certification highly preferred; 5+ years of accounting or finance experience mandatory."
9,bachelor s degree accounting finance business required cpa,c3407922-794c-4131-a702-d9081f5ae11a,Nonprofit CFO,Social Impact & Nonprofit,2026-04-28T07:58:39.957263+00:00,"Bachelor's degree in accounting, finance, or business required; CPA or MBA often preferred; 3-5 years nonprofit or financial management experience needed."
9,bachelor s degree accounting finance business required cpa,c59c7f77-fcd9-4bb0-9ec6-10a3a820bdbc,CFO (Chief Financial Officer),Business & Finance,2026-06-23T04:04:05.679402+00:00,"Bachelor's degree in accounting, finance, or business required; CPA (Certified Public Accountant) or MBA often preferred for advancement to CFO level."
9,bachelor s degree accounting finance business required cpa,c77a3421-4837-4d07-9af3-cdc593d223e1,Nonprofit Financial Director,Social Impact & Nonprofit,2026-04-22T02:52:33.295118+00:00,"Bachelor's degree in accounting, finance, or business required; CPA or nonprofit accounting certification (such as AFP) highly preferred."
9,bachelor s degree finance business related field preferred,21437a59-aeb9-45c9-b20c-f63f13c8b6ac,Underwriter,Media & Journalism,2026-04-22T02:52:30.655222+00:00,"A bachelor's degree in finance, business, or related field is preferred; licensing requirements vary by state and insurance type, typically requiring an exam."
9,bachelor s degree finance business related field preferred,2a856349-80a5-49ee-bd20-1f19801f6ef6,Equity Crowdfunding Advisor,Business & Finance,2026-05-14T02:09:44.001257+00:00,"Bachelor's degree in finance, business, or related field preferred; securities licensing (Series 7 or 63) and knowledge of SEC regulations typically required or developed on the job."
9,bachelor s degree finance business related field preferred,47f193dc-9ea0-467b-bee9-99409146f0dc,Equity Crowdfunding Manager,Business & Finance,2026-05-13T02:07:38.030302+00:00,"A bachelor's degree in finance, business, or related field is preferred; certifications in securities (Series 7 or 63) and compliance knowledge are advantageous but not always required."
9,bachelor s degree finance business related field preferred,4ed43b11-c1f1-4909-9c66-c6cabfe26839,Loan Officer,Business & Finance,2026-04-24T06:32:14.69746+00:00,"A bachelor's degree in finance, business, or related field is preferred; licensing through the NMLS (Nationwide Multistate Licensing System) is required."
9,bachelor s degree finance business related field preferred,688a6cfd-c2b2-48d2-ae5d-995f3a484696,Banking Operations Manager,Supply Chain & Operations,2026-04-22T02:52:32.271017+00:00,"Bachelor's degree in finance, business, or related field preferred; certifications such as CAIIB, ACE, or PMP may be required depending on employer and specialization."
9,bachelor s degree finance business related field preferred,9cd20bbf-20a0-4556-8937-ab02a5e1a9fd,Microfinance Loan Officer,Gaming & Esports,2026-04-22T02:52:31.392704+00:00,"Bachelor's degree in finance, business, or related field preferred; certifications in microfinance or credit analysis are advantageous but not always required."
9,bachelor s degree finance business related field preferred,a8deba1e-9bbc-4f5f-bf43-b16a7f9d1fa6,Corporate Wellness Finance Coordinator,Business & Finance,2026-08-12T02:26:24.85162+00:00,"Bachelor's degree in finance, business, or related field preferred; certification in financial wellness, HR, or benefits administration is helpful but not always required."
9,bachelor s degree finance business related field preferred,c35efdc1-70dc-4acf-9362-ee1b93eeccdf,Commercial Loan Officer,Science & Research,2026-04-22T02:52:30.082186+00:00,"Bachelor's degree in finance, business, or related field preferred; professional certifications such as Certified Lender or mortgage broker license may be required depending on employer and state regulations."
9,bachelor s degree finance business related field preferred,f23f294c-eed2-41bf-993c-98203b196e7e,Equity Crowdfunding Specialist,Business & Finance,2026-05-08T02:03:19.940359+00:00,"A bachelor's degree in finance, business, or related field is preferred; certifications in securities or investment analysis strengthen credentials, though some roles accept relevant experience."
9,bachelor s degree public administration business related field,28b135b6-50a4-432b-b205-128b25879128,Municipal Administrator,Law & Government,2026-04-28T08:00:00.290752+00:00,"A bachelor's degree in public administration, business, or related field is typically required; some positions prefer a master's degree and relevant municipal experience."
9,bachelor s degree public administration business related field,66904899-5f0b-4283-a80e-3e4c5e84e031,Housing Authority Director,Law & Government,2026-04-22T02:52:33.675655+00:00,"A bachelor's degree in public administration, business, or related field is typically required, along with several years of experience in housing, property management, or government administration."
9,bachelor s degree public administration business related field,7666d4fc-04bd-46e1-9931-8310c8155fdd,City Manager,Gaming & Esports,2026-04-22T02:52:29.422718+00:00,"Bachelor's degree in public administration, business, or related field; many positions prefer a Master's in Public Administration (MPA) and prior experience in government or municipal roles."
9,bachelor s degree public administration business related field,7f5a234f-7c85-4a26-a387-ebb8cdcf51a5,Government Grant Manager,Law & Government,2026-07-14T02:55:25.408845+00:00,"A bachelor's degree in public administration, business, or a related field is preferred; many entry-level positions accept high school graduates with relevant experience."
9,bachelor s degree public administration business related field,83f12676-a4b4-45ad-a459-0abbb6d593fa,Municipal Government Manager,Law & Government,2026-07-06T04:05:57.804264+00:00,"Bachelor's degree in public administration, business, or related field required; many positions prefer a master's degree and prior experience in municipal government or public service."
9,bachelor s degree public administration business related field,84c824d1-6056-445d-9ca6-cc3eb6323674,Town Administrator,Law & Government,2026-04-22T06:26:55.31801+00:00,"A bachelor's degree in public administration, business, or related field is typically required, often with prior experience in municipal government or administration."
9,bachelor s degree public administration business related field,8852e0dd-7801-4648-9262-970c4694869f,Tribal Government Administrator,Law & Government,2026-06-26T04:14:46.465115+00:00,"A bachelor's degree in public administration, business, or related field is often preferred; strong knowledge of tribal government structures and federal Indian law is valuable."
9,bachelor s degree public administration business related field,a30b4653-6c9c-47fc-a49d-f8af5751919e,Tribal Administrator,Law & Government,2026-04-29T01:59:20.104417+00:00,"A bachelor's degree in public administration, business, or a related field is often preferred, though relevant experience in tribal government or community administration can substitute."
9,bachelor s degree public administration business related field,de0fcf14-c099-4521-9996-d92a88a55c71,Grants Management Specialist (Government),Law & Government,2026-04-22T02:52:33.675655+00:00,"A bachelor's degree in public administration, business, or related field is preferred; some entry-level positions accept associate degrees with relevant experience in administrative or financial work."
9,bachelor s degree cybersecurity computer science related field,32cd69c5-f73f-45ab-b25d-30ce1ebe09b9,Security Operations Center Manager,Cybersecurity,2026-04-22T02:52:30.47108+00:00,"Bachelor's degree in cybersecurity, computer science, or related field preferred; CompTIA Security+, CISSP, or similar certifications typically required or expected."
9,bachelor s degree cybersecurity computer science related field,33fb266b-7a20-477a-8099-66ae0f89477e,Election Security Director,Law & Government,2026-08-12T02:27:41.058999+00:00,"Bachelor's degree in cybersecurity, computer science, or related field; certifications like CISSP or CEH; security clearance often required."
9,bachelor s degree cybersecurity computer science related field,45b670c9-0fe7-47dd-93e7-da16569ac16c,Threat Intelligence Analyst,Cybersecurity,2026-04-22T02:52:30.082186+00:00,"Bachelor's degree in cybersecurity, computer science, or related field preferred; certifications such as CISSP, CEH, or GIAC Security Essentials (GSEC) are highly valued."
9,bachelor s degree cybersecurity computer science related field,5c42c054-9da6-48b4-aa54-1c15ce579107,Aviation Cybersecurity Officer,Aviation & Transportation,2026-08-13T02:25:21.431945+00:00,"Bachelor's degree in cybersecurity, computer science, or related field plus industry certifications (Security+, CISSP, or CEH) and aviation security clearance."
9,bachelor s degree cybersecurity computer science related field,8bad15cf-3ebe-4dc8-821f-e684b8427e80,Supply Chain Security Analyst,Cybersecurity,2026-08-13T02:25:51.873597+00:00,"Bachelor's degree in cybersecurity, computer science, or related field plus industry certifications (Security+, CISSP, or supply chain security credentials) typically required."
9,bachelor s degree cybersecurity computer science related field,a6553769-0138-4b85-9784-fafb2034d971,Third-Party Risk Manager,Cybersecurity,2026-08-13T02:25:58.926256+00:00,"A bachelor's degree in cybersecurity, computer science, or related field is typically required, along with certifications like CISSP, CISM, or vendor-specific risk management credentials."
9,bachelor s degree cybersecurity computer science related field,c882d20b-3d3b-4f69-ae7f-855bb77466ab,Red Team Operator,Cybersecurity,2026-08-14T02:23:38.441062+00:00,"Bachelor's degree in cybersecurity, computer science, or related field recommended; industry certifications like CEH, OSCP, or Security+ typically required or strongly preferred."
9,bachelor s degree cybersecurity computer science related field,d83f6c11-dc83-4d6d-adc7-176ee2d65190,FBI Cybercrime Investigator,Law & Government,2026-06-24T04:05:40.186784+00:00,"Bachelor's degree in cybersecurity, computer science, or related field; active Secret or Top Secret security clearance; and relevant IT certifications (Security+, CEH) or law enforcement experience required."
9,bachelor s degree cybersecurity computer science related field,f891ddbc-cc1f-4c37-8c4b-4fdcf7a60b75,Infrastructure Security Engineer,Tech & Engineering,2026-07-29T03:15:53.138065+00:00,"Bachelor's degree in cybersecurity, computer science, or related field preferred; CompTIA Security+, Certified Ethical Hacker (CEH), or CISSP certifications typically required or strongly preferred."
9,no formal degree required success depends on business,350a39a0-149e-4391-8744-15c8dd4a464b,Membership Community Founder,Entrepreneurship,2026-04-22T02:52:33.675655+00:00,"No formal degree required; success depends on business acumen, marketing skills, and demonstrated ability to build and manage communities through self-directed learning or entrepreneurship programs."
9,no formal degree required success depends on business,68e3a30c-a6ea-4c8f-9453-44db1daf2365,Product-Based Startup Founder,Entrepreneurship,2026-06-29T04:28:12.096408+00:00,"No formal degree required; success depends on business acumen, technical or domain expertise, and access to funding or capital."
9,no formal degree required success depends on business,7e6b1bf5-e3a3-4d30-a817-082ce24ba8f0,Subscription Box Entrepreneur,Entrepreneurship,2026-06-22T03:26:31.495159+00:00,"No formal degree required; success depends on business acumen, marketing skills, and passion for your niche—many subscription entrepreneurs start while in high school or college."
9,no formal degree required success depends on business,aaf4073d-f91a-46d5-898d-5f21bd80269e,DTC Brand Founder,Marketing & Communications,2026-04-22T02:52:29.206458+00:00,"No formal degree required; success depends on business acumen, digital marketing skills, and often learning through online courses, mentorship, or startup accelerators."
9,no formal degree required success depends on business,b4928ac3-ad6e-41f7-8958-a43dcda3c80a,Digital Nomad Business Owner,Entrepreneurship,2026-06-24T04:05:26.897262+00:00,"No formal degree required; success depends on business skills, digital literacy, and relevant expertise in your chosen field (marketing, coding, design, etc.)."
9,no formal degree required success depends on business,c29fc7b0-c23d-4921-9468-6700f3e0474d,Drop-Shipping Business Owner,Entrepreneurship,2026-05-11T02:05:12.372078+00:00,"No formal degree required; success depends on business acumen, digital marketing skills, customer service knowledge, and basic understanding of e-commerce platforms and supplier management."
9,no formal degree required success depends on business,d0f16ddd-d56b-4218-b76c-e89f63b36f87,Marketplace Founder,Entrepreneurship,2026-04-22T02:52:29.206458+00:00,"No formal degree required; success depends on business acumen, coding/design skills or ability to hire them, and deep understanding of your target market."
9,no formal degree required success depends on business,ea03843a-6d81-41ea-92ba-947bb3379415,Reseller Entrepreneur,Entrepreneurship,2026-05-21T02:11:31.559495+00:00,"No formal degree required; success depends on business acumen, platform knowledge (eBay, Amazon, Shopify), and financial literacy to manage inventory and pricing."
9,no formal degree required success depends on business,fe35ca69-4455-4a76-b939-b25703b83adb,Solo Service Business Owner,Entrepreneurship,2026-06-02T02:38:12.909357+00:00,"No formal degree required; success depends on business skills, industry expertise, and often completion of business registration and any industry-specific certifications relevant to your service."
8,bachelor s degree finance economics business required series,06792bf2-4339-46f3-98f1-68fd7b3f45d6,Dividend Reinvestment Specialist,Business & Finance,2026-04-22T02:52:29.422718+00:00,"Bachelor's degree in finance, economics, or business required; Series 7 or Series 65 securities license and CFA certification typically needed for advancement."
8,bachelor s degree finance economics business required series,203d3789-0561-4759-8c8e-3f0f5c18e689,Investment Advisor,Cybersecurity,2026-04-22T02:52:32.680575+00:00,"Bachelor's degree in finance, economics, or business required; Series 7, Series 65, or Series 66 licenses mandatory; CFA or CFP certification preferred."
8,bachelor s degree finance economics business required series,5575684e-20f0-4fc0-854a-36373e632bce,Portfolio Manager (Wealth Management),Business & Finance,2026-06-21T02:40:20.919338+00:00,"Bachelor's degree in finance, economics, or business required; Series 7, Series 65, or equivalent securities licenses and CFP certification typically needed within first few years."
8,bachelor s degree finance economics business required series,9069bc43-af04-4e83-9ce9-4c0ebce3d7f6,Municipal Bond Advisor,Business & Finance,2026-05-24T02:10:21.779566+00:00,"Bachelor's degree in finance, economics, or business required; Series 7 and Series 63 securities licenses mandated; MBA preferred for advancement."
8,bachelor s degree finance economics business required series,af83a428-fb96-4822-8cf6-bf6f40523683,Financial Advisor (Wealth Management),Business & Finance,2026-04-23T06:30:08.131409+00:00,"Bachelor's degree in finance, economics, or business required; Series 7 and Series 63/65 licenses mandatory; many roles require CFP (Certified Financial Planner) certification after 3+ years experience."
8,bachelor s degree finance economics business required series,be68e658-1277-4fa1-8a81-b1a37f27e023,Private Banking Advisor,Business & Finance,2026-04-22T02:52:29.422718+00:00,"Bachelor's degree in finance, economics, or business required; Series 7, Series 65, or Series 66 licenses needed; many roles require MBA or CFP certification."
8,bachelor s degree finance economics business required series,c913a23d-8c1f-48f4-844d-33a1763b7cb3,Financial Planner (Wealth Management),Business & Finance,2026-05-04T01:52:22.061371+00:00,"Bachelor's degree in finance, economics, or business required; Series 7 and 65 licenses and CFP certification typically needed for advancement."
8,bachelor s degree finance economics business required series,d108d219-714d-4ddd-b77e-fa32b235d817,Commodities Trader,Business & Finance,2026-04-22T06:25:50.312635+00:00,"Bachelor's degree in finance, economics, or business required; Series 3 (Futures) or Series 65 (investment advisor) licenses typically needed."
8,high school diploma required bachelor s degree hospitality,09257a56-b78f-49c2-a5e1-67d1e9ccd55a,Resort Facilities Manager,Hospitality & Events,2026-04-29T02:00:52.938216+00:00,High school diploma required; bachelor's degree in hospitality management or business preferred; professional certifications in facility management or hospitality operations are advantageous.
8,high school diploma required bachelor s degree hospitality,0b9155dd-f234-49ba-b71e-168755e54ae9,Venue Manager,Hospitality & Events,2026-04-25T06:09:12.368224+00:00,"High school diploma required; bachelor's degree in hospitality, business, or event management preferred; certifications in venue operations or event planning are valuable but not mandatory."
8,high school diploma required bachelor s degree hospitality,373e5855-b34f-46f0-be05-f51874613495,Hotel Sales Director,Hospitality & Events,2026-05-13T02:06:41.460682+00:00,"High school diploma required; bachelor's degree in hospitality management, business, or marketing preferred; 3-5 years of hospitality or hotel sales experience typically needed to reach director level."
8,high school diploma required bachelor s degree hospitality,3d23415a-effd-4639-b07c-46688aa5fe3d,Theme Park Operations Director,Hospitality & Events,2026-06-05T02:16:15.125573+00:00,"High school diploma required; bachelor's degree in hospitality management or business preferred; experience in event planning, customer service, or operations management is valuable."
8,high school diploma required bachelor s degree hospitality,68f93253-9d60-45e9-b8ce-e94f8254dbb2,Wedding Coordinator,Hospitality & Events,2026-04-29T02:00:45.761956+00:00,High school diploma required; bachelor's degree in hospitality or event management preferred; industry certifications like Certified Wedding Planner (CWP) enhance credentials but are not required.
8,high school diploma required bachelor s degree hospitality,9b68969f-a79b-4f76-83d2-4628023f525e,Convention Center Operations Manager,Hospitality & Events,2026-05-11T02:05:53.170352+00:00,"High school diploma required; bachelor's degree in hospitality management, business administration, or event management preferred; certifications like Certified Convention Management (CCM) are valuable."
8,high school diploma required bachelor s degree hospitality,d685694a-ad05-429f-ae94-b70aa9ffc5dc,Convention Planner,Hospitality & Events,2026-05-06T01:53:23.062726+00:00,"High school diploma required; bachelor's degree in hospitality, business, or event management preferred; professional certifications like Certified Meeting Professional (CMP) are advantageous but not mandatory."
8,high school diploma required bachelor s degree hospitality,e849e4eb-bc52-4294-b2c6-21c9392a609d,Guest Experience Manager (Luxury Resorts),Hospitality & Events,2026-05-28T02:01:50.370744+00:00,High school diploma required; bachelor's degree in hospitality or business preferred; certifications in customer service or resort management are advantageous.
8,earn bachelor s degree complete law school juris,1d3fb744-9d9b-4a26-a1e3-b2a22e090bcf,Compliance Lawyer,Law & Government,2026-04-22T02:52:29.422718+00:00,"Earn a bachelor's degree, complete law school (Juris Doctor), and pass the bar exam in your state; some positions may require specialized certifications in regulatory compliance."
8,earn bachelor s degree complete law school juris,42ce14aa-02d8-4cae-9e06-aa70b9561015,Title Attorney (Real Estate),Law & Government,2026-05-28T02:03:30.525761+00:00,"Earn a bachelor's degree, complete law school (Juris Doctor), and pass your state's bar exam to practice law."
8,earn bachelor s degree complete law school juris,59ad115e-5b1c-4ed0-8578-7f90d39a37a4,Intellectual Property Lawyer,Law & Government,2026-04-22T02:52:30.264317+00:00,"Earn a bachelor's degree, complete law school (Juris Doctor), and pass the bar exam in your state; IP specialization typically requires additional coursework or certification."
8,earn bachelor s degree complete law school juris,5c25906c-7da7-4f95-9ebc-e8c39d4ab1ef,Nonprofit Law Attorney,Law & Government,2026-06-12T02:34:45.868981+00:00,"Earn a Bachelor's degree, complete law school (Juris Doctor), and pass your state's bar exam."
8,earn bachelor s degree complete law school juris,7279b085-bfd7-4f15-8991-849fea62d065,Medical Malpractice Attorney,Law & Government,2026-05-05T01:53:37.995674+00:00,"You must earn a bachelor's degree, complete law school (Juris Doctor), and pass the bar exam in your state; many employers prefer litigation experience or a focus on medical law."
8,earn bachelor s degree complete law school juris,7a0c4821-4412-4af5-b5d7-fd1a00bbbc52,Entertainment Lawyer,Law & Government,2026-04-22T02:52:30.264317+00:00,"Earn a bachelor's degree, complete law school (Juris Doctor), and pass the bar exam in your state; entertainment law specialization is typically pursued after law school."
8,earn bachelor s degree complete law school juris,cb96d20d-4ff8-4826-b3b6-223171d211c3,Immigration Litigation Attorney,Law & Government,2026-06-15T02:44:34.186828+00:00,"Earn a bachelor's degree, complete law school (Juris Doctor), pass the bar exam in your state, and gain litigation experience through internships or clerkships."
8,earn bachelor s degree complete law school juris,f2c0e75e-e5d8-41e7-8aef-8ba9e4fa093e,International Law Attorney,Law & Government,2026-05-26T02:09:26.788605+00:00,"Earn a bachelor's degree, complete law school (Juris Doctor), pass the bar exam in your state, and consider specialization in international law through advanced degrees or certifications."
8,bachelor s degree finance business related field required,31b2c006-aee1-4725-8a1f-8b8f547582a2,Loan Portfolio Manager,Business & Finance,2026-04-22T02:52:32.086589+00:00,"Bachelor's degree in finance, business, or related field required; CFA, FRM, or PMP certifications preferred; 5+ years of lending or portfolio management experience typically needed."
8,bachelor s degree finance business related field required,4291e561-2b87-4f82-ad4e-d890d888f659,M&A Transaction Manager,Science & Research,2026-04-22T02:52:31.20659+00:00,"Bachelor's degree in finance, business, or related field required; MBA and certifications such as CFA or relevant M&A credentials highly preferred."
8,bachelor s degree finance business related field required,4a9360a3-de6f-46cc-9d6d-fd48841f4c0c,Underwriting Manager,Healthcare & Medicine,2026-04-22T02:52:34.616352+00:00,"Bachelor's degree in finance, business, or related field required; professional certifications such as Chartered Financial Underwriter (ChFU) or American Institute for Chartered Property and Casualty Underwriters (AICPCU) are typically expected."
8,bachelor s degree finance business related field required,73f35a43-a0da-4f90-bc8e-a3b89ab71bff,Venture Capital Associate,Business & Finance,2026-05-13T02:06:12.340785+00:00,"Bachelor's degree in finance, business, or related field required; MBA or experience in startups/finance strongly preferred."
8,bachelor s degree finance business related field required,9e5d0ab3-fd27-4486-a3ef-1ce757b9dbc5,Loan Officer (Commercial),Business & Finance,2026-05-04T01:52:18.959505+00:00,"Bachelor's degree in finance, business, or related field required; passing licensing exams (NMLS) and obtaining state credentials typically required within first year."
8,bachelor s degree finance business related field required,df93f0e0-bb38-4be5-8acb-7b55eccd520a,Financial Planner (Retirement Specialist),Business & Finance,2026-05-15T02:06:42.883093+00:00,"Bachelor's degree in finance, business, or related field required; CFP (Certified Financial Planner) certification highly preferred; Series 7/63 securities licenses typically required."
8,bachelor s degree finance business related field required,e1eb9084-de71-4b02-8438-1b94be9b7f2e,Venture Capital Analyst,Entrepreneurship,2026-04-22T02:52:29.856816+00:00,"Bachelor's degree in finance, business, or related field required; MBA or CFA certification preferred; strong financial analysis and investment experience necessary."
8,bachelor s degree finance business related field required,ebf3b98c-ca6c-4262-a8bf-0db6e6710c5e,Risk Management Consultant,Cybersecurity,2026-04-22T02:52:32.086589+00:00,"Bachelor's degree in finance, business, or related field required; certifications such as CRM (Certified Risk Manager) or FRM (Financial Risk Manager) are commonly needed or preferred."
8,bachelor s degree marine biology environmental science related,359fe0f6-0372-445f-8aac-5deba57d6724,Marine Conservation Researcher,Science & Research,2026-04-26T06:33:24.67082+00:00,"Bachelor's degree in marine biology, environmental science, or related field; many positions require a master's degree and research experience."
8,bachelor s degree marine biology environmental science related,3bf8c25f-0cef-4067-8d1f-59081f4e66bf,Ocean Conservation Specialist,Environment & Sustainability,2026-04-22T02:52:34.05043+00:00,"A bachelor's degree in marine biology, environmental science, or related field is common; certifications in diving, GIS, or environmental assessment strengthen candidacy."
8,bachelor s degree marine biology environmental science related,4b38d08f-af8e-4213-b7da-23c3f38c7b1a,Coral Reef Restoration Specialist,Environment & Sustainability,2026-08-07T02:58:26.658026+00:00,"Bachelor's degree in marine biology, environmental science, or related field preferred; diving certification (PADI or equivalent) and fieldwork experience often required or developed on the job."
8,bachelor s degree marine biology environmental science related,941a654c-c332-468e-83ea-4a98f9aba742,Marine Ecosystem Researcher,Environment & Sustainability,2026-05-03T01:51:54.947488+00:00,"Bachelor's degree in marine biology, environmental science, or related field; many positions require or prefer a master's degree and field research experience."
8,bachelor s degree marine biology environmental science related,b3edaa1d-2ada-4d50-8a80-55d9ad6428d8,Marine Resource Manager,Environment & Sustainability,2026-06-17T02:42:23.925087+00:00,"Bachelor's degree in marine biology, environmental science, or related field; state or federal certification in fisheries management or conservation required."
8,bachelor s degree marine biology environmental science related,b5e9bc92-8bb6-432f-b617-56933e06a696,Marine Debris Specialist,Supply Chain & Operations,2026-04-22T02:52:33.86077+00:00,"Bachelor's degree in marine biology, environmental science, or related field preferred; certifications in scuba diving, GIS, and water safety are advantageous."
8,bachelor s degree marine biology environmental science related,c7dfffbb-0d41-4d75-87bb-7db66d0cca24,Ocean Conservation Manager,Environment & Sustainability,2026-04-22T02:52:31.20659+00:00,"Bachelor's degree in marine biology, environmental science, or related field; many positions require graduate education and certifications in marine conservation or environmental management."
8,bachelor s degree marine biology environmental science related,fdf63749-1400-494a-9593-2cab4d630b0a,Ocean Conservation Scientist,Environment & Sustainability,2026-04-22T02:52:29.422718+00:00,"A bachelor's degree in marine biology, environmental science, or related field is typically required; many positions prefer or require a master's degree and field research experience."
8,bachelor s degree political science public policy communications,37f5392c-0930-4c83-92db-99d22bf65291,Policy Advocate (Social Justice),Social Impact & Nonprofit,2026-05-26T02:09:39.798102+00:00,"Bachelor's degree in political science, public policy, communications, or social sciences is common; many nonprofits hire strong advocates with relevant lived experience and no degree."
8,bachelor s degree political science public policy communications,a5dbe805-8e72-4245-bb20-ec1516f294fa,Policy Advocate (Advocacy Organization),Social Impact & Nonprofit,2026-06-15T02:43:12.152914+00:00,"Bachelor's degree in political science, public policy, communications, or related field preferred; strong writing and public speaking skills essential."
8,bachelor s degree political science public policy communications,a67abc6d-c1b7-4172-b90b-c4394675b5d3,State Representative (Staffer),Law & Government,2026-06-20T02:15:44.541828+00:00,"A bachelor's degree in political science, public policy, or communications is common but not always required; internships and demonstrated interest in government are valued equally."
8,bachelor s degree political science public policy communications,abe177db-f268-456a-90fd-0f71521bff3e,Advocacy Director,Marketing & Communications,2026-04-22T02:52:32.680575+00:00,"Bachelor's degree in political science, public policy, communications, or related field; certification in nonprofit management or advocacy is preferred but not always required."
8,bachelor s degree political science public policy communications,b3b19529-2f01-45ec-bec4-4cdd19612e07,Government Relations Manager,Social Impact & Nonprofit,2026-04-22T02:52:33.477982+00:00,"A bachelor's degree in political science, public policy, communications, or law is typical; many positions require 2-3 years of prior government, policy, or related experience."
8,bachelor s degree political science public policy communications,c9cb1265-3b29-4cdf-839f-66f8b203d232,Policy Advocate (Nonprofit),Social Impact & Nonprofit,2026-06-19T02:55:21.307527+00:00,"A bachelor's degree in political science, public policy, communications, or related field is common but not always required; relevant internships and demonstrated passion for the cause can substitute."
8,bachelor s degree political science public policy communications,e16cf907-4457-4bb6-9e7f-3fcaaa270cb3,Congressional Staffer,Law & Government,2026-05-05T01:55:01.172846+00:00,"A bachelor's degree in political science, public policy, communications, or related field is common but internships and demonstrated political engagement can substitute; no specific certification required."
8,bachelor s degree political science public policy communications,f2c5cba4-bbff-4de4-8ec5-7d829cabb163,Policy Advocate,Social Impact & Nonprofit,2026-07-24T03:21:12.253551+00:00,"A bachelor's degree in political science, public policy, communications, or social sciences is common; relevant internships and strong writing/research skills matter more than specific certifications."
8,bachelor s degree arts administration nonprofit management related,3f45fb90-0589-4556-87fa-d0323a7df4a1,Artist-in-Residence Coordinator,Arts & Performance,2026-07-19T03:25:35.798683+00:00,"Bachelor's degree in arts administration, nonprofit management, or related field preferred; experience with artist management, event planning, or nonprofit operations helpful."
8,bachelor s degree arts administration nonprofit management related,48a80f79-c3e2-4eb5-a98d-8a8352607060,Museum Development Officer,Arts & Performance,2026-04-28T07:57:00.172864+00:00,"A bachelor's degree in arts administration, nonprofit management, or related field is often preferred; some positions accept relevant experience in fundraising or community engagement."
8,bachelor s degree arts administration nonprofit management related,4ab6ea6d-20de-4533-80f6-d50d796c574a,Arts Residency Coordinator,Arts & Performance,2026-06-23T04:02:48.068967+00:00,"Bachelor's degree in arts administration, nonprofit management, or related field preferred; experience with program coordination or artist support helpful but not always required."
8,bachelor s degree arts administration nonprofit management related,65caa85a-ff60-4e50-9f02-ef4d1fda08b6,Arts Accessibility Coordinator,Gaming & Esports,2026-04-22T02:52:34.05043+00:00,"A bachelor's degree in arts administration, nonprofit management, or related field is helpful; certification in accessibility standards or disability services strengthens qualifications."
8,bachelor s degree arts administration nonprofit management related,67ab48b9-6ca6-4b57-804f-d7a7fdffa1bb,Artist Residency Coordinator,Arts & Performance,2026-04-27T07:57:44.899938+00:00,"A bachelor's degree in arts administration, nonprofit management, or related field is preferred; relevant internship or volunteer experience in arts organizations can substitute for formal credentials."
8,bachelor s degree arts administration nonprofit management related,797f4d31-a133-4090-925b-9f082c549c40,Arts Grant Administrator,Gaming & Esports,2026-04-22T02:52:34.239097+00:00,"A bachelor's degree in arts administration, nonprofit management, or related field is often preferred, though some positions accept relevant work experience in lieu of formal education."
8,bachelor s degree arts administration nonprofit management related,d20bf9a4-db65-4ce8-801a-e641829eb121,Artist Residency Program Manager,Arts & Performance,2026-06-12T02:33:46.404023+00:00,"A bachelor's degree in arts administration, nonprofit management, or related field is common; relevant internship experience at galleries, museums, or cultural institutions is highly valuable."
8,bachelor s degree arts administration nonprofit management related,ec7e419c-8c37-434f-a9b8-f92289b54ef2,Artist Residency Director,Arts & Performance,2026-04-25T06:08:12.462627+00:00,"Bachelor's degree in arts administration, nonprofit management, or related field preferred; professional experience in arts programming or nonprofit work often substitutes for formal credentials."
7,high school diploma equivalent required positions prefer associate,025e63dc-5be5-4d65-af31-2d717ef50ead,Tourist Information Center Manager,Hospitality & Events,2026-07-02T04:04:04.846982+00:00,High school diploma or equivalent required; some positions prefer associate degree or certification in tourism/hospitality management.
7,high school diploma equivalent required positions prefer associate,03f47792-8b6a-46c4-9ff0-415e183f8407,Tutor Coordinator (Learning Center),Education & Coaching,2026-05-10T01:54:50.253305+00:00,"High school diploma or equivalent required; some positions prefer associate degree or experience in education, tutoring, or student services."
7,high school diploma equivalent required positions prefer associate,6e3254b0-d3eb-472d-bfd6-f7ed66766a85,Quality Control Analyst (Manufacturing),Science & Research,2026-05-29T02:07:17.860169+00:00,"High school diploma or equivalent required; some positions prefer associate degree in quality assurance, engineering, or related field; certification in quality control or Six Sigma is valuable."
7,high school diploma equivalent required positions prefer associate,712d575a-1d0d-4d4a-961f-8c442eb2224b,Lab Technician (Quality Control),Science & Research,2026-07-31T03:30:43.499762+00:00,"High school diploma or equivalent required; some positions prefer an associate's degree in chemistry, biology, or lab science, plus certification in specific testing methods."
7,high school diploma equivalent required positions prefer associate,9ae50f58-54df-44ab-b609-68edf2b15528,Medical Exoskeleton Technician,Healthcare & Medicine,2026-08-12T02:27:15.731711+00:00,"High school diploma or equivalent required; some positions prefer associate degree in biomedical technology, electronics, or mechanical technology, plus manufacturer-specific certification in exoskeleton systems."
7,high school diploma equivalent required positions prefer associate,9ca364a1-4863-44a0-8d41-66f4e98bf87a,Astronomy Technician,Science & Research,2026-06-10T02:15:24.530838+00:00,"High school diploma or equivalent required; some positions prefer associate degree in physics, engineering, or astronomy; hands-on technical certifications are valuable."
7,high school diploma equivalent required positions prefer associate,bbb34a22-5eb4-43f2-b722-30c877d3a521,Restaurant Operations Manager,Hospitality & Events,2026-06-27T04:00:07.728148+00:00,"High school diploma or equivalent required; some positions prefer associate's or bachelor's degree in hospitality management, and food safety certification (ServSafe) is typically mandatory."
7,bachelor s degree social work counseling related field,05a90ae8-71b9-473f-bec2-1b2d991bda07,Prison Reentry Counselor,Social Impact & Nonprofit,2026-05-16T02:00:47.391099+00:00,"A bachelor's degree in social work, counseling, or related field is often preferred; certification in addiction counseling or case management can strengthen credentials, though some nonprofits hire with relevant experience and training."
7,bachelor s degree social work counseling related field,56ba6cfc-3dfc-44d3-88d5-a7594e4872e6,Disability Services Advisor,Social Impact & Nonprofit,2026-07-02T04:04:21.160571+00:00,"A bachelor's degree in social work, counseling, or related field is often preferred; certification in disability services or knowledge of accessibility laws like the ADA is valuable but not always required."
7,bachelor s degree social work counseling related field,6459bbae-15cc-44ef-914e-3f61cf74cf78,Human Trafficking Survivor Advocate,Social Impact & Nonprofit,2026-05-25T02:32:12.050586+00:00,"Bachelor's degree in social work, counseling, or related field preferred; training in trauma-informed care and human trafficking awareness required; some roles accept high school diploma with relevant certification."
7,bachelor s degree social work counseling related field,791ca17e-8be6-4d3d-80a0-015314ec4b35,Veterans Services Counselor,Social Impact & Nonprofit,2026-04-22T02:52:29.646164+00:00,"A bachelor's degree in social work, counseling, or related field is often preferred; some employers accept high school diploma with relevant experience and certifications like the Certified Rehabilitation Counselor credential."
7,bachelor s degree social work counseling related field,975dcc60-f7a8-4faf-982c-6003a7563b30,Victims Advocate,Social Impact & Nonprofit,2026-05-14T02:09:14.851941+00:00,"A bachelor's degree in social work, counseling, or related field is often preferred; some positions require victim advocacy certification or training through state programs."
7,bachelor s degree social work counseling related field,bbfbcbd3-a6b0-43fd-ae81-4af522d00f0b,Housing Advocate,Social Impact & Nonprofit,2026-04-29T01:59:29.207771+00:00,"A bachelor's degree in social work, counseling, or related field is often preferred, though some organizations hire with relevant experience and certifications like CPRP (Certified Peer Recovery Peer)."
7,bachelor s degree social work counseling related field,de28994a-4362-40bc-b019-b6c7f5115b5f,Refugee Resettlement Caseworker,Gaming & Esports,2026-04-22T02:52:31.845128+00:00,"Bachelor's degree in social work, counseling, or related field preferred; certifications in case management and familiarity with refugee services required or developed on the job."
7,bachelor s degree computer science data science related,0d7dc7de-4aff-4742-a1bd-4dfb16441021,AI Trainer (Machine Learning),Tech & Engineering,2026-06-01T02:42:04.213949+00:00,"Bachelor's degree in computer science, data science, or related field preferred; strong foundation in machine learning, Python, and data annotation tools essential."
7,bachelor s degree computer science data science related,1331f445-3fa2-449a-b920-9d7b33ed1dca,AI Model Validation Specialist,Tech & Engineering,2026-08-12T02:25:08.893958+00:00,"A bachelor's degree in computer science, data science, or related field is common; certifications in machine learning or data validation can strengthen candidacy."
7,bachelor s degree computer science data science related,417f7866-a646-4d76-ac22-250aed390efd,Adaptive Learning Algorithm Specialist,Education & Coaching,2026-08-16T01:43:38.01427+00:00,"Bachelor's degree in Computer Science, Data Science, or related field; experience with machine learning, educational psychology, or learning science is typically required."
7,bachelor s degree computer science data science related,694f1f75-0c15-4cd5-83a5-8a26cad2ee89,Synthetic Data Engineer,Tech & Engineering,2026-08-12T02:25:05.841451+00:00,"Bachelor's degree in computer science, data science, or related field preferred; strong programming skills in Python or similar languages and understanding of machine learning fundamentals required."
7,bachelor s degree computer science data science related,9b9e4ed1-761c-4163-94d2-1b931f37ec45,Customer Data Platform Manager,Tech & Engineering,2026-08-07T02:59:19.52912+00:00,"Bachelor's degree in computer science, data science, or related field plus 3-5 years of experience with data platforms, SQL, and analytics tools; certifications in CDP platforms or data management are valuable."
7,bachelor s degree computer science data science related,a82ca730-2303-4e0d-8304-527add30f724,Research Data Privacy Officer,Science & Research,2026-08-13T02:30:57.639484+00:00,"Bachelor's degree in computer science, data science, or related field plus certifications like CIPP (Certified Information Privacy Professional) or CIPM; many roles prefer 2-3 years in data security or compliance."
7,bachelor s degree computer science data science related,efc6171a-8c5a-4ac1-8074-8fa9afdb597b,Research Data Architect,Science & Research,2026-08-09T02:07:20.166532+00:00,"Bachelor's degree in computer science, data science, or related field; master's degree preferred; knowledge of database systems, SQL, and cloud platforms essential."
7,bachelor s degree required tefl tesol celta certification,13195332-20ce-46d0-89df-01631c538869,English as a Second Language (ESL) Instructor,Education & Coaching,2026-06-19T02:54:15.630377+00:00,"Bachelor's degree required; TEFL, TESOL, or CELTA certification highly preferred; some positions require teaching license or master's degree."
7,bachelor s degree required tefl tesol celta certification,399234d9-14e8-4993-8d91-b9ecad867fcd,ESL Instructor,Education & Coaching,2026-05-21T02:11:16.251942+00:00,"Bachelor's degree required; TEFL, TESOL, or CELTA certification strongly preferred; some positions require teaching license depending on school type."
7,bachelor s degree required tefl tesol celta certification,5777aebd-abf0-4c1e-8a16-e0fe564d7683,ESL Teacher (English as Second Language),Education & Coaching,2026-05-26T02:10:13.217747+00:00,"A bachelor's degree is required; TEFL, TESOL, or CELTA certification is standard; some countries require teaching credentials."
7,bachelor s degree required tefl tesol celta certification,5dbbc2f0-ab71-437f-84b3-cde3197abc02,ESL Teacher (International Schools),Education & Coaching,2026-04-22T06:25:56.65276+00:00,"Bachelor's degree required; TEFL, TESOL, or CELTA certification typically required or preferred by international schools."
7,bachelor s degree required tefl tesol celta certification,d4f04120-d851-4d3e-82c7-1090c0c26c24,ESL/ESOL Teacher,Education & Coaching,2026-05-04T01:53:49.066047+00:00,"Bachelor's degree required; TEFL, TESOL, or CELTA certification strongly preferred; state teaching license required for K-12 public school positions."
7,bachelor s degree required tefl tesol celta certification,dab480e8-d956-4138-89e5-060b66528b9f,ESL (English as Second Language) Instructor,Education & Coaching,2026-04-22T02:52:30.264317+00:00,"A bachelor's degree is typically required; TEFL, TESOL, or CELTA certification is standard; some programs hire experienced teachers without formal credentials."
7,bachelor s degree required tefl tesol celta certification,e8ed2ad9-8cce-4070-9b60-53998f341624,ESL Teacher,Education & Coaching,2026-04-29T01:58:45.038091+00:00,"Bachelor's degree required; TEFL, TESOL, or CELTA certification strongly preferred; teaching credential may be required depending on location and institution type."
7,bachelor s degree computer science mathematics related field,28bc2156-ae5c-42d3-bef2-be85b9cf666b,AI Research Engineer,Fashion & Beauty,2026-04-22T02:52:31.845128+00:00,"Bachelor's degree in computer science, mathematics, or related field required; master's degree preferred with strong foundation in machine learning, neural networks, and programming languages like Python."
7,bachelor s degree computer science mathematics related field,37f65ff2-8d47-4583-8b23-b2164f1bf4f3,Researcher (AI/Machine Learning),Science & Research,2026-08-04T03:14:49.567038+00:00,"Bachelor's degree in computer science, mathematics, or related field required; most roles prefer master's or PhD in machine learning, AI, or related discipline."
7,bachelor s degree computer science mathematics related field,83a89c3c-22d1-4af2-9547-d14196deb272,Cryptography Engineer,Cybersecurity,2026-04-22T02:52:32.271017+00:00,"Bachelor's degree in Computer Science, Mathematics, or related field; certifications such as CISSP, CEH, or specialized cryptography credentials are beneficial."
7,bachelor s degree computer science mathematics related field,86fb85e2-97dd-4c70-951a-fa34bc7a5b49,Blockchain Developer,Business & Finance,2026-04-22T02:52:30.264317+00:00,"Bachelor's degree in Computer Science, Mathematics, or related field preferred; certifications in blockchain platforms (Ethereum, Hyperledger) and programming languages (Solidity, Go, Rust) are valuable but not always required."
7,bachelor s degree computer science mathematics related field,a409e4df-d5f8-4df3-9a07-098f8ab27426,Artificial Intelligence Researcher,Aviation & Transportation,2026-04-22T02:52:34.465719+00:00,"Bachelor's degree in computer science, mathematics, or related field required; master's or PhD preferred for advanced research roles."
7,bachelor s degree computer science mathematics related field,b984e433-a3e6-4828-8538-5dc1b2d6df45,AI/Machine Learning Engineer,Tech & Engineering,2026-04-27T07:59:43.788507+00:00,"Bachelor's degree in computer science, mathematics, or related field preferred; strong programming skills in Python or similar languages and familiarity with ML frameworks are essential."
7,bachelor s degree computer science mathematics related field,d50a029a-9263-4eea-8e35-711cc60e3a18,Artificial Intelligence Specialist,Tech & Engineering,2026-06-25T04:06:25.225269+00:00,"Bachelor's degree in computer science, mathematics, or related field; proficiency in Python, machine learning frameworks, and statistical analysis; many roles prefer master's degrees or advanced certifications."
7,bachelor s degree art history museum studies related,2f5fd0cb-ed95-4fdd-a4d8-9691de4123fa,Experience Curator (Cultural Institutions),Design & Creative,2026-06-14T02:37:33.178305+00:00,"A bachelor's degree in art history, museum studies, or related field is often preferred; internships at museums and galleries are valuable entry points."
7,bachelor s degree art history museum studies related,5e8703f5-f4a4-4ea1-a563-560e1a0d8d04,Museum Acquisitions Curator,Science & Research,2026-04-22T02:52:30.655222+00:00,"Bachelor's degree in art history, museum studies, or related field; many positions require a master's degree and experience in curatorial or museum work."
7,bachelor s degree art history museum studies related,9bc1cdbe-5842-4d9f-8593-1afef24ccaad,Museum Curation Director,Arts & Performance,2026-08-02T03:30:20.227977+00:00,"Bachelor's degree in art history, museum studies, or related field; many positions prefer a Master's in Museum Studies or curatorship; experience as a curatorial assistant is often required."
7,bachelor s degree art history museum studies related,b1146dfa-d6f6-483f-9e7b-b287f16a2320,Museum Curation Assistant,Arts & Performance,2026-06-17T02:41:47.049872+00:00,"A bachelor's degree in art history, museum studies, or a related field is common; internships and volunteer experience are highly valued for entry-level positions."
7,bachelor s degree art history museum studies related,b2587f3c-1f53-4000-8405-c552ec2ec9db,Museum Director,Gaming & Esports,2026-04-22T02:52:31.660242+00:00,"Bachelor's degree in art history, museum studies, or related field; many positions prefer or require a master's degree and prior experience in curatorial or museum work."
7,bachelor s degree art history museum studies related,b85239fd-1a42-48df-be16-772a6c8d8c32,Museum Rights and Reproductions Manager,Arts & Performance,2026-04-25T06:08:06.176736+00:00,"A bachelor's degree in art history, museum studies, or related field is typically required, with knowledge of copyright law and digital asset management systems preferred."
7,bachelor s degree art history museum studies related,c541f413-a104-4da2-b946-1bab2fa383e3,Curatorial Assistant,Arts & Performance,2026-05-29T02:06:41.830102+00:00,"A bachelor's degree in art history, museum studies, or a related field is typically preferred; internships and volunteer experience in museums are valuable entry points."
7,bachelor s degree computer science related field plus,2fba32e4-02c0-49eb-8be4-03bb98efcd86,Cybersecurity Consultant,Cybersecurity,2026-04-22T02:52:32.271017+00:00,"Bachelor's degree in computer science or related field, plus industry certifications like CompTIA Security+, CEH, or CISSP are typically required or expected."
7,bachelor s degree computer science related field plus,67cb0bce-e077-4c71-96d4-3093312076d4,Secure Code Review Specialist,Cybersecurity,2026-08-17T01:39:46.013616+00:00,"Bachelor's degree in Computer Science or related field plus certifications like CISSP, CEH, or OSCP; 2-3 years of software development or security experience typically required."
7,bachelor s degree computer science related field plus,809b1d04-1613-4c45-a228-7bd3bd6ef82d,Software Architect (Enterprise Systems),Tech & Engineering,2026-06-18T02:40:20.239371+00:00,"Bachelor's degree in Computer Science or related field, plus 5-10 years of software development experience and certifications like AWS Solutions Architect or similar enterprise platform credentials."
7,bachelor s degree computer science related field plus,81ec9725-3131-4b87-93e7-1e246d4d859b,Database Administrator,Cybersecurity,2026-04-22T02:52:29.206458+00:00,"Bachelor's degree in computer science or related field plus certifications like Oracle, SQL Server, or CompTIA Security+ typically required for most positions."
7,bachelor s degree computer science related field plus,b0a380ca-ec99-418e-b775-14fc85791a9c,Software Architect,Tech & Engineering,2026-04-22T02:52:34.239097+00:00,"Bachelor's degree in computer science or related field plus 5-10 years of software development experience; certifications in cloud architecture (AWS, Azure, GCP) are valuable."
7,bachelor s degree computer science related field plus,b51e6009-f988-4518-9bf1-d0e36b8a7dba,Cloud Architect (AWS/Azure),Tech & Engineering,2026-07-24T03:19:58.298446+00:00,A bachelor's degree in computer science or related field plus AWS/Azure certifications (Solutions Architect or equivalent) are typically required.
7,bachelor s degree computer science related field plus,d0b5eab8-66d2-4cb9-8ca3-d96012ca17ba,Cloud Infrastructure Architect,Tech & Engineering,2026-04-22T02:52:33.087307+00:00,"Bachelor's degree in computer science or related field plus industry certifications (AWS, Azure, or Google Cloud) and 2-3 years of IT/systems experience typically required."
7,bachelor s degree nonprofit management social work related,310e6a3d-a8ff-4cb7-a93c-8ed14c6e43e0,Program Coordinator (Nonprofits),Social Impact & Nonprofit,2026-05-17T02:01:32.836322+00:00,"A bachelor's degree in nonprofit management, social work, or related field is helpful but not always required; strong organizational and communication skills are essential."
7,bachelor s degree nonprofit management social work related,365887f9-96f8-4a05-a3bc-2c213dce3c78,Volunteer Coordinator,Gaming & Esports,2026-04-22T02:52:30.47108+00:00,"Bachelor's degree in nonprofit management, social work, or related field preferred; certification in volunteer management or nonprofit administration is advantageous but not always required."
7,bachelor s degree nonprofit management social work related,63ce242e-962c-400d-9690-e157e48cd92f,Senior Services Director,Social Impact & Nonprofit,2026-07-01T04:25:21.96834+00:00,"Bachelor's degree in nonprofit management, social work, or related field preferred; relevant experience in program management or nonprofit operations typically required."
7,bachelor s degree nonprofit management social work related,7150d744-91bf-4b7b-b0df-175aa6e1b44e,Faith-Based Community Outreach Director,Gaming & Esports,2026-04-22T02:52:32.271017+00:00,"A bachelor's degree in nonprofit management, social work, or related field is often preferred, though relevant volunteer experience and demonstrated leadership can substitute; certifications in grant writing or community development are valuable."
7,bachelor s degree nonprofit management social work related,8a6868df-05fb-42dd-9a91-d86060fd533e,Volunteer Programs Director,Gaming & Esports,2026-04-22T02:52:34.465719+00:00,"Bachelor's degree in nonprofit management, social work, or related field is preferred but experience in volunteer coordination or community organizing can substitute."
7,bachelor s degree nonprofit management social work related,9133faaa-76d2-47cd-a281-9e53838612c1,Volunteer Program Manager,Gaming & Esports,2026-04-22T02:52:33.477982+00:00,"Bachelor's degree in nonprofit management, social work, or related field preferred; volunteer leadership experience and strong organizational skills essential."
7,bachelor s degree nonprofit management social work related,bd75bf3e-6f5e-499a-bb29-ec3da4698f9c,Faith-Based Community Organizer,Social Impact & Nonprofit,2026-07-20T03:40:34.471138+00:00,"A bachelor's degree in nonprofit management, social work, or related field is often preferred but not always required; strong community ties and demonstrated organizing experience can substitute."
7,high school diploma minimum bachelor s degree business,336f5779-3db6-46c3-9970-f5c28f84427c,Import/Export Coordinator,Business & Finance,2026-04-26T06:32:09.989627+00:00,"High school diploma minimum; bachelor's degree in business, supply chain, or international trade preferred; customs broker certification or Export Compliance Officer training advantageous."
7,high school diploma minimum bachelor s degree business,5b6e3b5e-3f1d-4295-b387-8cfb7ff9b48d,Local Food Cooperative Manager,Entrepreneurship,2026-05-26T02:09:10.720016+00:00,"High school diploma minimum; bachelor's degree in business, agriculture, or nonprofit management preferred; practical experience in retail, logistics, or cooperative operations highly valued."
7,high school diploma minimum bachelor s degree business,701b5252-af6e-4378-a4aa-398a79343ab9,Business Licensing Specialist,Entrepreneurship,2026-08-10T02:11:16.394214+00:00,"High school diploma minimum; bachelor's degree in business or public administration preferred; knowledge of local, state, and federal licensing requirements is essential."
7,high school diploma minimum bachelor s degree business,97c09204-d9c3-4cbf-9bb9-dd5bd88df8a6,Affiliate Marketing Program Manager,Entrepreneurship,2026-04-22T02:52:31.660242+00:00,"High school diploma minimum; bachelor's degree in business, marketing, or related field preferred; certifications in digital marketing or affiliate networks are beneficial but not required."
7,high school diploma minimum bachelor s degree business,b571321e-4787-4eba-b235-5163b81d0cc8,Entertainment Booking Agent,Hospitality & Events,2026-04-24T06:31:19.114103+00:00,"High school diploma minimum; bachelor's degree in business, communications, or entertainment management preferred; no single certification required but industry connections and negotiation skills are essential."
7,high school diploma minimum bachelor s degree business,be196e5d-d106-474e-a5a0-5a021992430e,Franchise Operations Manager,Entrepreneurship,2026-04-22T02:52:32.496342+00:00,High school diploma minimum; bachelor's degree in business or hospitality preferred; franchise training certification and 2-3 years operational experience typically required.
7,high school diploma minimum bachelor s degree business,f2647e43-525f-473e-8702-502c9b3a4f74,Live Event Booking Agent,Arts & Performance,2026-04-22T02:52:34.465719+00:00,"High school diploma minimum; bachelor's degree in business, arts management, or marketing preferred; internship experience in event planning or artist management highly valuable."
7,requires doctor medicine md doctor osteopathic medicine do,395614dc-ee4f-43d7-a02a-e480e88ee0cd,Dermatologist,Healthcare & Medicine,2026-04-22T02:52:31.20659+00:00,"Requires Doctor of Medicine (MD) or Doctor of Osteopathic Medicine (DO) degree, completion of dermatology residency (3-4 years), and board certification by the American Board of Dermatology."
7,requires doctor medicine md doctor osteopathic medicine do,410f1592-53c1-4c63-9911-4da88f0ff170,Gastroenterologist,Hospitality & Events,2026-04-22T02:52:29.422718+00:00,"Requires Doctor of Medicine (MD) or Doctor of Osteopathic Medicine (DO), 3-year gastroenterology residency, and board certification by the American Board of Internal Medicine."
7,requires doctor medicine md doctor osteopathic medicine do,43c925a8-cf0a-4f5a-80fe-3c1917635e6a,Neurologist,Science & Research,2026-04-22T02:52:31.20659+00:00,"Requires a Doctor of Medicine (MD) or Doctor of Osteopathic Medicine (DO) degree, completion of a neurology residency (4 years), and board certification by the American Board of Psychiatry and Neurology (ABPN)."
7,requires doctor medicine md doctor osteopathic medicine do,7f728ce0-e860-4cd3-862b-58a151cd9a41,Physical Medicine and Rehabilitation Specialist,Healthcare & Medicine,2026-05-07T01:56:38.924529+00:00,Requires a Doctor of Medicine (MD) or Doctor of Osteopathic Medicine (DO) degree plus a residency in Physical Medicine and Rehabilitation (typically 4 years) and board certification.
7,requires doctor medicine md doctor osteopathic medicine do,a53cccd0-584a-4129-bb61-9ad3dd4aa540,Endocrinologist,Science & Research,2026-04-22T02:52:29.422718+00:00,"Requires a Doctor of Medicine (MD) or Doctor of Osteopathic Medicine (DO) degree, followed by residency in internal medicine and fellowship in endocrinology, plus board certification by the American Board of Internal Medicine."
7,requires doctor medicine md doctor osteopathic medicine do,bb0e4da1-2508-487d-8de5-a850e7297e81,Psychiatrist,Healthcare & Medicine,2026-04-22T02:52:30.47108+00:00,"Requires a Doctor of Medicine (MD) or Doctor of Osteopathic Medicine (DO) degree, completion of a 4-year psychiatry residency, and state medical licensure."
7,requires doctor medicine md doctor osteopathic medicine do,f077ac59-942e-4cb8-ab34-554c68bc56e2,Rheumatologist,Healthcare & Medicine,2026-04-22T02:52:32.271017+00:00,"Requires Doctor of Medicine (MD) or Doctor of Osteopathic Medicine (DO) degree, completion of internal medicine residency, and rheumatology fellowship, plus board certification by the American Board of Internal Medicine."
7,high school diploma equivalent required bachelor s degree,4d53ba12-5a4f-4f40-92c4-9419cf30590f,Youth Mentor,Social Impact & Nonprofit,2026-04-30T01:59:49.940064+00:00,"High school diploma or equivalent required; bachelor's degree in social work, counseling, or related field preferred; relevant certifications (CPR, youth mentoring training) often expected."
7,high school diploma equivalent required bachelor s degree,663bd3b4-d1fe-4942-bffd-57fbebbf50a6,Housing Coordinator,Social Impact & Nonprofit,2026-05-27T02:16:42.624944+00:00,"High school diploma or equivalent required; bachelor's degree in social work, public health, or nonprofit management preferred; some positions require relevant volunteer or work experience."
7,high school diploma equivalent required bachelor s degree,76c3ddfb-f500-40b3-8f33-980b1c244721,Food & Beverage Director,Hospitality & Events,2026-05-18T02:14:15.584532+00:00,High school diploma or equivalent required; bachelor's degree in hospitality management preferred; ServSafe or similar food safety certification often required.
7,high school diploma equivalent required bachelor s degree,7e4459c7-0aee-4a61-ac6b-4e0fbdf7a0de,Museum Audiovisual Specialist,Arts & Performance,2026-08-06T03:13:27.423762+00:00,"High school diploma or equivalent required; bachelor's degree in media production, audiovisual technology, or related field preferred; hands-on experience with audio/video equipment and museum software platforms highly valued."
7,high school diploma equivalent required bachelor s degree,c9621aea-6048-48ce-9ae9-94062d9d9111,Festival Organizer,Hospitality & Events,2026-06-28T04:22:53.436163+00:00,"High school diploma or equivalent required; bachelor's degree in event management, hospitality, or business is preferred but not mandatory for entry-level roles."
7,high school diploma equivalent required bachelor s degree,d400bf87-b1d8-493c-b84c-491427c5ca70,Youth Mentorship Coordinator,Gaming & Esports,2026-04-22T02:52:32.496342+00:00,"High school diploma or equivalent required; bachelor's degree in social work, education, or related field preferred; training in youth development and first aid often required."
7,high school diploma equivalent required bachelor s degree,d765921f-f8b8-413f-8914-d43e6366ea67,Laboratory Quality Auditor,Science & Research,2026-05-28T02:02:14.211421+00:00,High school diploma or equivalent required; bachelor's degree in science or related field and ISO 9001 or similar quality certification preferred for advancement.
7,bachelor s degree social work education nonprofit management,57373225-2f1f-413e-b93b-e6c4b849418c,Youth Mentorship Program Director,Social Impact & Nonprofit,2026-04-22T03:27:50.202227+00:00,"Bachelor's degree in social work, education, or nonprofit management preferred; certifications in youth development or program management are valuable."
7,bachelor s degree social work education nonprofit management,6ae88b19-23c8-4ab8-a553-b507841cac33,Youth Services Coordinator,Social Impact & Nonprofit,2026-04-25T06:07:46.843155+00:00,"A bachelor's degree in social work, education, or nonprofit management is common; relevant internships and youth development certifications can substitute for entry-level roles."
7,bachelor s degree social work education nonprofit management,7ec344f9-733f-4571-bc4f-476a7136493c,Youth Mentorship Director,Social Impact & Nonprofit,2026-05-03T01:52:25.229174+00:00,"Bachelor's degree in social work, education, or nonprofit management preferred; certifications in youth development or trauma-informed practices are valuable but not always required."
7,bachelor s degree social work education nonprofit management,81beb444-147f-49f5-bcb8-48129d5c1549,Youth Program Manager,Social Impact & Nonprofit,2026-05-09T01:56:18.190045+00:00,"Bachelor's degree in social work, education, or nonprofit management preferred; relevant volunteer experience or youth certification can substitute; strong background check required."
7,bachelor s degree social work education nonprofit management,993823eb-d396-4487-9e22-e3bf2fe19474,Youth Empowerment Program Manager,Social Impact & Nonprofit,2026-04-26T06:31:30.376757+00:00,"A bachelor's degree in social work, education, or nonprofit management is helpful but not always required; certifications in youth development or program management strengthen candidacy."
7,bachelor s degree social work education nonprofit management,d4a95ab1-9632-4fab-95f7-5e42a69e30e5,Youth Development Director,Social Impact & Nonprofit,2026-05-30T02:02:57.83911+00:00,"Bachelor's degree in social work, education, or nonprofit management preferred; many organizations accept relevant experience plus certifications in youth development or community engagement."
7,bachelor s degree social work education nonprofit management,f887f6b4-f03d-43d2-9bfa-cf3b6543d914,Youth Program Director,Gaming & Esports,2026-04-22T02:52:30.082186+00:00,"A bachelor's degree in social work, education, nonprofit management, or related field is preferred; relevant volunteer experience and certifications in youth development or program management strengthen candidacy."
6,complete bachelor s degree medical school md do,00e56714-3c19-4e01-9c32-a0f883dfdfde,Radiologist,Healthcare & Medicine,2026-04-22T02:52:29.646164+00:00,"Complete a bachelor's degree, medical school (MD or DO), 5+ year radiology residency, and obtain state medical licensure and board certification in radiology."
6,complete bachelor s degree medical school md do,05c5d0ad-a95d-4ac8-a23c-fefdf793a1ac,Otolaryngologist,Social Impact & Nonprofit,2026-04-22T02:52:30.47108+00:00,"Complete a bachelor's degree, medical school (MD or DO), 5+ years of residency training in otolaryngology, and pass board certification exams."
6,complete bachelor s degree medical school md do,2e2c3006-782b-455a-a2dd-fbac264fca98,Cardiac Surgeon,Healthcare & Medicine,2026-05-03T01:53:27.760205+00:00,"Complete a bachelor's degree, medical school (MD or DO), 5+ years of surgical residency training, and pass board certification exams in general surgery and cardiothoracic surgery."
6,complete bachelor s degree medical school md do,315fdacd-41ec-4076-9b48-1b9ec4b35eff,Sports Physician,Gaming & Esports,2026-04-22T02:52:34.239097+00:00,"Complete a bachelor's degree, medical school (MD or DO), residency in sports medicine (3-4 years), and obtain state medical licensure and board certification."
6,complete bachelor s degree medical school md do,677e6f41-b654-47c8-b03b-de17397aaaee,Anesthesiologist,Healthcare & Medicine,2026-04-22T02:52:33.087307+00:00,"Complete a bachelor's degree, medical school (MD or DO), and a residency in anesthesiology (4+ years), plus pass board certification exams and obtain a state medical license."
6,complete bachelor s degree medical school md do,74bdd8b9-124d-492c-ae1e-7cc4252afd7f,Pediatrician,Science & Research,2026-04-22T02:52:33.477982+00:00,"Complete a bachelor's degree, medical school (MD or DO), residency in pediatrics (3 years), and pass licensing exams to practice."
6,high school diploma required hospitality certifications e g,026fc069-20c8-4f5f-9baa-6057df561237,Guest Experience Manager (Hotel),Hospitality & Events,2026-04-22T02:52:30.47108+00:00,"High school diploma required; hospitality certifications (e.g., AHLEI) and customer service experience preferred; many hotels promote front-line staff into management roles."
6,high school diploma required hospitality certifications e g,6937e1f7-892f-4d2d-a1ac-d0bd372e1b36,Guest Experience Manager (Hotels),Hospitality & Events,2026-04-22T02:52:33.295118+00:00,"High school diploma required; hospitality certifications (e.g., Certified Guest Service Professional) and customer service experience preferred; many hotels promote from front desk or housekeeping roles."
6,high school diploma required hospitality certifications e g,923a3a01-db58-4f18-8938-71e8d56f4663,Restaurant Private Event Manager,Hospitality & Events,2026-05-08T02:05:02.360931+00:00,"High school diploma required; hospitality certifications (e.g., Certified Meeting Professional) and event planning experience preferred but not mandatory to start."
6,high school diploma required hospitality certifications e g,a6d02dad-50a9-44f8-8f96-6ae37b5f3b44,Resort Concierge Manager,Hospitality & Events,2026-04-22T02:52:31.20659+00:00,"High school diploma required; hospitality certifications (e.g., Certified Guest Services Professional) and 2-3 years of front-line hospitality or management experience preferred."
6,high school diploma required hospitality certifications e g,d92a40ca-e9ae-45c2-8aa2-b51c32bc62c5,Concierge Service Manager,Hospitality & Events,2026-08-11T02:06:56.82269+00:00,"High school diploma required; hospitality certifications (e.g., Certified Guest Service Professional) and fluency in multiple languages are advantageous."
6,high school diploma required hospitality certifications e g,e0fafee1-3a1d-41a9-adae-b4bb496cb8f3,Hotel Guest Experience Manager,Hospitality & Events,2026-06-13T02:14:37.381641+00:00,"High school diploma required; hospitality certifications (e.g., Certified Hotel Administrator) and customer service experience are preferred."
6,bachelor s degree chemistry materials science environmental science,03f309b5-bd9a-4b31-ab85-c692be5935d4,Plastic Alternatives Researcher,Environment & Sustainability,2026-04-22T02:52:31.660242+00:00,"Bachelor's degree in chemistry, materials science, environmental science, or engineering; advanced roles typically require a master's or PhD."
6,bachelor s degree chemistry materials science environmental science,20833898-f584-46f7-b130-cfd283203059,Sustainable Packaging Scientist,Environment & Sustainability,2026-04-27T08:01:04.629921+00:00,"Bachelor's degree in chemistry, materials science, environmental science, or related field; some positions prefer graduate degree or internship experience in sustainable materials research."
6,bachelor s degree chemistry materials science environmental science,3d9fb738-bf88-4533-8841-279018078b8e,Renewable Materials Researcher,Environment & Sustainability,2026-06-22T02:43:57.930928+00:00,"Bachelor's degree in chemistry, materials science, environmental science, or engineering; graduate degree (Master's or PhD) typically required for research roles."
6,bachelor s degree chemistry materials science environmental science,78212c90-70c3-4f31-9ef9-46ef95b24a57,Renewable Materials Scientist,Science & Research,2026-05-26T02:10:53.335182+00:00,"Bachelor's degree in chemistry, materials science, or environmental science required; advanced positions typically require a master's or PhD in a related field."
6,bachelor s degree chemistry materials science environmental science,8531a69b-6c95-4938-9f21-143c254f6cfa,Sustainable Fashion Researcher,Environment & Sustainability,2026-05-15T02:07:05.297889+00:00,"Bachelor's degree in chemistry, materials science, environmental science, or textile engineering; research internships or lab experience strongly preferred."
6,bachelor s degree chemistry materials science environmental science,874337e5-5353-404d-a15d-cdc607bfda95,Sustainable Materials Researcher,Environment & Sustainability,2026-05-23T02:02:48.607819+00:00,"Bachelor's degree in chemistry, materials science, or environmental science required; many positions prefer or require a master's degree or PhD for research roles."
6,bachelor s degree social work psychology related field,066ccbbb-2c55-457f-ab04-9235bef9cdf5,Child Abuse Prevention Specialist,Social Impact & Nonprofit,2026-05-16T02:00:50.331847+00:00,"Bachelor's degree in social work, psychology, or related field preferred; state certification and background clearance required; training in trauma-informed care and mandatory reporting laws essential."
6,bachelor s degree social work psychology related field,387a3e39-b712-4aee-9fee-2eac3ec4093a,Refugee Resettlement Counselor,Social Impact & Nonprofit,2026-05-28T02:03:50.699499+00:00,"Bachelor's degree in social work, psychology, or related field preferred; certifications in case management or trauma-informed care are valuable but not always required."
6,bachelor s degree social work psychology related field,486c64ff-0b29-49e5-a672-c5545cb3de3e,Case Manager (Social Services),Social Impact & Nonprofit,2026-05-02T01:50:21.807544+00:00,"A bachelor's degree in social work, psychology, or related field is common; licensure (LCSW, MSW) may be required depending on state and employer."
6,bachelor s degree social work psychology related field,7f7a5aa8-60fe-48ea-9062-1e80dce5292f,Veterans Reintegration Specialist,Social Impact & Nonprofit,2026-05-12T02:01:43.152378+00:00,"A bachelor's degree in social work, psychology, or related field is often preferred, though some nonprofits hire with relevant military experience or certifications in case management."
6,bachelor s degree social work psychology related field,a9a6685a-05fc-43d9-add5-c2ca092a8db9,Foster Care Case Manager,Social Impact & Nonprofit,2026-07-11T03:19:23.490721+00:00,"A bachelor's degree in social work, psychology, or related field is often preferred; state licensure and training in child welfare are typically required."
6,bachelor s degree social work psychology related field,cf06c3b3-2dc3-4595-915d-9a95683c834b,Social Services Supervisor,Social Impact & Nonprofit,2026-04-22T02:52:30.264317+00:00,"Bachelor's degree in social work, psychology, or related field; many positions require or prefer a Master's in Social Work (MSW) and relevant supervisory experience."
6,bachelor s degree preferred but not always required,0743fbb1-a9c5-464d-98a5-5a0b5200ecec,Adult Education Instructor,Education & Coaching,2026-07-20T03:39:40.209743+00:00,A bachelor's degree is often preferred but not always required; teaching certification or subject matter expertise varies by institution and state regulations.
6,bachelor s degree preferred but not always required,0927509c-5a97-4e6b-b65f-4453f68a84f2,Development Officer (Nonprofit),Social Impact & Nonprofit,2026-07-24T03:21:09.031219+00:00,A bachelor's degree is often preferred but not always required; many nonprofits value fundraising experience and demonstrated passion for social impact over formal credentials.
6,bachelor s degree preferred but not always required,4575019c-7a04-4206-8489-ee4f764cc3df,Corporate Trainer (Soft Skills),Education & Coaching,2026-05-03T01:52:58.815466+00:00,"A bachelor's degree is often preferred but not always required; certifications in adult learning, instructional design, or specific soft skills frameworks (like SHRM) strengthen credentials."
6,bachelor s degree preferred but not always required,88574181-aa0f-46ce-be13-dbb814a3e9cb,Refugee Resettlement Specialist,Social Impact & Nonprofit,2026-05-09T01:57:22.873621+00:00,Bachelor's degree preferred but not always required; fluency in a second language and knowledge of refugee services strongly valued.
6,bachelor s degree preferred but not always required,8bd8a599-24b5-47db-ac60-6d6f42c1c067,Nonprofit Volunteer Manager,Social Impact & Nonprofit,2026-04-27T07:59:23.241171+00:00,"Bachelor's degree preferred but not always required; experience in volunteer management, nonprofit work, or community engagement is valuable."
6,bachelor s degree preferred but not always required,96b9368d-de8e-4fef-90c6-809e8b0f9504,Major Gifts Officer,Social Impact & Nonprofit,2026-05-09T01:56:24.719082+00:00,A bachelor's degree is preferred but not always required; fundraising certification (CFRE) and nonprofit experience strengthen candidacy.
6,high school diploma minimum bachelor s degree preferred,0815d925-a3b4-4bec-8f72-ea2a7fbc2448,Tutor (Private Mathematics),Education & Coaching,2026-08-06T03:12:45.482633+00:00,High school diploma minimum (bachelor's degree preferred); strong mathematics background and subject matter expertise required; some regions require certification or background checks.
6,high school diploma minimum bachelor s degree preferred,2fe9e1d5-7354-4603-9370-b858b6585777,Academic Coach,Sports & Fitness,2026-04-22T02:52:29.646164+00:00,High school diploma minimum; bachelor's degree preferred; subject-matter expertise and tutoring/coaching certification or training programs recommended.
6,high school diploma minimum bachelor s degree preferred,44fbd691-8093-46de-8171-db736e1ef556,Academic Coach (Test Preparation),Education & Coaching,2026-07-04T03:41:30.624438+00:00,"High school diploma minimum; bachelor's degree preferred; subject-matter expertise and test certification (SAT, ACT, AP) or teaching credential helpful."
6,high school diploma minimum bachelor s degree preferred,9292929a-0b4e-4eb7-b490-6d2338f64a91,Life Skills Coach,Sports & Fitness,2026-04-22T02:52:31.660242+00:00,"High school diploma minimum; bachelor's degree preferred; certifications in coaching, counseling, or youth development strengthen credentials."
6,high school diploma minimum bachelor s degree preferred,9e461ebe-5990-4e91-9b38-fe29b94c54aa,Account Executive (B2B Sales),Business & Finance,2026-07-14T02:55:06.288601+00:00,High school diploma minimum; bachelor's degree preferred but many companies hire driven candidates without degrees and provide sales training on the job.
6,high school diploma minimum bachelor s degree preferred,abc92f81-5c3e-406d-9c6f-f5b1deaedd87,Language Arts Tutor (Specialized),Education & Coaching,2026-06-22T03:26:28.293209+00:00,High school diploma minimum; bachelor's degree preferred for private tutoring centers; some roles require subject-area certification or teaching credentials.
6,portfolio demonstrating design skills essential formal education graphic,0a784b67-22ab-419e-9830-03adff3c02b6,Signage Designer (Digital & Physical),Design & Creative,2026-07-11T03:18:28.837706+00:00,"A portfolio demonstrating design skills is essential; formal education in graphic design, digital design, or fine arts is helpful but not always required if you have strong self-taught work and design software proficiency."
6,portfolio demonstrating design skills essential formal education graphic,1b172e7c-fb1c-4bfc-a88f-928422b33b0c,Signage Design Specialist,Design & Creative,2026-06-01T02:40:33.683478+00:00,"A portfolio demonstrating design skills is essential; formal education in graphic design, fine arts, or related field is preferred but experience and strong work samples can substitute."
6,portfolio demonstrating design skills essential formal education graphic,330be3a9-d776-4b2b-a66e-42bc63de9049,Book Cover Designer,Arts & Performance,2026-04-22T02:52:32.086589+00:00,"A portfolio demonstrating design skills is essential; formal education in graphic design, fine arts, or related field is beneficial but not always required; proficiency in design software such as Adobe Creative Suite is typically necessary."
6,portfolio demonstrating design skills essential formal education graphic,6d6fa3b5-40f8-4f5b-bc39-086641b3d541,Interactive Packaging Designer,Design & Creative,2026-05-14T02:10:07.00579+00:00,"A portfolio demonstrating design skills is essential; formal education in graphic design, industrial design, or packaging design is helpful but not always required if you have strong self-taught skills and relevant projects."
6,portfolio demonstrating design skills essential formal education graphic,8a7b8a97-d09e-4766-a214-4640b6f7df48,Print Designer,Science & Research,2026-04-22T02:52:32.086589+00:00,"A portfolio demonstrating design skills is essential; formal education in graphic design, fine arts, or related field is helpful but not always required if you have strong design software expertise (Adobe Creative Suite) and a compelling portfolio."
6,portfolio demonstrating design skills essential formal education graphic,9ada6bc6-ae26-4ec2-b5f9-202cd1752979,Signage Specialist,Design & Creative,2026-05-26T02:08:57.267347+00:00,"A portfolio demonstrating design skills is essential; formal education in graphic design, fine arts, or signage technology is helpful but not always required, and some positions may require certifications in specific signage software or safety standards."
6,no formal degree required strong social media skills,0bf37453-83dc-4d25-9484-bd5c2d8b52a6,Social Commerce Entrepreneur,Marketing & Communications,2026-04-22T02:52:33.86077+00:00,"No formal degree required; strong social media skills, digital marketing knowledge, and business basics are essential; certifications in social media marketing or e-commerce are helpful but optional."
6,no formal degree required strong social media skills,1cbeb81c-8900-4067-a1ff-08c5730f33b4,Social Commerce Creator,Entrepreneurship,2026-04-28T07:57:31.265106+00:00,"No formal degree required; strong social media skills, basic business acumen, and platform-specific knowledge (TikTok, Instagram, etc.) are essential to succeed."
6,no formal degree required strong social media skills,2189fb71-4a0a-478a-8205-03e0f5bd337a,Fashion Blogger (Brand Partnership),Fashion & Beauty,2026-05-15T02:07:12.179654+00:00,"No formal degree required; strong social media skills, photography/videography experience, and a compelling personal brand are essential."
6,no formal degree required strong social media skills,579e95cd-d764-49a3-95c6-fa9437135e40,Influencer Brand Founder,Entrepreneurship,2026-05-14T02:08:52.270268+00:00,"No formal degree required; strong social media skills, digital marketing knowledge, and business acumen are essential, though certifications in content creation or social media marketing can be valuable."
6,no formal degree required strong social media skills,9d027c70-989a-4a76-9254-cf30e5bb8d0c,Micro-Influencer Brand Builder,Entrepreneurship,2026-04-26T06:30:32.096841+00:00,"No formal degree required; strong social media skills, basic marketing knowledge, and a growing engaged audience are essential to launch and sustain a micro-influencer business."
6,no formal degree required strong social media skills,c35a41dc-878f-4144-b237-05a56f2c5d8a,Fashion Blogger/Influencer,Fashion & Beauty,2026-04-22T02:52:30.47108+00:00,"No formal degree required; strong social media skills, photography/videography experience, and knowledge of fashion and beauty trends are essential to build a portfolio and launch your platform."
6,bachelor s degree journalism communications marketing related field,0c3d3aec-7400-47c0-97a7-2fe72d8d86d8,Content Strategist (Media Companies),Media & Journalism,2026-04-25T06:07:23.236911+00:00,"Bachelor's degree in journalism, communications, marketing, or related field preferred; strong portfolio demonstrating content strategy and platform expertise required."
6,bachelor s degree journalism communications marketing related field,230c33d2-e7a0-46b7-8098-1d4a8451144b,Content Strategist (Media),Media & Journalism,2026-04-22T02:52:33.675655+00:00,"A bachelor's degree in journalism, communications, marketing, or related field is preferred; portfolio demonstrating strategic thinking and content planning is often more valuable than certifications."
6,bachelor s degree journalism communications marketing related field,8842eaa8-68f4-4361-a158-61467d7d6ac6,Digital Strategist (News),Media & Journalism,2026-05-30T02:04:10.200369+00:00,"A bachelor's degree in journalism, communications, marketing, or a related field is often preferred, though strong portfolio work and digital analytics certifications can substitute."
6,bachelor s degree journalism communications marketing related field,a1b56ee7-37e5-46c5-bdb1-61ec8a562b43,Digital Content Manager,Science & Research,2026-04-22T02:52:30.082186+00:00,"A bachelor's degree in journalism, communications, marketing, or related field is often preferred, though strong portfolio work and social media expertise can substitute; familiarity with content management systems and analytics tools is valuable."
6,bachelor s degree journalism communications marketing related field,ba209dde-f0e4-45e1-b217-564b90a63eaf,Content Strategist (Media Organization),Media & Journalism,2026-04-26T06:31:11.022159+00:00,"A bachelor's degree in journalism, communications, marketing, or related field is preferred; strong portfolio demonstrating content strategy, analytics skills, and familiarity with digital platforms are often valued equally."
6,bachelor s degree journalism communications marketing related field,efe97572-5e34-4e60-8ce3-b2bbf04e19f0,Social Media Strategist (News),Media & Journalism,2026-04-22T02:52:34.05043+00:00,"A bachelor's degree in journalism, communications, marketing, or a related field is preferred; strong portfolio demonstrating social media content creation and news judgment is essential."
6,bachelor s degree art history museum studies fine,1119e80a-3145-45f9-be2c-d439750e7287,Gallery Curation Assistant,Arts & Performance,2026-05-08T02:03:11.996464+00:00,"A bachelor's degree in art history, museum studies, or fine arts is often preferred; internships and volunteer experience at galleries or museums are valuable entry points."
6,bachelor s degree art history museum studies fine,1b67f8dc-a164-4a21-8ad0-dac516ded924,Gallery Director,Arts & Performance,2026-06-18T02:38:54.346067+00:00,"Bachelor's degree in art history, museum studies, fine arts, or related field; many positions prefer or require a master's degree and prior gallery or museum experience."
6,bachelor s degree art history museum studies fine,4bf0fc52-f215-49db-98c8-10a0ea40bd2d,Art Gallery Director,Arts & Performance,2026-04-22T02:52:32.905098+00:00,"A bachelor's degree in art history, museum studies, or fine arts is typically required, often followed by internships and graduate coursework in curatorial practice."
6,bachelor s degree art history museum studies fine,6e687fc5-7708-416c-a3a8-fd394d7a8a72,Art Gallery Curator,Science & Research,2026-04-22T02:52:33.295118+00:00,"A bachelor's degree in art history, museum studies, or fine arts is typically required, often followed by internships and professional experience in galleries or museums."
6,bachelor s degree art history museum studies fine,8813d4ed-c82a-4970-a034-6e1784bfbdc4,Gallery Curation Consultant,Arts & Performance,2026-06-11T02:37:22.610256+00:00,"Bachelor's degree in art history, museum studies, or fine arts; many positions prefer or require a master's degree and internship experience in galleries or museums."
6,bachelor s degree art history museum studies fine,f17de18a-024c-4424-94de-36f390a34589,Museum Curator (Contemporary Art),Arts & Performance,2026-04-22T03:25:05.035624+00:00,"A bachelor's degree in art history, museum studies, fine arts, or related field is typically required; many positions prefer a master's degree and prior museum internship experience."
6,high school diploma associate degree typical positions require,111b2c87-c4a7-4d4c-9a65-c7eaaf732ab5,Research Assistant (University),Science & Research,2026-07-13T03:32:38.830583+00:00,A high school diploma or associate degree is typical; some positions require a bachelor's degree in a science field.
6,high school diploma associate degree typical positions require,1daf50ee-fd62-47e0-a99b-5979c2cf63ec,Case Manager,Social Impact & Nonprofit,2026-07-31T03:30:52.62946+00:00,"A high school diploma or associate degree is typical; some positions require certification or a bachelor's degree in social work, counseling, or a related field."
6,high school diploma associate degree typical positions require,498ecb55-c136-492b-a034-32455a8c716e,Lab Animal Scientist,Science & Research,2026-05-09T01:56:11.817026+00:00,"A high school diploma or associate degree is typical; some positions require a bachelor's degree in biology, animal science, or related field, plus knowledge of animal care protocols and laboratory safety regulations."
6,high school diploma associate degree typical positions require,cbeab990-f954-45b8-9c1b-32f902f1a50c,Compliance Inspector,Law & Government,2026-04-22T02:52:31.660242+00:00,"A high school diploma or associate degree is typical; many positions require passing a background check, and some specializations may require industry-specific certifications or licensing."
6,high school diploma associate degree typical positions require,cc334bee-a0d2-412b-a9f1-8e02c68620e8,Student Success Coach,Sports & Fitness,2026-04-22T02:52:32.680575+00:00,"A high school diploma or associate degree is typical; some positions require a bachelor's degree in education, psychology, or counseling, plus certification as a life coach or academic advisor."
6,high school diploma associate degree typical positions require,e488614a-66e4-406f-a656-9dd24baa5381,Homelessness Prevention Specialist,Social Impact & Nonprofit,2026-04-25T06:07:49.730154+00:00,A high school diploma or associate degree is typical; some positions require certification in case management or training in trauma-informed care practices.
6,bachelor s degree finance business economics related field,1545c375-0e01-4969-acf6-305b7b6617ae,Venture Debt Analyst,Business & Finance,2026-05-03T01:52:43.620372+00:00,"Bachelor's degree in Finance, Business, Economics, or related field; CFA or MBA preferred; experience in venture capital, private equity, or corporate finance typically required."
6,bachelor s degree finance business economics related field,2ba3e45c-ee50-447e-b7e0-cc7890fe9b4c,Impact Investing Fund Manager,Entrepreneurship,2026-07-12T03:30:02.866151+00:00,"Bachelor's degree in finance, business, economics, or related field; MBA or finance certification (CFA) preferred; experience in investment analysis or nonprofit work typically required."
6,bachelor s degree finance business economics related field,30510620-0fb3-449d-a5a2-38bf3a163872,M&A (Mergers & Acquisitions) Advisor,Business & Finance,2026-04-27T07:57:51.540366+00:00,"Bachelor's degree in Finance, Business, Economics, or related field required; MBA preferred; investment banking or corporate finance experience typically needed before specializing in M&A."
6,bachelor s degree finance business economics related field,36f5e480-1347-4fcf-a3c6-eff48979ee3a,Acquisitions Manager,Business & Finance,2026-04-22T02:52:32.496342+00:00,"Bachelor's degree in finance, business, economics, or related field required; MBA or finance certifications (CFA, CPA) are advantageous for advancement."
6,bachelor s degree finance business economics related field,6800362d-ae53-4bf0-a380-9a5737012bcb,Impact Investor,Social Impact & Nonprofit,2026-04-22T02:52:34.05043+00:00,"Bachelor's degree in finance, business, economics, or related field; MBA or CFA certification preferred; experience in investment analysis and social impact assessment required."
6,bachelor s degree finance business economics related field,ec605c59-8042-4fde-9b8c-dadf1b66f804,Real Estate Investment Analyst,Business & Finance,2026-06-01T02:40:30.189906+00:00,"Bachelor's degree in finance, business, economics, or related field; financial analysis skills and real estate knowledge required; CFA or commercial real estate certifications preferred."
6,bachelor s degree social work criminal justice related,228ed410-cd20-479e-b483-2da7ad0ba0f4,Immigration Caseworker,Social Impact & Nonprofit,2026-08-06T03:14:20.818434+00:00,"A bachelor's degree in social work, criminal justice, or related field is preferred; bilingual proficiency and knowledge of immigration law are highly valuable, with many positions offering on-the-job training."
6,bachelor s degree social work criminal justice related,2350bdb6-d3d6-4d71-b500-d2085cbc44ec,Human Trafficking Prevention Specialist,Social Impact & Nonprofit,2026-07-11T03:19:26.420815+00:00,"Bachelor's degree in social work, criminal justice, or related field preferred; certifications in trauma-informed care and victim advocacy strengthen candidacy."
6,bachelor s degree social work criminal justice related,25c5e0bc-f7dd-481c-8b2c-e4a1eddd84ea,Human Trafficking Advocate,Social Impact & Nonprofit,2026-04-22T02:52:31.660242+00:00,"A bachelor's degree in social work, criminal justice, or related field is often preferred; certifications in trauma-informed care or victim advocacy strengthen applications."
6,bachelor s degree social work criminal justice related,267ae409-c75c-40fe-b2f2-1b8e50de2c88,Human Trafficking Prevention Coordinator,Gaming & Esports,2026-04-22T02:52:33.477982+00:00,"Bachelor's degree in social work, criminal justice, or related field preferred; training in trauma-informed care and trafficking awareness required."
6,bachelor s degree social work criminal justice related,62d04230-be33-486d-8349-027633a26819,Youth Justice Advocate,Social Impact & Nonprofit,2026-06-17T02:42:46.774844+00:00,"A bachelor's degree in social work, criminal justice, or related field is often preferred; some roles accept high school graduates with relevant nonprofit experience and certification courses in youth advocacy or case management."
6,bachelor s degree social work criminal justice related,8c767ee1-ae9c-47fd-be61-b8080148c48c,Reentry Services Coordinator,Social Impact & Nonprofit,2026-05-28T02:02:23.288839+00:00,"A bachelor's degree in social work, criminal justice, or related field is often preferred; relevant certifications in case management or peer support can enhance prospects."
6,bachelor s degree hospitality business event management preferred,402aa515-e1f9-448a-8658-217600a2205b,Corporate Event Producer,Marketing & Communications,2026-04-22T02:52:34.05043+00:00,"Bachelor's degree in hospitality, business, or event management is preferred; certifications such as Certified Event Planner (CEP) or Professional Convention Management Association (PCMA) credentials are valuable but not always required."
6,bachelor s degree hospitality business event management preferred,5c95d510-dea4-4ee6-8436-4130eec987b7,Conference Manager,Supply Chain & Operations,2026-04-22T02:52:33.295118+00:00,"A bachelor's degree in hospitality, business, or event management is preferred; industry certifications like CMP (Certified Meeting Professional) can boost credentials."
6,bachelor s degree hospitality business event management preferred,8771bd8a-0cd1-4934-9baa-4b13e952d707,Conference & Convention Planner,Hospitality & Events,2026-05-24T02:10:52.336498+00:00,"A bachelor's degree in hospitality, business, or event management is preferred; relevant certifications like Certified Meeting Planner (CMP) strengthen credentials."
6,bachelor s degree hospitality business event management preferred,b4295f43-b94a-49e6-91b6-56efbd4db093,Conference Services Director,Hospitality & Events,2026-06-22T03:26:55.247158+00:00,"A bachelor's degree in hospitality, business, or event management is preferred; some positions accept high school diplomas with relevant experience; professional certifications like CMP (Certified Meeting Professional) strengthen credentials."
6,bachelor s degree hospitality business event management preferred,b52e8ba1-46f2-446f-a285-090df0934963,Corporate Event Manager,Supply Chain & Operations,2026-04-22T02:52:32.680575+00:00,"A bachelor's degree in hospitality, business, or event management is preferred; certifications like CMP (Certified Meeting Professional) enhance career prospects but aren't always required to start."
6,bachelor s degree hospitality business event management preferred,d263fbcb-2e7b-4ab8-b77b-6a0f062963cf,Conference Producer,Hospitality & Events,2026-04-23T06:31:08.078351+00:00,"A bachelor's degree in hospitality, business, or event management is preferred; certifications like CMP (Certified Meeting Professional) strengthen credentials."
6,bachelor s degree nutrition dietetics completion accredited dietetic,5f90cdae-4923-48c5-b636-a687032ce452,Registered Dietitian,Food & Culinary,2026-04-22T02:52:32.905098+00:00,"Bachelor's degree in nutrition or dietetics, completion of an accredited dietetic internship program, and passing the Commission on Dietetic Registration (CDR) examination to become a Registered Dietitian (RD) or Registered Dietitian Nutritionist (RDN)."
6,bachelor s degree nutrition dietetics completion accredited dietetic,7fb97008-a984-4ac0-a0ac-5b1bfdc3f132,Nutritionist (Registered Dietitian),Healthcare & Medicine,2026-05-18T02:13:14.378076+00:00,"Bachelor's degree in nutrition/dietetics, completion of an accredited dietetic program, passing the Registered Dietitian Nutritionist (RDN) exam, and state licensure."
6,bachelor s degree nutrition dietetics completion accredited dietetic,9ee64a18-5a63-48a6-98db-aa74e51ade14,Clinical Dietitian,Food & Culinary,2026-04-22T02:52:32.271017+00:00,"Bachelor's degree in nutrition or dietetics, completion of an accredited dietetic internship program, and passage of the Registered Dietitian (RD) or Registered Dietitian Nutritionist (RDN) credentialing examination required."
6,bachelor s degree nutrition dietetics completion accredited dietetic,b8abe760-9cef-438e-bf18-c9f18f9a3e78,Sports Registered Dietitian,Food & Culinary,2026-04-22T02:52:31.392704+00:00,"Bachelor's degree in nutrition or dietetics, completion of an accredited dietetic program, pass the Commission on Dietetic Registration (CDR) exam, and obtain state licensure/registration as a Registered Dietitian (RD) or Registered Dietitian Nutritionist (RDN)."
6,bachelor s degree nutrition dietetics completion accredited dietetic,bf619474-9359-45e3-b8d8-76f0c302c9ef,Sports Dietitian,Food & Culinary,2026-04-22T02:52:33.295118+00:00,"Bachelor's degree in nutrition or dietetics, completion of an accredited dietetic internship program, and passage of the Registered Dietitian (RD) or Registered Dietitian Nutritionist (RDN) examination required."
6,bachelor s degree nutrition dietetics completion accredited dietetic,f07c83f1-cff2-4d24-a7e3-7405f6de809d,Nutrition Specialist (Clinical),Healthcare & Medicine,2026-07-06T04:06:31.086954+00:00,"Bachelor's degree in nutrition or dietetics, completion of an accredited dietetic program, passing the Registered Dietitian (RD) or Registered Dietitian Nutritionist (RDN) exam, and state licensure required."
6,bachelor s degree environmental science policy law related,6af70cfc-bbd5-41ec-88e9-107868c4c4ce,Renewable Energy Policy Advocate,Supply Chain & Operations,2026-04-22T02:52:29.856816+00:00,"Bachelor's degree in environmental science, policy, law, or related field; advanced degree and policy experience preferred; strong research and communication skills essential."
6,bachelor s degree environmental science policy law related,8c751b10-4470-4bb8-aaf5-3f648ce9f3c5,Conservation Policy Advocate,Environment & Sustainability,2026-07-20T03:39:57.809124+00:00,"Bachelor's degree in environmental science, policy, law, or related field; many roles prefer a master's degree and experience in environmental advocacy or government."
6,bachelor s degree environmental science policy law related,8e33a119-df1d-42a2-8a3a-7b149d91fe96,Environmental Policy Specialist,Environment & Sustainability,2026-06-06T02:06:27.67354+00:00,"Bachelor's degree in environmental science, policy, law, or related field; many roles benefit from a master's degree in environmental policy or public administration."
6,bachelor s degree environmental science policy law related,98a8a7df-0d43-4ecc-8297-2770bc3fc186,Environmental Policy Advocate,Environment & Sustainability,2026-04-23T06:30:47.665614+00:00,"Bachelor's degree in environmental science, policy, law, or related field; internships in government or advocacy organizations strongly preferred."
6,bachelor s degree environmental science policy law related,baf33401-6e63-4b20-85a8-4f5c428a9cff,Environmental Policy Advisor,Environment & Sustainability,2026-07-27T03:39:58.558549+00:00,"Bachelor's degree in environmental science, policy, law, or related field; many positions require a master's degree or law degree plus experience in environmental advocacy or government."
6,bachelor s degree environmental science policy law related,bf03ce0e-1278-4cc6-a7f1-dc32fc824d54,Environmental Policy Analyst,Law & Government,2026-05-13T02:06:51.280114+00:00,"Bachelor's degree in environmental science, policy, law, or related field; many roles prefer or require graduate credentials in environmental law or public policy."
6,bachelor s degree chemistry cosmetic science chemical engineering,89c371d1-f05c-4d32-8234-fd7573ec46e0,Luxury Hair Care Product Developer,Fashion & Beauty,2026-06-25T04:06:51.461395+00:00,"Bachelor's degree in chemistry, cosmetic science, or chemical engineering; some positions require formulation certifications and 2+ years in cosmetics or personal care product development."
6,bachelor s degree chemistry cosmetic science chemical engineering,989a3e74-449c-4e0f-8d5f-66de9ba68349,Skincare Formulation Specialist,Fashion & Beauty,2026-06-07T02:34:10.852184+00:00,"Bachelor's degree in chemistry, cosmetic science, or chemical engineering is typically required, along with knowledge of skincare ingredients and product safety regulations."
6,bachelor s degree chemistry cosmetic science chemical engineering,c5ece668-eb52-4420-a467-b5f6b1ca9f4b,Cosmetic Formulator,Fashion & Beauty,2026-04-22T02:52:32.680575+00:00,"A bachelor's degree in chemistry, cosmetic science, or chemical engineering is typically required, often supplemented by certifications in cosmetic formulation or regulatory compliance."
6,bachelor s degree chemistry cosmetic science chemical engineering,da133154-f6c2-4bc2-8073-f761be787b6d,Skincare Product Developer,Fashion & Beauty,2026-05-21T02:13:29.732824+00:00,"Bachelor's degree in chemistry, cosmetic science, or chemical engineering; many positions prefer internship experience in product development or formulation labs."
6,bachelor s degree chemistry cosmetic science chemical engineering,fe542680-b02d-427a-a4ad-1a69dfeef366,Cosmetics Formulation Chemist,Fashion & Beauty,2026-04-27T07:58:31.545722+00:00,"Bachelor's degree in chemistry, cosmetic science, or chemical engineering required; many roles prefer internship experience and knowledge of FDA/cosmetic regulations."
6,bachelor s degree chemistry cosmetic science chemical engineering,ff599f36-50a2-4f30-90c1-a5cc7e529759,Sustainable Cosmetics Formulator,Fashion & Beauty,2026-07-30T02:47:55.76874+00:00,"Bachelor's degree in chemistry, cosmetic science, or chemical engineering; some positions require certifications in cosmetic formulation or sustainable product development."
5,portfolio demonstrating design skills essential degree fashion design,04f6a04a-7790-47f6-9d8d-248614cbc3dd,Textile Designer,Fashion & Beauty,2026-04-22T02:52:32.496342+00:00,"A portfolio demonstrating design skills is essential; a degree in fashion design, textiles, or fine arts is preferred but not always required with strong portfolio work."
5,portfolio demonstrating design skills essential degree fashion design,21bd7baf-99ae-4ec7-bc04-9dbfbd20bca1,Intimates Designer,Fashion & Beauty,2026-04-22T02:52:30.082186+00:00,A portfolio demonstrating design skills is essential; a degree in Fashion Design or related field is helpful but experience and a strong portfolio can substitute.
5,portfolio demonstrating design skills essential degree fashion design,957957fa-ebe7-4b21-9b8d-3cec2be1ad1a,Luxury Footwear Designer,Fashion & Beauty,2026-06-15T02:44:12.028182+00:00,"A portfolio demonstrating design skills is essential; a degree in fashion design, product design, or fine arts is beneficial but not always required if you have strong practical experience and a compelling portfolio."
5,portfolio demonstrating design skills essential degree fashion design,a53a87e5-b2ae-4c63-a525-ba1714463439,Eyewear Frame Designer,Fashion & Beauty,2026-07-15T02:53:04.799125+00:00,"A portfolio demonstrating design skills is essential; a degree in fashion design, product design, or fine arts is often preferred but not always required if you have strong design experience and samples."
5,portfolio demonstrating design skills essential degree fashion design,f2694c2d-0846-4cb0-a3a6-291f6b60dce1,Lingerie Designer,Fashion & Beauty,2026-04-22T02:52:30.264317+00:00,"A portfolio demonstrating design skills is essential; a degree in fashion design, textiles, or related field strengthens prospects, along with proficiency in design software like CAD or Adobe Creative Suite."
5,high school diploma minimum cpr first aid certification,06a33352-18d2-46a0-a615-50380661378c,Youth Sports Coach,Sports & Fitness,2026-04-22T02:52:34.465719+00:00,High school diploma minimum; CPR/First Aid certification required; many positions require coaching licenses or sports-specific certifications (varies by state and sport).
5,high school diploma minimum cpr first aid certification,a22bf655-4023-4b02-8844-b190ccf94c83,Climbing Gym Manager,Sports & Fitness,2026-05-28T02:02:29.776753+00:00,High school diploma minimum; CPR/First Aid certification and climbing safety training (IFSC or equivalent) are typically required or expected.
5,high school diploma minimum cpr first aid certification,a45a5916-987e-4fa3-8d97-ee9b5429154e,Adventure Race Coordinator,Sports & Fitness,2026-05-07T01:57:15.517187+00:00,High school diploma minimum; CPR/First Aid certification and experience in event planning or outdoor sports highly valued; some roles prefer bachelor's in sports management or hospitality.
5,high school diploma minimum cpr first aid certification,d42b4926-74ec-4b1e-b0bf-06d00eda9793,Youth Basketball Coach,Sports & Fitness,2026-07-20T03:40:37.821164+00:00,High school diploma minimum; CPR/First Aid certification and basketball coaching certification (through USA Basketball or similar) are typically required or expected.
5,high school diploma minimum cpr first aid certification,d85c2cc2-eeeb-4487-8966-b80624c4ae8c,Youth Development Coach,Sports & Fitness,2026-08-06T03:13:20.833571+00:00,High school diploma minimum; CPR/First Aid certification and sport-specific coaching credentials (like NFHS or USA Sport-specific certifications) are typically required or strongly preferred.
5,no formal degree required strong foundation software development,06e5e18e-48a4-4e68-92c8-d8d860fdd334,AI-Powered Tools SaaS Founder,Entrepreneurship,2026-05-15T02:08:06.404214+00:00,"No formal degree required; strong foundation in software development, business fundamentals, and AI/machine learning concepts through self-study, bootcamps, or computer science background is highly beneficial."
5,no formal degree required strong foundation software development,07d61c35-4120-4878-a3f0-bb2027fef0d8,SaaS Productivity App Founder,Entrepreneurship,2026-05-05T01:54:35.890921+00:00,"No formal degree required; strong foundation in software development, business fundamentals, and product design is essential—self-taught, bootcamp, or university education all viable paths."
5,no formal degree required strong foundation software development,2adb504b-01b0-4e2c-8085-956425a7e5bd,SaaS Product Entrepreneur,Entrepreneurship,2026-04-22T02:52:32.905098+00:00,"No formal degree required; strong foundation in software development, business fundamentals, and self-teaching through courses, mentorship, or bootstrapped projects is essential."
5,no formal degree required strong foundation software development,c076c579-2164-4d27-8818-15917f7fda59,AI-Powered SaaS Founder,Entrepreneurship,2026-05-18T02:14:08.162509+00:00,"No formal degree required; strong foundation in software development, business fundamentals, and domain expertise in your chosen market are essential."
5,no formal degree required strong foundation software development,d2395595-fa84-4ce6-b83b-ef7af81c84a8,Subscription Software Founder,Entrepreneurship,2026-04-29T02:00:13.93552+00:00,"No formal degree required; strong foundation in software development, business fundamentals, and sales/marketing is essential—self-taught, bootcamp, or university paths all work."
5,bachelor s degree design hci related field preferred,088653a8-5a8f-4fc9-ac5c-ec1bb0e1859c,UX/UI Design Lead,Design & Creative,2026-04-26T06:32:13.014234+00:00,"Bachelor's degree in design, HCI, or related field preferred; portfolio demonstrating UX/UI projects and design leadership experience required."
5,bachelor s degree design hci related field preferred,0e44dd2a-c979-4576-b59a-931d974c1a4c,Design Systems Manager,Design & Creative,2026-05-01T02:01:13.278232+00:00,"Bachelor's degree in Design, HCI, or related field preferred; 5+ years of design experience with demonstrable systems-thinking work and leadership experience required."
5,bachelor s degree design hci related field preferred,1dddff9a-4713-4733-94f7-ed33af882233,UX/UI Designer,Science & Research,2026-04-22T02:52:33.86077+00:00,"Bachelor's degree in Design, HCI, or related field preferred; certifications in UX/UI tools (Figma, Adobe XD) and UX fundamentals highly valued."
5,bachelor s degree design hci related field preferred,4fa6592d-082f-4786-b44e-d54ea774d1b6,UX/UI Designer (Medical Software),Design & Creative,2026-08-05T02:55:06.97248+00:00,"Bachelor's degree in design, HCI, or related field preferred; portfolio demonstrating UX/UI skills and familiarity with design tools (Figma, Adobe XD) required; healthcare domain knowledge a plus."
5,bachelor s degree design hci related field preferred,ad392d26-fc69-4680-b0ef-d2ec1218d308,User Experience Designer,Science & Research,2026-04-22T02:52:34.465719+00:00,"Bachelor's degree in design, HCI, or related field preferred; portfolio demonstrating UX work and proficiency in design tools like Figma or Adobe XD essential."
5,bachelor s degree chemistry chemical engineering related field,1084b843-9937-4d61-93be-f6409ce6f237,Fragrance Chemist,Fashion & Beauty,2026-06-04T02:39:48.110886+00:00,"Bachelor's degree in Chemistry, Chemical Engineering, or related field; some roles prefer graduate credentials or certification in fragrance chemistry."
5,bachelor s degree chemistry chemical engineering related field,3b721fc9-63e5-4ebc-b92f-b2be0687bf3c,Beauty Brand Chemist,Fashion & Beauty,2026-04-28T07:59:44.109372+00:00,"Bachelor's degree in Chemistry, Chemical Engineering, or related field; knowledge of cosmetic science regulations and often certification through programs like the Cosmetic Science Society."
5,bachelor s degree chemistry chemical engineering related field,7b1c17eb-a636-4bad-9f27-763cacd9b30e,Fragrance Formulator,Fashion & Beauty,2026-04-22T02:52:31.660242+00:00,"A bachelor's degree in chemistry, chemical engineering, or related field is typically required, along with specialized training in fragrance composition and knowledge of fragrance regulations."
5,bachelor s degree chemistry chemical engineering related field,e50e9227-1be6-41ee-86dd-c21761b01b8d,Beauty Product Formulation Chemist,Fashion & Beauty,2026-04-26T06:30:55.547587+00:00,"Bachelor's degree in chemistry, chemical engineering, or related field; knowledge of cosmetic ingredients, regulations (FDA, EU cosmetics directives), and laboratory techniques required."
5,bachelor s degree chemistry chemical engineering related field,e52ac0e3-c285-46d8-aebd-fe3f64b7d307,Luxury Perfume Chemist,Fashion & Beauty,2026-05-21T02:11:50.386315+00:00,"A bachelor's degree in chemistry, chemical engineering, or a related field is typically required, along with knowledge of fragrance composition and chemistry certifications."
5,bachelor s degree finance accounting economics related field,10cc78d6-737f-42e3-aa9e-fc75e5af3f45,Treasury Analyst,Business & Finance,2026-04-22T02:52:29.422718+00:00,"Bachelor's degree in finance, accounting, economics, or related field; CFA, CTP, or similar certifications preferred."
5,bachelor s degree finance accounting economics related field,1591ef12-07e6-4edb-a780-f162a0e78e1f,Commercial Underwriter,Media & Journalism,2026-04-22T02:52:32.905098+00:00,"Bachelor's degree in finance, accounting, economics, or related field; some positions require certifications like Chartered Financial Analyst (CFA) or industry-specific underwriting credentials."
5,bachelor s degree finance accounting economics related field,3bf46778-6d13-46d5-accb-17edef082800,Credit Analyst (Banking),Business & Finance,2026-04-24T06:30:14.55195+00:00,"Bachelor's degree in finance, accounting, economics, or related field; some employers prefer candidates pursuing or holding financial certifications like CFA or FRM."
5,bachelor s degree finance accounting economics related field,c210bf05-a15f-44a4-bba1-17e1cd17a37b,Financial Analyst,Science & Research,2026-04-22T02:52:31.20659+00:00,"Bachelor's degree in finance, accounting, economics, or related field; CFA or FRM certification preferred but not always required at entry level."
5,bachelor s degree finance accounting economics related field,d2cecf4d-26c8-47bb-9b97-9f9cf953c41c,Equity Analyst (Healthcare Sector),Business & Finance,2026-06-13T02:14:04.810658+00:00,"Bachelor's degree in finance, accounting, economics, or related field; CFA (Chartered Financial Analyst) certification highly preferred or required for advancement."
5,earn juris doctor j d degree pass bar,1612757e-6bd3-49b9-b4ec-ea47b35d7a47,Voting Rights Litigator,Law & Government,2026-08-13T02:28:58.027737+00:00,You must earn a Juris Doctor (J.D.) degree and pass the bar exam in your state; many positions require 2-5 years of legal experience before specializing in voting rights litigation.
5,earn juris doctor j d degree pass bar,1b116703-5795-475c-b009-64d3a60c0477,Judge,Supply Chain & Operations,2026-04-22T02:52:34.239097+00:00,"You must earn a Juris Doctor (J.D.) degree, pass the bar exam, and typically practice law for several years before becoming eligible for judicial appointment or election."
5,earn juris doctor j d degree pass bar,2110ac6d-684a-46af-bae2-6e207a8183cd,Regulatory Compliance Counsel,Law & Government,2026-04-22T02:52:33.087307+00:00,Earn a Juris Doctor (J.D.) degree and pass the bar exam; specialization in regulatory law or compliance is valuable.
5,earn juris doctor j d degree pass bar,af530cbe-59e3-4506-b91d-37f0e94922d2,Constitutional Law Professor,Education & Coaching,2026-04-22T02:52:31.20659+00:00,"Earn a Juris Doctor (J.D.) degree, pass the bar exam, and typically complete advanced study (LL.M. or Ph.D.) in constitutional law; publication record and legal practice experience are essential for university positions."
5,earn juris doctor j d degree pass bar,dda21f6b-a2d7-4d39-87f9-a5e6a2b72929,Judge Advocate (Military),Social Impact & Nonprofit,2026-04-22T02:52:29.856816+00:00,"Must earn a Juris Doctor (J.D.) degree, pass the bar exam, and commission as a military officer; top-secret security clearance required."
5,bachelor s degree business law related field preferred,1b459a4a-6312-48e9-9693-bb26aac018f9,Licensing Deal Broker,Marketing & Communications,2026-04-22T02:52:30.264317+00:00,"Bachelor's degree in business, law, or related field preferred; experience in sales, contracts, or business development typically required before brokering deals independently."
5,bachelor s degree business law related field preferred,39c2a6e3-a489-4391-8a89-7fefb0dc2d3f,Licensing Agent (IP),Entrepreneurship,2026-04-22T02:52:33.087307+00:00,"Bachelor's degree in business, law, or related field preferred; familiarity with IP law and licensing agreements essential; some positions may require certification or paralegal training."
5,bachelor s degree business law related field preferred,72fbf2d4-bdfd-4792-968c-6dc3681dfc11,Licensing Entrepreneur,Supply Chain & Operations,2026-04-22T02:52:32.496342+00:00,"Bachelor's degree in business, law, or related field preferred; certification in intellectual property, licensing, or business development is advantageous."
5,bachelor s degree business law related field preferred,b7fd32e6-0a03-4d17-9804-af3979d04931,Licensing Manager (IP),Entrepreneurship,2026-04-29T01:58:51.488727+00:00,"Bachelor's degree in business, law, or related field preferred; knowledge of IP law and licensing frameworks is essential; some positions require legal certification or paralegal training."
5,bachelor s degree business law related field preferred,fc8255e3-207b-4b06-b1e6-513f45030f9b,Licensing Consultant (IP),Entrepreneurship,2026-05-17T02:02:06.248124+00:00,"Bachelor's degree in business, law, or related field preferred; familiarity with intellectual property law and licensing practices; many roles benefit from certifications in IP or contract management."
5,bachelor s degree engineering environmental science related field,1e61b744-3ed3-4155-b81d-a4a3f2d344cc,Solar Energy Consultant,Environment & Sustainability,2026-05-17T02:01:11.881817+00:00,"Bachelor's degree in engineering, environmental science, or related field helpful; professional certifications (NABCEP) and solar training programs strengthen candidacy."
5,bachelor s degree engineering environmental science related field,a54e79c2-a2d1-437b-b811-387d83bc7f2b,Renewable Energy Project Manager,Supply Chain & Operations,2026-04-22T02:52:29.206458+00:00,"Bachelor's degree in engineering, environmental science, or related field; project management certification (PMP or equivalent) typically required or expected within first 2-3 years."
5,bachelor s degree engineering environmental science related field,ce853cac-a5f7-4aff-91cb-298173cc03c5,Renewable Energy Site Manager,Environment & Sustainability,2026-04-29T02:00:26.894125+00:00,"Bachelor's degree in engineering, environmental science, or related field preferred; certification in renewable energy systems and OSHA safety training required."
5,bachelor s degree engineering environmental science related field,e3722bc7-ab3a-40f1-9651-8f3f8eafafd9,Energy Systems Engineer,Aviation & Transportation,2026-04-22T02:52:30.655222+00:00,"Bachelor's degree in engineering, environmental science, or related field; PE certification and knowledge of renewable energy systems, grid integration, and sustainability standards are typically required."
5,bachelor s degree engineering environmental science related field,e795338b-d01b-4697-82cf-012a9fad4519,Renewable Energy Project Developer,Supply Chain & Operations,2026-04-22T02:52:33.087307+00:00,"Bachelor's degree in engineering, environmental science, or related field; professional certifications such as LEED, PMP, or renewable energy credentials are often required."
5,high school diploma required positions prefer associate degree,23422dd1-723b-4cbb-99e5-439e36f96e0e,Permits and Licensing Specialist,Law & Government,2026-06-19T02:54:48.866242+00:00,"High school diploma required; some positions prefer an associate degree or certification in business administration, paralegal studies, or local government operations."
5,high school diploma required positions prefer associate degree,5e114aed-b3bf-4be2-8476-3dec59fba066,Lab Animal Care Specialist,Science & Research,2026-05-25T02:30:39.449041+00:00,High school diploma required; some positions prefer associate degree or certification in animal care; training in laboratory animal welfare protocols is typically provided on the job.
5,high school diploma required positions prefer associate degree,9f963181-de1f-4545-9c22-1095ce41d88e,Quality Assurance Technician,Science & Research,2026-05-16T01:59:45.571621+00:00,"High school diploma required; some positions prefer an associate degree or certification in quality assurance, and on-the-job training is common."
5,high school diploma required positions prefer associate degree,b7ff6eeb-b059-43e8-8e2d-926c946223de,Municipal Court Administrator,Law & Government,2026-04-22T02:52:32.086589+00:00,"A high school diploma is typically required; some positions prefer an associate degree in business administration or court operations, and on-the-job training is standard."
5,high school diploma required positions prefer associate degree,fe8f13ee-cb6c-4b9c-b3d4-f185a0fe2483,Street Performance Permit Coordinator,Arts & Performance,2026-07-20T03:40:48.820614+00:00,"High school diploma required; some positions prefer associate degree in public administration or related field, plus knowledge of local arts/culture regulations."
5,bachelor s degree fashion merchandising business related field,2442f78f-bf3b-4cee-95ee-f738a3152556,Retail Buyer (Fashion),Fashion & Beauty,2026-06-26T04:14:40.050159+00:00,"A bachelor's degree in fashion merchandising, business, or related field is often preferred; internships in retail buying or merchandising are valuable entry points."
5,bachelor s degree fashion merchandising business related field,4d4a1efa-9966-4621-a746-8351a65e5425,Fashion Buying Manager,Fashion & Beauty,2026-04-22T02:52:34.05043+00:00,"A bachelor's degree in fashion merchandising, business, or related field is typical; experience in retail buying, merchandising, or fashion is usually required before stepping into a manager role."
5,bachelor s degree fashion merchandising business related field,7b0ada76-2723-4d93-8bff-d7153227a277,Luxury Fashion Buyer,Fashion & Beauty,2026-06-19T02:54:35.669057+00:00,"A bachelor's degree in fashion merchandising, business, or related field is preferred; industry certifications and internship experience in luxury retail or fashion buying accelerate career entry."
5,bachelor s degree fashion merchandising business related field,9b1b77e1-c0d9-488b-b6fd-6e5279af9b2a,Fashion Buyer (Retail),Fashion & Beauty,2026-04-25T06:07:00.218091+00:00,"A bachelor's degree in fashion merchandising, business, or related field is preferred; internships in retail buying or fashion are valuable entry points."
5,bachelor s degree fashion merchandising business related field,eeed708c-566a-4007-aba8-7220ce570b05,Fashion Buyer (Wholesale),Fashion & Beauty,2026-04-22T02:52:33.087307+00:00,"A bachelor's degree in fashion merchandising, business, or related field is common but not always required; internships and entry-level retail experience are valuable."
5,bachelor s degree exercise science kinesiology sports medicine,252a4e4d-8fb7-4f33-8193-1bd5621e1626,Strength and Conditioning Director (College),Sports & Fitness,2026-05-04T01:53:27.242833+00:00,"Bachelor's degree in exercise science, kinesiology, or sports medicine plus CSCS (Certified Strength and Conditioning Specialist) certification from NSCA is typically required."
5,bachelor s degree exercise science kinesiology sports medicine,3c61c604-d889-4c0b-bbe6-d086389be58d,Strength Coach (College Athletics),Sports & Fitness,2026-05-08T02:05:59.53167+00:00,"A bachelor's degree in exercise science, kinesiology, or sports medicine is preferred; NSCА or ISSA strength coaching certification is typically required or strongly desired."
5,bachelor s degree exercise science kinesiology sports medicine,a5fafb5e-d54c-4026-8b50-add05a04ff6d,Strength and Conditioning Coordinator (College),Sports & Fitness,2026-06-05T02:16:31.566302+00:00,"A bachelor's degree in exercise science, kinesiology, or sports medicine plus certifications like CSCS (Certified Strength and Conditioning Specialist) or NASM are strongly preferred."
5,bachelor s degree exercise science kinesiology sports medicine,aab9f3e2-0277-42c9-b138-e26808fe2bc5,Injury Prevention Specialist,Sports & Fitness,2026-07-04T03:40:58.351137+00:00,"A bachelor's degree in exercise science, kinesiology, or sports medicine plus certification from ACSM, NATA, or similar organizations; some roles accept high school diploma with on-the-job training."
5,bachelor s degree exercise science kinesiology sports medicine,f187982b-89c2-4d84-bc97-c0c23c5e9438,Rehabilitation Sports Specialist,Sports & Fitness,2026-04-22T03:28:06.352593+00:00,"Bachelor's degree in exercise science, kinesiology, or sports medicine plus certifications such as ACSM, NATA, or rehabilitation specialist credentials are typically required."
5,bachelor s degree environmental science sustainability business related,27550afd-1f0d-4c67-91e8-da5034a9ad76,Sustainability Officer,Environment & Sustainability,2026-04-22T02:52:31.660242+00:00,"A bachelor's degree in environmental science, sustainability, business, or related field is preferred; certifications like ISO 14001 or LEED are valuable but not always required for entry-level roles."
5,bachelor s degree environmental science sustainability business related,50751ffd-7346-4e32-9197-32799673ea47,Chief Sustainability Officer,Environment & Sustainability,2026-07-28T02:56:39.610293+00:00,"Bachelor's degree in environmental science, sustainability, business, or related field; MBA or sustainability certification (e.g., LEED) preferred; 5+ years experience in environmental or sustainability roles required."
5,bachelor s degree environmental science sustainability business related,57a8f737-fba0-452d-a66e-733c6bbbc3ba,Beauty Brand Sustainability Officer,Fashion & Beauty,2026-05-25T02:30:05.786961+00:00,"Bachelor's degree in environmental science, sustainability, business, or related field; certifications like ISO 14001 or B Corp training are advantageous."
5,bachelor s degree environmental science sustainability business related,acd921ef-5e33-4b7f-83c7-a0291d836946,Sustainability Officer (Corporate),Environment & Sustainability,2026-04-22T02:52:31.845128+00:00,"Bachelor's degree in environmental science, sustainability, business, or related field; certifications like ISO 14001 or GRI are valued but not always required at entry."
5,bachelor s degree environmental science sustainability business related,e728a344-7aa8-47cc-a4ea-e9f068d6fba7,Sustainability Consultant,Environment & Sustainability,2026-04-22T02:52:29.646164+00:00,"Bachelor's degree in environmental science, sustainability, business, or related field; certifications such as LEED accreditation, ISO 14001, or professional sustainability credentials are often preferred."
5,bachelor s degree social work public administration nonprofit,2936098c-0dd6-46ce-9f91-0d852d9d63df,Homeless Services Administrator,Social Impact & Nonprofit,2026-07-19T03:27:04.909105+00:00,"A bachelor's degree in social work, public administration, or nonprofit management is preferred; certifications in case management or program administration strengthen candidacy."
5,bachelor s degree social work public administration nonprofit,4004fd79-d1f9-4a0b-8e1a-4cd23e370fc8,Community Impact Specialist,Social Impact & Nonprofit,2026-07-20T03:40:31.0466+00:00,"A bachelor's degree in social work, public administration, nonprofit management, or related field is often preferred; relevant certifications in program evaluation or community development strengthen candidacy, but passion and volunteer experience can offset formal credentials."
5,bachelor s degree social work public administration nonprofit,48485795-328a-4990-9d06-c35889a7e1b8,Community Developer,Social Impact & Nonprofit,2026-04-23T06:29:35.461758+00:00,"A bachelor's degree in social work, public administration, or nonprofit management is common but not always required; some positions value lived community experience and relevant certifications like grant-writing credentials."
5,bachelor s degree social work public administration nonprofit,5b7523e7-b112-4de8-9abb-57ef7b9aa75a,Community Development Coordinator,Social Impact & Nonprofit,2026-06-04T02:40:28.732522+00:00,"A bachelor's degree in social work, public administration, or nonprofit management is often preferred; relevant volunteer experience and community engagement skills can substitute for formal credentials at entry level."
5,bachelor s degree social work public administration nonprofit,b5507927-b318-454c-920f-f08940b5ff18,Community Development Program Manager,Social Impact & Nonprofit,2026-07-13T03:33:16.961386+00:00,"Bachelor's degree in social work, public administration, or nonprofit management preferred; relevant volunteer or internship experience often substitutes for entry-level roles."
5,bachelor s degree english journalism communications related field,2f16302c-da55-4121-9544-7e1d54729661,Publishing Editor,Media & Journalism,2026-04-30T01:59:24.914078+00:00,"A bachelor's degree in English, journalism, communications, or a related field is common but not always required; strong writing and editing skills plus portfolio samples are essential."
5,bachelor s degree english journalism communications related field,abae8091-5d33-49c8-b9e4-339b1e317c39,Book Editor,Science & Research,2026-04-22T02:52:33.675655+00:00,"Bachelor's degree in English, Journalism, Communications, or related field; strong writing and editing skills; familiarity with publishing software and style guides."
5,bachelor s degree english journalism communications related field,ade1adb4-bc71-472d-9dbb-66ae24aef0c6,Copy Editor (Publishing),Media & Journalism,2026-04-22T02:52:32.086589+00:00,"A bachelor's degree in English, Journalism, Communications, or related field is common; strong grammar skills, editing software proficiency (AP Stylebook, Chicago Manual of Style), and a portfolio of edited work are essential."
5,bachelor s degree english journalism communications related field,e0988a61-f113-4cac-bcbd-8b39e6a30c28,Book Editor (Publishing House),Media & Journalism,2026-04-22T06:27:04.346271+00:00,"A bachelor's degree in English, journalism, communications, or related field is typically required; internships and a strong portfolio are essential for entry."
5,bachelor s degree english journalism communications related field,ece5b28b-786a-40ce-a5aa-ed3884f2fa27,Publishing Manager,Science & Research,2026-04-22T02:52:29.422718+00:00,"A bachelor's degree in English, journalism, communications, or related field is common; some positions accept relevant publishing experience instead."
5,bachelor s degree environmental science sustainability related field,37c8906a-0ec4-4fc3-bd1d-5c16afbfbfbe,Carbon Footprint Analyst,Environment & Sustainability,2026-04-22T02:52:32.496342+00:00,"A bachelor's degree in environmental science, sustainability, or related field is preferred; certifications like Carbon Trust or GHG Protocol enhance credentials."
5,bachelor s degree environmental science sustainability related field,3afc6c79-374f-41fa-ad94-06d52c891ae1,Sustainability Auditor,Environment & Sustainability,2026-04-22T02:52:30.47108+00:00,"Bachelor's degree in environmental science, sustainability, or related field preferred; professional certifications like Certified Sustainability Professional (CSP) or ISO auditor training strengthen candidacy."
5,bachelor s degree environmental science sustainability related field,66a24bc8-45f6-46d3-9cfa-62eb0db2d4af,Plastic Reduction Program Manager,Environment & Sustainability,2026-07-26T03:32:34.445399+00:00,"Bachelor's degree in environmental science, sustainability, or related field preferred; certifications in environmental management or nonprofit leadership are advantageous but not always required."
5,bachelor s degree environmental science sustainability related field,790fd084-739d-4f3d-bef3-1819536f2ab6,Green Certifications Auditor,Environment & Sustainability,2026-05-04T01:52:44.879311+00:00,"Bachelor's degree in environmental science, sustainability, or related field plus professional certifications like ISO 14001 Lead Auditor or LEED Auditor are typically required."
5,bachelor s degree environmental science sustainability related field,88542978-990c-4058-9227-940b3f21b761,Carbon Offset Developer,Environment & Sustainability,2026-07-20T03:41:21.177995+00:00,"Bachelor's degree in environmental science, sustainability, or related field preferred; certifications like GHG Protocol or carbon accounting credentials strengthen candidacy."
5,bachelor s degree electrical engineering computer engineering related,3fd03daa-0582-4e30-95e7-277afa9b114b,Hardware Design Engineer,Tech & Engineering,2026-07-19T03:26:22.547564+00:00,"Bachelor's degree in electrical engineering, computer engineering, or related field; knowledge of CAD software, circuit design, and semiconductor physics typically required."
5,bachelor s degree electrical engineering computer engineering related,7dd5f7d1-17fc-47c1-83f0-bec6e64a4af7,Hardware Engineer (IoT),Tech & Engineering,2026-06-07T02:35:06.993849+00:00,"Bachelor's degree in electrical engineering, computer engineering, or related field; knowledge of circuit design, embedded systems, and programming languages like C/C++ is essential."
5,bachelor s degree electrical engineering computer engineering related,82e97bc3-ee51-4d30-a81f-057a4d16e9aa,IoT Hardware Engineer,Tech & Engineering,2026-06-12T02:33:28.840625+00:00,"A bachelor's degree in electrical engineering, computer engineering, or related field is typical, though some roles accept strong portfolios with certifications in embedded systems and electronics."
5,bachelor s degree electrical engineering computer engineering related,f9ef6365-388b-4821-8c9e-43a4f35abc88,Sensor Network Engineer,Science & Research,2026-04-22T02:52:30.655222+00:00,"Bachelor's degree in Electrical Engineering, Computer Engineering, or related field; certifications in networking protocols (Cisco, AWS) and IoT platforms are advantageous."
5,bachelor s degree electrical engineering computer engineering related,fc039799-6dd1-403e-8afe-b730343281ee,Hardware Engineer (Consumer Electronics),Design & Creative,2026-04-22T02:52:29.646164+00:00,"A bachelor's degree in electrical engineering, computer engineering, or related field is typically required, plus hands-on experience with circuit design software and hardware prototyping."
5,bachelor s degree political science public policy related,475f8c43-b1b7-4305-ab67-84cd426529f0,Legislative Staffer,Law & Government,2026-05-22T02:13:50.193372+00:00,"A bachelor's degree in political science, public policy, or related field is common but not always required; internships and strong writing skills matter most for entry-level positions."
5,bachelor s degree political science public policy related,5e57239a-d8b6-42c0-a094-aba5b3160bdc,Congressional Aide,Law & Government,2026-08-05T02:55:49.515171+00:00,"A bachelor's degree in political science, public policy, or a related field is typical, though some positions accept high school graduates with relevant internship experience."
5,bachelor s degree political science public policy related,667a86c7-6dc4-4bd4-8282-9693db5c038d,Legislative Staff Member,Law & Government,2026-04-28T07:59:57.066826+00:00,"A bachelor's degree in political science, public policy, or related field is preferred; strong writing and communication skills are essential; many entry-level positions accept candidates with high school diplomas and relevant experience."
5,bachelor s degree political science public policy related,7e65afb4-89c6-4998-ac88-40f2ba41a327,Local Government Lobbyist,Law & Government,2026-05-05T01:53:41.029633+00:00,"A bachelor's degree in political science, public policy, or related field is helpful; strong communication skills and internship experience in government or advocacy organizations are valuable entry points."
5,bachelor s degree political science public policy related,b950bb90-1380-4e68-927d-b6ef52b70a3e,State Representative Legislative Aide,Law & Government,2026-06-17T02:42:26.977383+00:00,"A bachelor's degree in political science, public policy, or a related field is preferred; strong writing and research skills are essential, and internship experience in government is highly valuable."
5,bachelor s degree cybersecurity computer science it plus,4ffa752c-b273-459c-93fc-658ece7ff7a2,Nonprofit Cybersecurity Director,Social Impact & Nonprofit,2026-08-12T02:27:21.878629+00:00,"Bachelor's degree in cybersecurity, computer science, or IT plus relevant certifications (Security+, CEH, or CISSP) and 3-5 years of cybersecurity experience required."
5,bachelor s degree cybersecurity computer science it plus,522842ad-ab8d-4b03-a1fd-bc1909f38b2a,Security Mesh Architect,Cybersecurity,2026-08-12T02:24:45.498285+00:00,"Bachelor's degree in cybersecurity, computer science, or IT plus 5+ years of security experience and certifications like CISSP, CCSK, or CCNP Security required."
5,bachelor s degree cybersecurity computer science it plus,6bcba312-a671-4af9-a557-57ff7ac8576c,Information Security Manager,Cybersecurity,2026-04-22T02:52:32.905098+00:00,"Bachelor's degree in cybersecurity, computer science, or IT plus relevant certifications (CISSP, CEH, Security+) and 3-5 years of security experience."
5,bachelor s degree cybersecurity computer science it plus,8e93f131-c5c0-4ef9-8f2a-24326e438e2f,Security Operations Center (SOC) Manager,Tech & Engineering,2026-06-15T02:43:24.834551+00:00,"Bachelor's degree in cybersecurity, computer science, or IT plus industry certifications (CISSP, CEH, or Security+) and 3-5 years of security operations experience required."
5,bachelor s degree cybersecurity computer science it plus,9c685180-ddfc-4753-94ce-841a798a9e12,Cloud Security Posture Manager,Cybersecurity,2026-08-12T02:24:39.295398+00:00,"Bachelor's degree in cybersecurity, computer science, or IT, plus industry certifications like AWS Security, Azure Security Engineer, or CompTIA Security+ strongly preferred."
5,bachelor s degree business computer science related field,51925909-bde7-4f97-a97b-ee1ec5c59cc4,Cutting-Edge Tech Scout,Entrepreneurship,2026-08-07T02:59:23.483615+00:00,"Bachelor's degree in business, computer science, or related field preferred; experience with startups, venture capital, or tech ecosystems highly valued."
5,bachelor s degree business computer science related field,575b2cd2-f1ec-4a97-9806-f3347b18bd47,Gig Economy Platform Manager,Entrepreneurship,2026-07-29T03:15:39.911132+00:00,"Bachelor's degree in business, computer science, or related field preferred; strong understanding of marketplace platforms, digital tools, and business fundamentals required."
5,bachelor s degree business computer science related field,6de77c9d-55fe-460b-937d-1cb3f550e79a,SaaS Product Owner,Entrepreneurship,2026-05-11T02:05:18.59546+00:00,"A bachelor's degree in business, computer science, or related field is often preferred; product management certifications and 2-3 years of relevant experience in tech or product roles are typically required."
5,bachelor s degree business computer science related field,818f1dee-4f74-46a6-8604-7400e97af173,Software-as-a-Service (SaaS) Consultant,Arts & Performance,2026-04-22T02:52:33.477982+00:00,"A bachelor's degree in business, computer science, or related field is preferred; professional certifications in SaaS platforms and sales methodologies strengthen credentials."
5,bachelor s degree business computer science related field,c3b6d372-7ad7-40c4-88aa-eff95e9b5e2a,SaaS Product Strategist,Entrepreneurship,2026-07-29T03:15:36.861037+00:00,"A bachelor's degree in business, computer science, or related field is common; product management certifications and 2-3 years of related experience in tech or startups are typically expected."
5,bachelor s degree journalism communications related field strong,5c8f690d-7df8-4374-82b2-003279cb8436,News Anchor,Science & Research,2026-04-22T02:52:29.206458+00:00,"Bachelor's degree in journalism, communications, or related field; strong portfolio of work; and broadcast experience typically required."
5,bachelor s degree journalism communications related field strong,5cd6d31b-8c01-4ebb-a86b-d6a5f36037f4,Foreign Correspondent,Hospitality & Events,2026-04-22T02:52:30.655222+00:00,"Bachelor's degree in journalism, communications, or related field with strong reporting skills, language proficiency, and international experience; press credentials and conflict zone training often required."
5,bachelor s degree journalism communications related field strong,a4e8e263-f2cc-44a9-a414-17c102500252,Broadcast News Analyst,Hospitality & Events,2026-04-22T02:52:32.680575+00:00,"Bachelor's degree in journalism, communications, or related field; strong research, writing, and on-air presentation skills; familiarity with news production software and broadcast standards."
5,bachelor s degree journalism communications related field strong,a8da10d2-e3d5-4d71-a644-3e32915bb543,Investigative Reporter,Science & Research,2026-04-22T02:52:29.856816+00:00,"Bachelor's degree in journalism, communications, or related field; strong research, interviewing, and writing skills; familiarity with digital media tools and ethics standards."
5,bachelor s degree journalism communications related field strong,cbf66880-69df-4b7c-887e-a8bf980e78d2,Investigative Broadcast Reporter,Media & Journalism,2026-07-22T03:18:54.172431+00:00,"Bachelor's degree in journalism, communications, or related field; strong portfolio demonstrating investigative work and reporting skills; familiarity with media law and ethics."
5,high school diploma sufficient entry level roles bachelor,5e0f49f2-98df-4734-a1cf-b3ad71195364,Event Planner (Corporate Meetings),Hospitality & Events,2026-06-05T02:15:05.622995+00:00,"A high school diploma is often sufficient for entry-level roles; bachelor's degree in hospitality, business, or event management accelerates advancement, and certifications like CMP (Certified Meeting Professional) strengthen credentials."
5,high school diploma sufficient entry level roles bachelor,95381042-5f2e-4fbf-a832-d96c608bb0ce,Event Marketing Manager,Hospitality & Events,2026-04-22T02:52:31.20659+00:00,"A high school diploma is sufficient for entry-level roles; a bachelor's in marketing, communications, or business accelerates advancement, and industry certifications in event planning are valued."
5,high school diploma sufficient entry level roles bachelor,a11dac60-5be3-4ccf-9015-9b0c908c5a2c,Fashion Brand Merchandiser,Marketing & Communications,2026-04-22T02:52:31.392704+00:00,"A high school diploma is sufficient for entry-level roles; a bachelor's degree in fashion merchandising, business, or marketing accelerates advancement."
5,high school diploma sufficient entry level roles bachelor,d0ff8b30-217d-48cb-98d8-ccd08e66a520,Invoice Factoring Specialist,Business & Finance,2026-04-22T02:52:32.680575+00:00,"A high school diploma is sufficient for entry-level roles; a bachelor's degree in finance, accounting, or business accelerates advancement, and certifications in credit analysis or receivables management are beneficial."
5,high school diploma sufficient entry level roles bachelor,fd29f4f3-69eb-4495-a9f0-50a3f33f77e3,Food Security Program Coordinator,Social Impact & Nonprofit,2026-07-30T02:48:28.887065+00:00,"A high school diploma is often sufficient for entry-level roles; a bachelor's degree in nonprofit management, public health, or social work strengthens advancement opportunities, and relevant certifications in food safety or program management are helpful."
5,bachelor s degree agriculture environmental science related field,5f80afcb-8a58-48d0-a8a4-d5a288a69c35,Regenerative Agriculture Coordinator,Environment & Sustainability,2026-04-22T03:26:09.536874+00:00,"A bachelor's degree in agriculture, environmental science, or related field is preferred; certifications in soil health or regenerative practices strengthen candidacy."
5,bachelor s degree agriculture environmental science related field,c28ae409-8dff-4341-9ceb-7a5693c44040,Sustainable Agriculture Coordinator,Environment & Sustainability,2026-06-02T02:37:37.126136+00:00,"A bachelor's degree in agriculture, environmental science, or related field is often preferred; certifications in organic farming or sustainable agriculture practices strengthen candidacy."
5,bachelor s degree agriculture environmental science related field,ecb02418-dee9-494c-86ac-b1223b8cf639,Sustainable Agriculture Specialist,Environment & Sustainability,2026-05-11T02:07:09.537029+00:00,"A bachelor's degree in agriculture, environmental science, or related field is common; certifications in organic farming or permaculture design strengthen credentials."
5,bachelor s degree agriculture environmental science related field,f811f6d7-4d7e-433b-ab1e-294cb03812c2,Sustainable Agriculture Manager,Environment & Sustainability,2026-07-29T03:15:42.825837+00:00,"Bachelor's degree in agriculture, environmental science, or related field preferred; certifications in sustainable farming practices and soil management are valuable."
5,bachelor s degree agriculture environmental science related field,fc504a27-e6e6-44a0-b943-0479b136ebea,Sustainable Agriculture Advisor,Environment & Sustainability,2026-04-22T02:52:31.660242+00:00,"Bachelor's degree in agriculture, environmental science, or related field preferred; certifications in sustainable farming practices strengthen candidacy."
5,bachelor s degree finance accounting business required positions,6dff8335-12f6-4026-8415-b41ad77cc579,Debt Analyst,Fashion & Beauty,2026-04-22T02:52:34.616352+00:00,"A bachelor's degree in finance, accounting, or business is typically required; many positions prefer or require professional certifications like CFA or CCDA."
5,bachelor s degree finance accounting business required positions,80798b25-5652-416d-974c-8f9c1afbbbab,Securities Compliance Examiner,Business & Finance,2026-04-22T02:52:31.845128+00:00,"Bachelor's degree in finance, accounting, or business required; most positions require passing the Series 7 and/or Series 63 exams and relevant compliance certifications."
5,bachelor s degree finance accounting business required positions,a1a66f50-1036-4ea6-bbca-3f7382c31ad4,Corporate Finance Manager,Business & Finance,2026-04-22T02:52:34.239097+00:00,"A bachelor's degree in finance, accounting, or business is typically required; many positions prefer an MBA or CFA certification for advancement."
5,bachelor s degree finance accounting business required positions,d87a934f-5ab9-4a47-9775-2fb0d74fe3e7,Acquisition Finance Manager,Business & Finance,2026-06-30T04:08:05.256833+00:00,"Bachelor's degree in finance, accounting, or business required; many positions prefer MBA or CFA certification and 2-3 years of finance experience."
5,bachelor s degree finance accounting business required positions,e136cee6-e119-4754-81d2-627f80a69280,Pension Fund Administrator,Business & Finance,2026-06-13T02:15:03.729229+00:00,"Bachelor's degree in finance, accounting, or business required; many positions require CPA or pension administration certification (e.g., ASPPA credential)."
5,bachelor s degree business environmental science related field,6e581694-5035-4537-8746-f5070a74f97e,Ethical Fashion Auditor,Fashion & Beauty,2026-06-30T04:08:38.065361+00:00,"Bachelor's degree in business, environmental science, or related field preferred; certifications in audit standards (SA8000, ISO) and supply chain ethics are valuable."
5,bachelor s degree business environmental science related field,97c6d8e0-0b51-4117-9e35-fe883e08b09b,Renewable Energy Sales Manager,Environment & Sustainability,2026-06-22T02:45:01.422495+00:00,"Bachelor's degree in business, environmental science, or related field preferred; sales certifications and knowledge of renewable energy systems are valuable."
5,bachelor s degree business environmental science related field,9f8546cc-5ba9-4e1d-9581-ffb27f494979,Sustainability Consultant Entrepreneur,Entrepreneurship,2026-06-02T02:37:34.150714+00:00,"Bachelor's degree in business, environmental science, or related field helpful but not required; entrepreneurship certifications and sustainability credentials strengthen prospects."
5,bachelor s degree business environmental science related field,b6f60fa6-28ce-4031-9ff0-506d8c5ae668,Sustainability Startup Advisor,Environment & Sustainability,2026-04-22T02:52:32.905098+00:00,"Bachelor's degree in business, environmental science, or related field preferred; startup experience or business certification (like lean startup methodology) and domain expertise in sustainability highly valued."
5,bachelor s degree business environmental science related field,ed69b938-839d-4491-958b-7e7640758fec,Sustainable Supply Chain Auditor,Environment & Sustainability,2026-08-12T02:28:03.494339+00:00,"Bachelor's degree in business, environmental science, or related field preferred; certifications like ISO 14001 or SA8000 auditor training are valuable for advancement."
5,bachelor s degree supply chain management environmental science,9f3fe032-3a82-4fa2-aa38-dc17cb47c203,Sustainable Supply Chain Manager,Supply Chain & Operations,2026-04-22T02:52:33.477982+00:00,"Bachelor's degree in supply chain management, environmental science, business, or engineering, plus certifications like APICS CSCP or GSCMP are highly valued."
5,bachelor s degree supply chain management environmental science,a0dd0150-8b99-4d4b-bed0-f3dd8579567f,Green Supply Chain Manager,Supply Chain & Operations,2026-04-22T02:52:32.271017+00:00,"Bachelor's degree in supply chain management, environmental science, business, or related field; professional certifications like APICS CSCP or GreenSCOR preferred."
5,bachelor s degree supply chain management environmental science,c6b5328b-3f72-46d9-9a51-0c8cecbbaf28,Regenerative Supply Chain Manager,Environment & Sustainability,2026-08-13T02:29:45.321917+00:00,"Bachelor's degree in supply chain management, environmental science, or business preferred; certifications in sustainable supply chain (APICS CSCP or similar) and familiarity with regenerative agriculture/business principles strongly valued."
5,bachelor s degree supply chain management environmental science,e6290f0a-d5af-4f21-a8f1-03c4a3881077,Circular Supply Chain Manager,Supply Chain & Operations,2026-04-22T02:52:32.496342+00:00,"Bachelor's degree in supply chain management, environmental science, or business; certifications in circular economy or logistics (APICS, LEED) are advantageous."
5,bachelor s degree supply chain management environmental science,e90bbb42-b461-480f-ac78-1129e38d1007,Last-Mile Carbon Emissions Coordinator,Supply Chain & Operations,2026-08-15T01:36:23.06455+00:00,"A bachelor's degree in supply chain management, environmental science, or business is preferred; certifications in carbon accounting or logistics optimization strengthen competitiveness."
4,bachelor s degree journalism communications nonprofit management related,009d9f85-84b9-4386-be96-c19106168abd,Grant Journalist,Media & Journalism,2026-04-25T06:07:36.446723+00:00,"A bachelor's degree in journalism, communications, nonprofit management, or related field is helpful but not always required; strong writing, research, and interviewing skills are essential."
4,bachelor s degree journalism communications nonprofit management related,14a82b96-9956-4274-ac4c-a85d80b47180,Grant Writing Journalist,Media & Journalism,2026-05-07T01:56:52.462028+00:00,"A bachelor's degree in journalism, communications, nonprofit management, or related field is preferred; strong writing skills and familiarity with grant databases like Grants.gov are essential."
4,bachelor s degree journalism communications nonprofit management related,29f1c572-2bc3-4cf6-80f9-0bc113dcabcb,Grant Writer (Journalism),Science & Research,2026-04-22T02:52:33.295118+00:00,"A bachelor's degree in journalism, communications, nonprofit management, or related field is typically preferred; strong writing skills and experience with grant databases are essential."
4,bachelor s degree journalism communications nonprofit management related,f8fbd398-1891-46af-a74f-c2887298caa0,Grant Writing Specialist (Media),Media & Journalism,2026-07-08T03:24:06.233809+00:00,"A bachelor's degree in journalism, communications, nonprofit management, or related field is preferred; experience in grant writing, media, or fundraising is valuable but can be gained through internships."
4,bachelor s degree finance economics business related field,0106bb1b-fb69-4a51-a288-a1b37f295331,Equity Researcher,Business & Finance,2026-04-22T02:52:29.422718+00:00,"Bachelor's degree in finance, economics, business, or related field; CFA certification (Chartered Financial Analyst) is highly valued."
4,bachelor s degree finance economics business related field,18408074-34a6-4bc7-8573-3f00e9c72e5a,Commodity Trading Analyst,Business & Finance,2026-04-27T07:58:02.130786+00:00,"Bachelor's degree in finance, economics, business, or related field; passing Series 7 or Series 3 licensing exams typically required."
4,bachelor s degree finance economics business related field,446e19bb-c7a8-454b-9411-3a5904f94fcb,Investment Banking Associate,Business & Finance,2026-05-01T01:59:50.225382+00:00,"Bachelor's degree in finance, economics, business, or related field; CFA certification or pursuit of it is highly valued."
4,bachelor s degree finance economics business related field,e7d75bf3-4d70-48c5-b247-af4991dd87d4,Investment Banking Analyst,Fashion & Beauty,2026-04-22T02:52:31.20659+00:00,"Bachelor's degree in Finance, Economics, Business, or related field; CFA or Series 7/63 certifications may be required or pursued after hire."
4,bachelor s degree art history fine arts museum,014b1891-0482-4550-818c-597ed98f1b09,Acquisitions Manager (Art Gallery),Arts & Performance,2026-04-24T06:30:04.880891+00:00,"Bachelor's degree in Art History, Fine Arts, or Museum Studies preferred; strong knowledge of art markets, provenance research, and auction house experience highly valued."
4,bachelor s degree art history fine arts museum,16d8dc48-5dea-481c-8e27-b46219c5d20c,Gallery Curator,Science & Research,2026-04-22T02:52:32.086589+00:00,"Bachelor's degree in art history, fine arts, or museum studies; many positions require internship experience and knowledge of curation, conservation, and exhibition design."
4,bachelor s degree art history fine arts museum,2c9d2f02-8331-482b-9280-2548ddc62793,Curator (Contemporary Art),Arts & Performance,2026-06-10T02:15:37.279779+00:00,"A bachelor's degree in art history, fine arts, museum studies, or related field is typically required, often followed by internships and graduate credentials."
4,bachelor s degree art history fine arts museum,e9ecaf55-13c4-4fed-b373-c32e70ad705f,Gallery Curation Director,Arts & Performance,2026-07-10T03:52:28.406507+00:00,"A bachelor's degree in art history, fine arts, museum studies, or curatorial practice is commonly expected; internships at galleries or museums are valuable entry points."
4,bachelor s degree nonprofit management public administration related,021ea5f4-0e6c-46ee-8253-937d650f5ece,Grant Program Officer,Social Impact & Nonprofit,2026-05-07T01:57:52.484082+00:00,"Bachelor's degree in nonprofit management, public administration, or related field preferred; grant writing certification or experience in fundraising/program evaluation is valuable."
4,bachelor s degree nonprofit management public administration related,14fa81b7-ed94-4dcb-b3b6-9802f800393e,Program Manager (Nonprofits),Gaming & Esports,2026-04-22T02:52:29.646164+00:00,"A bachelor's degree in nonprofit management, public administration, or related field is often preferred, though some entry-level roles accept relevant experience and demonstrated commitment to social causes."
4,bachelor s degree nonprofit management public administration related,356cb092-83a7-401d-bb65-be0c8e4896ce,Program Director,Gaming & Esports,2026-04-22T02:52:31.660242+00:00,"A bachelor's degree in nonprofit management, public administration, or related field is common; some organizations hire with relevant experience and certifications like Certified Association Executive (CAE)."
4,bachelor s degree nonprofit management public administration related,f9b98bb5-596f-41f7-98bf-2b8b23808faa,Grant Research Specialist,Social Impact & Nonprofit,2026-05-07T01:57:05.670623+00:00,"Bachelor's degree in nonprofit management, public administration, or related field preferred; strong writing skills and familiarity with grant databases like Grants.gov essential."
4,no formal degree required strong communication skills audio,08cb6860-2041-4cb3-83b9-527110f4214e,Podcast Host,Entrepreneurship,2026-04-22T02:52:34.05043+00:00,"No formal degree required; strong communication skills, audio editing software proficiency, and basic podcast production knowledge are essential."
4,no formal degree required strong communication skills audio,29f301ac-992c-4f50-a717-dfefc1b0163e,Podcaster,Science & Research,2026-04-22T02:52:32.271017+00:00,"No formal degree required; strong communication skills, audio editing software knowledge, and a compelling niche topic are essential to build an audience and monetize your podcast."
4,no formal degree required strong communication skills audio,4881c5a0-cf08-4712-8d21-7955cab7cc65,Podcast Host (Professional),Media & Journalism,2026-04-22T02:52:31.392704+00:00,"No formal degree required; strong communication skills, audio editing software knowledge, and a portfolio of episodes are essential to launch professionally."
4,no formal degree required strong communication skills audio,50fb9bd9-76c0-4eb0-8898-05bee93314dd,Podcast Host (Independent),Media & Journalism,2026-05-08T02:05:18.984416+00:00,"No formal degree required; strong communication skills, audio editing software proficiency (Audacity, Adobe Audition), and basic mic/recording equipment are essential."
4,bachelor s degree environmental science sustainability business preferred,096f77f7-d755-434d-874c-75ed247a4e0e,Waste Reduction Coordinator (Corporate),Environment & Sustainability,2026-04-22T02:52:32.905098+00:00,"Bachelor's degree in environmental science, sustainability, or business preferred; certifications like Certified Sustainability Professional (CSP) or Waste & Recycling Associate strengthen credentials."
4,bachelor s degree environmental science sustainability business preferred,5c0f16f6-3a4f-4bcc-8126-d221bf91d5c6,Zero Waste Consultant,Environment & Sustainability,2026-04-22T02:52:30.655222+00:00,"A bachelor's degree in environmental science, sustainability, or business is often preferred; certifications like Zero Waste International Alliance (ZWIA) or Certified Sustainability Professional (CSP) strengthen qualifications."
4,bachelor s degree environmental science sustainability business preferred,ba978cdb-433e-4c97-b40f-9f22180cdc77,Climate Solutions Project Manager,Environment & Sustainability,2026-04-22T02:52:29.206458+00:00,"Bachelor's degree in environmental science, sustainability, or business preferred; project management certification (PMP or equivalent) and knowledge of climate policy or renewable energy systems helpful but not always required."
4,bachelor s degree environmental science sustainability business preferred,f6fce658-7a59-4111-8987-79fc822dd96e,Zero-Waste Program Manager,Gaming & Esports,2026-04-22T02:52:31.20659+00:00,"Bachelor's degree in environmental science, sustainability, or business preferred; certifications in waste management or sustainability practices are valuable but not always required."
4,bachelor s degree environmental science biology ecology related,0a52a95c-f57c-489b-810f-2de2e1df688a,Wetlands Specialist,Environment & Sustainability,2026-04-22T02:52:31.392704+00:00,"Bachelor's degree in environmental science, biology, ecology, or related field; some positions require wetland certification or GIS training."
4,bachelor s degree environmental science biology ecology related,1557afe6-9f89-4415-bb83-832aee27991b,Wetlands Consultant,Environment & Sustainability,2026-05-19T02:13:51.403054+00:00,"Bachelor's degree in environmental science, biology, ecology, or related field; many positions prefer or require wetland certification or specialized training in wetland delineation and environmental regulations."
4,bachelor s degree environmental science biology ecology related,917a1f2c-2961-43a7-83b5-24856118fef1,Wetland Scientist,Science & Research,2026-04-22T02:52:30.264317+00:00,"Bachelor's degree in environmental science, biology, ecology, or related field; certifications in wetland delineation and environmental assessment are typically required."
4,bachelor s degree environmental science biology ecology related,c8f399df-9ffd-4ca3-b31d-0086dbe816f5,Field Data Scientist,Science & Research,2026-07-20T03:41:48.25548+00:00,"Bachelor's degree in environmental science, biology, ecology, or related field; some positions require GIS certification or programming skills in Python/R."
4,bachelor s degree chemistry related field required positions,0c3d356f-a33b-4bb1-ad4f-c132c3286f36,Research Chemist,Science & Research,2026-07-22T03:19:00.43202+00:00,Bachelor's degree in chemistry or related field required; many positions prefer a master's degree or PhD for advancement and independent research roles.
4,bachelor s degree chemistry related field required positions,3411325f-2d3b-48fd-8e0e-02217679f6a8,Analytical Chemist,Environment & Sustainability,2026-04-22T02:52:31.660242+00:00,A bachelor's degree in chemistry or related field is typically required; some positions prefer a master's degree or experience with analytical instruments.
4,bachelor s degree chemistry related field required positions,d7c5a10c-2501-4bd8-9f44-33d406248a19,Chemist,Healthcare & Medicine,2026-04-22T02:52:32.496342+00:00,A bachelor's degree in chemistry or related field is typically required; some positions may require a master's degree or PhD depending on specialization and advancement goals.
4,bachelor s degree chemistry related field required positions,de7bfe85-416c-4cf8-b5ef-95b17c3dc42c,Organic Chemist,Healthcare & Medicine,2026-04-22T02:52:31.392704+00:00,Bachelor's degree in Chemistry or related field required; many positions prefer or require a Master's degree or PhD for advancement into independent research roles.
4,no formal degree required but business management experience,0d66f43b-3a92-4980-ab00-1c6d437f15e0,Coffee Shop Owner,Entrepreneurship,2026-07-21T03:20:10.133725+00:00,"No formal degree required, but business management experience, food safety certification, and financial literacy are essential for success."
4,no formal degree required but business management experience,296bccf8-7a9f-4443-bbf8-0cde0cf33d20,Comedy Club Owner,Arts & Performance,2026-06-06T02:06:53.330674+00:00,"No formal degree required, but business management experience, entertainment industry knowledge, and strong networking skills are essential; some owners pursue business or arts administration training."
4,no formal degree required but business management experience,bac095a8-8ca4-448d-96e2-6a36919915e4,Coffee Shop Franchise Owner,Entrepreneurship,2026-05-24T02:10:32.845446+00:00,"No formal degree required, but business management experience, food service knowledge, and startup capital are essential; certifications in food safety and business accounting are helpful."
4,no formal degree required but business management experience,d732147c-8d2c-4980-b32b-d7c421957f17,Tanning Salon Owner,Entrepreneurship,2026-04-22T02:52:33.477982+00:00,"No formal degree required, but business management experience, knowledge of tanning equipment operation, health/safety regulations, and often state cosmetology or tanning certification are essential."
4,juris doctor j d degree bar admission required,0ddc9066-979c-4fa7-84e7-220ce828da3f,Environmental Attorney,Environment & Sustainability,2026-04-22T02:52:30.264317+00:00,"Juris Doctor (J.D.) degree and bar admission required; additional certifications in environmental law, administrative law, or related specializations recommended."
4,juris doctor j d degree bar admission required,14237423-06a9-4c6d-9f01-ea0d249d9655,Nonprofit Legal Director,Law & Government,2026-07-07T03:57:36.052463+00:00,Juris Doctor (J.D.) degree and bar admission required; experience in nonprofit law or public interest work strongly preferred.
4,juris doctor j d degree bar admission required,dfe3cbf6-cb27-47ab-8366-f76a4ed7137b,Cyber Law Specialist,Law & Government,2026-06-04T02:41:27.623377+00:00,A Juris Doctor (J.D.) degree and bar admission are required; additional certification in cybersecurity or tech law is highly beneficial.
4,juris doctor j d degree bar admission required,f62afb09-f6dd-4a1a-82a0-deaa8f757697,Blockchain Regulation Counsel,Law & Government,2026-08-12T02:27:34.9105+00:00,"Juris Doctor (J.D.) degree and bar admission required; additional certifications in blockchain technology, cryptocurrency, or fintech compliance highly valued."
4,bachelor s degree physics minimum master s phd,0f4714e5-e12a-4b6a-8b99-3cf6a916e796,Physicist (Research),Science & Research,2026-05-06T01:53:42.243931+00:00,"Bachelor's degree in Physics minimum; Master's or PhD typically required for research positions, plus strong foundation in mathematics and laboratory techniques."
4,bachelor s degree physics minimum master s phd,19fddce2-ec72-4cb6-92a2-adf1633118ea,Physics Researcher,Science & Research,2026-04-22T02:52:33.86077+00:00,"Bachelor's degree in physics minimum; master's or PhD typically required for research positions, plus strong foundation in mathematics and computer programming."
4,bachelor s degree physics minimum master s phd,8d95e6e0-438e-4dbc-af2f-e1b4b5f81e18,Experimental Physicist,Science & Research,2026-05-14T02:11:57.533071+00:00,"Bachelor's degree in physics minimum; Master's or PhD typically required for research positions, plus strong foundation in mathematics, programming, and laboratory techniques."
4,bachelor s degree physics minimum master s phd,c0410a07-dafc-47ec-80bf-6df69518bf46,Quantum Physicist,Science & Research,2026-04-22T02:52:29.422718+00:00,"Bachelor's degree in physics minimum (Master's or PhD preferred); strong foundation in mathematics, quantum mechanics, and experimental methods; research experience through internships or academic programs."
4,bachelor s degree accounting finance required cpa certification,0fab5c53-ac9b-4584-86c1-3a1c420c4088,Nonprofit Accountant,Social Impact & Nonprofit,2026-04-22T02:52:31.845128+00:00,A bachelor's degree in accounting or finance is typically required; CPA certification (Certified Public Accountant) is often preferred and requires passing the CPA exam.
4,bachelor s degree accounting finance required cpa certification,30d76b4a-ac2c-4397-ab1c-51aa69d8c9cf,Corporate Accountant,Business & Finance,2026-04-22T02:52:33.087307+00:00,Bachelor's degree in accounting or finance required; CPA certification (Certified Public Accountant) typically needed for advancement and requires passing the CPA exam.
4,bachelor s degree accounting finance required cpa certification,59d6b654-0d68-4433-8d2c-3ef77ce53e27,Corporate Controller,Business & Finance,2026-04-22T02:52:31.392704+00:00,"Bachelor's degree in accounting or finance required, with CPA certification and typically 5+ years of accounting experience needed for controller positions."
4,bachelor s degree accounting finance required cpa certification,6a9eae07-158c-48e6-8405-8b83b7ff4c4a,Small Business Accountant,Entrepreneurship,2026-04-22T02:52:32.905098+00:00,Bachelor's degree in accounting or finance required; CPA certification highly preferred but not always mandatory for entry-level positions.
4,bachelor s degree clinical laboratory science related field,0fbcacdc-c297-4fa6-8ff2-e514c0c30ff7,Clinical Laboratory Director,Supply Chain & Operations,2026-04-22T02:52:30.655222+00:00,"Bachelor's degree in clinical laboratory science or related field, state licensure/certification as a Clinical Laboratory Scientist (CLS), and several years of hands-on laboratory experience before advancing to director role."
4,bachelor s degree clinical laboratory science related field,2a4ddd63-f191-4fba-a2bc-0bc3f635248d,Clinical Lab Director,Healthcare & Medicine,2026-05-03T01:52:03.719843+00:00,"Bachelor's degree in clinical laboratory science or related field, plus state licensure (CLT or MT) and typically 5+ years of lab experience before advancing to director level."
4,bachelor s degree clinical laboratory science related field,7bf2c4f3-10dc-4076-bcd1-0f1c69a1bc81,Hospital Lab Manager,Healthcare & Medicine,2026-05-04T01:52:48.469021+00:00,"Bachelor's degree in clinical laboratory science or related field, plus certification (CLT or MT) and 2-5 years of hands-on lab experience before moving into management."
4,bachelor s degree clinical laboratory science related field,ef3e745e-a01f-4b5b-abee-c2a734d4aa5b,Medical Laboratory Director,Science & Research,2026-05-18T02:14:43.820012+00:00,"Bachelor's degree in clinical laboratory science or related field, plus certification (ASCP or equivalent) and typically 5+ years of lab experience before advancing to director level."
4,bachelor s degree nonprofit management communications related field,14904cbd-154c-4285-b8a3-f9d4c4d62cc9,Fundraising Director,Social Impact & Nonprofit,2026-08-11T02:06:28.075479+00:00,"A bachelor's degree in nonprofit management, communications, or related field is preferred; fundraising certifications like CFRE are valuable but not always required for entry-level roles."
4,bachelor s degree nonprofit management communications related field,38d63b7f-26f9-4956-a619-685c1081eba0,Development Officer,Gaming & Esports,2026-04-22T02:52:31.392704+00:00,"Bachelor's degree in nonprofit management, communications, or related field preferred; strong writing skills and fundraising experience or training essential."
4,bachelor s degree nonprofit management communications related field,78d5ebde-87ff-4961-a9ee-e2b5ce5da5f7,Volunteer Manager,Social Impact & Nonprofit,2026-04-22T02:52:33.675655+00:00,"A bachelor's degree in nonprofit management, communications, or related field is preferred but not always required; relevant volunteer or administrative experience can substitute."
4,bachelor s degree nonprofit management communications related field,b07593ff-1689-4dbb-a3f6-bceea487905c,Social Justice Fundraiser,Social Impact & Nonprofit,2026-04-28T07:58:46.880122+00:00,"Bachelor's degree in nonprofit management, communications, or related field preferred but not required; certifications in grant writing or fundraising strategy are valuable."
4,bachelor s degree biology biochemistry related field required,157d1808-ecd4-49fd-9ae3-00227658a088,Stem Cell Researcher,Science & Research,2026-04-30T01:59:33.998915+00:00,"A bachelor's degree in biology, biochemistry, or related field is required; most positions require a master's degree or PhD in stem cell biology, molecular biology, or biomedical science."
4,bachelor s degree biology biochemistry related field required,658d6e5a-f661-478b-9217-6d96549ed39b,Biotech Research Spinoff Founder,Entrepreneurship,2026-05-15T02:08:16.069703+00:00,"Bachelor's degree in biology, biochemistry, or related field required; advanced degree (MS/PhD) and business/MBA training strongly preferred; regulatory and IP knowledge essential."
4,bachelor s degree biology biochemistry related field required,dfe1a859-c764-4954-9ce3-b86d3a9088b9,Biotechnology Researcher,Healthcare & Medicine,2026-04-22T02:52:34.465719+00:00,"Bachelor's degree in biology, biochemistry, or related field required; master's or PhD preferred for advancement and independent research roles."
4,bachelor s degree biology biochemistry related field required,f012204d-544d-44b2-8736-b95aa184cfaa,Synthetic Biology Researcher,Science & Research,2026-04-22T03:27:41.085139+00:00,"Bachelor's degree in biology, biochemistry, or related field required; advanced positions typically require master's or PhD in synthetic biology, molecular biology, or bioengineering."
4,bachelor s degree robotics mechanical engineering electrical engineering,16cb58c5-0afa-4ea1-bfe2-6694672e9648,Robotics Systems Engineer,Supply Chain & Operations,2026-04-22T02:52:33.087307+00:00,"Bachelor's degree in Robotics, Mechanical Engineering, Electrical Engineering, or Computer Science; certifications in industrial automation or relevant software platforms beneficial."
4,bachelor s degree robotics mechanical engineering electrical engineering,760585f9-e5ed-4273-b71b-829d59c2c52b,Robotics Engineer (Research),Science & Research,2026-07-08T03:23:27.797577+00:00,"Bachelor's degree in robotics, mechanical engineering, electrical engineering, or computer science; advanced roles typically require a master's or PhD and research experience."
4,bachelor s degree robotics mechanical engineering electrical engineering,7bd1aa79-3220-43d4-9bf8-175a16e774b7,Roboticist,Science & Research,2026-04-22T02:52:30.264317+00:00,"Bachelor's degree in robotics, mechanical engineering, electrical engineering, or computer science; advanced positions typically require a master's degree or PhD with certifications in specialized robotics platforms or programming languages."
4,bachelor s degree robotics mechanical engineering electrical engineering,d3c298ab-0c50-4be5-8c87-a5971172027a,Robotics Engineer,Tech & Engineering,2026-04-22T02:52:31.392704+00:00,"Bachelor's degree in Robotics, Mechanical Engineering, Electrical Engineering, or Computer Science; some positions prefer internship experience or certifications in CAD software and programming languages like C++ or Python."
4,bachelor s degree special education related field plus,1720303b-7c2a-414f-87c4-4591f25cacbe,Special Education Resource Teacher,Education & Coaching,2026-06-12T02:34:01.735921+00:00,Bachelor's degree in special education or related field plus state teaching certification and special education endorsement required.
4,bachelor s degree special education related field plus,193c9dcd-dae5-4876-a4cd-aa977e12f695,Special Needs Teacher,Environment & Sustainability,2026-04-22T02:52:31.660242+00:00,Bachelor's degree in special education or related field plus state teaching certification and passing Praxis exams required; many states require master's degree within 5-10 years.
4,bachelor s degree special education related field plus,b9741d9b-5090-4ab4-b917-fd2ceac11e6a,Special Education Teacher (Dyslexia Specialist),Education & Coaching,2026-07-19T03:25:43.038959+00:00,A bachelor's degree in special education or a related field plus state teacher certification and specialized dyslexia training or credentials (such as Orton-Gillingham certification) are required.
4,bachelor s degree special education related field plus,cecad8fb-2d59-4727-a16b-b744a344c6a1,Special Education Coordinator,Education & Coaching,2026-04-22T02:52:30.47108+00:00,Bachelor's degree in special education or related field plus state teaching certification and special education credentials required.
4,bachelor s degree computer science information technology related,176507ed-18d7-4e2b-b8c1-8da647584647,Government Technology Director,Law & Government,2026-06-17T02:41:28.391159+00:00,"A bachelor's degree in computer science, information technology, or related field is typically required, plus several years of IT experience and often security clearance."
4,bachelor s degree computer science information technology related,3784f68f-b8d3-452f-b9db-3282e3606903,Database Designer,Tech & Engineering,2026-08-02T03:30:13.47185+00:00,"Bachelor's degree in computer science, information technology, or related field preferred; SQL, database management systems, and data modeling certifications strengthen candidacy."
4,bachelor s degree computer science information technology related,699e0b78-7ebb-4279-ac3b-2e41b3123941,Database Architect,Tech & Engineering,2026-04-22T02:52:32.680575+00:00,"Bachelor's degree in Computer Science, Information Technology, or related field; certifications such as Oracle Database Associate, Microsoft Certified Solutions Associate, or AWS Solutions Architect are highly valued."
4,bachelor s degree computer science information technology related,99c58209-cc00-4940-a62b-ac89ff737a1b,Systems Architect,Tech & Engineering,2026-04-22T02:52:30.082186+00:00,"Bachelor's degree in Computer Science, Information Technology, or related field; certifications such as TOGAF, AWS Solutions Architect, or Azure Solutions Architect are highly valued."
4,bachelor s degree education international relations related field,1858159c-885d-4001-ac30-2d682d9390c9,Student Visa Immigration Counselor,Education & Coaching,2026-08-04T03:15:23.97221+00:00,"Bachelor's degree in education, international relations, or related field; knowledge of immigration law and student visa regulations is essential, often gained through certification programs or on-the-job training."
4,bachelor s degree education international relations related field,d7845392-4cb9-408f-997c-f6c90a80b70a,International Education Coordinator,Education & Coaching,2026-08-02T03:29:24.629715+00:00,"Bachelor's degree in education, international relations, or related field preferred; fluency in a second language and study abroad experience are highly valuable."
4,bachelor s degree education international relations related field,e306a29d-e82b-4337-8bec-071433f2f513,Study Abroad Program Coordinator,Education & Coaching,2026-08-09T02:07:03.998023+00:00,"Bachelor's degree in education, international relations, or related field preferred; experience with student advising, program management, or international education is valuable."
4,bachelor s degree education international relations related field,fd85a005-2910-4883-99c1-d66da9e13bb6,Study Abroad Coordinator,Hospitality & Events,2026-04-22T02:52:33.675655+00:00,"Bachelor's degree in education, international relations, or related field; certifications in TESOL or international student advising are beneficial but not always required."
4,bachelor s degree required positions require master s,18a831e4-5f71-45d6-ae42-0bcdfd2bfc14,Medical Scientist,Healthcare & Medicine,2026-04-22T02:52:30.082186+00:00,"Bachelor's degree required; most positions require a Master's or PhD in biology, chemistry, or a related life science field, plus relevant lab experience."
4,bachelor s degree required positions require master s,3247bf29-b327-4672-95dd-7fd252d2549c,Diplomat,Law & Government,2026-05-01T02:00:29.265554+00:00,"Bachelor's degree required; most positions require a master's in international relations, political science, or foreign affairs, plus fluency in multiple languages."
4,bachelor s degree required positions require master s,87aa195e-63c0-4f54-8e62-10a0f0be46f4,Genetic Testing Counselor,Supply Chain & Operations,2026-04-22T02:52:34.616352+00:00,Bachelor's degree required; most positions require a master's degree in genetic counseling plus ABGC certification.
4,bachelor s degree required positions require master s,d2409261-2f9e-4cae-a0b2-8dfaced3dd5a,University Dean of Admissions,Education & Coaching,2026-07-17T03:17:00.623296+00:00,"Bachelor's degree required; most positions require a master's degree in higher education, education administration, or related field, plus 3-5 years of experience in admissions or student services."
4,bachelor s degree materials science chemical engineering environmental,1a4f0804-8973-43da-85b1-61e42ff3fd98,Sustainable Materials Engineer,Environment & Sustainability,2026-04-29T02:00:33.05942+00:00,"Bachelor's degree in materials science, chemical engineering, or environmental engineering; some positions prefer internship experience in sustainable product development or materials testing."
4,bachelor s degree materials science chemical engineering environmental,26629b25-7133-4d6e-8516-07a7a93d534d,Plastic Innovation Engineer,Environment & Sustainability,2026-06-08T02:37:32.401098+00:00,"Bachelor's degree in Materials Science, Chemical Engineering, or Environmental Engineering; some positions may require certifications in sustainable materials or polymer science."
4,bachelor s degree materials science chemical engineering environmental,336591c1-7f53-4d1b-bf8f-e9068404f7de,Biodegradable Materials Engineer,Environment & Sustainability,2026-08-12T02:28:06.304028+00:00,"Bachelor's degree in materials science, chemical engineering, or environmental engineering; internships in materials testing or sustainability labs strongly preferred."
4,bachelor s degree materials science chemical engineering environmental,defd6af0-5493-43c1-bd82-23752f75132a,Sustainable Packaging Developer,Environment & Sustainability,2026-06-10T02:16:22.546915+00:00,"Bachelor's degree in materials science, chemical engineering, or environmental science; certifications in sustainable design or materials engineering are beneficial."
4,bachelor s degree required positions prefer master s,1a702049-61e7-49a0-b635-03a81d19b434,Higher Education Career Counselor,Education & Coaching,2026-04-27T08:00:25.279315+00:00,"Bachelor's degree required; most positions prefer a master's in counseling, higher education administration, or career development; some states require licensure as a professional counselor."
4,bachelor s degree required positions prefer master s,5dbcbe2d-5f53-424d-9a7b-f88990be50b7,University Admissions Director,Education & Coaching,2026-04-22T02:52:33.477982+00:00,"Bachelor's degree required; most positions prefer master's degree in Higher Education Administration or related field, plus 2-3 years of admissions or student services experience."
4,bachelor s degree required positions prefer master s,82342794-4e03-45a1-a25f-c51f24eb5249,Higher Education Counselor,Education & Coaching,2026-05-18T02:13:54.581204+00:00,"Bachelor's degree required; most positions prefer a master's in higher education, college counseling, or related field, plus experience in student advising or admissions."
4,bachelor s degree required positions prefer master s,e647d8e7-23d0-4269-a2fe-03089f29210e,Academic Advisor (College),Education & Coaching,2026-07-03T03:49:00.231773+00:00,"Bachelor's degree required; many positions prefer master's degree in higher education, counseling, or student affairs; some colleges require certification or training in academic advising."
4,bachelor s degree nonprofit management business communications related,1ca392e2-e4cc-4fdd-a289-c714ed51e1af,Nonprofit Development Director,Social Impact & Nonprofit,2026-04-22T02:52:32.496342+00:00,"Bachelor's degree in nonprofit management, business, communications, or related field preferred; fundraising certifications (CFRE) and grant-writing experience strengthen candidacy."
4,bachelor s degree nonprofit management business communications related,262e5a73-5a19-4405-9f3c-5d1bcddb842d,Development Officer (Major Gifts),Social Impact & Nonprofit,2026-04-22T02:52:32.680575+00:00,"A bachelor's degree in nonprofit management, business, communications, or related field is preferred; professional fundraising certification (like CFRE) strengthens candidacy but is not always required."
4,bachelor s degree nonprofit management business communications related,2c34f341-f0f8-4891-93d9-7116b320afb9,Nonprofit Fundraising Consultant,Social Impact & Nonprofit,2026-04-27T07:59:20.135899+00:00,"A bachelor's degree in nonprofit management, business, communications, or related field is preferred; professional certifications like CFRE (Certified Fundraising Executive) strengthen credentials."
4,bachelor s degree nonprofit management business communications related,300cb7d5-9ff5-46e6-b3f1-a2512b0546b5,Nonprofit Development Consultant,Social Impact & Nonprofit,2026-07-30T02:48:59.518629+00:00,"A bachelor's degree in nonprofit management, business, communications, or related field is typical; relevant internships and certifications like Certified Fund Raising Executive (CFRE) strengthen candidacy."
4,high school diploma associate degree preferred certifications event,1f094529-5341-41f1-b8ec-e94566b79ec4,Event Production Coordinator,Hospitality & Events,2026-04-27T08:01:25.963639+00:00,High school diploma or associate degree preferred; certifications in event planning or project management are helpful but not required for entry-level roles.
4,high school diploma associate degree preferred certifications event,480bbaf9-bd6e-4e2b-afb3-ba07f9338f22,Event Logistics Coordinator,Hospitality & Events,2026-04-22T02:52:29.422718+00:00,"High school diploma or associate degree preferred; certifications in event management (ISES or CMP) strengthen prospects, though experience often substitutes for formal credentials."
4,high school diploma associate degree preferred certifications event,65e95649-2d32-4eeb-841e-9b12beba8e09,Culinary Event Planner,Supply Chain & Operations,2026-04-22T02:52:29.422718+00:00,High school diploma or associate degree preferred; certifications in event planning or culinary arts helpful but not required; internship or assistant roles provide strong entry pathways.
4,high school diploma associate degree preferred certifications event,cacfd9f9-4173-43c8-882a-e8520b10866e,Corporate Event Designer,Marketing & Communications,2026-04-22T02:52:32.680575+00:00,"High school diploma or associate degree preferred; certifications in event planning or hospitality management strengthen candidacy, though many break in with internships and portfolio work."
4,bachelor s degree education subject area plus state,202bd1f3-b1ab-4d3b-89fc-51d0aba5606e,Gifted Program Teacher,Education & Coaching,2026-05-05T01:54:25.682036+00:00,Bachelor's degree in education or subject area plus state teacher certification; many programs prefer or require a Master's in Gifted Education or related field.
4,bachelor s degree education subject area plus state,66e97033-37a3-4a37-842c-f5320b93b5b5,High School Teacher,Education & Coaching,2026-04-22T02:52:31.845128+00:00,Bachelor's degree in education or subject area plus state teaching certification/license required; most states require passing content and pedagogy exams.
4,bachelor s degree education subject area plus state,76383bd0-4911-42d3-9b4b-592a75de3dc7,Middle School Teacher,Education & Coaching,2026-07-21T03:20:59.445562+00:00,Bachelor's degree in education or subject area plus state teacher certification/licensure required; some states require passing Praxis exams.
4,bachelor s degree education subject area plus state,7d4f0977-fd90-4d2c-8c30-e1c0274b8465,Gifted Education Teacher,Education & Coaching,2026-06-07T02:33:43.661575+00:00,Bachelor's degree in education or subject area plus state teaching certification; many states require specialized gifted education endorsement or certification.
4,bachelor s degree biology chemistry life sciences required,22b8ac61-dcd2-41ea-ba3f-8e645e020696,Clinical Researcher,Healthcare & Medicine,2026-04-22T02:52:30.47108+00:00,"Bachelor's degree in biology, chemistry, or life sciences required; most positions require a master's degree or PhD, plus knowledge of research methodology and statistical analysis."
4,bachelor s degree biology chemistry life sciences required,474b8d22-6e16-4290-85e8-b38c2d1f3902,Clinical Trial Scientist,Science & Research,2026-08-02T03:30:53.886044+00:00,"Bachelor's degree in biology, chemistry, or life sciences required; many positions prefer or require a Master's degree or certification in clinical research."
4,bachelor s degree biology chemistry life sciences required,b3370223-df60-4fd5-9d1a-aebc84849b29,Research Hospital Scientist,Science & Research,2026-05-04T01:53:13.992048+00:00,"A bachelor's degree in biology, chemistry, or life sciences is required; most positions prefer a master's degree or PhD, plus coursework in research methods and lab certifications."
4,bachelor s degree biology chemistry life sciences required,f7e783ba-29cc-4720-92c5-fe20031ce6b7,Biotech Clinical Trial Startup Founder,Entrepreneurship,2026-05-14T02:10:46.228855+00:00,"Bachelor's degree in biology, chemistry, or life sciences required; advanced degree (MS/PhD) and understanding of FDA clinical trial regulations strongly preferred."
4,bachelor s degree education counseling related field preferred,25dd4e24-3d74-45c3-92f0-6b66cbc05b73,Career Readiness Coordinator,Education & Coaching,2026-06-16T02:45:21.507574+00:00,"Bachelor's degree in education, counseling, or related field preferred; some positions accept high school diploma with relevant experience and certifications like National Career Development Association (NCDA) credentials."
4,bachelor s degree education counseling related field preferred,2f9ffcec-a067-49d8-a88a-412657d11be7,Higher Education Career Coach,Education & Coaching,2026-07-30T02:48:36.413467+00:00,"A bachelor's degree in education, counseling, or related field is preferred; certifications in career coaching or educational counseling strengthen credentials."
4,bachelor s degree education counseling related field preferred,726d4773-9c07-49b0-a7aa-307d5688ffa2,Career Readiness Instructor,Education & Coaching,2026-06-16T02:46:26.555775+00:00,"Bachelor's degree in education, counseling, or related field preferred; certifications in career coaching or workforce development are valuable but not always required."
4,bachelor s degree education counseling related field preferred,9a267961-bd9a-4a3f-89cb-49be9a3b6e6a,College Retention Specialist,Education & Coaching,2026-06-20T02:16:07.54877+00:00,"Bachelor's degree in education, counseling, or related field preferred; some positions accept associate degrees with relevant experience or certification in student advising."
4,bachelor s degree finance computer science related field,273ec1b3-84ae-48e1-8c54-822ff43080e0,Decentralized Finance (DeFi) Operations Manager,Business & Finance,2026-08-15T01:36:36.147325+00:00,"Bachelor's degree in finance, computer science, or related field, plus hands-on experience with blockchain platforms, smart contracts, and DeFi protocols; certifications in blockchain or financial operations are advantageous."
4,bachelor s degree finance computer science related field,5bdbb563-df1a-406e-b1f8-cc3cc876c474,Digital Assets Custody Officer,Business & Finance,2026-08-13T02:27:39.987607+00:00,"Bachelor's degree in finance, computer science, or related field plus blockchain certifications (e.g., Certified Blockchain Professional) and 2-3 years in fintech or custody operations required."
4,bachelor s degree finance computer science related field,6daf86b0-8a4d-484f-9618-7377918f5be9,Blockchain Risk Analyst,Cybersecurity,2026-04-22T02:52:29.206458+00:00,"Bachelor's degree in finance, computer science, or related field; certifications such as CFA, CISSP, or blockchain-specific credentials are preferred."
4,bachelor s degree finance computer science related field,d1be22b6-1629-4fe3-bde2-4552d2fc314d,Compliance Technology Manager,Law & Government,2026-04-22T02:52:31.660242+00:00,"Bachelor's degree in finance, computer science, or related field; certifications such as CISA, CISSP, or CCPA are typically required or preferred."
4,bachelor s degree chemistry cosmetic chemistry chemical engineering,27e03fc0-3a66-4c6e-8e0b-b80f38299373,Cosmetics Chemist,Fashion & Beauty,2026-04-22T02:52:33.675655+00:00,"Bachelor's degree in chemistry, cosmetic chemistry, or chemical engineering is typically required; some positions may require internship experience or certification in cosmetic formulation."
4,bachelor s degree chemistry cosmetic chemistry chemical engineering,31552ec8-37c9-4bc9-a2ed-4e30d008a1df,Beauty Product Chemist,Fashion & Beauty,2026-04-22T02:52:32.905098+00:00,"A bachelor's degree in chemistry, cosmetic chemistry, or chemical engineering is typically required; some roles prefer internship experience or certifications in cosmetic science."
4,bachelor s degree chemistry cosmetic chemistry chemical engineering,57a44c90-0d6b-4016-bb84-ed1f799a89ff,Grooming Product Developer,Fashion & Beauty,2026-05-23T02:03:05.072656+00:00,"Bachelor's degree in chemistry, cosmetic chemistry, chemical engineering, or related field; some positions prefer internship experience or certification in cosmetic science."
4,bachelor s degree chemistry cosmetic chemistry chemical engineering,de2f269e-d8d1-43e4-b843-492b8b27868a,Beauty Chemist,Fashion & Beauty,2026-04-22T02:52:31.20659+00:00,"A bachelor's degree in chemistry, cosmetic chemistry, or chemical engineering is typically required; some roles prefer an advanced degree or certification in cosmetic formulation."
4,no formal degree required business acumen digital marketing,2983a629-3cd7-4d3e-aa0b-2c41c59afcb7,Direct-to-Consumer (DTC) Brand Owner,Marketing & Communications,2026-04-22T02:52:33.087307+00:00,"No formal degree required; business acumen, digital marketing knowledge, and product expertise are gained through experience, online courses, or self-study."
4,no formal degree required business acumen digital marketing,30b6f9b5-710b-49ce-aaa4-dae087a967cd,Luxury Goods E-Commerce Founder,Entrepreneurship,2026-07-11T03:17:48.375965+00:00,"No formal degree required; business acumen, digital marketing skills, and understanding of e-commerce platforms are essential for success."
4,no formal degree required business acumen digital marketing,50949a85-2e92-4e8e-a505-7706ec03610b,Direct-to-Consumer Brand Founder,Marketing & Communications,2026-04-22T02:52:34.465719+00:00,"No formal degree required; business acumen, digital marketing skills, and product knowledge are essential; consider courses in e-commerce, branding, and financial management."
4,no formal degree required business acumen digital marketing,6ee48f51-6d4d-4e0d-8d93-426c6918dfa5,Creator Economy Agency Owner,Entrepreneurship,2026-08-06T03:13:44.025539+00:00,"No formal degree required; business acumen, digital marketing knowledge, and a strong portfolio of creator relationships or successful campaigns are essential."
4,high school diploma minimum associate bachelor s degree,2a8b3c3a-fe5c-4213-9648-a648f92e6df8,Quality Control Analyst (STEM),Supply Chain & Operations,2026-04-22T02:52:32.086589+00:00,"High school diploma minimum; associate or bachelor's degree in science, engineering, or related field preferred; certifications in ISO standards or quality management are advantageous."
4,high school diploma minimum associate bachelor s degree,31c3bf77-4380-4615-bcb7-e451c22c2a6a,Sound Recording Technician,Arts & Performance,2026-04-22T02:52:29.422718+00:00,"High school diploma minimum; associate or bachelor's degree in audio engineering, sound production, or related field preferred; hands-on experience with recording software and equipment essential."
4,high school diploma minimum associate bachelor s degree,35a4cdca-133b-4850-827d-859f4bb9d5fa,Theme Park Operations Manager,Supply Chain & Operations,2026-04-22T02:52:31.20659+00:00,"High school diploma minimum; associate or bachelor's degree in hospitality management, business, or related field preferred; certifications in safety management and CPR/First Aid required or obtained on the job."
4,high school diploma minimum associate bachelor s degree,97b608fa-7078-4ab2-9d46-ea2623731c50,Interior Material Specialist,Design & Creative,2026-07-28T02:55:48.192576+00:00,"High school diploma minimum; associate or bachelor's degree in interior design, fashion merchandising, or materials science preferred; industry certifications in textiles or sustainable materials are advantageous."
4,bachelor s degree environmental science sustainability business helpful,3592627c-0744-48a1-976b-794b8effcc3e,Sports Venue Sustainability Manager,Sports & Fitness,2026-08-12T02:28:13.591844+00:00,"A bachelor's degree in environmental science, sustainability, or business is helpful; certifications in LEED, ISO 14001, or sports management can boost credentials."
4,bachelor s degree environmental science sustainability business helpful,594bc14b-af6f-4634-b11c-e2945866604f,Food Waste Reduction Specialist,Environment & Sustainability,2026-08-02T03:29:40.977144+00:00,"Bachelor's degree in environmental science, sustainability, or business helpful but not always required; relevant certifications in waste management or environmental consulting strengthen candidacy."
4,bachelor s degree environmental science sustainability business helpful,69d21eb2-4505-45f7-b142-01223f6ca507,Zero Waste Manager,Environment & Sustainability,2026-04-22T02:52:29.206458+00:00,"A bachelor's degree in environmental science, sustainability, or business is helpful but not always required; relevant certifications like Certified Waste Professional or LEED accreditation boost credentials."
4,bachelor s degree environmental science sustainability business helpful,f9207d8f-5e09-454d-b5c7-6a5bc7f9a13b,Zero Waste Program Manager,Gaming & Esports,2026-04-22T02:52:30.264317+00:00,"A bachelor's degree in environmental science, sustainability, or business is helpful but not always required; certifications in waste management or sustainability (like LEED) strengthen candidacy."
4,bachelor s degree graphic design environmental design related,372eb094-7cba-485f-a343-5f7dbaf05986,Environmental Graphic Designer,Marketing & Communications,2026-04-22T02:52:29.422718+00:00,"Bachelor's degree in graphic design, environmental design, or related field; proficiency in design software like Adobe Creative Suite and CAD programs; knowledge of environmental design principles and wayfinding standards."
4,bachelor s degree graphic design environmental design related,8acb6cc1-4c49-4400-a2e8-a79c52d505e1,Environmental Graphics Designer (Interior),Environment & Sustainability,2026-04-22T02:52:33.087307+00:00,"A bachelor's degree in graphic design, environmental design, or related field is preferred; a strong portfolio demonstrating design skills and spatial understanding is essential, along with proficiency in design software like Adobe Creative Suite and CAD."
4,bachelor s degree graphic design environmental design related,c25d7b0f-3976-4468-bebe-64479a045d4a,Wayfinding Designer,Architecture & Urban Planning,2026-04-22T02:52:33.86077+00:00,"Bachelor's degree in graphic design, environmental design, or related field; certifications in UX/UI design or environmental graphics are beneficial but not always required."
4,bachelor s degree graphic design environmental design related,f269161f-58ef-46bd-85bb-601141ee2641,Environmental Graphic Designer (Museum),Design & Creative,2026-06-22T03:27:25.015046+00:00,"A bachelor's degree in graphic design, environmental design, or related field is common; portfolio and software proficiency (Adobe Creative Suite, CAD) are essential."
4,bachelor s degree engineering computer science related field,3de03062-45ce-46b8-8351-aea5fec49df4,Autonomous Vehicle Safety Validator,Aviation & Transportation,2026-08-12T02:24:08.390145+00:00,"Bachelor's degree in engineering, computer science, or related field preferred; certifications in vehicle testing, safety standards (ISO 26262), or autonomous systems are valuable."
4,bachelor s degree engineering computer science related field,4c4ec1cb-6050-41f1-b9b0-41094810014c,Systems Engineer,Tech & Engineering,2026-05-13T02:07:31.799707+00:00,"Bachelor's degree in engineering, computer science, or related field; some roles require Professional Engineer (PE) certification or relevant technical certifications."
4,bachelor s degree engineering computer science related field,501d7aea-144d-4d95-8e6e-2b327b44d011,Lab Automation Specialist,Science & Research,2026-07-10T03:53:07.82301+00:00,"Bachelor's degree in engineering, computer science, or related field; experience with programming languages (Python, C++) and laboratory equipment is essential."
4,bachelor s degree engineering computer science related field,587ef33b-c329-41d1-b65e-133da20a1bd7,Autonomous Vehicle Safety Specialist,Tech & Engineering,2026-08-07T02:55:17.268398+00:00,"Bachelor's degree in engineering, computer science, or related field preferred; certifications in automotive safety standards (ISO 26262) and autonomous vehicle testing protocols are valuable."
4,high school diploma minimum associate s bachelor s,3e4b445d-1605-4b24-b299-1be3094bbd60,Research Animal Care Specialist,Science & Research,2026-07-10T03:53:05.117646+00:00,"High school diploma minimum; associate's or bachelor's degree in animal science, biology, or zoology preferred; certifications in animal care and lab safety often required."
4,high school diploma minimum associate s bachelor s,835063b8-6896-424f-9429-b4e095f45899,Pharmaceutical Quality Assurance Analyst,Supply Chain & Operations,2026-04-22T02:52:32.086589+00:00,High school diploma minimum (associate's or bachelor's degree preferred); certification in quality assurance or pharmaceutical operations is advantageous.
4,high school diploma minimum associate s bachelor s,9ff4d0ea-7da6-4851-bb7b-cfedc3a684fd,Paralegal (Corporate),Law & Government,2026-07-10T03:52:50.448189+00:00,High school diploma minimum; associate's or bachelor's degree in paralegal studies or related field preferred; some positions require certification (PACE or NALA exams).
4,high school diploma minimum associate s bachelor s,ba3e2d1f-4825-4dfc-a5c6-b66d10396206,Accounts Receivable Manager,Business & Finance,2026-04-22T02:52:33.477982+00:00,High school diploma minimum; associate's or bachelor's degree in accounting/business preferred; some roles require certification like CPA or equivalent experience.
4,bachelor s degree social work related field required,423bde79-4095-4ed5-860b-7b00e24dfcdd,Social Worker (Adult Services),Social Impact & Nonprofit,2026-07-21T03:21:19.311978+00:00,"Bachelor's degree in social work or related field required; licensure (LCSW, MSW) needed for advanced positions depending on state regulations."
4,bachelor s degree social work related field required,686cae86-8151-4baf-bb1f-dfe4c24f9c21,Social Worker (Adult Protective Services),Social Impact & Nonprofit,2026-07-13T03:32:41.753546+00:00,Bachelor's degree in social work or related field required; most states require licensure (LCSW or MSW) with supervised experience and passing exams.
4,bachelor s degree social work related field required,75fd8ea4-0d46-4c6f-a424-9a6b8914e4c1,Social Worker (Community),Social Impact & Nonprofit,2026-06-22T03:27:05.035521+00:00,A bachelor's degree in social work or related field is required; many positions require a master's degree and state licensure (LCSW or LMSW) after supervised experience.
4,bachelor s degree social work related field required,e2384eb2-633b-45fc-bf13-e8d299045cdc,Social Worker (Medical),Social Impact & Nonprofit,2026-07-09T03:52:15.47185+00:00,Bachelor's degree in social work or related field required; most positions require licensure (LCSW) which needs supervised clinical experience and state certification exams.
4,bachelor s degree required positions prefer require master,4328c964-cf96-484c-ad55-492f2a75ac9c,Higher Education Advisor,Education & Coaching,2026-06-04T02:40:57.074374+00:00,"Bachelor's degree required; many positions prefer or require a master's in higher education, counseling, or student affairs, plus certifications like Certified Education Planner (CEP) or similar."
4,bachelor s degree required positions prefer require master,c5af4fa2-d34f-45fc-acf5-8915c1a4ed3c,Career Counselor (Higher Education),Education & Coaching,2026-06-10T02:16:06.740882+00:00,"Bachelor's degree required; most positions prefer or require a master's degree in Higher Education, Counseling, or Student Affairs, plus professional certification (NACADA) is commonly expected."
4,bachelor s degree required positions prefer require master,d7c5a3e6-ad65-449d-b329-5d1290a90bcc,Career Counselor (Higher Ed),Education & Coaching,2026-04-25T06:08:36.05677+00:00,"Bachelor's degree required; most positions prefer or require a master's in Counseling, Higher Education Administration, or Student Affairs, plus certification through NCDA or similar accrediting body."
4,bachelor s degree required positions prefer require master,fee412d9-bfc2-4154-a400-36a2a01b6a72,College Career Counselor,Education & Coaching,2026-04-22T02:52:30.47108+00:00,"Bachelor's degree required; many positions prefer or require a master's degree in counseling, education, or student affairs, plus state certification and training in career assessment tools."
4,bachelor s degree education instructional design subject matter,43827318-2792-420d-b10f-8568053d8760,Curriculum Instruction Designer,Education & Coaching,2026-06-01T02:40:36.920738+00:00,"A bachelor's degree in education, instructional design, or subject-matter specialty is typically preferred; certifications in instructional design (like IDOL or ATD) can strengthen credentials."
4,bachelor s degree education instructional design subject matter,4cb51330-238f-4c63-99e2-2c6504e67c5b,Curriculum Developer,Education & Coaching,2026-04-22T02:52:31.20659+00:00,"A bachelor's degree in education, instructional design, or subject matter expertise is common; certifications in instructional design (IDOL, IDCA) are valued but not always required."
4,bachelor s degree education instructional design subject matter,7f640fec-d64b-4276-85ca-f7a88654799e,Homeschool Curriculum Developer,Education & Coaching,2026-04-22T02:52:32.086589+00:00,"A bachelor's degree in education, instructional design, or subject matter expertise is helpful; certification in curriculum development or instructional design strengthens credentials."
4,bachelor s degree education instructional design subject matter,ee4a7d20-36b7-49f3-a4b3-d3d7628467ee,E-Learning Course Designer,Entrepreneurship,2026-07-17T03:17:35.27594+00:00,"Bachelor's degree in education, instructional design, or subject matter expertise preferred; certifications in instructional design or learning management systems are valuable but not always required."
4,bachelor s degree education psychology related field preferred,4458e3a0-890c-4261-b6b1-46aeb8352b94,Mentorship Program Coordinator,Education & Coaching,2026-05-30T02:02:20.06252+00:00,"Bachelor's degree in education, psychology, or related field preferred; certification in youth mentoring or nonprofit management is a plus but not always required."
4,bachelor s degree education psychology related field preferred,bd48b39d-92f8-4442-adb1-4900191b3e56,Personalized Learning Specialist,Education & Coaching,2026-07-14T02:55:12.096503+00:00,"Bachelor's degree in education, psychology, or related field preferred; certifications in instructional design or learning coaching strengthen candidacy."
4,bachelor s degree education psychology related field preferred,ce4e2e52-c5ea-4e13-a8bc-bd86878e0ce1,Cultural Competency Trainer,Education & Coaching,2026-08-07T02:59:09.743582+00:00,"Bachelor's degree in education, psychology, or related field preferred; professional training certification or coursework in cultural competency, diversity, and inclusion is typically required."
4,bachelor s degree education psychology related field preferred,e2257ab1-f1d4-469d-a2aa-8a139fc9b2a2,Test Development Specialist,Education & Coaching,2026-05-19T02:12:22.596729+00:00,"Bachelor's degree in education, psychology, or related field preferred; knowledge of psychometrics and assessment design is valuable; some roles accept candidates with strong analytical skills and relevant certifications."
4,obtain nationally recognized personal training certification ace nasm,469f8e8f-a675-45b9-b43e-bc0cbce952d8,Personal Fitness Trainer (Adaptive),Sports & Fitness,2026-05-19T02:13:14.498328+00:00,"Obtain a nationally recognized personal training certification (ACE, NASM, ISSA) and additional adaptive/inclusive fitness specialization; CPR/AED certification required."
4,obtain nationally recognized personal training certification ace nasm,8bd9a78d-7631-48c0-a6ae-4d8edf00422f,Personal Trainer Specializing in Senior Fitness,Sports & Fitness,2026-04-22T02:52:30.47108+00:00,"Obtain a nationally recognized personal training certification (ACE, NASM, ISSA) and CPR/AED certification; some positions prefer coursework in exercise science or gerontology."
4,obtain nationally recognized personal training certification ace nasm,b6714741-10d9-4724-a5aa-2f15e4276bbd,Personal Training Studio Owner,Sports & Fitness,2026-04-23T06:29:42.10005+00:00,"Obtain a nationally recognized personal training certification (ACE, NASM, ISSA) and business licensing; CPR/AED certification is typically required."
4,obtain nationally recognized personal training certification ace nasm,e34dbe9e-2907-42df-aec2-6b7c6f98b938,Personal Trainer (Certified),Sports & Fitness,2026-08-04T03:14:56.39582+00:00,"Obtain a nationally recognized personal training certification (ACE, NASM, ISSA, or similar) and CPR/AED certification; some employers prefer high school diploma or equivalent."
4,bachelor s degree finance economics business required mba,47413553-e623-4716-95ac-3070a54a583d,Investment Banker (Healthcare),Business & Finance,2026-04-25T06:08:20.280134+00:00,"Bachelor's degree in finance, economics, or business required; MBA and CFA certification strongly preferred for advancement."
4,bachelor s degree finance economics business required mba,88cca345-14d6-4dca-9398-f81b48331c75,Mergers & Acquisitions Analyst,Business & Finance,2026-04-22T02:52:31.20659+00:00,"Bachelor's degree in finance, economics, or business required; MBA or CFA certification preferred for advancement."
4,bachelor s degree finance economics business required mba,d0c69436-db8e-4f0a-9043-0e943065baf3,Investment Banker (M&A),Business & Finance,2026-04-22T02:52:31.845128+00:00,"Bachelor's degree in finance, economics, or business required; MBA and CFA certification highly valued; internship experience in investment banking essential."
4,bachelor s degree finance economics business required mba,fbdb52bc-9569-42aa-8020-afe3be7d81a3,Alternative Investment Structurer,Business & Finance,2026-08-12T02:26:21.477708+00:00,"Bachelor's degree in finance, economics, or business required; MBA or CFA preferred; strong knowledge of securities regulations and financial modeling essential."
4,bachelor s degree marketing communications journalism related field,47c8f67b-c83a-4b5d-82e1-1c07cdc5db02,Digital Content Strategist,Media & Journalism,2026-05-23T02:03:31.194815+00:00,"A bachelor's degree in marketing, communications, journalism, or related field is common but not always required; digital marketing certifications and a strong portfolio demonstrating content strategy skills can substitute."
4,bachelor s degree marketing communications journalism related field,9d2aed03-05b6-4716-8b2e-d2c50f049b6e,Digital Strategist (News Organization),Media & Journalism,2026-05-26T02:10:50.314862+00:00,"Bachelor's degree in marketing, communications, journalism, or related field preferred; strong proficiency with analytics tools, CMS platforms, and social media management software required."
4,bachelor s degree marketing communications journalism related field,a4d55be4-3022-478b-93f2-d96677f3b355,Digital Strategist,Media & Journalism,2026-07-30T02:48:52.221941+00:00,"A bachelor's degree in marketing, communications, journalism, or related field is preferred; certifications in Google Analytics, social media marketing, or digital marketing platforms are valuable."
4,bachelor s degree marketing communications journalism related field,b5400378-4eb5-4ba6-ac90-982f08897ffd,Content Strategy Manager,Media & Journalism,2026-07-09T03:51:10.211209+00:00,"A bachelor's degree in marketing, communications, journalism, or related field is often preferred; strong portfolio and analytics skills can sometimes substitute for formal credentials."
4,bachelor s degree finance economics related field required,486c8937-aa48-442d-9998-279e3259c044,Equity Research Analyst,Science & Research,2026-04-22T02:52:34.616352+00:00,"Bachelor's degree in finance, economics, or related field required; CFA charter and Series 7/63 licenses typically required or expected."
4,bachelor s degree finance economics related field required,4b57890d-7b25-438c-949f-a9af1e799181,Investment Banker,Science & Research,2026-04-22T02:52:32.680575+00:00,"Bachelor's degree in finance, economics, or related field required; CFA, Series 7, and Series 63 licenses typically needed for advancement."
4,bachelor s degree finance economics related field required,985ffb0e-e617-49c4-b350-c9002f025369,Municipal Bond Trader,Education & Coaching,2026-04-22T02:52:32.496342+00:00,"Bachelor's degree in finance, economics, or related field required; Series 7 and Series 53 (Municipal Securities Principal) licenses mandatory."
4,bachelor s degree finance economics related field required,dcfa7d38-dcf5-4175-b0c1-8d1c755c47a9,Financial Planner (Certified),Business & Finance,2026-06-22T03:22:25.305634+00:00,"Bachelor's degree in finance, economics, or related field required; CFP (Certified Financial Planner) certification demands 3-5 years experience, coursework, and passing exam."
4,degree ux ui design graphic design related field,49121975-3e8e-4358-bdce-0bfd4e2e4eb7,Experience Architect (Digital),Design & Creative,2026-04-28T07:57:15.539546+00:00,"A degree in UX/UI design, graphic design, or related field helps, but strong portfolios and certifications in experience design tools (Figma, Adobe XD) can substitute for formal education."
4,degree ux ui design graphic design related field,91b200b8-ba06-4aa0-81e4-3494cbeb117d,Accessibility Designer,Science & Research,2026-04-22T02:52:31.660242+00:00,"A degree in UX/UI design, graphic design, or related field is helpful; certifications in accessibility standards (WCAG, IAAP) strengthen candidacy."
4,degree ux ui design graphic design related field,9d2b4f64-c8f5-45ea-941e-2364411337b6,Accessibility Design Specialist,Science & Research,2026-04-22T02:52:33.675655+00:00,"A degree in UX/UI design, graphic design, or related field is helpful but not always required; certifications in accessibility standards (WCAG, Section 508) strengthen your candidacy."
4,degree ux ui design graphic design related field,fbbffbab-0222-4254-ad32-6975eebd4343,Experience Designer (Retail),Environment & Sustainability,2026-04-22T02:52:30.47108+00:00,"A degree in UX/UI design, graphic design, or related field is helpful but not always required; strong portfolio demonstrating retail or experience design work is essential."
4,high school diploma associate degree environmental science biology,4ca6ff89-cfe4-4afe-af50-9d0c26fe335c,Marine Debris Analyst,Environment & Sustainability,2026-06-16T02:46:42.281074+00:00,"A high school diploma or associate degree in environmental science, biology, or chemistry is typical; some positions require a bachelor's degree and certifications in marine ecology or environmental sampling."
4,high school diploma associate degree environmental science biology,4d0e9240-b004-4e64-8208-cf2f0d0e0935,Biodiversity Monitoring Technician,Environment & Sustainability,2026-06-15T02:44:01.999955+00:00,"High school diploma or associate degree in environmental science, biology, or ecology; field certification in species identification or data collection methods is often preferred."
4,high school diploma associate degree environmental science biology,be525016-ee7b-4926-8333-b75329ee3570,Wetland Delineator,Environment & Sustainability,2026-04-22T02:52:30.655222+00:00,"A high school diploma or associate degree in environmental science, biology, or ecology is typical; some positions require a bachelor's degree and wetland delineation certification through training courses."
4,high school diploma associate degree environmental science biology,d353f5fc-9f39-4f49-91cb-44aec29f8e10,Conservation Restoration Specialist,Environment & Sustainability,2026-07-15T02:53:35.495135+00:00,"A high school diploma or associate degree in environmental science, biology, or conservation is common; some positions require bachelor's degrees or specialized certifications in ecological restoration or wildlife management."
4,no formal degree required business fundamentals digital marketing,4ddfb825-10e7-401b-9052-a8462542134e,Digital Nomad Agency Founder,Entrepreneurship,2026-05-14T02:10:52.707949+00:00,"No formal degree required; business fundamentals, digital marketing skills, and experience in service-based industries (design, development, marketing) are essential."
4,no formal degree required business fundamentals digital marketing,8e824180-6588-402c-9894-2312dc8086bd,Social Commerce Founder,Entrepreneurship,2026-04-25T06:08:45.949824+00:00,"No formal degree required; business fundamentals, digital marketing knowledge, and platform expertise (Instagram, TikTok, YouTube) are essential, with many founders gaining skills through online courses and hands-on experience."
4,no formal degree required business fundamentals digital marketing,a3772200-87f4-4170-b927-832f057349c2,Health Supplement E-commerce Founder,Entrepreneurship,2026-08-05T02:55:23.715324+00:00,"No formal degree required; business fundamentals, digital marketing knowledge, and understanding of health/supplement regulations (FDA compliance) are essential."
4,no formal degree required business fundamentals digital marketing,bc8ec584-39df-4123-8904-c3f9bb63b694,Direct-to-Consumer Entrepreneur,Marketing & Communications,2026-04-22T02:52:29.856816+00:00,"No formal degree required; business fundamentals, digital marketing skills, and product knowledge are essential and can be learned through online courses, mentorship, or hands-on experience."
4,bachelor s degree museum studies art history related,55728fc7-445d-4224-82e0-7748e5fd74c2,Museum Collection Manager,Arts & Performance,2026-04-22T02:52:32.271017+00:00,"A bachelor's degree in museum studies, art history, or a related field is typically required, often followed by internships and entry-level positions in collections departments."
4,bachelor s degree museum studies art history related,80c298ca-9306-43f0-9c8b-764d75587f74,Museum Collections Manager,Science & Research,2026-04-22T02:52:30.264317+00:00,"Bachelor's degree in museum studies, art history, or related field; internship experience in museum settings is typically expected."
4,bachelor s degree museum studies art history related,b84a90c0-0d5f-4d64-b19d-190f0fa050c8,Museum Registrar,Science & Research,2026-04-22T02:52:34.05043+00:00,"Bachelor's degree in museum studies, art history, or related field; certification through the American Alliance of Museums or similar professional organizations is often preferred."
4,bachelor s degree museum studies art history related,b92645b4-b08f-4ec8-b74b-7d3f2e681261,Collections Manager (Museum),Arts & Performance,2026-08-07T02:57:48.682252+00:00,"Bachelor's degree in museum studies, art history, or related field; internship experience in collections management or conservation preferred."
4,need bachelor s degree law school jd bar,56c1fd27-8750-4e03-9467-2ac1ed3059d7,Mediation Attorney,Law & Government,2026-05-28T02:03:27.688438+00:00,"You need a bachelor's degree, law school (JD), and bar admission in your state; many mediators pursue additional mediation certification or training programs."
4,need bachelor s degree law school jd bar,9ab795f8-1f64-4273-ae6f-53699f6178db,In-House Counsel,Law & Government,2026-06-14T02:39:11.464062+00:00,"You need a bachelor's degree, law school (JD), and bar exam passage; many employers also prefer 3-5 years of legal experience before hiring in-house."
4,need bachelor s degree law school jd bar,b912fc5d-7085-43c7-97d2-d84de58eb0a8,Regulatory Attorney,Social Impact & Nonprofit,2026-04-22T02:52:30.082186+00:00,"You need a bachelor's degree, law school (JD), and bar exam passage in your state; many regulatory attorneys also pursue specialized certifications in their industry focus area."
4,need bachelor s degree law school jd bar,faa40dee-fb63-491e-a1a1-1ede86d7fac4,Bankruptcy Attorney,Law & Government,2026-04-22T02:52:29.856816+00:00,"You need a bachelor's degree, law school (JD), and bar exam passage; bankruptcy specialization comes through additional study and licensing."
4,bachelor s degree environmental science ecology related field,5b7dd00e-38c8-4266-96e9-92355cccf6fe,Environmental Restoration Planner,Gaming & Esports,2026-04-22T02:52:34.465719+00:00,"Bachelor's degree in environmental science, ecology, or related field; certifications in environmental management or restoration ecology preferred."
4,bachelor s degree environmental science ecology related field,90eb2666-542d-4fdb-9d88-a618b4c64517,Ecosystem Restoration Project Manager,Environment & Sustainability,2026-06-28T04:22:34.732768+00:00,"Bachelor's degree in environmental science, ecology, or related field; certifications in project management or restoration ecology are beneficial."
4,bachelor s degree environmental science ecology related field,a9448cfa-c936-463b-a39f-dbcb6804b8ff,Wetland Restoration Specialist,Environment & Sustainability,2026-04-22T02:52:29.646164+00:00,"A bachelor's degree in environmental science, ecology, or related field is common; certifications in wetland assessment (e.g., Certified Wetland Specialist) strengthen credentials."
4,bachelor s degree environmental science ecology related field,bca50f5f-0c60-40ea-a283-d5bf82575d5d,Wetland Mitigation Specialist,Environment & Sustainability,2026-05-21T02:11:44.162939+00:00,"Bachelor's degree in environmental science, ecology, or related field; most positions require field experience and knowledge of wetland regulations like the Clean Water Act."
4,degree computer science software engineering related field helpful,5f665ed9-f265-446a-a49e-7d6ea75ffc58,News Automation Engineer,Media & Journalism,2026-08-13T02:29:14.686078+00:00,"A degree in computer science, software engineering, or related field is helpful but not always required; coding skills in Python, JavaScript, or similar languages and familiarity with APIs and news workflows are essential."
4,degree computer science software engineering related field helpful,9f81d392-1c66-443d-928d-fa3a0f614700,Marketplace Platform Developer,Entrepreneurship,2026-06-01T02:39:12.457541+00:00,"A degree in computer science, software engineering, or related field is helpful but not required if you have a strong portfolio of projects and coding experience."
4,degree computer science software engineering related field helpful,b20c96d6-8178-429d-9295-2e8ed91564d8,Fitness App Developer,Sports & Fitness,2026-04-22T02:52:30.082186+00:00,"A degree in computer science, software engineering, or related field is helpful but not required; strong portfolio of apps, knowledge of iOS/Android development, and understanding of fitness/health domains accelerate entry."
4,degree computer science software engineering related field helpful,cdd84a78-75f4-47f6-8718-c2756beaa17a,iOS App Developer,Science & Research,2026-04-22T02:52:31.845128+00:00,"A degree in computer science, software engineering, or related field is helpful but not always required; building a portfolio of apps and mastering Swift and iOS frameworks is essential."
4,high school diploma equivalent plus hands on experience,6207a784-617a-4422-a68c-f0bfaa9e3716,Live Streaming Production Manager,Gaming & Esports,2026-04-22T02:52:33.86077+00:00,"High school diploma or equivalent plus hands-on experience with streaming software, video equipment, and audio systems; certifications in OBS, Adobe Creative Suite, or production management are advantageous but not always required."
4,high school diploma equivalent plus hands on experience,6adff103-00e7-41bd-92ba-628016ba7edc,Exhibition Installer,Arts & Performance,2026-07-24T03:20:05.407261+00:00,"High school diploma or equivalent plus hands-on experience in carpentry, construction, or art installation; some positions value technical certifications in rigging or installation safety."
4,high school diploma equivalent plus hands on experience,857ecfd6-497c-4cc4-b5dc-18f98199f65e,Livestream Director,Media & Journalism,2026-04-29T02:01:05.774474+00:00,High school diploma or equivalent plus hands-on experience with streaming software and live production equipment; certifications in video production or broadcasting are beneficial but not always required.
4,high school diploma equivalent plus hands on experience,9feb7311-c298-4d7a-87ea-bd83c3a2a5a8,Live Streaming Producer (Performance),Arts & Performance,2026-06-23T04:02:51.448626+00:00,"High school diploma or equivalent plus hands-on experience with streaming software, video production, and live event management; certifications in OBS, Adobe Creative Suite, or streaming platforms are advantageous."
4,bachelor s degree social work public health related,64897c9c-32f9-4087-a8ef-1440c0f69428,Homeless Services Coordinator,Gaming & Esports,2026-04-22T02:52:32.496342+00:00,"A bachelor's degree in social work, public health, or related field is often preferred; relevant experience in nonprofit work or case management can substitute for formal education in some organizations."
4,bachelor s degree social work public health related,68c48d21-ffd4-42e0-bfe0-f6a250087233,Homelessness Prevention Coordinator,Social Impact & Nonprofit,2026-05-25T02:30:49.153228+00:00,"A bachelor's degree in social work, public health, or related field is often preferred; relevant certifications in case management or nonprofit management may strengthen candidacy."
4,bachelor s degree social work public health related,7eb526b0-6194-4cb2-846b-e3e682502237,Refugee Integration Specialist,Social Impact & Nonprofit,2026-06-16T02:47:19.791114+00:00,"Bachelor's degree in social work, public health, or related field preferred; bilingual skills and cultural competency training are valuable but experience working with vulnerable populations can substitute for formal credentials."
4,bachelor s degree social work public health related,87b1c0a7-e03a-4401-9cca-d379348647a8,Housing First Coordinator,Social Impact & Nonprofit,2026-04-23T06:31:42.577687+00:00,"A bachelor's degree in social work, public health, or related field is preferred; some positions accept relevant experience and certifications such as case management credentials."
4,earn juris doctor jd degree pass bar exam,649e02fa-d9cc-4a3e-977b-3205746356c0,Election Protection Attorney,Law & Government,2026-04-22T02:52:29.422718+00:00,"Earn a Juris Doctor (JD) degree, pass the bar exam in your state, and build experience in election law or civil rights litigation."
4,earn juris doctor jd degree pass bar exam,7aece7f1-1a21-49b9-9037-46c5237df0ca,Military Judge Advocate Officer,Law & Government,2026-05-23T02:01:36.443284+00:00,"Earn a Juris Doctor (JD) degree, pass the bar exam, obtain security clearance, and commission as a military officer (typically requires ROTC, OCS, or law school JAG program)."
4,earn juris doctor jd degree pass bar exam,889563cf-8365-44f4-bc1c-c84e6a4b91d8,Admiralty Lawyer (Maritime Law),Law & Government,2026-07-19T03:26:55.390006+00:00,"Earn a Juris Doctor (JD) degree, pass the bar exam in your state, and complete maritime law coursework or specialization through additional study or certification."
4,earn juris doctor jd degree pass bar exam,9baa9c10-2509-4d50-b92c-a1bf585ef90a,Appellate Judge,Supply Chain & Operations,2026-04-22T02:52:33.087307+00:00,"Earn a Juris Doctor (JD) degree, pass the bar exam, practice law for 10+ years, and go through judicial appointment or election processes."
4,bachelor s degree graphic design fine arts related,6aa6ebc6-13d7-4ed6-a894-908d305bfa5d,Brand Identity Designer,Marketing & Communications,2026-04-22T02:52:34.05043+00:00,"Bachelor's degree in Graphic Design, Fine Arts, or related field preferred; professional portfolio and proficiency in design software (Adobe Creative Suite, Figma) essential."
4,bachelor s degree graphic design fine arts related,70314679-c762-4f9d-972a-d5ea2e3fb935,Typeface Designer,Marketing & Communications,2026-04-22T02:52:31.392704+00:00,"Bachelor's degree in graphic design, fine arts, or related field is beneficial; professional portfolio and proficiency in design software such as FontLab, Glyphs, or Adobe Creative Suite are essential."
4,bachelor s degree graphic design fine arts related,a001cbbe-843a-4c20-ab70-6adc50473759,Art Director,Marketing & Communications,2026-04-22T02:52:33.86077+00:00,"A bachelor's degree in graphic design, fine arts, or related field is typical; a strong portfolio demonstrating creative vision and design leadership is essential."
4,bachelor s degree graphic design fine arts related,fc53dc0d-0883-4e8d-aced-70c27a05750b,Graphic Design Director,Marketing & Communications,2026-04-22T02:52:34.05043+00:00,"Bachelor's degree in Graphic Design, Fine Arts, or related field preferred; proficiency in design software (Adobe Creative Suite, Figma) and strong portfolio required."
4,no formal degree required strong foundation business fundamentals,723251cc-c99b-40ad-b55b-8388ca949cef,Niche Subscription Service Founder,Entrepreneurship,2026-05-23T02:01:09.005764+00:00,"No formal degree required; strong foundation in business fundamentals, digital marketing, and your niche domain, with skills developed through courses, bootcamps, or self-teaching."
4,no formal degree required strong foundation business fundamentals,8555b2ae-a81c-423f-bf39-057a7e3fe3c2,SaaS Founder,Entrepreneurship,2026-06-03T02:45:41.410089+00:00,"No formal degree required; strong foundation in business fundamentals, coding or product development, and domain expertise in your chosen market are essential."
4,no formal degree required strong foundation business fundamentals,cfd322ea-bf66-4ed0-ba1a-d19a60febec0,Food Tech Entrepreneur,Entrepreneurship,2026-05-24T02:09:41.570004+00:00,"No formal degree required; strong foundation in business fundamentals, food science or culinary skills, and entrepreneurial experience through internships or side projects recommended."
4,no formal degree required strong foundation business fundamentals,f0863f8a-b881-4d5d-aef7-ad3a17b274de,Niche SaaS Founder,Entrepreneurship,2026-04-22T02:52:30.655222+00:00,"No formal degree required; strong foundation in business fundamentals, coding or technical skills, and understanding of your target market are essential."
4,bachelor s degree social work bsw required positions,7ff238ad-cbc5-44f2-95e1-1ad90fc21514,Social Worker (Elderly Services),Social Impact & Nonprofit,2026-07-16T03:15:39.104619+00:00,Bachelor's degree in social work (BSW) required; most positions require licensure as a Licensed Clinical Social Worker (LCSW) after 2+ years supervised experience and passing the licensing exam.
4,bachelor s degree social work bsw required positions,8310942b-7433-4297-9271-c09895c69bb5,Social Worker (Mental Health),Social Impact & Nonprofit,2026-05-01T02:00:44.661636+00:00,Bachelor's degree in social work (BSW) required; most positions require a Master's degree (MSW) and state licensure (LCSW or similar) after supervised practice hours.
4,bachelor s degree social work bsw required positions,d1328eaf-3a35-4e47-a95d-199f68a20914,Social Worker,Gaming & Esports,2026-04-22T02:52:34.465719+00:00,Bachelor's degree in social work (BSW) required; most positions require a master's degree (MSW) and state licensure; some specializations require additional certifications.
4,bachelor s degree social work bsw required positions,e49258f3-ea83-4180-8ecc-088afd8844ab,Hospital Social Worker,Healthcare & Medicine,2026-04-22T03:24:11.67693+00:00,Bachelor's degree in social work (BSW) required; most positions prefer or require a master's degree (MSW) and licensure as a clinical social worker (LCSW).
4,high school diploma minimum bachelor s degree social,8b27bac1-5b6e-46b6-8400-8f8b53f3fcb2,Community Outreach Coordinator,Gaming & Esports,2026-04-22T02:52:29.422718+00:00,"High school diploma minimum; bachelor's degree in social work, public administration, communications, or related field preferred; strong volunteer or community experience often substitutes for formal credentials."
4,high school diploma minimum bachelor s degree social,98e58476-fe80-46dc-81ac-ab097322e925,Community Advocate,Social Impact & Nonprofit,2026-04-22T03:24:45.571444+00:00,"High school diploma minimum; bachelor's degree in social work, public policy, or related field preferred; certification varies by organization and focus area."
4,high school diploma minimum bachelor s degree social,c5077bc4-198a-4a61-abc6-f316945141ac,Hospice Care Coordinator,Healthcare & Medicine,2026-04-24T06:31:07.419413+00:00,"High school diploma minimum; bachelor's degree in social work, nursing, or related field preferred; some positions require certification as a hospice care coordinator or social worker."
4,high school diploma minimum bachelor s degree social,f804edd5-2ed2-4257-8720-d14e4f7e493e,Child Advocacy Specialist,Social Impact & Nonprofit,2026-07-21T03:20:46.248644+00:00,"High school diploma minimum; bachelor's degree in social work, psychology, or related field preferred; training in trauma-informed care and mandatory reporter protocols required."
4,bachelor s degree athletic training related field plus,8c2923df-835d-49ce-be32-9a07e82787ff,Athletic Trainer (Professional Sports),Sports & Fitness,2026-04-24T06:31:51.099339+00:00,"Bachelor's degree in athletic training or related field, plus Board of Certification (BOC) exam and state licensure or registration."
4,bachelor s degree athletic training related field plus,a989c355-a380-4509-8c5d-e66b3b8a1958,Athletic Trainer (Sports Medicine),Sports & Fitness,2026-04-22T06:25:16.523416+00:00,Bachelor's degree in athletic training or related field plus certification through the Board of Certification (BOC) exam is required.
4,bachelor s degree athletic training related field plus,c607b90c-0f50-42df-a7a4-b780da8c1b85,Athletic Trainer,Sports & Fitness,2026-04-22T02:52:30.264317+00:00,"Bachelor's degree in athletic training or related field, plus certification through the Board of Certification for the Athletic Trainer (BOC) exam and state licensure where required."
4,bachelor s degree athletic training related field plus,f9e75102-d1e8-4138-ab14-b074cc301d39,Athletic Trainer (High School/College),Sports & Fitness,2026-07-02T04:03:40.339701+00:00,Bachelor's degree in athletic training or related field plus passing the Board of Certification (BOC) exam and state licensure required.
4,bachelor s degree finance economics related field plus,9523ed5f-11ba-4b6f-a4dd-b19ad1baea88,Financial Advisor (Retirement Planning),Business & Finance,2026-04-22T03:23:19.593264+00:00,"Bachelor's degree in finance, economics, or related field plus Series 7 and Series 65 licenses; CFP certification (Certified Financial Planner) is highly valued."
4,bachelor s degree finance economics related field plus,9d62a8cb-207c-4cba-80aa-2369663430a3,Financial Advisor (Crypto Assets),Business & Finance,2026-07-30T02:47:27.353855+00:00,"Bachelor's degree in finance, economics, or related field plus relevant crypto certifications (e.g., CAIA, CFP) and deep blockchain knowledge required."
4,bachelor s degree finance economics related field plus,a51111df-526f-46fa-9b5d-d77be8d87e8d,Financial Planning Director,Science & Research,2026-04-22T02:52:31.392704+00:00,"Bachelor's degree in finance, economics, or related field plus CFP (Certified Financial Planner) certification and 3-5 years of financial planning experience required."
4,bachelor s degree finance economics related field plus,efb43ed9-819f-4d9b-85b2-3e8c2d7aad21,Portfolio Manager,Business & Finance,2026-05-22T02:14:26.60717+00:00,"Bachelor's degree in finance, economics, or related field plus Series 7 and Series 65 securities licenses; MBA often preferred for advancement."
4,bachelor s degree materials science chemistry textile engineering,a2f13230-543b-45c8-bbd9-7da2221fca1b,Fabric Innovation Specialist,Fashion & Beauty,2026-06-22T03:27:46.624039+00:00,"Bachelor's degree in materials science, chemistry, textile engineering, or fashion technology; internships or lab experience highly valued."
4,bachelor s degree materials science chemistry textile engineering,a5588686-ad5f-4ee9-a7cf-cef9c03a3ab1,Material Scientist (Textiles),Design & Creative,2026-06-18T02:39:04.551062+00:00,"A bachelor's degree in materials science, chemistry, or textile engineering is typically required, with some positions requiring a master's degree or relevant lab certifications."
4,bachelor s degree materials science chemistry textile engineering,f8840447-dfbc-477a-a7c0-a0778bafcf88,Fabric Scientist,Fashion & Beauty,2026-04-22T02:52:32.086589+00:00,"Bachelor's degree in materials science, chemistry, textile engineering, or related field; some positions may require certifications in textile testing or quality assurance."
4,bachelor s degree materials science chemistry textile engineering,fc26485a-f56f-4d89-9c75-24e7bfca2357,Sustainable Fashion Material Developer,Environment & Sustainability,2026-07-22T03:18:28.386662+00:00,"Bachelor's degree in materials science, chemistry, textile engineering, or environmental science; internships in sustainable fashion or materials R&D are valuable."
