tier,score,id,name,keyword,found_in,primary_industry,secondary_industries,expected_any_of,created_at,description
HIGH,20,46b0fb62-8332-4c03-abf3-dfdd330b1082,Aerospace Supply Chain Risk Analyst,Supply Chain,title,Aviation & Transportation,"Business & Finance,Tech & Engineering",Supply Chain & Operations,2026-08-14T02:23:27.826373+00:00,"You identify and mitigate supply chain risks for aircraft parts and aerospace systems, protecting billion-dollar projects from delays, quality issues, and supplier disruptions."
HIGH,20,47dbe29a-37c0-4a44-88fe-fa6c1742c558,Anesthesiologist Assistant,Anesthesiologist,title,Arts & Performance,"Media & Journalism,Design & Creative,Science & Research",Healthcare & Medicine,2026-04-22T02:52:30.082186+00:00,"You work alongside anesthesiologists to put patients safely to sleep before surgery and monitor them throughout procedures. You adjust medication levels, manage airways, and respond to emergencies in the operating room."
HIGH,20,fb1ec28c-e5f6-4154-aff4-b76d6cdb87ec,Artisanal Bread Baker,Baker,title,Entrepreneurship,"Hospitality & Events,Design & Creative",Food & Culinary,2026-08-07T02:54:59.539218+00:00,"You wake before dawn to mix, knead, and bake artisanal loaves from scratch, building a loyal customer base through farmer's markets, your own storefront, or wholesale partnerships while controlling every aspect of your craft and business."
HIGH,20,3300a681-5c81-4b1b-92b5-dd0ff5b8a611,Baker (Specialty/Artisanal),Baker,title,Hospitality & Events,"Entrepreneurship,Design & Creative",Food & Culinary,2026-08-07T02:55:23.807277+00:00,"You craft small-batch breads, pastries, and desserts by hand, experimenting with heirloom grains and innovative flavors to delight customers and build a loyal following."
HIGH,20,24ee8891-c0c4-4ecf-940b-3a55fe4406b4,Boutique Hotel Owner,Hotel,title,Marketing & Communications,"Business & Finance,Design & Creative,Science & Research",Hospitality & Events,2026-04-22T02:52:33.295118+00:00,"You design and run a unique hotel experience, from curating every detail of the property's aesthetic and service to managing staff, marketing, and finances while creating memorable stays for guests."
HIGH,20,df44f95c-6347-4d66-95b7-9439390a5d37,Brewery Operations Manager,Brewery,title,Entrepreneurship,"Business & Finance,Hospitality & Events",Food & Culinary,2026-08-07T02:56:26.944931+00:00,"You oversee every aspect of brewery production—from fermentation schedules to quality control to team management—ensuring consistent, high-quality beer reaches customers while keeping operations efficient and profitable."
HIGH,20,350bbc5d-cc0e-4e73-a448-e5564c8e3a8b,Cinematographer,Cinematograph,title,Science & Research,"Healthcare & Medicine,Tech & Engineering,Marketing & Communications",Media & Journalism / Arts & Performance,2026-04-22T02:52:31.845128+00:00,"You capture compelling visual stories through camera work, lighting, and framing that bring scripts to life for films, TV shows, commercials, and digital content."
HIGH,20,bb23d2d6-8e8e-4aa9-8201-e7e51a833c54,Commercial Pilot,Pilot,title,Business & Finance,"Tech & Engineering,Law & Government",Aviation & Transportation / Sports & Fitness,2026-07-10T03:52:31.48692+00:00,"You command multi-million dollar aircraft across continents, making split-second decisions that safely transport hundreds of passengers while navigating weather, air traffic, and complex flight systems."
HIGH,20,1591ef12-07e6-4edb-a780-f162a0e78e1f,Commercial Underwriter,Underwriter,title,Media & Journalism,"Marketing & Communications,Arts & Performance,Science & Research",Business & Finance,2026-04-22T02:52:32.905098+00:00,"You analyze financial data and assess risk to decide whether companies and individuals qualify for loans, insurance, or credit, protecting your employer from costly defaults."
HIGH,20,ad0affe9-9df2-4769-bcbe-43832b9a8820,Community Health Nurse,Nurse,title,Gaming & Esports,"Tech & Engineering,Marketing & Communications,Education & Coaching",Healthcare & Medicine,2026-04-22T02:52:32.905098+00:00,"You visit patients in their homes and community centers to provide health education, manage chronic conditions, and connect vulnerable populations to medical care—directly improving health outcomes for the people who need support most."
HIGH,20,a29f396d-f162-4e81-8e86-fa97359132f6,Cosmetologist,Cosmetolog,title,Supply Chain & Operations,"Business & Finance,Tech & Engineering,Science & Research",Fashion & Beauty / Healthcare & Medicine,2026-04-22T02:52:30.47108+00:00,"You transform how people look and feel by applying makeup, cutting hair, and treating skin with precision and artistry, boosting confidence one client at a time."
HIGH,20,5ee74b3c-1521-4cad-9e06-14827a83d93d,Cosmetology Salon Owner,Cosmetolog,title,Entrepreneurship,"Business & Finance,Tech & Engineering,Architecture & Urban Planning",Fashion & Beauty / Healthcare & Medicine,2026-04-22T02:52:31.392704+00:00,"You transform clients' appearances and confidence by managing stylists, designing custom beauty services, and building a thriving salon business where artistry meets entrepreneurship."
HIGH,20,b2a55bf4-1dd8-46fa-b134-c4eb7b6cfcbf,Cost Accountant,Accountant,title,Arts & Performance,"Media & Journalism,Design & Creative,Science & Research",Business & Finance,2026-04-22T02:52:33.675655+00:00,"You analyze financial data and track company costs to help businesses spend smarter and boost profits, diving deep into budgets, expenses, and operational efficiency."
HIGH,20,67a29511-97d8-4980-94fa-5ff4a9f7f119,Craft Beer Brewery Owner,Brewery,title,Entrepreneurship,"Business & Finance,Hospitality & Events",Food & Culinary,2026-05-07T01:56:15.564345+00:00,"You craft unique beer recipes, manage production from grain to glass, and build a brand that turns your passion into a thriving local business."
HIGH,20,ba263731-3ac7-42c1-8267-0225dda1aae0,Craft Brewery Owner,Brewery,title,Marketing & Communications,"Business & Finance,Design & Creative,Media & Journalism",Food & Culinary,2026-04-22T02:52:31.660242+00:00,"You design recipes, manage fermentation, and build a brand around craft beer while running the business side—from sales to marketing to hiring your team."
HIGH,20,5b45bc6c-f8c3-4a0d-863a-e24f7d742dda,Elementary School Teacher,Teacher,title,Gaming & Esports,"Tech & Engineering,Marketing & Communications,Architecture & Urban Planning",Education & Coaching,2026-04-22T02:52:31.392704+00:00,"You shape young minds by designing engaging lessons, facilitating classroom discussions, and nurturing curious learners through hands-on activities that build foundational skills in reading, math, and critical thinking."
HIGH,20,8e436142-8831-4949-b5f7-dfd7ecad1e1f,Emergency Room Physician,Physician,title,Cybersecurity,"Tech & Engineering,Law & Government,Science & Research",Healthcare & Medicine,2026-04-22T02:52:32.086589+00:00,"You make split-second decisions in a high-stakes environment, diagnosing and treating life-threatening conditions while leading a team of nurses and specialists to save lives every shift."
HIGH,20,65795be1-b10f-4e82-b9ef-fe4154c845f6,Environmental Graphic Designer (Interior),Graphic Design,title,Environment & Sustainability,"Science & Research,Law & Government,Tech & Engineering",Design & Creative / Marketing & Communications / Media & Journalism,2026-04-22T02:52:31.392704+00:00,"You design immersive interior spaces using graphics, signage, and visual elements to guide people, tell stories, and transform how they experience buildings—from hospitals and museums to corporate offices and retail environments."
HIGH,20,9e9e2dcc-a3ed-42e5-97eb-460618afd1d4,ESL (English as Second Language) Teacher,Teacher,title,Environment & Sustainability,"Science & Research,Law & Government,Architecture & Urban Planning",Education & Coaching,2026-04-22T02:52:32.905098+00:00,"You design and deliver dynamic English lessons to students from diverse language backgrounds, breaking down grammar and communication skills while building their confidence to speak, write, and thrive in English-speaking environments."
HIGH,20,4525058b-d872-4534-9265-a41b1420ca31,Event Planner,Event Planner,title,Supply Chain & Operations,"Business & Finance,Tech & Engineering,Science & Research",Hospitality & Events / Marketing & Communications,2026-04-22T02:52:32.271017+00:00,"You orchestrate every detail of memorable events—from weddings and conferences to festivals and corporate galas—coordinating vendors, budgets, timelines, and logistics to bring visions to life and create experiences people cherish."
HIGH,20,74d913e4-cc62-49e5-a1a1-0e7a52870eb8,Exhibition Graphic Designer,Graphic Design,title,Science & Research,"Healthcare & Medicine,Tech & Engineering,Architecture & Urban Planning",Design & Creative / Marketing & Communications / Media & Journalism,2026-04-22T02:52:31.660242+00:00,"You design immersive visual experiences for museums, galleries, and trade shows—creating eye-catching layouts, typography, and graphics that guide visitors through spaces and tell compelling stories."
HIGH,20,c210bf05-a15f-44a4-bba1-17e1cd17a37b,Financial Analyst,Financial Analyst,title,Science & Research,"Healthcare & Medicine,Tech & Engineering,Arts & Performance",Business & Finance,2026-04-22T02:52:31.20659+00:00,"You dig through financial data and market trends to help companies and investors make smarter money decisions, turning numbers into strategies that can earn or save millions."
HIGH,20,356b8664-76f3-4a2a-b352-8cc9d59c8d1d,Forensic Accountant,Accountant,title,Cybersecurity,"Tech & Engineering,Law & Government,Science & Research",Business & Finance,2026-04-22T02:52:30.082186+00:00,"You investigate financial crimes by tracing money through complex transactions, uncovering embezzlement, fraud, and hidden assets that criminals try to disguise. Your spreadsheet detective work produces evidence used to prosecute white-collar criminals and recover stolen funds."
HIGH,20,86e9c088-dfc4-402a-b87e-375bc49a2307,Forensic Nurse,Nurse,title,Cybersecurity,"Tech & Engineering,Law & Government,Science & Research",Healthcare & Medicine,2026-04-22T02:52:29.856816+00:00,"You provide medical care to victims of violence and crime while collecting evidence that can be used in court. You might examine assault survivors, photograph injuries, or testify as an expert witness to help bring perpetrators to justice."
HIGH,20,07b558c9-4d57-41f5-adbd-e43747f6da00,Hairstylist (Specialty Cuts),Hairstylist,title,Environment & Sustainability,"Science & Research,Law & Government,Tech & Engineering",Fashion & Beauty,2026-04-22T02:52:33.477982+00:00,"You transform hair through precision cutting techniques, creating signature styles that boost clients' confidence while building a loyal following in a fast-paced salon environment."
HIGH,20,8cea4efc-eab4-42a0-ad7d-8c65c82c6ed9,Hotel Digital Marketing Manager,Hotel,title,Marketing & Communications,"Business & Finance,Design & Creative,Science & Research",Hospitality & Events,2026-04-22T02:52:29.422718+00:00,"You create social media campaigns, manage online advertising, and optimize hotel websites to drive bookings. Your understanding of travel trends and digital platforms turns browsers into guests and guests into loyal fans."
HIGH,20,3c26327b-edf2-452e-ac2b-24cf441edbec,Hotel Event Manager,Hotel,title,Supply Chain & Operations,"Business & Finance,Tech & Engineering,Science & Research",Hospitality & Events,2026-04-22T02:52:31.20659+00:00,"You orchestrate every detail of corporate conferences, weddings, and galas—from vendor negotiations to timeline management—ensuring flawless events that leave guests amazed."
HIGH,20,17645c05-36b1-44e3-9d81-c7ee4c0914c3,Hotel Sustainability Coordinator,Hotel,title,Supply Chain & Operations,"Business & Finance,Tech & Engineering,Science & Research",Hospitality & Events,2026-04-22T02:52:32.086589+00:00,You implement eco-friendly practices across hotel operations—from reducing water waste to sourcing local food and eliminating single-use plastics. Your initiatives help properties earn green certifications while cutting costs and attracting environmentally conscious travelers.
HIGH,20,be8df84e-ea8a-4403-ad8b-29e5f7e8cab5,Insurance Risk Underwriter,Underwriter,title,Media & Journalism,"Marketing & Communications,Arts & Performance,Science & Research",Business & Finance,2026-04-22T02:52:34.05043+00:00,"You analyze financial data and assess risk to decide whether insurance companies should approve claims and set premiums, protecting businesses and individuals from unexpected losses."
HIGH,20,e7495886-f28b-4ca6-b8b7-bbb0676f5de9,Insurance Underwriter,Underwriter,title,Media & Journalism,"Marketing & Communications,Arts & Performance,Science & Research",Business & Finance,2026-04-22T02:52:34.239097+00:00,You decide whether to approve insurance applications and set the prices for coverage by evaluating how risky someone or something is to insure. Your judgment calls protect insurance companies from losses while helping people get the coverage they need.
HIGH,20,929c4575-4558-43c5-bf92-2e482123dc97,Investigative Journalist,Journalist,title,Science & Research,"Healthcare & Medicine,Tech & Engineering,Arts & Performance",Media & Journalism,2026-04-22T02:52:31.20659+00:00,"You dig deep into stories that matter, conducting interviews and research to uncover the truth, then craft compelling articles that inform and challenge the public."
HIGH,20,1b52ef0b-787f-4010-89eb-874784fc2f4b,Large Animal Veterinarian,Veterinarian,title,Hospitality & Events,"Food & Culinary,Marketing & Communications",Healthcare & Medicine / Science & Research,2026-04-22T02:52:34.05043+00:00,"You diagnose and treat sick horses, cattle, and other farm animals, performing surgeries and preventive care that keeps livestock healthy and farms running smoothly."
HIGH,20,b2718799-b8af-4d43-8d9b-0b0d233f3407,Local Food Supply Chain Founder,Supply Chain,title,Entrepreneurship,"Environment & Sustainability,Business & Finance",Supply Chain & Operations,2026-04-22T03:25:58.981028+00:00,You build direct connections between local farmers and communities by creating supply chain systems that get fresh food from farm to table while supporting your region's economy.
HIGH,20,68dc2d2a-6f9e-4562-9657-ee648ae4c0cf,Music Journalist,Journalist,title,Science & Research,"Healthcare & Medicine,Tech & Engineering,Arts & Performance",Media & Journalism,2026-04-22T02:52:34.465719+00:00,"You dive deep into music releases, concerts, and artists to craft compelling stories that shape how millions discover and understand the sounds they love."
HIGH,20,0fab5c53-ac9b-4584-86c1-3a1c420c4088,Nonprofit Accountant,Accountant,title,Social Impact & Nonprofit,"Education & Coaching,Law & Government,Science & Research",Business & Finance,2026-04-22T02:52:31.845128+00:00,"You manage financial records and budgets for mission-driven organizations, ensuring every dollar supports the cause while maintaining transparency and trust with donors and communities served."
HIGH,20,777f5691-405c-44b4-8623-f22d0a57b400,Nonprofit Financial Analyst,Financial Analyst,title,Social Impact & Nonprofit,"Education & Coaching,Law & Government,Science & Research",Business & Finance,2026-04-22T02:52:33.675655+00:00,"You analyze financial data and budgets for nonprofits, helping organizations maximize their social impact by ensuring every dollar reaches the mission."
HIGH,20,65288c4f-1689-4dd5-8ec1-1ead67a24ede,Occupational Health Nurse,Nurse,title,Hospitality & Events,"Food & Culinary,Marketing & Communications",Healthcare & Medicine,2026-04-22T02:52:29.422718+00:00,"You protect workers from illness and injury by conducting health assessments, managing medical emergencies on-site, and developing safety programs that keep employees healthy and productive."
HIGH,20,8057c561-ba98-4b32-8b7e-1a773d19e8b0,Occupational Health Physician,Physician,title,Hospitality & Events,"Food & Culinary,Marketing & Communications",Healthcare & Medicine,2026-04-22T02:52:33.86077+00:00,"You protect workers' health by investigating workplace hazards, treating occupational injuries and illnesses, and advising companies on safety practices to prevent future harm."
HIGH,20,e985178d-2f68-4187-9e74-624dbb57f71d,Occupational Sports Medicine Physician,Physician,title,Gaming & Esports,"Tech & Engineering,Marketing & Communications,Media & Journalism",Healthcare & Medicine,2026-04-22T02:52:33.087307+00:00,"You diagnose and treat injuries in athletes, designing recovery plans that get them back in the game while preventing long-term damage."
HIGH,20,9b27a50f-f4a9-4916-abaf-32d8a5d15558,Performance Coach for Musicians,Musician,title,Sports & Fitness,"Healthcare & Medicine,Marketing & Communications,Science & Research",Arts & Performance,2026-04-22T02:52:34.465719+00:00,"You develop musicians' technical skills, performance confidence, and stage presence by tailoring coaching strategies to each artist's goals, watching them transform nervousness into powerful live performances."
HIGH,20,41e1a288-8afb-4988-97c9-afcbd8a5afc4,Performer Coach,Performer,title,Supply Chain & Operations,"Business & Finance,Tech & Engineering,Architecture & Urban Planning",Arts & Performance / Sports & Fitness,2026-04-22T02:52:32.905098+00:00,"You unlock the confidence and artistry in singers, dancers, and actors by coaching them through techniques, emotional authenticity, and performance nerves—transforming raw talent into captivating stage presence."
HIGH,20,e05caf1f-f6e0-4333-8491-b39da6340791,Pipe Organ Builder,Organ Builder,title,Tech & Engineering,"Business & Finance,Design & Creative",Arts & Performance,2026-04-22T02:52:30.264317+00:00,"You craft and assemble massive pipe organs piece by piece, using woodworking, metalwork, and acoustic engineering to create instruments that fill concert halls and churches with soaring sound."
HIGH,20,584d1946-a2b1-4819-883d-a351ae7960a9,Prosecutor,Prosecutor,title,Gaming & Esports,"Tech & Engineering,Marketing & Communications,Social Impact & Nonprofit",Law & Government,2026-04-22T02:52:33.86077+00:00,"You build criminal cases, examine evidence, and argue in court to hold people accountable—shaping justice outcomes that protect your community."
HIGH,20,e779ed88-aba7-461f-8c93-4f36e4e45e75,Public Health Nurse,Nurse,title,Gaming & Esports,"Tech & Engineering,Marketing & Communications,Science & Research",Healthcare & Medicine,2026-04-22T02:52:34.465719+00:00,"You design and implement health programs in communities, hospitals, and clinics—teaching people how to prevent diseases, manage chronic conditions, and stay healthy while directly improving public health outcomes."
HIGH,20,73cef218-0324-43fc-8fe7-044ced23db3b,Referee,Referee,title,Gaming & Esports,"Tech & Engineering,Marketing & Communications,Science & Research",Sports & Fitness,2026-04-22T02:52:33.86077+00:00,"You make split-second decisions to enforce rules, manage player conduct, and keep games fair and safe while commanding respect from athletes and crowds."
HIGH,20,81d5e6d4-f13d-4db7-9e72-9b930910ca75,Referee and Umpire Coordinator,Referee,title,Gaming & Esports,"Tech & Engineering,Marketing & Communications,Science & Research",Sports & Fitness,2026-04-22T02:52:32.680575+00:00,"You manage and schedule referees and umpires for sports events, ensuring fair play and proper officiating while coordinating logistics and handling disputes that keep games running smoothly."
HIGH,20,e0ebf060-11ac-4490-89c4-2e0808329bc7,Referee/Umpire,Referee,title,Gaming & Esports,"Tech & Engineering,Marketing & Communications,Science & Research",Sports & Fitness,2026-04-22T02:52:31.660242+00:00,"You enforce the rules of the game during athletic competitions, making split-second decisions that impact outcomes while managing player conduct. Your authority and fairness keep games safe, competitive, and true to the spirit of the sport."
HIGH,20,c6b5328b-3f72-46d9-9a51-0c8cecbbaf28,Regenerative Supply Chain Manager,Supply Chain,title,Environment & Sustainability,"Business & Finance,Science & Research",Supply Chain & Operations,2026-08-13T02:29:45.321917+00:00,"You design and oversee supply chains that regenerate ecosystems and communities, ensuring products move from source to consumer while restoring soil health, biodiversity, and livelihoods."
HIGH,20,993ea751-aeb6-4f89-9265-c0476591db6e,Reinsurance Underwriter,Underwriter,title,Science & Research,"Healthcare & Medicine,Tech & Engineering",Business & Finance,2026-04-22T02:52:33.087307+00:00,"You evaluate complex insurance risks and negotiate coverage deals that protect insurance companies from catastrophic losses, making split-second decisions that can impact millions of dollars in claims."
HIGH,20,6bc29fb9-fc24-482b-b6b1-b177aa8a69e3,Renewable Energy Supply Chain Manager,Supply Chain,title,Environment & Sustainability,"Business & Finance,Tech & Engineering",Supply Chain & Operations,2026-04-24T06:30:42.544499+00:00,"You orchestrate the movement of solar panels, wind turbine parts, and battery components from factories to installations, solving complex logistics puzzles that power the clean energy revolution."
HIGH,20,1579f2e9-966d-41ef-a6eb-738e87726161,Research Pilot (Flight Testing),Pilot,title,Science & Research,"Tech & Engineering,Entrepreneurship",Aviation & Transportation / Sports & Fitness,2026-05-22T02:15:12.347574+00:00,"You push experimental aircraft to their limits, collecting critical flight data that transforms engineering designs into safer, faster vehicles while solving real-world aerodynamic puzzles in the sky."
HIGH,20,a2674345-7339-46b8-a901-8e7b42663fda,Social Impact Journalist,Journalist,title,Social Impact & Nonprofit,"Education & Coaching,Law & Government,Science & Research",Media & Journalism,2026-04-22T02:52:32.905098+00:00,"You investigate compelling stories that expose injustice and drive social change, using journalism to amplify marginalized voices and hold institutions accountable."
HIGH,20,c88cda3e-2c9b-4813-9a71-7e62ba1a46fb,Sound Designer (Live Theater),Sound Designer,title,Science & Research,"Healthcare & Medicine,Tech & Engineering,Architecture & Urban Planning",Arts & Performance / Media & Journalism / Gaming & Esports,2026-04-22T02:52:29.206458+00:00,"You craft immersive soundscapes and manage live audio during theatrical performances, using mixing boards and effects to enhance every emotional moment on stage."
HIGH,20,849aeb85-bb3b-474c-9e13-192063b13abc,Sound Designer (Theater),Sound Designer,title,Sports & Fitness,"Healthcare & Medicine,Marketing & Communications,Architecture & Urban Planning",Arts & Performance / Media & Journalism / Gaming & Esports,2026-04-22T02:52:33.087307+00:00,"You craft immersive sonic worlds for live theater—layering sound effects, music, and ambience to transport audiences into every scene."
HIGH,20,a0b1d9ff-d3f0-426e-a70e-70041c2bc374,Sports Medicine Physician,Physician,title,Gaming & Esports,"Tech & Engineering,Marketing & Communications,Media & Journalism",Healthcare & Medicine,2026-04-22T02:52:33.477982+00:00,"You diagnose and treat athletes' injuries, design recovery plans, and get them back in the game by combining sports science with hands-on medical expertise."
HIGH,20,315fdacd-41ec-4076-9b48-1b9ec4b35eff,Sports Physician,Physician,title,Gaming & Esports,"Tech & Engineering,Marketing & Communications,Media & Journalism",Healthcare & Medicine,2026-04-22T02:52:34.239097+00:00,"You diagnose and treat injuries in athletes, combining medical expertise with sports science to get performers back in the game while preventing future damage."
HIGH,20,1b9ab3e8-6cf7-4c50-abf6-76555442d0f3,Supply Chain Finance Analyst,Supply Chain,title,Business & Finance,"Tech & Engineering,Entrepreneurship",Supply Chain & Operations,2026-05-08T02:03:29.693093+00:00,"You optimize the flow of money and materials across global supply chains, analyzing costs, risks, and payment strategies to keep products moving efficiently from factory to customer."
HIGH,20,fdc8d265-f1e6-4ef2-9887-0b373e2ceac4,Supply Chain Finance Specialist,Supply Chain,title,Business & Finance,"Tech & Engineering,Entrepreneurship",Supply Chain & Operations,2026-04-26T06:30:00.312297+00:00,"You optimize how money flows through global supply chains, analyzing payment timing, financing options, and cash flow strategies to keep products moving efficiently from factories to customers."
HIGH,20,6687f976-482e-4c4d-acd2-5f2bfe34c921,Supply Chain Financing Specialist,Supply Chain,title,Business & Finance,"Entrepreneurship,Tech & Engineering",Supply Chain & Operations,2026-07-24T03:20:21.821859+00:00,"You optimize how companies pay for goods moving through their supply chains, using financial strategies to unlock cash flow and reduce costs while keeping operations flowing smoothly."
HIGH,20,727d3964-8c14-49e7-bf2f-c1ef0ff4af00,Supply Chain Manager,Supply Chain,title,Business & Finance,"Entrepreneurship,Tech & Engineering",Supply Chain & Operations,2026-07-10T03:52:37.953477+00:00,"You orchestrate the movement of goods across the globe, optimizing logistics networks and coordinating with suppliers, warehouses, and distributors to ensure products reach customers on time and within budget."
HIGH,20,b0fc710c-d19d-43e1-ab01-9c729c5df25a,Supply Chain Optimization Specialist,Supply Chain,title,Entrepreneurship,"Tech & Engineering,Business & Finance",Supply Chain & Operations,2026-04-22T02:52:32.271017+00:00,"You design and optimize complex networks of suppliers, warehouses, and distribution channels to move products faster and cheaper while minimizing waste and delays."
HIGH,20,8a8c5787-f121-4c29-9a83-3f1718f25754,Supply Chain Risk Manager,Supply Chain,title,Business & Finance,"Law & Government,Tech & Engineering",Supply Chain & Operations,2026-06-02T02:37:14.583678+00:00,"You identify and prevent disruptions in global supply chains by analyzing risks, developing contingency plans, and protecting companies from costly delays or disasters."
HIGH,20,2850a847-34de-4064-93e1-13895552007b,Supply Chain Tech Entrepreneur,Supply Chain,title,Entrepreneurship,"Tech & Engineering,Business & Finance",Supply Chain & Operations,2026-07-15T02:52:57.998957+00:00,"You build and scale tech-enabled supply chain solutions, optimizing how products move from factories to customers while managing logistics, inventory, and vendor networks."
HIGH,20,b8aaebd2-3919-4cc3-a133-2625c3da1ea5,Supply Chain Tech Founder,Supply Chain,title,Entrepreneurship,"Tech & Engineering,Business & Finance",Supply Chain & Operations,2026-06-14T02:37:53.015089+00:00,"You build software platforms that optimize how products move through global supply chains, helping companies save millions while solving real-world logistics puzzles every single day."
HIGH,20,179e11bb-c901-4e20-b8d4-d14f9660ec39,Sustainability Accountant,Accountant,title,Environment & Sustainability,"Science & Research,Law & Government,Tech & Engineering",Business & Finance,2026-04-22T02:52:33.087307+00:00,"You track and report on companies' environmental impact alongside their financial performance, measuring carbon footprints and resource usage. Your work helps businesses prove they're actually meeting their green promises."
HIGH,20,3a08ce0b-0df0-496d-8f82-e95e08b341a3,Sustainable Fashion Brand Strategist,Brand Strateg,title,Fashion & Beauty,"Entrepreneurship,Environment & Sustainability",Marketing & Communications / Business & Finance / Design & Creative,2026-07-13T03:32:58.165843+00:00,"You develop and execute strategies that make fashion brands more sustainable, deciding which materials to use, supply chains to reshape, and sustainability stories to tell—turning eco-conscious values into profitable collections."
HIGH,20,ed69b938-839d-4491-958b-7e7640758fec,Sustainable Supply Chain Auditor,Supply Chain,title,Environment & Sustainability,"Business & Finance,Law & Government",Supply Chain & Operations,2026-08-12T02:28:03.494339+00:00,"You audit global supply chains to verify environmental and ethical practices, reviewing everything from factory emissions to waste management to ensure companies meet sustainability standards."
HIGH,20,e896f17c-b2a2-412b-a328-4848cd4e7393,Sustainable Supply Chain Startup Founder,Supply Chain,title,Entrepreneurship,"Environment & Sustainability,Tech & Engineering",Supply Chain & Operations,2026-05-29T02:08:10.631064+00:00,"You design and operate a business that makes supply chains more sustainable, working with suppliers and logistics partners to reduce waste, emissions, and environmental impact while building a profitable company."
HIGH,20,9f740b13-c56b-4bf9-a68d-e56d0b199291,Trademark Attorney,Attorney,title,Marketing & Communications,"Business & Finance,Design & Creative,Science & Research",Law & Government,2026-04-22T02:52:31.845128+00:00,"You protect brands and intellectual property by researching trademark applications, filing legal documents, and defending companies against infringement—keeping logos and names safe in the marketplace."
HIGH,20,da26c81f-ab49-482b-9a3d-1eeed5eeb375,Tutor for Learning Disabilities,Tutor,title,Sports & Fitness,"Healthcare & Medicine,Marketing & Communications,Architecture & Urban Planning",Education & Coaching,2026-04-22T02:52:32.905098+00:00,"You break down complex concepts into bite-sized pieces, building confidence in students who learn differently while adapting your methods to unlock each person's unique strengths."
HIGH,20,21437a59-aeb9-45c9-b20c-f63f13c8b6ac,Underwriter,Underwriter,title,Media & Journalism,"Marketing & Communications,Arts & Performance,Science & Research",Business & Finance,2026-04-22T02:52:30.655222+00:00,"You analyze financial documents and assess risk to decide whether to approve loans, insurance policies, or investments, protecting your company while helping people achieve their goals."
HIGH,16,b5931e0e-7159-40ec-89cb-d3efb5888848,App Developer (Independent),Developer,title,Marketing & Communications,"Business & Finance,Design & Creative,Architecture & Urban Planning",Tech & Engineering / Gaming & Esports / Cybersecurity / Media & Journalism,2026-04-22T02:52:33.675655+00:00,"You design, code, and launch your own mobile or web applications, solving real problems for users while managing every aspect of your business—from development to marketing to customer support."
HIGH,16,6b2306b2-7dbc-4792-95f2-007404f80d90,App Developer Entrepreneur,Developer,title,Marketing & Communications,"Business & Finance,Design & Creative,Entrepreneurship",Tech & Engineering / Gaming & Esports / Cybersecurity / Media & Journalism,2026-04-22T02:52:33.477982+00:00,"You design, build, and launch mobile or web apps while managing the business side—coding features, testing performance, marketing to users, and iterating based on feedback to grow your startup."
HIGH,16,bda028f6-1c77-498e-8ead-f8f76025cabb,Astronomical Surveyor,Surveyor,title,Science & Research,"Tech & Engineering,Education & Coaching",Architecture & Urban Planning / Environment & Sustainability / Supply Chain & Operations,2026-07-27T03:39:34.802583+00:00,"You map celestial objects and cosmic phenomena using advanced telescopes and data analysis, contributing groundbreaking discoveries about the universe's structure and composition."
HIGH,16,566de335-26df-4561-8c19-3210af842441,Athletic Director (High School/College),Athletic,title,Gaming & Esports,"Tech & Engineering,Marketing & Communications,Science & Research",Sports & Fitness / Healthcare & Medicine / Education & Coaching,2026-04-22T02:52:33.087307+00:00,You orchestrate every detail of a school's athletic programs—from managing budgets and facilities to coaching staff and student-athlete welfare—making sure teams thrive and athletes succeed both on and off the field.
HIGH,16,d955c258-2267-4fc8-b201-99d170807880,Augmented Reality Developer,Developer,title,Hospitality & Events,"Food & Culinary,Marketing & Communications,Architecture & Urban Planning",Tech & Engineering / Gaming & Esports / Cybersecurity / Media & Journalism,2026-04-22T02:52:34.465719+00:00,"You design immersive digital experiences that blend the virtual and physical worlds, creating interactive AR apps and filters that millions of people use on their phones, in stores, and during events."
HIGH,16,30322d1d-c57a-436b-84c0-9f030ab8f1af,Beauty Algorithm Auditor,Auditor,title,Fashion & Beauty,"Tech & Engineering,Marketing & Communications",Business & Finance / Law & Government,2026-08-12T02:28:38.881412+00:00,"You audit AI algorithms used in beauty apps and e-commerce to ensure they're fair, accurate, and free from bias—catching problems before they affect millions of users' product recommendations and virtual try-ons."
HIGH,16,ced963b6-63a7-4b72-b77c-62bc73ee6170,Beauty Brand Developer,Developer,title,Fashion & Beauty,"Entrepreneurship,Design & Creative",Tech & Engineering / Gaming & Esports / Cybersecurity / Media & Journalism,2026-06-05T02:15:02.243288+00:00,"You develop and launch beauty products from concept to shelf, blending market research, product formulation, and brand storytelling to create makeup and skincare lines that resonate with consumers."
HIGH,16,621b28df-cffc-45f5-9928-8a17de4013f0,Beauty Product Developer,Developer,title,Fashion & Beauty,"Design & Creative,Marketing & Communications,Science & Research",Tech & Engineering / Gaming & Esports / Cybersecurity / Media & Journalism,2026-04-22T02:52:30.264317+00:00,"You formulate, test, and refine cosmetics and skincare products from concept to shelf, blending chemistry with consumer trends to create products that make people feel confident."
HIGH,16,e1504b12-e050-42e4-a965-e2e24aae6f1b,Beauty Tech Accessibility Auditor,Auditor,title,Fashion & Beauty,"Tech & Engineering,Design & Creative",Business & Finance / Law & Government,2026-08-13T02:30:28.500946+00:00,"You test beauty and fashion websites, apps, and products to ensure they're accessible to everyone—including people with disabilities—catching design flaws that exclude customers and recommending fixes that expand markets."
HIGH,16,19616977-adfe-472f-8265-b7ee7a88d97f,Boutique Fitness Studio Owner,Fitness,title,Gaming & Esports,"Tech & Engineering,Marketing & Communications,Architecture & Urban Planning",Sports & Fitness / Healthcare & Medicine,2026-04-22T02:52:33.86077+00:00,"You design and operate a fitness studio with specialized classes (yoga, spin, pilates), managing everything from instructor hiring and class scheduling to member retention and financial growth while building a loyal community."
HIGH,16,7562413c-db51-435a-be2e-1a61f46d21ed,Broadcast Engineer,Broadcast,title,Science & Research,"Healthcare & Medicine,Tech & Engineering,Marketing & Communications",Media & Journalism / Arts & Performance,2026-04-22T02:52:33.477982+00:00,"You operate cutting-edge audio and video equipment to capture, mix, and transmit live broadcasts, ensuring millions of viewers experience crystal-clear content from studios and remote locations."
HIGH,16,a4e8e263-f2cc-44a9-a414-17c102500252,Broadcast News Analyst,Broadcast,title,Hospitality & Events,"Food & Culinary,Marketing & Communications,Science & Research",Media & Journalism / Arts & Performance,2026-04-22T02:52:32.680575+00:00,"You analyze current events and explain complex news stories to television and radio audiences in ways they can understand. Your expertise helps viewers make sense of politics, economics, and social issues shaping their world."
HIGH,16,88542978-990c-4058-9227-940b3f21b761,Carbon Offset Developer,Developer,title,Environment & Sustainability,"Business & Finance,Science & Research",Tech & Engineering / Gaming & Esports / Cybersecurity / Media & Journalism,2026-07-20T03:41:21.177995+00:00,"You calculate and design projects that remove carbon from the atmosphere or prevent emissions, turning climate science into measurable environmental wins for companies and governments."
HIGH,16,d81ed120-361b-4498-8db7-5d60cb017f11,Carbon Offset Project Developer,Developer,title,Environment & Sustainability,"Science & Research,Business & Finance",Tech & Engineering / Gaming & Esports / Cybersecurity / Media & Journalism,2026-05-08T02:04:22.222095+00:00,You design and manage carbon reduction projects—from renewable energy installations to forest conservation—measuring and verifying emissions cuts that help companies and countries meet climate goals.
HIGH,16,9f2de696-3858-4119-a00e-b435785f9750,Certified Athletic Trainer,Athletic,title,Environment & Sustainability,"Science & Research,Law & Government,Tech & Engineering",Sports & Fitness / Healthcare & Medicine / Education & Coaching,2026-04-22T02:52:33.86077+00:00,"You assess injuries, design recovery plans, and keep athletes at peak performance by combining hands-on care with evidence-based rehabilitation techniques on sidelines and in training facilities."
HIGH,16,85336afb-8674-42fd-80f8-7f5706e8f03b,Clinical Trial Protocol Developer,Developer,title,Science & Research,"Healthcare & Medicine,Law & Government",Tech & Engineering / Gaming & Esports / Cybersecurity / Media & Journalism,2026-07-05T04:01:20.645336+00:00,"You design rigorous testing plans for new medications and treatments, ensuring patient safety while collecting the data that gets life-saving drugs to market."
HIGH,16,48485795-328a-4990-9d06-c35889a7e1b8,Community Developer,Developer,title,Social Impact & Nonprofit,"Education & Coaching,Law & Government",Tech & Engineering / Gaming & Esports / Cybersecurity / Media & Journalism,2026-04-23T06:29:35.461758+00:00,"You design and execute programs that strengthen communities, build local partnerships, and create lasting social change by listening to residents and turning their needs into action."
HIGH,16,7df1ed22-7908-4d7c-bf48-7b0a1481b9b3,Community Marketplace Developer,Developer,title,Entrepreneurship,"Business & Finance,Social Impact & Nonprofit",Tech & Engineering / Gaming & Esports / Cybersecurity / Media & Journalism,2026-07-09T03:50:29.546594+00:00,You design and launch thriving local marketplaces—both physical and digital—that connect buyers and sellers while building community wealth and economic opportunity.
HIGH,16,3d044cbd-a4ae-4e07-9e6b-52ac515ef183,Conference Logistics Manager,Logistics,title,Hospitality & Events,"Business & Finance,Education & Coaching",Supply Chain & Operations / Aviation & Transportation,2026-04-22T02:52:32.271017+00:00,You orchestrate every detail of conferences and events—from booking venues and coordinating speakers to managing budgets and solving problems on the fly—creating seamless experiences that bring hundreds or thousands of people together.
HIGH,16,9c1d5996-f06e-4879-828a-1e5df3e662d7,Conference Logistics Specialist,Logistics,title,Hospitality & Events,"Business & Finance,Tech & Engineering",Supply Chain & Operations / Aviation & Transportation,2026-06-16T02:46:57.904111+00:00,You orchestrate every logistical detail of conferences—from room setups and speaker schedules to catering and technology—ensuring thousands of attendees have seamless experiences.
HIGH,16,05dcd0b1-d261-4394-a182-bd6f7eb36738,Cultural Events Programmer,Programmer,title,Arts & Performance,"Hospitality & Events,Business & Finance",Tech & Engineering / Gaming & Esports,2026-07-08T03:23:01.696225+00:00,"You curate and organize live performances, festivals, and cultural events from conception to execution, bringing communities together through unforgettable artistic experiences."
HIGH,16,70fb79ac-68df-4aae-8543-d2b3d78c087a,Cultural Programmer (Arts Center),Programmer,title,Arts & Performance,"Hospitality & Events,Education & Coaching",Tech & Engineering / Gaming & Esports,2026-04-22T06:25:44.007537+00:00,"You curate, design, and deliver engaging arts programming—from exhibitions to performances to workshops—that brings communities together and makes cultural experiences accessible and unforgettable."
HIGH,16,82f56370-036f-4f34-8754-ccd3f830b55e,Cultural Programmer (Museums),Programmer,title,Arts & Performance,"Education & Coaching,Hospitality & Events",Tech & Engineering / Gaming & Esports,2026-05-09T01:56:35.357685+00:00,"You design engaging exhibits, workshops, and programs that bring art, history, and culture to life for museum visitors, blending creativity with education to spark curiosity and connection."
HIGH,16,e7bc90b8-e519-4a5a-8bd8-76899e601818,Cultural Programmer (Theater),Programmer,title,Arts & Performance,"Hospitality & Events,Education & Coaching",Tech & Engineering / Gaming & Esports,2026-08-05T02:56:12.821494+00:00,"You curate and develop theatrical programming that shapes audience experiences, selecting scripts, coordinating with directors and artists, and building seasons that reflect community values and artistic vision."
HIGH,16,cf89121d-1bec-4693-9d19-b3f8ecb92957,Curriculum Developer (K-12),Developer,title,Education & Coaching,"Design & Creative,Science & Research",Tech & Engineering / Gaming & Esports / Cybersecurity / Media & Journalism,2026-04-22T02:52:29.856816+00:00,"You design engaging lessons and learning materials that shape how thousands of students understand core subjects, turning educational research into classroom reality."
HIGH,16,446d5916-1dcc-48f5-a519-0319bd9d1698,Dance Fitness Instructor,Fitness,title,Gaming & Esports,"Tech & Engineering,Marketing & Communications,Architecture & Urban Planning",Sports & Fitness / Healthcare & Medicine,2026-04-22T02:52:33.675655+00:00,"You lead energetic group fitness classes set to music, choreographing dynamic routines that blend dance with cardio while motivating participants to achieve their fitness goals and feel confident in their bodies."
HIGH,16,f9b4f944-20d1-4ebd-8fe5-efffdaa36161,Eco-Tourism Developer,Developer,title,Environment & Sustainability,"Hospitality & Events,Entrepreneurship",Tech & Engineering / Gaming & Esports / Cybersecurity / Media & Journalism,2026-05-24T02:09:51.590662+00:00,"You design and launch sustainable travel experiences that connect tourists with nature while protecting ecosystems, combining business strategy with hands-on conservation work."
HIGH,16,f098a99e-aac4-4332-b699-6f526c428b07,Ecological Restoration Manager,Ecolog,title,Supply Chain & Operations,"Business & Finance,Tech & Engineering,Architecture & Urban Planning",Environment & Sustainability / Science & Research,2026-04-22T02:52:32.680575+00:00,"You design and lead hands-on projects that restore damaged ecosystems—replanting forests, cleaning waterways, and rebuilding habitats—while coordinating teams and tracking ecological progress to heal the natural world."
HIGH,16,fabf5cf4-578e-4c34-a84c-3e11ce721413,Energy Auditor (Building Efficiency),Auditor,title,Environment & Sustainability,"Science & Research,Tech & Engineering",Business & Finance / Law & Government,2026-05-29T02:08:20.096588+00:00,"You inspect buildings to find where energy is wasted, then recommend upgrades that save money and reduce environmental impact."
HIGH,16,1d961ffa-ed6d-44a3-993b-692160810809,Energy Auditor (Building Performance),Auditor,title,Environment & Sustainability,"Science & Research,Tech & Engineering",Business & Finance / Law & Government,2026-06-18T02:39:39.87294+00:00,"You inspect buildings to find energy waste, recommend upgrades that slash utility bills, and help companies shrink their carbon footprint while saving money."
HIGH,16,9521c978-5323-4191-8519-55f0e6b8efce,ESG Investment Analyst,Investment,title,Environment & Sustainability,"Science & Research,Law & Government,Tech & Engineering",Business & Finance,2026-04-22T02:52:32.271017+00:00,"You analyze companies' environmental, social, and governance practices to help investors make smarter decisions about where their money goes, balancing profits with positive impact on the planet and society."
HIGH,16,480bbaf9-bd6e-4e2b-afb3-ba07f9338f22,Event Logistics Coordinator,Logistics,title,Hospitality & Events,"Business & Finance,Design & Creative",Supply Chain & Operations / Aviation & Transportation,2026-04-22T02:52:29.422718+00:00,"You orchestrate every detail of events—from venues and vendors to timelines and budgets—ensuring conferences, weddings, and festivals run flawlessly while solving problems on the fly."
HIGH,16,4f631822-995b-482c-81f1-fd9fab3c6c90,Executive Director (Small Nonprofit),Nonprofit,title,Gaming & Esports,"Tech & Engineering,Marketing & Communications,Science & Research",Social Impact & Nonprofit / Business & Finance,2026-04-22T02:52:31.20659+00:00,"You lead a team of passionate professionals building solutions to social problems, managing budgets, fundraising, and shaping the organization's strategy to maximize community impact."
HIGH,16,705f9cdd-5529-4d75-bc19-8a9f04460898,Faith-Based Nonprofit Director,Nonprofit,title,Gaming & Esports,"Tech & Engineering,Marketing & Communications,Science & Research",Social Impact & Nonprofit / Business & Finance,2026-04-22T02:52:32.680575+00:00,"You lead a faith-based nonprofit's mission by managing programs, fundraising, and teams to create meaningful social change in your community while staying true to your organization's spiritual values."
HIGH,16,6476b6f9-efb7-4dcb-814a-a77969c7b642,Fashion Production Manager,Fashion,title,Supply Chain & Operations,"Business & Finance,Tech & Engineering,Science & Research",Fashion & Beauty / Design & Creative / Arts & Performance,2026-04-22T02:52:34.239097+00:00,"You orchestrate every detail of clothing production—from design approval to factory floors to retail shelves—ensuring quality, timelines, and budgets align while bringing seasonal collections to life."
HIGH,16,34bbaa14-bed7-42c1-8196-592e12c1dfb5,Fashion Technical Designer,Fashion,title,Supply Chain & Operations,"Business & Finance,Tech & Engineering,Science & Research",Fashion & Beauty / Design & Creative / Arts & Performance,2026-04-22T02:52:33.477982+00:00,You create detailed specification sheets and work with overseas factories to ensure garments are constructed correctly and fit properly. You bridge the gap between creative vision and manufacturing reality.
HIGH,16,b20c96d6-8178-429d-9295-2e8ed91564d8,Fitness App Developer,Developer,title,Sports & Fitness,"Healthcare & Medicine,Marketing & Communications,Science & Research",Tech & Engineering / Gaming & Esports / Cybersecurity / Media & Journalism,2026-04-22T02:52:30.082186+00:00,"You design and code mobile apps that help millions track workouts, monitor progress, and stay motivated—turning real-time data into engaging features that transform how people exercise."
HIGH,16,c9ca54d4-5cb7-46f0-8f23-70a44f5536c3,Fitness Class Instructor,Fitness,title,Gaming & Esports,"Tech & Engineering,Marketing & Communications,Architecture & Urban Planning",Sports & Fitness / Healthcare & Medicine,2026-04-22T02:52:30.47108+00:00,"You lead energetic group workouts, design dynamic routines, and motivate diverse clients to push their limits while building a supportive community around fitness goals."
HIGH,16,92cf011d-8405-47ea-be77-1d87169447a3,Fitness Director,Fitness,title,Gaming & Esports,"Tech & Engineering,Marketing & Communications,Architecture & Urban Planning",Sports & Fitness / Healthcare & Medicine,2026-04-22T02:52:31.660242+00:00,"You design and oversee fitness programs, manage gym staff, and inspire members to reach their health goals by creating welcoming spaces where people transform their bodies and build confidence."
HIGH,16,ac023d5e-65d8-4211-bbaf-d3bada1b5ed8,Fitness Facility Manager,Fitness,title,Gaming & Esports,"Tech & Engineering,Marketing & Communications,Science & Research",Sports & Fitness / Healthcare & Medicine,2026-04-22T02:52:30.082186+00:00,"You oversee daily gym operations, staff training, and member experiences—keeping facilities running smoothly while building a thriving fitness community."
HIGH,16,d7d04816-9632-44d2-9b80-0365497359be,Fitness Influencer and Content Creator,Fitness,title,Gaming & Esports,"Tech & Engineering,Marketing & Communications,Science & Research",Sports & Fitness / Healthcare & Medicine,2026-04-22T02:52:33.295118+00:00,"You create engaging fitness content across social media platforms, demonstrating workouts and wellness tips while building a community of followers who look to you for motivation, training guidance, and authentic health inspiration."
HIGH,16,32674af8-773c-43ec-919f-5e78dce47d2f,Fitness Program Developer,Developer,title,Sports & Fitness,"Education & Coaching,Healthcare & Medicine",Tech & Engineering / Gaming & Esports / Cybersecurity / Media & Journalism,2026-06-22T02:44:31.472178+00:00,"You design personalized workout programs and training plans that transform how people move, combining exercise science with behavioral psychology to help clients reach their fitness goals."
HIGH,16,72ff220f-1c36-45a9-ab05-952dac92eb0f,Fitness Retreat Coordinator,Fitness,title,Supply Chain & Operations,"Business & Finance,Tech & Engineering,Science & Research",Sports & Fitness / Healthcare & Medicine,2026-04-22T02:52:34.05043+00:00,"You design and lead transformative wellness experiences, curating fitness activities, nutrition plans, and mindfulness sessions that help guests reset their bodies and minds while managing every logistical detail."
HIGH,16,004e473d-0260-4a99-bc09-9a20c62d37c9,Franchise Architect,Architect,title,Entrepreneurship,"Business & Finance,Education & Coaching",Architecture & Urban Planning / Tech & Engineering / Design & Creative,2026-07-28T02:56:25.323996+00:00,"You design and launch scalable business models by developing franchise systems, creating operational playbooks, and guiding entrepreneurs to replicate success across multiple locations while building a thriving network."
HIGH,16,2e4ee350-aef1-4bf9-ad6c-f92b7d349db1,Franchise Territory Developer,Developer,title,Entrepreneurship,Business & Finance,Tech & Engineering / Gaming & Esports / Cybersecurity / Media & Journalism,2026-07-28T02:55:54.674267+00:00,"You scout locations, recruit franchisees, and build thriving business networks across new territories—turning untapped markets into profitable brand ecosystems."
HIGH,16,9cfd58b4-2774-4aa5-861f-261a2b24925b,Green Energy Auditor,Auditor,title,Environment & Sustainability,"Tech & Engineering,Science & Research",Business & Finance / Law & Government,2026-07-13T03:32:54.817176+00:00,"You inspect buildings and systems to find energy waste, then recommend upgrades that cut costs and carbon emissions—turning spaces into efficient, sustainable environments."
HIGH,16,57a44c90-0d6b-4016-bb84-ed1f799a89ff,Grooming Product Developer,Developer,title,Fashion & Beauty,"Science & Research,Design & Creative",Tech & Engineering / Gaming & Esports / Cybersecurity / Media & Journalism,2026-05-23T02:03:05.072656+00:00,"You develop innovative formulas and textures for shampoos, conditioners, and styling products, testing ingredients in labs and collaborating with chemists to create products that make people feel confident."
HIGH,16,5fca9848-c7b5-4aa3-8a06-567ff99cbf1e,Heritage Conservation Planner,Conservation,title,Architecture & Urban Planning,"Law & Government,Education & Coaching",Environment & Sustainability / Science & Research / Social Impact & Nonprofit,2026-08-12T02:23:54.916713+00:00,"You document, protect, and revitalize historic buildings and neighborhoods by developing conservation plans that blend preservation with modern community needs."
HIGH,16,3f991118-d5c9-481a-a66f-2548e745488b,Hospitality Sustainability Auditor,Auditor,title,Hospitality & Events,"Environment & Sustainability,Supply Chain & Operations",Business & Finance / Law & Government,2026-08-14T02:24:26.914995+00:00,"You audit hotels, resorts, and event venues to identify waste, energy use, and sustainability gaps, then recommend changes that cut costs while protecting the planet."
HIGH,16,cb2fbd0e-2744-4366-87f0-3e4d66958ac2,Inclusive Beauty Product Developer,Developer,title,Fashion & Beauty,"Science & Research,Design & Creative",Tech & Engineering / Gaming & Esports / Cybersecurity / Media & Journalism,2026-06-30T04:08:44.601514+00:00,"You create makeup, skincare, and beauty products that work for all skin tones and abilities, testing formulas, researching ingredients, and collaborating with diverse communities to ensure nothing gets left behind."
HIGH,16,475d43d2-66d7-4259-9583-f0fec7ad72e6,Industrial Illustrator,Illustrator,title,Science & Research,"Healthcare & Medicine,Tech & Engineering,Architecture & Urban Planning",Design & Creative / Arts & Performance / Media & Journalism,2026-04-22T02:52:34.05043+00:00,"You create detailed technical and product illustrations that transform complex industrial designs into clear, compelling visuals that engineers, manufacturers, and customers actually understand."
HIGH,16,899d7e11-d2e6-45bb-bfcc-d226d08ea539,Internal Auditor,Auditor,title,Sports & Fitness,"Healthcare & Medicine,Marketing & Communications,Science & Research",Business & Finance / Law & Government,2026-04-22T02:52:33.477982+00:00,"You investigate financial records and business processes to uncover risks, inefficiencies, and fraud, helping organizations strengthen their controls and protect their assets."
HIGH,16,5c46f7b4-e91c-4a03-b3c4-ad1d3fb53796,International Humanitarian Aid Worker,Humanitarian,title,Food & Culinary,"Hospitality & Events,Business & Finance,Science & Research",Social Impact & Nonprofit / Healthcare & Medicine,2026-04-22T02:52:30.082186+00:00,"You deliver emergency medical care, rebuild schools, and distribute food in crisis zones—directly saving lives while rebuilding communities devastated by conflict or natural disaster."
HIGH,16,203d3789-0561-4759-8c8e-3f0f5c18e689,Investment Advisor,Investment,title,Cybersecurity,"Tech & Engineering,Law & Government,Science & Research",Business & Finance,2026-04-22T02:52:32.680575+00:00,"You help people grow their wealth by analyzing markets, understanding their financial goals, and recommending smart investment strategies that turn their money into long-term security and opportunity."
HIGH,16,4b57890d-7b25-438c-949f-a9af1e799181,Investment Banker,Investment,title,Science & Research,"Healthcare & Medicine,Tech & Engineering",Business & Finance,2026-04-22T02:52:32.680575+00:00,"You analyze companies, structure complex financial deals, and guide clients through multi-million dollar mergers and acquisitions—making strategic decisions that reshape entire industries."
HIGH,16,e7d75bf3-4d70-48c5-b247-af4991dd87d4,Investment Banking Analyst,Investment,title,Fashion & Beauty,"Design & Creative,Marketing & Communications,Science & Research",Business & Finance,2026-04-22T02:52:31.20659+00:00,"You build financial models and analyze potential deals that help companies make multi-million dollar decisions, working on high-stakes transactions that shape the business world."
HIGH,16,b085448b-5364-49b9-bc25-2391077f9bdd,Investment Manager,Investment,title,Science & Research,"Healthcare & Medicine,Tech & Engineering",Business & Finance,2026-04-22T02:52:32.271017+00:00,"You research markets, analyze financial data, and make strategic investment decisions that grow wealth for clients, institutions, or your own portfolio while navigating complex economic trends."
HIGH,16,b379c0c6-7811-4fc5-8be1-b7a2c7352432,Investment Portfolio Manager,Investment,title,Science & Research,"Healthcare & Medicine,Tech & Engineering",Business & Finance,2026-04-22T02:52:32.271017+00:00,"You analyze market trends, build diversified investment strategies, and manage millions in client assets to grow wealth while minimizing risk."
HIGH,16,fc946614-8316-47be-bf30-ef5901dcedda,Land Surveyor,Surveyor,title,Law & Government,"Science & Research,Tech & Engineering",Architecture & Urban Planning / Environment & Sustainability / Supply Chain & Operations,2026-08-05T02:55:53.073588+00:00,"You use precision instruments and GPS technology to map land boundaries, create detailed property surveys, and provide the legal documentation that makes real estate transactions, construction projects, and infrastructure development possible."
HIGH,16,26be8616-e8f5-44f5-8d35-ef87be11d46c,Live Theater Lighting Technician,Theater,title,Science & Research,"Healthcare & Medicine,Tech & Engineering,Architecture & Urban Planning",Arts & Performance,2026-04-22T02:52:30.082186+00:00,"You design and operate sophisticated lighting systems that transform live theater performances, cueing dramatic moments and guiding audiences through every emotional beat on stage."
HIGH,16,0ae330f0-4999-41ee-aef7-5451adb82e02,Local Delivery Logistics Startup Founder,Logistics,title,Entrepreneurship,"Tech & Engineering,Business & Finance",Supply Chain & Operations / Aviation & Transportation,2026-06-12T02:34:11.555263+00:00,"You build and scale a delivery network from the ground up, optimizing routes, managing logistics software, and solving real-time problems to get packages to customers fast while growing your business."
HIGH,16,c0b4ca21-54b8-4998-97d3-139de10dbd26,Logistics Startup Founder,Logistics,title,Entrepreneurship,"Tech & Engineering,Business & Finance",Supply Chain & Operations / Aviation & Transportation,2026-05-10T01:54:59.854523+00:00,"You build systems and software that move goods faster and cheaper, solving real supply chain puzzles while growing your own company from the ground up."
HIGH,16,aafda4f0-067a-44c6-9437-4aeee377e7fc,Logistics Tech Founder,Logistics,title,Entrepreneurship,"Tech & Engineering,Business & Finance",Supply Chain & Operations / Aviation & Transportation,2026-06-11T02:37:46.014034+00:00,"You build software platforms that streamline supply chains and shipping operations, solving real-world logistics problems while scaling your own business from idea to market."
HIGH,16,f38275ba-94b7-4065-9f6c-5f70c2925573,Logistics Tech Startup Founder,Logistics,title,Entrepreneurship,"Tech & Engineering,Business & Finance",Supply Chain & Operations / Aviation & Transportation,2026-04-22T02:52:32.905098+00:00,"You build software solutions that streamline supply chains and warehouses, solving real logistics problems while growing your own company from the ground up."
HIGH,16,89c371d1-f05c-4d32-8234-fd7573ec46e0,Luxury Hair Care Product Developer,Developer,title,Fashion & Beauty,"Design & Creative,Entrepreneurship",Tech & Engineering / Gaming & Esports / Cybersecurity / Media & Journalism,2026-06-25T04:06:51.461395+00:00,"You create cutting-edge shampoos, conditioners, and treatments that transform hair health, blending chemistry with luxury branding to develop products that command premium prices and devoted customers."
HIGH,16,eaa2f6ef-96d8-4811-8a52-a85d60ceb2a2,Makeup Brand Developer,Developer,title,Fashion & Beauty,"Design & Creative,Entrepreneurship",Tech & Engineering / Gaming & Esports / Cybersecurity / Media & Journalism,2026-04-29T01:58:54.827499+00:00,"You develop innovative makeup formulas, packaging, and brand identities that captivate consumers, conducting research, testing products, and collaborating with chemists and marketers to launch collections that define beauty trends."
HIGH,16,3df21171-30f7-470d-987b-18aa1edcbce0,Makeup Brand Founder,Makeup,title,Marketing & Communications,"Business & Finance,Design & Creative,Science & Research",Fashion & Beauty / Arts & Performance / Media & Journalism,2026-04-22T02:52:32.905098+00:00,"You develop makeup formulas, design packaging, build brand identity, and grow a business from concept to retail shelves—balancing creativity with profit margins to turn your beauty vision into a profitable company."
HIGH,16,b00fcb03-37fe-49bb-a9ff-0267e0d9a20d,Makeup Educator,Makeup,title,Gaming & Esports,"Tech & Engineering,Marketing & Communications,Architecture & Urban Planning",Fashion & Beauty / Arts & Performance / Media & Journalism,2026-04-22T02:52:30.655222+00:00,"You teach people how to apply makeup through classes, tutorials, and demonstrations, helping them build confidence and express their creativity while building a loyal community of beauty enthusiasts."
HIGH,16,1586c0e9-e7f2-46ce-a2c3-e2410988d00c,Makeup Effects Artist,Makeup,title,Hospitality & Events,"Food & Culinary,Marketing & Communications,Architecture & Urban Planning",Fashion & Beauty / Arts & Performance / Media & Journalism,2026-04-22T02:52:32.496342+00:00,"You transform actors and performers into fantastical characters by designing and applying intricate prosthetics, animatronics, and special effects makeup for film, television, theater, and live events."
HIGH,16,2e24e391-736a-4ecc-8299-19f2d4d9b751,Makeup Effects Artist (Non-Theater),Theater,title,Fashion & Beauty,"Media & Journalism,Design & Creative",Arts & Performance,2026-06-22T03:23:45.401201+00:00,"You create stunning visual transformations using prosthetics, silicones, and pigments for film, TV, commercials, and photography—bringing characters and creative visions to life with technical artistry."
HIGH,16,5bdf5e87-9dcb-413a-ba5f-6508dce23ba7,Marketplace Sustainability Platform Founder,Sustainability,title,Entrepreneurship,"Tech & Engineering,Social Impact & Nonprofit",Environment & Sustainability / Business & Finance / Supply Chain & Operations / Architecture & Urban Planning,2026-04-22T02:52:29.422718+00:00,"You build digital marketplaces that connect buyers and sellers while embedding sustainability practices, making every transaction count toward environmental and social good."
HIGH,16,017a7366-d430-4a11-a0b3-b0cebf4b8b73,Media Accessibility Auditor,Auditor,title,Media & Journalism,"Tech & Engineering,Design & Creative",Business & Finance / Law & Government,2026-08-12T02:27:46.857274+00:00,"You review digital media content to ensure it's accessible to everyone—adding captions, audio descriptions, and testing compatibility—making entertainment and information truly inclusive."
HIGH,16,12d49303-69d0-4046-8b06-9a3c61f88231,Medical Illustrator,Illustrator,title,Education & Coaching,"Social Impact & Nonprofit,Tech & Engineering,Science & Research",Design & Creative / Arts & Performance / Media & Journalism,2026-04-22T02:52:31.20659+00:00,"You create detailed illustrations of human anatomy, surgical procedures, and biological processes for medical textbooks, journals, and patient education. Your artwork helps doctors communicate complex health information and trains the next generation of surgeons."
HIGH,16,1e5cc23f-d163-4bab-9284-b96c0360afa3,Mobile App Developer (Indie),Developer,title,Marketing & Communications,"Business & Finance,Design & Creative,Architecture & Urban Planning",Tech & Engineering / Gaming & Esports / Cybersecurity / Media & Journalism,2026-04-22T02:52:34.239097+00:00,"You design, build, and launch your own mobile apps from concept to app store, solving real problems for users while growing your indie business through marketing and customer feedback."
HIGH,16,5c194434-dd4f-4b64-806d-dbb75ed6ae73,Niche Software as a Service Founder,Software,title,Marketing & Communications,"Business & Finance,Design & Creative,Entrepreneurship",Tech & Engineering / Gaming & Esports / Cybersecurity,2026-04-22T02:52:30.655222+00:00,"You build and launch specialized software products for underserved markets, solving specific problems for niche customer groups while managing everything from product development to marketing and sales."
HIGH,16,e9bb9b85-87cd-4706-b46a-7a9281a2353e,Nonprofit Board Liaison,Nonprofit,title,Gaming & Esports,"Tech & Engineering,Marketing & Communications,Science & Research",Social Impact & Nonprofit / Business & Finance,2026-04-22T02:52:30.47108+00:00,"You bridge nonprofit leadership and community stakeholders by managing board relationships, coordinating governance activities, and ensuring the organization's mission stays aligned with board members' strategic vision."
HIGH,16,b4077c66-7953-4d98-99e8-733117b0c5aa,Nonprofit Executive Director,Nonprofit,title,Gaming & Esports,"Tech & Engineering,Marketing & Communications,Science & Research",Social Impact & Nonprofit / Business & Finance,2026-04-22T02:52:30.47108+00:00,"You lead a mission-driven organization, making tough decisions about strategy and resources while inspiring a team to tackle pressing social problems like hunger, education, or environmental protection."
HIGH,16,01afc0f0-44a7-47aa-b696-b49b7398769b,Nonprofit Finance Manager,Nonprofit,title,Gaming & Esports,"Tech & Engineering,Marketing & Communications,Science & Research",Social Impact & Nonprofit / Business & Finance,2026-04-22T02:52:34.239097+00:00,"You manage budgets and financial systems for organizations tackling social problems, turning limited donations into measurable community impact."
HIGH,16,795c4efa-686f-4b17-a67b-d3da47578d9b,Nonprofit Founder,Nonprofit,title,Gaming & Esports,"Tech & Engineering,Marketing & Communications,Science & Research",Social Impact & Nonprofit / Business & Finance,2026-04-22T02:52:32.680575+00:00,"You build and lead organizations that solve social problems, spending your days fundraising, managing teams, developing programs, and measuring the real-world impact of your mission."
HIGH,16,5fc70934-70d1-4452-a832-2359b9b6bde9,Nonprofit Fundraiser,Nonprofit,title,Gaming & Esports,"Tech & Engineering,Marketing & Communications,Science & Research",Social Impact & Nonprofit / Business & Finance,2026-04-22T02:52:33.675655+00:00,"You craft compelling stories and build donor relationships to fuel mission-driven organizations, turning passionate people into committed supporters who change communities."
HIGH,16,a435e956-914b-40f7-ae1c-e91cabb1cdd5,Nonprofit Program Officer,Nonprofit,title,Gaming & Esports,"Tech & Engineering,Marketing & Communications,Science & Research",Social Impact & Nonprofit / Business & Finance,2026-04-22T02:52:30.47108+00:00,"You design and manage programs that solve social problems—managing budgets, evaluating impact, and working directly with communities to create measurable change."
HIGH,16,9ad5138a-890f-46df-abf9-72940a13dd44,Performance Coach (Theater),Theater,title,Sports & Fitness,"Healthcare & Medicine,Marketing & Communications,Architecture & Urban Planning",Arts & Performance,2026-04-22T02:52:29.856816+00:00,"You guide actors and performers through character development, emotional authenticity, and stage presence, pushing them to deliver transformative performances night after night."
HIGH,16,8170987f-51cb-4bb8-b2ed-38ca6230cffc,Performing Arts Venue Programmer,Programmer,title,Arts & Performance,"Hospitality & Events,Business & Finance",Tech & Engineering / Gaming & Esports,2026-05-21T02:12:31.848098+00:00,"You curate and schedule performances, exhibitions, and events at theaters, galleries, or concert halls, deciding what artists and shows audiences experience and when."
HIGH,16,4749560f-acaa-4f82-ac6f-d43e8da660ec,Pharmacy Technician,Pharmacy,title,Supply Chain & Operations,"Business & Finance,Tech & Engineering",Healthcare & Medicine,2026-04-22T02:52:33.477982+00:00,"You dispense medications, manage pharmacy inventory, and help patients understand their prescriptions—making sure people get the right drugs at the right doses to stay healthy."
HIGH,16,9e7f9c74-c67d-40eb-ba53-5ece140d972d,Plant-Based Product Developer,Developer,title,Food & Culinary,"Science & Research,Environment & Sustainability",Tech & Engineering / Gaming & Esports / Cybersecurity / Media & Journalism,2026-08-12T02:24:20.443124+00:00,"You develop delicious, nutritious plant-based foods from concept to shelf by experimenting with ingredients, flavors, and textures to create products that rival their animal-based counterparts."
HIGH,16,08cb6860-2041-4cb3-83b9-527110f4214e,Podcast Host,Podcast,title,Entrepreneurship,"Business & Finance,Tech & Engineering,Architecture & Urban Planning",Media & Journalism / Arts & Performance / Marketing & Communications,2026-04-22T02:52:34.05043+00:00,"You research, write, record, and edit engaging audio episodes on topics you're passionate about, building a loyal audience and shaping conversations through storytelling."
HIGH,16,201e900b-0092-48c5-88e3-2c56c248bbc8,Podcast Producer & Founder,Podcast,title,Supply Chain & Operations,"Business & Finance,Tech & Engineering,Entrepreneurship",Media & Journalism / Arts & Performance / Marketing & Communications,2026-04-22T02:52:34.465719+00:00,"You research compelling stories, record interviews, edit audio, and grow an audience by launching and managing your own podcast series from concept to distribution."
HIGH,16,f8be7841-5eda-41d0-ae55-c50c231ef74f,Real Estate Developer,Developer,title,Architecture & Urban Planning,"Design & Creative,Environment & Sustainability",Tech & Engineering / Gaming & Esports / Cybersecurity / Media & Journalism,2026-04-22T02:52:29.646164+00:00,"You transform vacant land and buildings into thriving communities by envisioning, financing, and constructing projects that reshape neighborhoods and create spaces where people live, work, and gather."
HIGH,16,e762e773-8edb-476a-a278-ad012c4e004e,Recreation Therapist,Therapist,title,Gaming & Esports,"Tech & Engineering,Marketing & Communications,Science & Research",Healthcare & Medicine / Sports & Fitness / Education & Coaching / Social Impact & Nonprofit,2026-04-22T02:52:33.675655+00:00,"You use sports, games, and physical activities to help people recovering from injuries, disabilities, or mental health challenges regain function and confidence. Your creative activity plans turn rehabilitation from a chore into an engaging journey toward independence."
HIGH,16,b814a04f-88ec-4c5e-ab90-a09bbcc4741f,Recreational Therapist,Therapist,title,Gaming & Esports,"Tech & Engineering,Marketing & Communications,Entrepreneurship",Healthcare & Medicine / Sports & Fitness / Education & Coaching / Social Impact & Nonprofit,2026-04-22T02:52:29.422718+00:00,"You plan activities like adaptive sports, art projects, and outdoor adventures to help people recover from injuries or manage disabilities. You might teach veterans with PTSD to kayak or help nursing home residents stay mentally sharp through games."
HIGH,16,c59c9a92-47d9-44bd-bc67-9fa771298956,Scenic Painter,Painter,title,Sports & Fitness,"Healthcare & Medicine,Marketing & Communications,Science & Research",Arts & Performance,2026-04-22T02:52:34.05043+00:00,"You paint backdrops, sets, and props for theater, film, and television productions, using techniques like faux finishing to make materials look like marble, wood, or aged surfaces. Your artistry creates the visual world that transports audiences to different times and places."
HIGH,16,56760e0e-c8c7-42f8-951f-167cffb85145,Set Electrician (Theater),Theater,title,Science & Research,"Healthcare & Medicine,Tech & Engineering,Architecture & Urban Planning",Arts & Performance,2026-04-22T02:52:29.646164+00:00,"You design and install lighting rigs, sound systems, and electrical infrastructure that bring theatrical productions to life, working behind the scenes to create the technical magic audiences experience."
HIGH,16,f6eb051f-1a81-429c-96fb-3f7cc9427ed3,Shipping and Logistics Startup Founder,Logistics,title,Entrepreneurship,"Business & Finance,Tech & Engineering",Supply Chain & Operations / Aviation & Transportation,2026-04-22T02:52:30.264317+00:00,"You build and scale a shipping and logistics company from the ground up, solving real problems in supply chain management while managing operations, customers, and growth."
HIGH,16,da133154-f6c2-4bc2-8073-f761be787b6d,Skincare Product Developer,Developer,title,Fashion & Beauty,"Science & Research,Design & Creative",Tech & Engineering / Gaming & Esports / Cybersecurity / Media & Journalism,2026-05-21T02:13:29.732824+00:00,"You formulate, test, and refine skincare products in a lab, blending chemistry with beauty trends to create serums, moisturizers, and treatments that solve real skin problems."
HIGH,16,4b68fb43-19df-4c77-b607-cb103569cd01,Software Engineer Manager,Software,title,Architecture & Urban Planning,"Design & Creative,Environment & Sustainability",Tech & Engineering / Gaming & Esports / Cybersecurity,2026-04-22T02:52:31.845128+00:00,"You lead and mentor teams of software engineers, making strategic decisions about product architecture while unblocking your team so they can ship great code faster."
HIGH,16,818f1dee-4f74-46a6-8604-7400e97af173,Software-as-a-Service (SaaS) Consultant,Software,title,Arts & Performance,"Media & Journalism,Design & Creative,Architecture & Urban Planning",Tech & Engineering / Gaming & Esports / Cybersecurity,2026-04-22T02:52:33.477982+00:00,"You help businesses transform their operations by implementing and optimizing cloud-based software solutions, earning trust through deep product expertise and strategic problem-solving that directly impacts their growth."
HIGH,16,83c29d22-f870-439f-8864-37a1e6ac2aec,Specialty Food Product Developer,Developer,title,Entrepreneurship,"Business & Finance,Design & Creative",Tech & Engineering / Gaming & Esports / Cybersecurity / Media & Journalism,2026-05-28T02:03:08.570219+00:00,"You invent and refine delicious, marketable food products from concept to shelf, blending culinary creativity with business strategy to build a brand people crave."
HIGH,16,2e23adc0-16db-4d93-bafc-ad6812af427c,Sports Broadcast Analyst,Broadcast,title,Gaming & Esports,"Tech & Engineering,Marketing & Communications,Science & Research",Media & Journalism / Arts & Performance,2026-04-22T02:52:32.086589+00:00,"You analyze game footage, player statistics, and live action to deliver sharp, data-driven commentary that shapes how millions of fans understand sports performance and strategy."
HIGH,16,06dfa212-98be-4fa4-bcd7-3111936f6eea,Sports Physical Therapist,Therapist,title,Gaming & Esports,"Tech & Engineering,Marketing & Communications,Science & Research",Healthcare & Medicine / Sports & Fitness / Education & Coaching / Social Impact & Nonprofit,2026-04-22T02:52:31.660242+00:00,"You rehabilitate athletes recovering from injuries like torn ligaments, fractures, and muscle strains through targeted exercises and manual therapy. Your treatment plans help athletes return to competition stronger and teach them how to prevent future injuries."
HIGH,16,ac26cfdf-82fd-4cc7-815b-2350e4d09e0e,Sports Therapist,Therapist,title,Gaming & Esports,"Tech & Engineering,Marketing & Communications,Media & Journalism",Healthcare & Medicine / Sports & Fitness / Education & Coaching / Social Impact & Nonprofit,2026-04-22T02:52:29.206458+00:00,"You rehabilitate injured athletes and weekend warriors by designing personalized recovery plans, hands-on treatments, and conditioning programs that get people back in the game stronger than before."
HIGH,16,32a5158a-66d5-4f78-844a-402730b39465,Strength Training Programmer,Programmer,title,Sports & Fitness,"Education & Coaching,Healthcare & Medicine",Tech & Engineering / Gaming & Esports,2026-05-19T02:14:33.737826+00:00,"You design personalized workout programs and progression plans for athletes and clients, analyzing their goals and bodies to build strength safely and effectively while tracking their progress and adjusting intensity to maximize results."
HIGH,16,63e44fe1-f4ef-4c1f-bc02-82cb40c01e22,Sustainable Fabric Developer,Developer,title,Fashion & Beauty,"Science & Research,Environment & Sustainability",Tech & Engineering / Gaming & Esports / Cybersecurity / Media & Journalism,2026-05-21T02:12:02.05751+00:00,"You engineer innovative eco-friendly fabrics by experimenting with sustainable materials like recycled fibers and plant-based alternatives, transforming fashion's environmental footprint one textile at a time."
HIGH,16,da817efe-dda5-4083-a3a1-73fe82c5ddf9,Sustainable Fashion Analyst,Fashion,title,Environment & Sustainability,"Business & Finance,Science & Research",Fashion & Beauty / Design & Creative / Arts & Performance,2026-06-29T04:28:56.358297+00:00,"You analyze fashion supply chains and material choices to help brands reduce environmental impact, turning sustainability data into actionable recommendations that make clothing production cleaner."
HIGH,16,3eba22d6-294e-4e94-9cbf-04724574c91a,Sustainable Fashion Brand Developer,Developer,title,Fashion & Beauty,"Entrepreneurship,Environment & Sustainability",Tech & Engineering / Gaming & Esports / Cybersecurity / Media & Journalism,2026-07-09T03:50:45.354358+00:00,"You design and launch fashion collections that minimize environmental impact, balancing creative vision with sustainable materials, ethical production, and circular design principles to reshape how clothes are made and consumed."
HIGH,16,413fac3f-52d4-4a08-aac3-de26822674cb,Sustainable Fashion Designer,Fashion,title,Supply Chain & Operations,"Business & Finance,Tech & Engineering,Science & Research",Fashion & Beauty / Design & Creative / Arts & Performance,2026-04-22T02:52:33.675655+00:00,"You design clothing and accessories that minimize environmental impact, sourcing eco-friendly materials, sketching innovative pieces, and collaborating with manufacturers to prove that style and sustainability can go hand-in-hand."
HIGH,16,9a369c59-6fcd-4787-8ed2-c05fb0e1661c,Sustainable Fashion Educator,Fashion,title,Gaming & Esports,"Tech & Engineering,Marketing & Communications,Science & Research",Fashion & Beauty / Design & Creative / Arts & Performance,2026-04-22T02:52:31.20659+00:00,"You design and teach workshops on eco-friendly fashion practices, guiding students and professionals through sustainable textile sourcing, upcycling techniques, and ethical production while building a movement toward a circular fashion industry."
HIGH,16,fc26485a-f56f-4d89-9c75-24e7bfca2357,Sustainable Fashion Material Developer,Developer,title,Environment & Sustainability,"Science & Research,Fashion & Beauty",Tech & Engineering / Gaming & Esports / Cybersecurity / Media & Journalism,2026-07-22T03:18:28.386662+00:00,"You develop innovative eco-friendly fabrics and materials by experimenting with plant-based fibers, recycled textiles, and bio-engineered alternatives, creating the sustainable clothes of tomorrow."
HIGH,16,72f41985-a9f6-48a0-b43f-712bc47936c5,Sustainable Materials Developer,Developer,title,Fashion & Beauty,"Environment & Sustainability,Science & Research",Tech & Engineering / Gaming & Esports / Cybersecurity / Media & Journalism,2026-06-06T02:07:16.459295+00:00,"You engineer innovative fabrics and materials from recycled or bio-based sources, running tests in labs and collaborating with designers to create beautiful, planet-friendly products that reduce fashion's environmental footprint."
HIGH,16,43237668-6cce-4db3-92fb-ada4b2264862,Sustainable Textile Developer,Developer,title,Fashion & Beauty,"Science & Research,Design & Creative",Tech & Engineering / Gaming & Esports / Cybersecurity / Media & Journalism,2026-05-18T02:13:11.430212+00:00,"You design and engineer innovative fabrics using eco-friendly materials and processes, transforming the fashion industry by creating beautiful clothes that don't harm the planet."
HIGH,16,09130ec2-bb45-4968-80ad-724edd6a37d9,Theater Director,Theater,title,Science & Research,"Healthcare & Medicine,Tech & Engineering,Architecture & Urban Planning",Arts & Performance,2026-04-22T02:52:29.646164+00:00,"You shape every moment on stage by guiding actors, designing scenes, and making creative decisions that transform scripts into unforgettable performances that move audiences to tears or laughter."
HIGH,16,900a4b22-69da-407f-bdb9-d65a2d200ce8,Theater Lighting Technician,Theater,title,Science & Research,"Healthcare & Medicine,Tech & Engineering,Architecture & Urban Planning",Arts & Performance,2026-04-22T02:52:34.616352+00:00,"You operate lighting consoles, hang fixtures, and design dynamic lighting plots that transform stages into immersive worlds, making every performance visually unforgettable."
HIGH,16,40fc3860-e2be-417e-98f6-13f2d102ed62,Theater Operations Manager,Theater,title,Supply Chain & Operations,"Business & Finance,Tech & Engineering,Science & Research",Arts & Performance,2026-04-22T02:52:30.082186+00:00,"You orchestrate every technical detail, safety protocol, and logistical operation that keeps live performances running smoothly—from lighting cues to emergency procedures—ensuring audiences experience flawless entertainment."
HIGH,16,acfa0208-1b10-4e40-a2da-1fc72505be1f,Theatrical Lighting Programmer,Programmer,title,Arts & Performance,"Design & Creative,Hospitality & Events",Tech & Engineering / Gaming & Esports,2026-06-19T02:54:06.283913+00:00,"You design and operate the lighting systems that transform theatrical spaces, cueing precise moments of color, intensity, and movement to enhance every scene and emotion on stage."
HIGH,16,ba9de3df-3848-4eff-9ad3-e57406df5262,Tourism Board Director,Tourism,title,Gaming & Esports,"Tech & Engineering,Marketing & Communications,Science & Research",Hospitality & Events / Aviation & Transportation / Environment & Sustainability,2026-04-22T02:52:33.86077+00:00,"You develop and execute marketing campaigns, manage attractions and events, and build partnerships that transform your region into a must-visit destination while driving economic growth for local businesses."
HIGH,16,4965c22b-d8f4-416e-a17b-fa254dd7c675,Vintage Fashion Authenticator,Fashion,title,Supply Chain & Operations,"Business & Finance,Tech & Engineering,Science & Research",Fashion & Beauty / Design & Creative / Arts & Performance,2026-04-22T02:52:30.47108+00:00,"You authenticate and evaluate vintage fashion pieces for collectors, retailers, and museums by examining construction techniques, materials, and historical markers to verify authenticity and determine value."
HIGH,16,8c8d566f-4285-4160-bdee-1fd85fcd4963,Youth Athletic Director,Athletic,title,Gaming & Esports,"Tech & Engineering,Marketing & Communications,Architecture & Urban Planning",Sports & Fitness / Healthcare & Medicine / Education & Coaching,2026-04-22T02:52:33.675655+00:00,"You organize sports programs, manage athletic facilities, and coach young athletes to build their skills and confidence while creating inclusive, healthy communities through organized youth sports."
LOW,10,dd29b9e1-d7be-44b7-bec7-ebc26f1b23d9,Accounting Firm Partner,Accountant,description,Hospitality & Events,"Food & Culinary,Marketing & Communications,Science & Research",Business & Finance,2026-04-22T02:52:29.646164+00:00,"You analyze financial statements, manage client accounts, and lead a team of accountants while building your firm's reputation and revenue through strategic business decisions."
LOW,10,0c20c515-f7a4-4841-8a2b-27d39d5cf5b7,Acting Coach,Actor,description,Sports & Fitness,"Healthcare & Medicine,Marketing & Communications,Architecture & Urban Planning",Arts & Performance / Media & Journalism,2026-04-22T02:52:33.675655+00:00,"You teach actors how to deliver powerful performances by breaking down scripts, building characters, and coaching them through emotional scenes—helping them find authenticity and confidence on stage or screen."
LOW,10,87b3c20a-40a7-40c8-a843-fb448b4ce458,Alternative Protein Startup Founder,Supply Chain,description,Entrepreneurship,"Science & Research,Environment & Sustainability",Supply Chain & Operations,2026-05-13T02:08:00.525711+00:00,"You develop and scale plant-based or cultivated protein products from concept to market, managing everything from food science and supply chains to fundraising and team building."
LOW,10,057d33ed-e6ae-45a3-9ae0-74d086a29c3f,Artistic Director,Actor,description,Science & Research,"Healthcare & Medicine,Tech & Engineering,Architecture & Urban Planning",Arts & Performance / Media & Journalism,2026-04-22T02:52:31.660242+00:00,"You shape the creative vision of theatrical productions, films, or performances by directing actors, designers, and technicians to bring stories to life with artistic impact and emotional resonance."
LOW,10,797f4d31-a133-4090-925b-9f082c549c40,Arts Grant Administrator,Performer,description,Gaming & Esports,"Tech & Engineering,Marketing & Communications,Architecture & Urban Planning",Arts & Performance / Sports & Fitness,2026-04-22T02:52:34.239097+00:00,"You review grant applications from artists and performers, decide which creative projects deserve funding, and help shape the cultural landscape by connecting passionate creators with the resources they need to bring their visions to life."
MEDIUM,10,7df04d1d-1592-4e1d-93e0-8d1c72ed95fe,Badminton Coach,Coach,title,Gaming & Esports,"Tech & Engineering,Marketing & Communications,Media & Journalism",Sports & Fitness / Education & Coaching / Business & Finance / Social Impact & Nonprofit,2026-04-22T02:52:33.675655+00:00,"You teach students the speed, strategy, and precision of badminton while building their athletic confidence and competitive spirit through drills, gameplay, and personalized coaching."
MEDIUM,10,d011e4b8-7eb3-4a1f-9814-aaaa2214042d,Book Editor (Trade Publishing),Editor,title,Science & Research,"Healthcare & Medicine,Tech & Engineering",Media & Journalism / Design & Creative / Arts & Performance / Marketing & Communications,2026-04-22T02:52:31.845128+00:00,"You shape stories that reach thousands by refining manuscripts, collaborating with authors, and guiding books from concept to bestseller shelves."
MEDIUM,10,a4f1c0ea-0397-48c8-8a9d-b67e6a78f0ac,Chess Coach,Coach,title,Gaming & Esports,"Tech & Engineering,Marketing & Communications,Media & Journalism",Sports & Fitness / Education & Coaching / Business & Finance / Social Impact & Nonprofit,2026-04-22T02:52:30.264317+00:00,"You teach chess strategy and tactics to students of all ages, breaking down complex games into teachable moments while building their critical thinking and competitive confidence."
LOW,10,6d8f526a-1c81-443d-9a6b-706d68e8cc1d,Circular Economy Strategist,Supply Chain,description,Environment & Sustainability,"Business & Finance,Science & Research",Supply Chain & Operations,2026-04-28T07:57:49.603563+00:00,"You design closed-loop business models and supply chains that eliminate waste, turning discarded materials into valuable resources while helping companies cut costs and environmental impact."
MEDIUM,10,9ee64a18-5a63-48a6-98db-aa74e51ade14,Clinical Dietitian,Clinical,title,Food & Culinary,"Hospitality & Events,Business & Finance",Healthcare & Medicine / Science & Research,2026-04-22T02:52:32.271017+00:00,"You create personalized nutrition plans that help patients manage diseases, recover from surgery, and feel their best by translating complex medical science into food choices they can actually stick with."
MEDIUM,10,af145cc8-c727-4973-a952-8821f2ef26e0,Clinical Nutritionist,Clinical,title,Food & Culinary,"Hospitality & Events,Business & Finance,Architecture & Urban Planning",Healthcare & Medicine / Science & Research,2026-04-22T02:52:31.845128+00:00,"You assess clients' eating habits and design personalized meal plans to prevent disease, manage chronic conditions, and help people feel their best through science-backed nutrition strategies."
LOW,10,d108d219-714d-4ddd-b77e-fa32b235d817,Commodities Trader,Supply Chain,description,Business & Finance,"Entrepreneurship,Law & Government",Supply Chain & Operations,2026-04-22T06:25:50.312635+00:00,"You analyze market trends, buy and sell commodities like oil, metals, and agriculture products, making split-second decisions that move millions of dollars and influence global supply chains."
LOW,10,18408074-34a6-4bc7-8573-3f00e9c72e5a,Commodity Trading Analyst,Supply Chain,description,Business & Finance,"Entrepreneurship,Tech & Engineering",Supply Chain & Operations,2026-04-27T07:58:02.130786+00:00,"You analyze global commodity markets—oil, metals, agriculture—to predict price movements and advise clients on buying, selling, or hedging strategies that shape supply chains and investment portfolios."
MEDIUM,10,5aa6010e-263a-4b78-a056-bde1159906b5,Compliance Officer,Compliance,title,Education & Coaching,"Social Impact & Nonprofit,Tech & Engineering,Science & Research",Law & Government / Business & Finance / Healthcare & Medicine / Cybersecurity / Environment & Sustainability / Supply Chain & Operations,2026-04-22T02:52:29.646164+00:00,"You ensure organizations follow complex government regulations, developing policies, training employees, and investigating potential violations before regulators do. Your expertise prevents companies from facing massive fines, lawsuits, or criminal charges."
LOW,10,e4d80d16-7fca-4ed6-bac5-2f6b1f751a38,Conductor,Orchestra,description,Supply Chain & Operations,"Business & Finance,Tech & Engineering,Science & Research",Arts & Performance,2026-04-22T02:52:34.239097+00:00,"You lead orchestras and ensembles through rehearsals and performances, shaping every musical detail with your baton and vision to create powerful collective experiences."
LOW,10,03da94b3-8d37-4a09-b0ad-f8352a3ca0fe,Convention & Visitors Bureau Director,Hotel,description,Gaming & Esports,"Tech & Engineering,Marketing & Communications,Science & Research",Hospitality & Events,2026-04-22T02:52:33.087307+00:00,"You attract visitors and events to your city by promoting attractions, managing tourism marketing campaigns, and partnering with hotels and businesses to grow the local economy."
LOW,10,00ef9938-9c88-4c9c-9197-093e59b9bcea,Costume Designer,Actor,description,Sports & Fitness,"Healthcare & Medicine,Marketing & Communications,Architecture & Urban Planning",Arts & Performance / Media & Journalism,2026-04-22T02:52:30.47108+00:00,"You research time periods and character personalities to create wardrobes for film, theater, and TV productions. Your designs help actors transform into their characters and transport audiences to different worlds."
LOW,10,d6c81f43-b70b-4288-baa4-96997584b98e,Costume Rental Business Owner,Performer,description,Fashion & Beauty,"Hospitality & Events,Design & Creative",Arts & Performance / Sports & Fitness,2026-04-22T02:52:29.646164+00:00,"You curate, maintain, and rent elaborate costumes to theaters, film productions, and event planners, transforming your creative inventory into profitable experiences while building relationships with performers and production teams."
MEDIUM,10,a22c5f97-64dc-4519-a8d9-f6320db69921,CRISPR Gene Editor,Editor,title,Science & Research,"Healthcare & Medicine,Tech & Engineering",Media & Journalism / Design & Creative / Arts & Performance / Marketing & Communications,2026-07-24T03:19:42.262896+00:00,"You design and conduct precise genetic experiments using CRISPR technology to edit DNA, potentially curing diseases and advancing human health through cutting-edge molecular precision."
MEDIUM,10,c7936700-3e3e-4607-9113-8e1fcd90d735,CrossFit Coach,Coach,title,Gaming & Esports,"Tech & Engineering,Marketing & Communications,Science & Research",Sports & Fitness / Education & Coaching / Business & Finance / Social Impact & Nonprofit,2026-04-22T02:52:32.905098+00:00,"You design personalized workout programs, demonstrate proper techniques, and motivate athletes through intense group classes and one-on-one training sessions while building a supportive fitness community."
LOW,10,83a89c3c-22d1-4af2-9547-d14196deb272,Cryptography Engineer,Actor,description,Cybersecurity,"Tech & Engineering,Law & Government,Architecture & Urban Planning",Arts & Performance / Media & Journalism,2026-04-22T02:52:32.271017+00:00,"You design and build unbreakable codes and security systems that protect everything from bank transactions to government secrets, making sure bad actors can't steal or access sensitive information."
LOW,10,08571bc2-35d3-48ca-a015-80e87e72d1c1,Eco-Friendly Product Founder,Supply Chain,description,Entrepreneurship,"Environment & Sustainability,Design & Creative",Supply Chain & Operations,2026-06-29T04:28:43.320081+00:00,"You design and launch sustainable products that replace harmful alternatives, testing prototypes, managing supply chains, and convincing customers and investors that doing good for the planet is good business."
LOW,10,eb3c8236-57eb-47ee-9caf-1ff79e823f63,Editorial Director,Journalist,description,Science & Research,"Healthcare & Medicine,Tech & Engineering,Architecture & Urban Planning",Media & Journalism,2026-04-22T02:52:33.295118+00:00,"You shape the voice and vision of publications by guiding writers, designers, and journalists to create compelling stories that inform and inspire millions of readers across print and digital platforms."
MEDIUM,10,51f813d4-3c1d-47d9-97ce-891d299581f0,Fabric Quality Inspector,Inspector,title,Fashion & Beauty,"Design & Creative,Business & Finance",Law & Government / Environment & Sustainability / Architecture & Urban Planning / Supply Chain & Operations / Food & Culinary / Aviation & Transportation,2026-06-26T04:14:36.943299+00:00,"You meticulously inspect fabrics for defects, color consistency, and quality standards, ensuring every garment that reaches customers meets brand excellence."
LOW,10,91a1ba98-abee-441d-827c-b70fe816abea,Fair Trade Advocate,Supply Chain,description,Social Impact & Nonprofit,"Law & Government,Education & Coaching",Supply Chain & Operations,2026-05-18T02:13:35.633599+00:00,"You investigate supply chains, certify ethical producers, and campaign for fair wages—turning corporate accountability into real change for workers worldwide."
LOW,10,baa57d92-fe86-4266-a03d-47a2e22c9aee,Financial Crime Analyst,Actor,description,Law & Government,"Business & Finance,Social Impact & Nonprofit,Science & Research",Arts & Performance / Media & Journalism,2026-04-22T02:52:30.082186+00:00,"You dig through financial records and transactions to catch criminals, money laundering schemes, and fraud—protecting companies and banks from losing millions while helping law enforcement build cases that put bad actors away."
LOW,10,36d61545-c9ef-4549-8a93-7292116c927e,Fluid Dynamics Engineer,Aircraft,description,Science & Research,"Tech & Engineering,Environment & Sustainability",Aviation & Transportation,2026-04-22T06:27:22.580869+00:00,"You model how fluids move through engines, pipes, and aircraft wings, using supercomputers and wind tunnels to solve physics puzzles that make everything from cars to rockets work better."
LOW,10,3e06eadc-62c1-4ccf-9135-37cd4eb9fe09,Food Tech Innovator,Supply Chain,description,Entrepreneurship,"Science & Research,Environment & Sustainability",Supply Chain & Operations,2026-07-15T02:53:01.530543+00:00,"You develop cutting-edge food products and business models that solve real hunger, nutrition, or sustainability problems—from lab-grown proteins to AI-powered supply chains—while building a company from scratch."
LOW,10,594bc14b-af6f-4634-b11c-e2945866604f,Food Waste Reduction Specialist,Supply Chain,description,Environment & Sustainability,"Social Impact & Nonprofit,Business & Finance",Supply Chain & Operations,2026-08-02T03:29:40.977144+00:00,"You analyze food supply chains, design waste reduction strategies, and partner with restaurants, grocers, and farms to divert thousands of pounds of food from landfills each year."
MEDIUM,10,87aa195e-63c0-4f54-8e62-10a0f0be46f4,Genetic Testing Counselor,Counselor,title,Supply Chain & Operations,"Business & Finance,Tech & Engineering,Science & Research",Healthcare & Medicine / Education & Coaching / Social Impact & Nonprofit / Law & Government,2026-04-22T02:52:34.616352+00:00,"You help patients understand genetic test results and their health implications, translating complex science into clear guidance that empowers families to make informed medical decisions."
MEDIUM,10,807c73c6-2c0d-4abb-8bdb-ed2c8748d3a0,Genomic Counselor,Counselor,title,Supply Chain & Operations,"Business & Finance,Tech & Engineering,Science & Research",Healthcare & Medicine / Education & Coaching / Social Impact & Nonprofit / Law & Government,2026-04-22T02:52:31.392704+00:00,"You interpret genetic test results and guide patients through the medical and emotional implications of their DNA, helping families make informed decisions about their health and futures."
MEDIUM,10,9bb8b88b-9b21-4006-bf16-c1c1d3f2e327,Grief Counselor,Counselor,title,Tech & Engineering,"Business & Finance,Design & Creative",Healthcare & Medicine / Education & Coaching / Social Impact & Nonprofit / Law & Government,2026-04-22T02:52:30.47108+00:00,"You sit with people in their darkest moments, listening deeply and helping them process loss and grief so they can slowly rebuild meaning in their lives."
MEDIUM,10,1346d6a5-ede7-44a8-9188-13a73e8b0fec,Gymnastics Coach,Coach,title,Environment & Sustainability,"Science & Research,Law & Government,Tech & Engineering",Sports & Fitness / Education & Coaching / Business & Finance / Social Impact & Nonprofit,2026-04-22T02:52:33.86077+00:00,"You teach young athletes essential gymnastics skills while building their confidence, strength, and discipline through hands-on instruction, spotting, and personalized feedback in a dynamic gym environment."
MEDIUM,10,ddc934d7-12a8-425a-bb86-5c1f63eae865,Hospital Administrator,Hospital,title,Gaming & Esports,"Tech & Engineering,Marketing & Communications,Social Impact & Nonprofit",Healthcare & Medicine,2026-04-22T02:52:29.646164+00:00,"You manage the day-to-day operations of a hospital or healthcare facility, making critical decisions about budgets, staff, and patient services that directly impact the health and safety of thousands of people in your community."
MEDIUM,10,6cb37cca-e4a2-4826-bd97-2dc597d3020f,Hospital Chaplain,Hospital,title,Gaming & Esports,"Tech & Engineering,Marketing & Communications,Science & Research",Healthcare & Medicine,2026-04-22T02:52:31.845128+00:00,"You provide spiritual and emotional support to patients and families during their most vulnerable moments in hospitals, offering comfort, counseling, and faith-based guidance across all beliefs."
LOW,10,64a85153-fe30-4a8a-b2a7-392bab2f8d0c,Housekeeping Manager,Hotel,description,Supply Chain & Operations,"Business & Finance,Tech & Engineering,Science & Research",Hospitality & Events,2026-04-22T02:52:34.05043+00:00,"You oversee cleaning teams and maintain spotless hotels, resorts, or event venues, ensuring guests experience immaculate spaces that shape their entire stay."
LOW,10,6dfe5acf-9683-4ddd-8fb1-676b3c5bb897,Lab Operations Manager,Supply Chain,description,Science & Research,"Healthcare & Medicine,Tech & Engineering",Supply Chain & Operations,2026-06-10T02:15:27.706573+00:00,"You oversee lab equipment, staff schedules, and supply chains to keep research moving forward, ensuring experiments run smoothly and safely every single day."
MEDIUM,10,037f4a3a-c8af-443f-84f9-28cafcff35d8,Literacy Coach,Coach,title,Fashion & Beauty,"Design & Creative,Marketing & Communications,Science & Research",Sports & Fitness / Education & Coaching / Business & Finance / Social Impact & Nonprofit,2026-04-22T02:52:30.655222+00:00,"You work alongside teachers to improve how reading and writing are taught in schools, modeling lessons and analyzing student work together. You're a behind-the-scenes expert who helps entire schools raise literacy levels."
LOW,10,7379b7a8-8fe7-4c5c-b4b6-ee8a9c09e3c1,Live Performance Rights Manager,Performer,description,Gaming & Esports,"Tech & Engineering,Marketing & Communications,Science & Research",Arts & Performance / Sports & Fitness,2026-04-22T02:52:30.655222+00:00,"You negotiate and manage the rights for artists and performers, ensuring they get paid every time their work is used—from radio broadcasts to streaming platforms—while building relationships with studios, venues, and media companies."
LOW,10,10884b89-8bdf-493c-aa27-f244e3ebcccf,Local Food Distribution Founder,Supply Chain,description,Entrepreneurship,"Environment & Sustainability,Social Impact & Nonprofit",Supply Chain & Operations,2026-07-03T03:50:13.161413+00:00,"You build the supply chain connecting local farmers directly to families and businesses, managing logistics, relationships, and operations to put fresh food on tables while supporting your community's economy."
LOW,10,b8790739-db13-4b86-bc5c-bd9efdf7fc33,Lodging Manager,Hotel,description,Supply Chain & Operations,"Business & Finance,Tech & Engineering,Science & Research",Hospitality & Events,2026-04-22T02:52:34.05043+00:00,"You run the day-to-day operations of hotels, motels, or bed-and-breakfasts—overseeing staff, handling guest complaints, and monitoring budgets. Your leadership ensures every guest walks in to a clean room and walks out with a great impression."
MEDIUM,10,7aa1e443-9bd4-4d12-a110-5bef8e4b77fd,Luxury Goods Inspector,Inspector,title,Fashion & Beauty,"Business & Finance,Design & Creative",Law & Government / Environment & Sustainability / Architecture & Urban Planning / Supply Chain & Operations / Food & Culinary / Aviation & Transportation,2026-06-22T02:45:07.486361+00:00,"You meticulously examine high-end fashion and beauty products for authenticity, quality, and craftsmanship, protecting luxury brands and customers from counterfeits and defects."
MEDIUM,10,a42839e8-5cbc-4527-9fc6-652ec6e21b05,Luxury Goods Quality Inspector,Inspector,title,Fashion & Beauty,"Design & Creative,Business & Finance",Law & Government / Environment & Sustainability / Architecture & Urban Planning / Supply Chain & Operations / Food & Culinary / Aviation & Transportation,2026-08-10T02:12:00.524013+00:00,"You meticulously examine luxury handbags, watches, and accessories under magnification to catch imperfections before they reach wealthy customers, ensuring every stitch and seam meets exacting standards."
MEDIUM,10,2fef7a85-61a1-4525-a43c-e3ed08596aca,Magazine Editor-in-Chief,Editor,title,Science & Research,"Healthcare & Medicine,Tech & Engineering",Media & Journalism / Design & Creative / Arts & Performance / Marketing & Communications,2026-04-22T02:52:30.655222+00:00,"You shape what millions read by selecting stories, directing writers, and making split-second calls on what matters—turning raw ideas into the magazine issues that define culture."
MEDIUM,10,42befc96-dbef-4ff9-acca-d8ce428fa9bc,Marathon Coach,Coach,title,Gaming & Esports,"Tech & Engineering,Marketing & Communications,Science & Research",Sports & Fitness / Education & Coaching / Business & Finance / Social Impact & Nonprofit,2026-04-22T02:52:34.239097+00:00,"You design personalized training plans, push athletes through grueling workouts, and celebrate their finish-line victories—transforming runners into marathon finishers."
LOW,10,4774fc21-d6b4-4da2-97c5-a4334483097b,Media Relations Manager,Journalist,description,Marketing & Communications,"Business & Finance,Design & Creative,Entrepreneurship",Media & Journalism,2026-04-22T02:52:30.264317+00:00,"You craft and pitch compelling stories about your organization to journalists and the public, managing media coverage and shaping how the world perceives your brand or mission."
LOW,10,ec30490d-ad45-422e-94a6-36174fe224c9,Media Researcher,Journalist,description,Social Impact & Nonprofit,"Education & Coaching,Law & Government,Science & Research",Media & Journalism,2026-04-22T02:52:33.477982+00:00,"You gather background information, verify facts, and compile data that producers and journalists need to create accurate content. Your research forms the foundation of news segments, documentaries, and in-depth features."
MEDIUM,10,e21ba8ab-eb8c-4b03-912f-16e24e4992f9,Medical Device Engineer,Medical,title,Law & Government,"Business & Finance,Social Impact & Nonprofit,Architecture & Urban Planning",Healthcare & Medicine / Science & Research,2026-04-22T02:52:31.660242+00:00,You design and develop life-saving medical devices—from insulin pumps to surgical robots—by combining engineering expertise with healthcare innovation to solve real patient problems.
MEDIUM,10,9456a2e9-4934-4205-837d-9af9f1d26ad1,Medical Device Sales Representative,Medical,title,Entrepreneurship,"Business & Finance,Tech & Engineering,Architecture & Urban Planning",Healthcare & Medicine / Science & Research,2026-04-22T02:52:31.845128+00:00,"You pitch cutting-edge medical devices to hospitals and clinics, building relationships with doctors and administrators while solving real healthcare problems and earning commissions based on the lives your products will improve."
MEDIUM,10,246ebdb5-44c2-4250-aebc-6e90f90129e2,Medical Device Salesperson,Medical,title,Entrepreneurship,"Business & Finance,Tech & Engineering,Architecture & Urban Planning",Healthcare & Medicine / Science & Research,2026-04-22T02:52:33.675655+00:00,"You pitch cutting-edge medical devices to hospitals and clinics, building relationships with doctors and administrators while solving real healthcare challenges and earning commissions based on your sales success."
MEDIUM,10,89c91c99-7fe8-43c4-af6a-34ebd835dc69,Medical School Admissions Counselor,Medical,title,Education & Coaching,"Social Impact & Nonprofit,Tech & Engineering,Architecture & Urban Planning",Healthcare & Medicine / Science & Research,2026-04-22T02:52:32.680575+00:00,"You guide ambitious pre-med students through the competitive medical school application process, reviewing essays, advising on clinical experiences, and strategizing their candidacy to land acceptances at top programs."
LOW,10,cbfb113d-d5d5-41c9-a016-27727bd26878,Metallurgist,Aircraft,description,Science & Research,"Tech & Engineering,Environment & Sustainability",Aviation & Transportation,2026-07-18T02:55:04.791024+00:00,"You analyze and transform raw metals and minerals into high-performance materials, testing their properties in labs and foundries to create everything from aircraft parts to smartphone components."
LOW,10,be7f6e66-fca2-4f6b-a416-5fe8d5aef429,Opera House Director,Performer,description,Science & Research,"Healthcare & Medicine,Tech & Engineering,Architecture & Urban Planning",Arts & Performance / Sports & Fitness,2026-04-22T02:52:33.86077+00:00,You orchestrate every detail of an opera house's artistic vision and operations—from selecting world-class performers and designing seasons to managing budgets and building audiences—creating unforgettable cultural experiences that move thousands.
LOW,10,2c896c2c-5b5c-4942-8cc4-2b4f4093da1b,Opera House Manager,Performer,description,Hospitality & Events,"Food & Culinary,Marketing & Communications,Science & Research",Arts & Performance / Sports & Fitness,2026-04-22T02:52:29.422718+00:00,You orchestrate every detail of an opera house's operations—from booking world-class performers and managing budgets to ensuring flawless performances and creating unforgettable experiences for thousands of patrons.
MEDIUM,10,f9932587-8489-463d-bac4-09cfb2c48418,Photography Editor,Editor,title,Science & Research,"Healthcare & Medicine,Tech & Engineering",Media & Journalism / Design & Creative / Arts & Performance / Marketing & Communications,2026-04-22T02:52:34.239097+00:00,"You curate, enhance, and perfect visual stories by selecting, editing, and color-grading photographs to tell compelling narratives that shape how millions see the world."
MEDIUM,10,ed5a5441-0fb8-497d-ac79-7affc15bc9c1,Pickleball Coach,Coach,title,Gaming & Esports,"Tech & Engineering,Marketing & Communications,Architecture & Urban Planning",Sports & Fitness / Education & Coaching / Business & Finance / Social Impact & Nonprofit,2026-04-22T02:52:29.206458+00:00,"You teach players of all ages the fundamentals and strategy of pickleball, running drills on outdoor courts and building a thriving community around this fast-growing sport."
LOW,10,8a7b8a97-d09e-4766-a214-4640b6f7df48,Print Designer,Typograph,description,Science & Research,"Healthcare & Medicine,Tech & Engineering,Architecture & Urban Planning",Design & Creative / Arts & Performance,2026-04-22T02:52:32.086589+00:00,"You transform ideas into visuals by designing layouts, selecting typography, and creating stunning printed materials—from brochures to packaging—that grab attention and communicate messages clearly."
LOW,10,67ecd732-aed6-44f9-a90d-b0dec8512408,Publication Designer,Typograph,description,Science & Research,"Healthcare & Medicine,Tech & Engineering,Architecture & Urban Planning",Design & Creative / Arts & Performance,2026-04-22T02:52:33.087307+00:00,"You design beautiful, functional layouts for magazines, books, and digital publications—choosing typography, imagery, and visual hierarchy to tell stories that captivate readers."
LOW,10,dd07966d-e946-483e-93ad-893d0e0fa1cf,Publisher Relations Manager,Journalist,description,Marketing & Communications,"Business & Finance,Design & Creative,Science & Research",Media & Journalism,2026-04-22T02:52:29.422718+00:00,"You build and maintain relationships with media outlets and journalists, pitching stories and managing communications that get your organization's message into the news."
MEDIUM,10,fee8b398-e0f8-4673-b134-4efe6305bdf3,Publishing Acquisitions Editor,Editor,title,Entrepreneurship,"Business & Finance,Tech & Engineering",Media & Journalism / Design & Creative / Arts & Performance / Marketing & Communications,2026-04-22T02:52:31.660242+00:00,"You discover and champion manuscripts that become bestsellers, reading pitches and manuscripts to decide which stories deserve publication while shaping what millions of readers encounter."
LOW,10,38dd3be2-42b9-4746-a7b0-41ce36689b12,Puppetry Director,Performer,description,Science & Research,"Healthcare & Medicine,Tech & Engineering,Architecture & Urban Planning",Arts & Performance / Sports & Fitness,2026-04-22T02:52:33.087307+00:00,"You bring stories to life by directing puppet performers, designing intricate movements, and crafting emotional narratives that captivate audiences of all ages through innovative theatrical productions."
MEDIUM,10,7276d1f2-a16d-4067-ab87-62ee8772ab90,Rugby Coach,Coach,title,Gaming & Esports,"Tech & Engineering,Marketing & Communications,Science & Research",Sports & Fitness / Education & Coaching / Business & Finance / Social Impact & Nonprofit,2026-04-22T02:52:32.271017+00:00,"You train athletes to master rugby tactics, build physical strength, and develop teamwork while leading practices, analyzing game footage, and pushing players to compete at their highest level."
LOW,10,fe09d3cb-afad-4628-911c-017a62b780d9,Set Designer (Film & TV),Actor,description,Science & Research,"Healthcare & Medicine,Tech & Engineering,Architecture & Urban Planning",Arts & Performance / Media & Journalism,2026-04-22T02:52:30.082186+00:00,"You transform scripts into immersive visual worlds by designing and building physical sets for film and television productions, shaping every detail that actors perform within and audiences see on screen."
LOW,10,d6ec233a-e9bf-4ccf-b3ed-be474e41edfe,Signage and Wayfinding Designer,Typograph,description,Healthcare & Medicine,"Science & Research,Tech & Engineering,Architecture & Urban Planning",Design & Creative / Arts & Performance,2026-04-22T02:52:30.655222+00:00,"You design clear, creative visual systems that guide people through spaces—from airport terminals to hospital corridors—solving real navigation problems with bold typography, color, and strategic placement."
LOW,10,31155388-b1c3-425f-b2aa-39bb30739595,Spa Director,Hotel,description,Fashion & Beauty,"Design & Creative,Marketing & Communications,Healthcare & Medicine",Hospitality & Events,2026-04-22T02:52:30.47108+00:00,"You oversee all operations of hotel or resort spas—hiring therapists, designing treatment menus, and ensuring guests leave deeply relaxed. Your business savvy and wellness expertise create profitable sanctuaries of self-care."
LOW,10,57bed206-78d9-4ffc-aabd-7bae27487ede,Specialty Food Brand Founder,Culinary,description,Entrepreneurship,"Business & Finance,Design & Creative",Food & Culinary / Hospitality & Events,2026-05-03T01:51:45.746394+00:00,"You develop unique food products, build your brand story, and grow a business from concept to store shelves—blending culinary creativity with marketing savvy and hands-on entrepreneurial grit."
LOW,10,e88cd8b4-b70f-4f61-8331-d1e8cb115cb1,Specialty Food Product Founder,Supply Chain,description,Entrepreneurship,"Business & Finance,Design & Creative",Supply Chain & Operations,2026-06-28T04:22:18.268218+00:00,"You develop, test, and market unique food products—from artisan sauces to plant-based snacks—managing everything from recipe perfection to supply chains and customer feedback."
LOW,10,b4e4804d-327f-483b-8237-aac125625077,Sports Information Director,Journalist,description,Sports & Fitness,"Healthcare & Medicine,Marketing & Communications,Science & Research",Media & Journalism,2026-04-22T02:52:30.47108+00:00,"You manage media relations for college or professional sports teams, writing press releases, compiling statistics, and coordinating interviews between athletes and journalists. Your work shapes how teams are portrayed in the media and builds their public image."
LOW,10,ad3ef235-727f-4b5a-912c-6b9b0ffbf62c,Talent Agent,Musician,description,Marketing & Communications,"Business & Finance,Design & Creative,Science & Research",Arts & Performance,2026-04-22T02:52:33.86077+00:00,"You discover and represent talented actors, musicians, and athletes, negotiating deals and managing their careers while building their brands into household names."
MEDIUM,10,a99a5ffd-cc20-4b03-8ea9-0310d57fcd64,Textile Quality Assurance Inspector,Inspector,title,Marketing & Communications,"Business & Finance,Design & Creative,Science & Research",Law & Government / Environment & Sustainability / Architecture & Urban Planning / Supply Chain & Operations / Food & Culinary / Aviation & Transportation,2026-04-22T02:52:34.616352+00:00,"You inspect fabrics and finished garments for defects, color consistency, and quality standards—catching problems before products reach customers and ensuring brands maintain their reputation."
MEDIUM,10,faa72a6c-e66c-469e-b34c-306b4a987661,Textile Quality Control Inspector,Inspector,title,Fashion & Beauty,"Science & Research,Tech & Engineering",Law & Government / Environment & Sustainability / Architecture & Urban Planning / Supply Chain & Operations / Food & Culinary / Aviation & Transportation,2026-06-20T02:15:40.972769+00:00,"You inspect fabrics and finished garments for defects, color inconsistencies, and quality standards, ensuring every piece meets brand specifications before it reaches customers."
MEDIUM,10,1377a2ea-e42b-488a-9733-32fcb9856b19,Textile Quality Inspector,Inspector,title,Marketing & Communications,"Business & Finance,Design & Creative,Media & Journalism",Law & Government / Environment & Sustainability / Architecture & Urban Planning / Supply Chain & Operations / Food & Culinary / Aviation & Transportation,2026-04-22T02:52:34.465719+00:00,"You meticulously examine fabrics and finished garments for defects, color consistency, and quality standards—ensuring every piece meets brand expectations before it reaches customers."
MEDIUM,10,1225f289-838c-4818-adfe-fe7108f20cf2,Textiles Quality Control Inspector,Inspector,title,Fashion & Beauty,"Design & Creative,Science & Research",Law & Government / Environment & Sustainability / Architecture & Urban Planning / Supply Chain & Operations / Food & Culinary / Aviation & Transportation,2026-05-16T02:00:36.54075+00:00,"You inspect fabrics and garments for defects, color consistency, and quality standards—catching issues before products reach customers and ensuring every piece meets brand expectations."
LOW,10,f32ff43f-77f0-4665-80af-20ff98cffe1d,Theatrical Prop Designer,Actor,description,Food & Culinary,"Hospitality & Events,Business & Finance,Architecture & Urban Planning",Arts & Performance / Media & Journalism,2026-04-22T02:52:32.271017+00:00,"You research, design, and build the objects actors handle on stage—from realistic food to magical artifacts that transform during performances. Your craft combines historical research, sculpting, and creative problem-solving under tight deadlines."
LOW,10,0e891500-52d6-40bb-884e-b558f5b9b2a8,Wig Designer,Performer,description,Science & Research,"Healthcare & Medicine,Tech & Engineering,Architecture & Urban Planning",Arts & Performance / Sports & Fitness,2026-04-22T02:52:30.655222+00:00,"You craft custom wigs and hairpieces that transform actors, performers, and clients by blending design creativity with technical skill, bringing characters to life and boosting confidence one head at a time."
LOW,10,ed0c1c14-e039-4a25-ae6f-d61363c04866,Wig Technician,Performer,description,Fashion & Beauty,"Design & Creative,Marketing & Communications,Science & Research",Arts & Performance / Sports & Fitness,2026-04-22T02:52:31.845128+00:00,"You create, style, and maintain custom wigs and hairpieces for performers, patients, and clients, transforming their appearance and boosting their confidence with precision craftsmanship and creative flair."
LOW,10,a6c5d501-acc1-41a9-9257-986891deb762,Wildlife Rehabilitator,Nurse,description,Environment & Sustainability,"Science & Research,Law & Government",Healthcare & Medicine,2026-04-22T02:52:34.239097+00:00,"You nurse injured and orphaned wildlife back to health, performing medical care and rehabilitation in sanctuaries and release programs that restore animals to the wild."
LOW,8,6cd8daaf-9be8-413c-b2ae-c27449fa7daa,Activewear Designer,Fitness,description,Fashion & Beauty,"Design & Creative,Marketing & Communications,Architecture & Urban Planning",Sports & Fitness / Healthcare & Medicine,2026-04-22T02:52:32.086589+00:00,"You design high-performance clothing that keeps athletes moving, sketching innovative activewear pieces and selecting fabrics that blend style with function to help people crush their fitness goals."
LOW,8,28ae8f72-5006-42af-a07a-6b1bedb4f797,Advanced Placement (AP) Test Coordinator,Logistics,description,Education & Coaching,"Business & Finance,Law & Government",Supply Chain & Operations / Aviation & Transportation,2026-07-22T03:18:15.770315+00:00,"You orchestrate the logistics and administration of AP exams for your school, managing registrations, proctoring schedules, test security protocols, and student accommodations to ensure hundreds of students can successfully demonstrate their mastery."
LOW,8,99cd0e08-c663-4d5b-9b9c-4d15e288877f,Adventure Travel Coordinator,Logistics,description,Hospitality & Events,"Entrepreneurship,Environment & Sustainability",Supply Chain & Operations / Aviation & Transportation,2026-06-23T04:04:37.622645+00:00,"You design and execute thrilling multi-day expeditions—rock climbing in Patagonia, kayaking through fjords, safari adventures—handling logistics, safety, client communication, and unforgettable moments from start to finish."
LOW,8,37737717-2ef7-48a7-9006-83bacb9bf09f,Artisanal Food Producer,Marketing,description,Entrepreneurship,"Environment & Sustainability,Design & Creative",Marketing & Communications / Business & Finance / Media & Journalism,2026-04-22T02:52:34.465719+00:00,"You craft small-batch foods—from artisan cheese to sourdough bread to pickled vegetables—building a loyal customer base through farmers markets, online sales, and local restaurants while managing every aspect from sourcing ingredients to packaging and marketing."
LOW,8,67ab48b9-6ca6-4b57-804f-d7a7fdffa1bb,Artist Residency Coordinator,Logistics,description,Arts & Performance,"Hospitality & Events,Social Impact & Nonprofit",Supply Chain & Operations / Aviation & Transportation,2026-04-27T07:57:44.899938+00:00,"You curate studio spaces, match artists with residency opportunities, and manage logistics so creative minds can focus entirely on making their best work."
LOW,8,d20bf9a4-db65-4ce8-801a-e641829eb121,Artist Residency Program Manager,Logistics,description,Arts & Performance,"Education & Coaching,Entrepreneurship",Supply Chain & Operations / Aviation & Transportation,2026-06-12T02:33:46.404023+00:00,"You curate transformative creative spaces by recruiting artists, designing residency programs, and managing logistics so emerging talent can focus entirely on making bold work."
LOW,8,3f45fb90-0589-4556-87fa-d0323a7df4a1,Artist-in-Residence Coordinator,Logistics,description,Arts & Performance,"Education & Coaching,Hospitality & Events",Supply Chain & Operations / Aviation & Transportation,2026-07-19T03:25:35.798683+00:00,"You curate, manage, and support visiting artists through residency programs, handling everything from studio logistics to community events while connecting creative talent with institutional resources and audiences."
LOW,8,65caa85a-ff60-4e50-9f02-ef4d1fda08b6,Arts Accessibility Coordinator,Theater,description,Gaming & Esports,"Tech & Engineering,Marketing & Communications,Science & Research",Arts & Performance,2026-04-22T02:52:34.05043+00:00,"You design and implement accessibility solutions for theaters, galleries, and performance venues, ensuring disabled audiences can fully experience art through adaptive technologies, sensory accommodations, and inclusive programming."
LOW,8,35596978-4721-438e-9436-0596c964c110,Arts Administrator,Theater,description,Gaming & Esports,"Tech & Engineering,Marketing & Communications,Supply Chain & Operations",Arts & Performance,2026-04-22T02:52:29.206458+00:00,"You orchestrate the behind-the-scenes magic of theaters, museums, and performance venues—managing budgets, coordinating events, handling logistics, and connecting artists with audiences to keep cultural institutions thriving."
LOW,8,683b6489-3b61-45bf-9489-68304e239d0f,Arts Educator,Theatre,description,Education & Coaching,"Social Impact & Nonprofit,Tech & Engineering,Science & Research",Arts & Performance,2026-04-22T02:52:29.422718+00:00,"You inspire students to express themselves through painting, music, theatre, or dance while building their confidence and creative skills in dynamic classroom and studio settings."
LOW,8,4ab6ea6d-20de-4533-80f6-d50d796c574a,Arts Residency Coordinator,Logistics,description,Arts & Performance,"Education & Coaching,Social Impact & Nonprofit",Supply Chain & Operations / Aviation & Transportation,2026-06-23T04:02:48.068967+00:00,"You curate and manage immersive artist residency programs, matching talented creators with studios, funding, and mentorship while handling logistics, partnerships, and community impact."
LOW,8,57f67a90-d7a5-46e7-87ee-b3782414be96,Astrochemist,Makeup,description,Science & Research,"Healthcare & Medicine,Tech & Engineering,Architecture & Urban Planning",Fashion & Beauty / Arts & Performance / Media & Journalism,2026-04-22T02:52:34.465719+00:00,"You study the chemical makeup of stars, planets, and interstellar space using telescope data and laboratory simulations. Your research on space molecules helps explain how organic compounds—the building blocks of life—form throughout the universe."
LOW,8,1cf5ac86-81ce-4f0f-9408-e82cccddd041,Audio Engineer (Recording Studio),Software,description,Media & Journalism,"Arts & Performance,Design & Creative",Tech & Engineering / Gaming & Esports / Cybersecurity,2026-07-17T03:17:48.796617+00:00,"You capture, mix, and master sound recordings by operating complex equipment and using software to shape how artists' voices and instruments sound to the world."
LOW,8,36a016d3-e356-47b7-b16c-cfd562203f31,Band Manager,Logistics,description,Arts & Performance,"Business & Finance,Entrepreneurship",Supply Chain & Operations / Aviation & Transportation,2026-08-07T02:55:27.419977+00:00,"You juggle contracts, tour logistics, and creative vision as the business backbone of a music group, negotiating deals and solving problems so your artists can focus on making hits."
LOW,8,cb02dae1-720e-42ba-82a2-798c1afa5d67,Biomechanics Research Specialist,Software,description,Sports & Fitness,"Healthcare & Medicine,Science & Research",Tech & Engineering / Gaming & Esports / Cybersecurity,2026-04-22T02:52:33.295118+00:00,"You analyze how bodies move and perform, using sensors and software to help athletes move faster and prevent injuries by uncovering the biomechanics behind every jump, sprint, and throw."
LOW,8,412fc54a-9d79-4681-8721-47db747da8f4,Bridal Stylist,Makeup,description,Supply Chain & Operations,"Business & Finance,Tech & Engineering,Science & Research",Fashion & Beauty / Arts & Performance / Media & Journalism,2026-04-22T02:52:32.496342+00:00,"You transform brides into their most radiant selves by curating stunning wedding looks—from gowns and accessories to hair and makeup—while managing timelines, budgets, and those crucial pre-wedding jitters."
LOW,8,28c669b2-396d-4618-80ff-c9f4284f989c,Broadcasting Director,Broadcast,description,Science & Research,"Healthcare & Medicine,Tech & Engineering,Marketing & Communications",Media & Journalism / Arts & Performance,2026-04-22T02:52:31.660242+00:00,"You orchestrate live broadcasts and studio productions, making split-second decisions to manage cameras, audio, graphics, and talent while commanding a control room team to deliver compelling content to thousands of viewers."
LOW,8,876c7b93-655b-478c-af03-557d12a71aff,Ceramic Artist Studio Owner,Marketing,description,Arts & Performance,"Entrepreneurship,Design & Creative",Marketing & Communications / Business & Finance / Media & Journalism,2026-06-14T02:37:17.60716+00:00,"You design and craft beautiful ceramic pieces in your own studio, then sell them directly to customers while managing the business side—from marketing to finances to fulfilling orders."
LOW,8,ca28a191-4882-465b-ab4a-3404799f46df,Classical Music Impresario,Logistics,description,Arts & Performance,"Business & Finance,Hospitality & Events",Supply Chain & Operations / Aviation & Transportation,2026-05-24T02:09:22.901836+00:00,"You curate and produce world-class classical music performances, selecting repertoire and artists while managing every detail from venue logistics to audience experience, bringing timeless masterworks to life."
LOW,8,8b380c8b-4085-487f-b2ec-8b2b6dde3369,Climate Fintech Founder,Investment,description,Entrepreneurship,"Tech & Engineering,Environment & Sustainability",Business & Finance,2026-07-20T03:39:51.077611+00:00,"You build and scale tech companies that use finance and investment to solve climate change, combining coding, pitch decks, and investor meetings to turn green ideas into profitable businesses."
LOW,8,e0795c5d-d390-4161-b26f-e427e8dacfb2,Club Manager (Nightlife/Social),Logistics,description,Hospitality & Events,"Business & Finance,Entrepreneurship",Supply Chain & Operations / Aviation & Transportation,2026-06-11T02:39:13.522929+00:00,"You curate unforgettable nightlife experiences by managing staff, entertaining crowds, handling logistics, and building a thriving community of regular guests night after night."
LOW,8,4c02782e-e221-4cf0-b43a-6da4d104b69a,Coast Guard Officer,Maritime,description,Law & Government,"Healthcare & Medicine,Social Impact & Nonprofit",Aviation & Transportation / Supply Chain & Operations / Environment & Sustainability,2026-04-29T02:00:59.113899+00:00,"You patrol coastal waters and respond to emergencies, rescuing people in distress, enforcing maritime laws, and protecting America's shores with precision and courage."
LOW,8,02d6755b-6c1d-4b8c-bbaf-8189af076ad7,Color Grading Specialist (Textiles),Software,description,Fashion & Beauty,"Design & Creative,Science & Research",Tech & Engineering / Gaming & Esports / Cybersecurity,2026-05-30T02:02:38.956261+00:00,"You analyze and adjust fabric colors throughout production, using specialized software and eye-training to ensure every textile batch matches brand standards and customer expectations."
LOW,8,4fdd3728-84d4-40b8-ae8e-1d1afbff3c81,Color Grading Technician (Beauty Retail),Marketing,description,Fashion & Beauty,"Design & Creative,Tech & Engineering",Marketing & Communications / Business & Finance / Media & Journalism,2026-07-14T02:54:23.334819+00:00,"You analyze and adjust skin tones, undertones, and color palettes in beauty product photography and marketing materials to ensure accurate representation across different skin types and lighting conditions."
LOW,8,a3253baa-1b96-47ba-a650-38eedfea48aa,Commercial Real Estate Analyst,Investment,description,Fashion & Beauty,"Design & Creative,Marketing & Communications,Science & Research",Business & Finance,2026-04-22T02:52:29.646164+00:00,"You analyze property values, market trends, and investment potential to help companies and investors make profitable real estate decisions, spending your days diving into spreadsheets, property data, and financial forecasts."
LOW,8,3336eb72-cf33-4048-b50e-fd625ac715c1,Commercial Real Estate Appraiser,Investment,description,Science & Research,"Healthcare & Medicine,Tech & Engineering,Architecture & Urban Planning",Business & Finance,2026-04-22T02:52:33.86077+00:00,"You evaluate commercial properties like office buildings and shopping centers, using data analysis and site inspections to determine their market value and help clients make smart investment decisions."
LOW,8,2a860729-3426-4335-83dc-0a8f80196443,Community Benefit Agreement Negotiator,Developer,description,Social Impact & Nonprofit,"Law & Government,Architecture & Urban Planning",Tech & Engineering / Gaming & Esports / Cybersecurity / Media & Journalism,2026-08-12T02:27:24.841074+00:00,"You negotiate agreements between developers and communities to ensure projects deliver real benefits like jobs, affordable housing, and environmental protections while building trust across divided stakeholders."
LOW,8,8b27bac1-5b6e-46b6-8400-8f8b53f3fcb2,Community Outreach Coordinator,Nonprofit,description,Gaming & Esports,"Tech & Engineering,Marketing & Communications,Architecture & Urban Planning",Social Impact & Nonprofit / Business & Finance,2026-04-22T02:52:29.422718+00:00,"You build bridges between nonprofits and communities, designing programs that connect people to resources, opportunities, and each other while measuring real social change."
LOW,8,eae96896-c49e-4bb9-ab0e-128282f20a72,Community Outreach Manager,Nonprofit,description,Gaming & Esports,"Tech & Engineering,Marketing & Communications,Architecture & Urban Planning",Social Impact & Nonprofit / Business & Finance,2026-04-22T02:52:31.845128+00:00,"You build bridges between communities and nonprofits, designing programs that address real social problems and mobilizing volunteers, donors, and partners to create measurable change."
LOW,8,575cccef-af3d-48f8-8ce7-c89cdccfd7dd,Concert Promoter,Logistics,description,Arts & Performance,"Entrepreneurship,Hospitality & Events",Supply Chain & Operations / Aviation & Transportation,2026-05-15T02:07:50.44903+00:00,"You scout talent, book venues, coordinate logistics, and build buzz to sell out shows—turning artists' dreams into packed concert experiences that create unforgettable nights."
LOW,8,63b1b78f-09ec-4424-bf22-3df5240a6dab,Conference Center Director,Logistics,description,Hospitality & Events,"Business & Finance,Entrepreneurship",Supply Chain & Operations / Aviation & Transportation,2026-06-18T02:39:49.197753+00:00,You orchestrate every detail of conferences and events—from booking speakers and managing budgets to coordinating logistics and ensuring thousands of attendees have seamless experiences.
LOW,8,591622e9-f328-422d-87f6-d282ec79803a,Conference Operations Manager,Logistics,description,Hospitality & Events,"Business & Finance,Education & Coaching",Supply Chain & Operations / Aviation & Transportation,2026-05-10T01:56:17.553699+00:00,You orchestrate every detail of conferences and events—from logistics and budgets to speaker schedules and attendee experience—creating seamless experiences that bring professionals together.
LOW,8,ce03af0f-ea8b-479e-a8c2-8568e9576f4d,Conference Organizer,Logistics,description,Hospitality & Events,"Business & Finance,Media & Journalism",Supply Chain & Operations / Aviation & Transportation,2026-04-22T03:26:48.866302+00:00,You orchestrate every detail of conferences and events—from booking speakers and venues to managing budgets and logistics—creating memorable experiences that bring hundreds or thousands of people together.
LOW,8,c21d0c45-ca88-4a49-bd1c-d543b462e38c,Conference Planning Director,Logistics,description,Hospitality & Events,"Business & Finance,Media & Journalism",Supply Chain & Operations / Aviation & Transportation,2026-05-29T02:08:30.026095+00:00,"You orchestrate every detail of conferences—from venue logistics and speaker coordination to budget management and attendee experience—turning complex events into seamless, memorable gatherings that bring professionals together."
LOW,8,b4295f43-b94a-49e6-91b6-56efbd4db093,Conference Services Director,Logistics,description,Hospitality & Events,"Business & Finance,Education & Coaching",Supply Chain & Operations / Aviation & Transportation,2026-06-22T03:26:55.247158+00:00,You orchestrate every detail of conferences and large events—from booking speakers and managing budgets to coordinating logistics and ensuring attendees have seamless experiences.
LOW,8,8d5174cf-860a-4bdb-b9e4-7a02987d7f27,Convention Center Coordinator,Logistics,description,Hospitality & Events,Business & Finance,Supply Chain & Operations / Aviation & Transportation,2026-05-04T01:54:13.05175+00:00,"You orchestrate every detail of conventions and trade shows—from vendor logistics to stage setup to attendee flow—ensuring thousands of guests have a seamless, memorable experience."
LOW,8,d7f34fd4-6568-4300-8ac2-5d1cbbc1c0cc,Convention Center Director,Logistics,description,Hospitality & Events,Business & Finance,Supply Chain & Operations / Aviation & Transportation,2026-04-22T02:52:34.05043+00:00,"You orchestrate every detail of conferences, trade shows, and events—from booking speakers and managing vendor logistics to ensuring thousands of attendees have seamless experiences across multiple venues."
LOW,8,2581a638-3201-4892-bc46-48b2b5c8dcd0,Convention Manager,Logistics,description,Hospitality & Events,"Business & Finance,Media & Journalism",Supply Chain & Operations / Aviation & Transportation,2026-06-27T03:59:12.025473+00:00,"You orchestrate every detail of conferences, trade shows, and large events—from securing venues and negotiating vendor contracts to coordinating logistics and ensuring attendees have seamless experiences."
LOW,8,78b3f673-6c24-452a-acf8-8846f7fd4cf2,Corporate Event Coordinator,Logistics,description,Hospitality & Events,"Business & Finance,Design & Creative",Supply Chain & Operations / Aviation & Transportation,2026-04-22T02:52:33.295118+00:00,"You orchestrate every detail of corporate conferences, galas, and meetings—from vendor negotiations to guest logistics—creating seamless experiences that leave lasting impressions on hundreds of attendees."
LOW,8,39262a81-2f26-4c66-8eee-c48e1db6274e,Corporate Events Coordinator,Logistics,description,Hospitality & Events,"Business & Finance,Design & Creative",Supply Chain & Operations / Aviation & Transportation,2026-04-22T02:52:33.477982+00:00,"You orchestrate every detail of corporate conferences, galas, and team retreats—from venue selection to catering logistics to timeline management—ensuring executives and clients experience flawless, memorable events that strengthen business relationships."
LOW,8,83a54ea8-a52d-4bba-b847-8b46c60c3284,Corporate Meeting Planner,Logistics,description,Hospitality & Events,"Business & Finance,Design & Creative",Supply Chain & Operations / Aviation & Transportation,2026-06-06T02:07:26.380731+00:00,"You orchestrate every detail of corporate conferences, retreats, and events—from venue selection and vendor management to day-of logistics—creating seamless experiences that bring teams together and drive business results."
LOW,8,104f74db-06ab-4264-9884-8c8d6ac61e83,Corporate Retreat Planner,Logistics,description,Hospitality & Events,"Business & Finance,Design & Creative",Supply Chain & Operations / Aviation & Transportation,2026-04-25T06:07:14.077119+00:00,You orchestrate every detail of corporate retreats—from venue logistics and catering to team-building activities and speaker coordination—creating memorable experiences that strengthen company culture and boost employee engagement.
LOW,8,d534dba4-d70d-4692-a2d0-80de1b56ef7e,Corporate Skills Trainer,Software,description,Education & Coaching,"Business & Finance,Social Impact & Nonprofit",Tech & Engineering / Gaming & Esports / Cybersecurity,2026-04-22T02:52:31.660242+00:00,"You design and deliver training programs that help employees master new skills, from software systems to leadership techniques, watching them grow confident and competent in real time."
LOW,8,8e3c7a49-bd9e-424c-a54a-3d32367f5412,Corporate Treasurer,Investment,description,Arts & Performance,"Media & Journalism,Design & Creative,Science & Research",Business & Finance,2026-04-22T02:52:32.496342+00:00,"You manage a company's cash, investments, and financial strategy—making critical decisions that keep operations running smoothly and shareholders happy."
LOW,8,586fe6e2-0c27-4394-8fc9-4357af58285e,Costume Technician,Theater,description,Science & Research,"Healthcare & Medicine,Tech & Engineering,Architecture & Urban Planning",Arts & Performance,2026-04-22T02:52:30.082186+00:00,"You design, create, and maintain costumes for theater, film, and television productions, bringing characters to life through fabric, color, and craftsmanship while solving creative challenges under tight deadlines."
LOW,8,61937333-b3fc-4e63-bfa8-cae6693355f6,Cultural Heritage Preservationist,Conservation,description,Gaming & Esports,"Tech & Engineering,Marketing & Communications,Arts & Performance",Environment & Sustainability / Science & Research / Social Impact & Nonprofit,2026-04-22T02:52:29.422718+00:00,"You restore, document, and protect historical artifacts and cultural sites by researching their origins, managing conservation projects, and educating communities about their significance."
LOW,8,4134df2c-97ab-40cf-8c3c-de9d9ff4f8a7,Debate Tournament Director,Logistics,description,Education & Coaching,"Hospitality & Events,Law & Government",Supply Chain & Operations / Aviation & Transportation,2026-07-05T03:59:38.756714+00:00,"You orchestrate competitive debate tournaments by managing logistics, recruiting judges, developing competition formats, and ensuring fair adjudication that sharpens students' critical thinking and public speaking skills."
LOW,8,de3916da-79a2-4cfe-8ea2-33196b1d1062,Delivery Service Operator,Logistics,description,Entrepreneurship,"Business & Finance,Tech & Engineering",Supply Chain & Operations / Aviation & Transportation,2026-06-08T02:38:45.278093+00:00,"You build and run your own delivery business, managing routes, customers, and logistics while getting packages into people's hands fast and reliably."
LOW,8,d6802f33-1452-41de-9d0c-2dfe1d04105b,Destination Management Coordinator,Logistics,description,Hospitality & Events,"Business & Finance,Media & Journalism",Supply Chain & Operations / Aviation & Transportation,2026-07-10T03:52:06.299925+00:00,"You craft unforgettable travel experiences by coordinating logistics, attractions, and services that transform destinations into must-visit places for tourists and groups."
LOW,8,799f4e4a-88c5-4861-9980-807961970e6c,Destination Manager,Logistics,description,Hospitality & Events,"Business & Finance,Design & Creative",Supply Chain & Operations / Aviation & Transportation,2026-05-25T02:31:55.535964+00:00,"You curate unforgettable travel experiences by researching destinations, coordinating logistics, and crafting personalized itineraries that transform how people explore the world."
LOW,8,50e02e94-377d-426e-b983-82e3a5f6c711,Destination Wedding Designer,Logistics,description,Hospitality & Events,"Design & Creative,Entrepreneurship",Supply Chain & Operations / Aviation & Transportation,2026-04-22T03:26:45.57717+00:00,"You orchestrate every magical detail of luxurious weddings across exotic destinations—from venue scouting and vendor coordination to timeline management and on-site problem-solving—creating unforgettable celebrations while juggling logistics, budgets, and client dreams across multiple time zones."
LOW,8,6405b75c-6d11-499f-8654-29bfbde80c5c,Destination Wedding Specialist,Logistics,description,Hospitality & Events,"Design & Creative,Business & Finance",Supply Chain & Operations / Aviation & Transportation,2026-06-14T02:39:08.364444+00:00,"You orchestrate dream weddings across exotic global locations, coordinating vendors, logistics, and unforgettable moments from initial concept through the final dance."
LOW,8,be9bb7dd-a5b2-49db-8541-a4dd6bbebbdc,Development Coordinator,Nonprofit,description,Gaming & Esports,"Tech & Engineering,Marketing & Communications,Science & Research",Social Impact & Nonprofit / Business & Finance,2026-04-22T02:52:32.271017+00:00,"You organize programs, manage budgets, and coordinate volunteers to help nonprofits turn their mission into real change that improves people's lives."
LOW,8,9910e037-04c0-4d47-8b92-939d135cbe17,Documentary Distributor,Theater,description,Gaming & Esports,"Tech & Engineering,Marketing & Communications,Media & Journalism",Arts & Performance,2026-04-22T02:52:30.655222+00:00,"You curate, license, and distribute compelling documentaries to theaters, streaming platforms, and festivals, connecting powerful stories with audiences worldwide."
LOW,8,c9b2ef32-79d1-483a-8b83-5f63261417d5,E-Commerce Marketplace Operator,Logistics,description,Entrepreneurship,"Business & Finance,Tech & Engineering",Supply Chain & Operations / Aviation & Transportation,2026-06-24T04:05:23.727094+00:00,"You curate products, manage vendor relationships, and optimize the customer experience on your online marketplace platform—watching real-time sales data, handling logistics, and building a thriving digital storefront."
LOW,8,b49ddd80-0ac5-4be2-aeb9-9ca2089ccb45,Environmental Due Diligence Specialist,Investment,description,Environment & Sustainability,"Science & Research,Law & Government,Tech & Engineering",Business & Finance,2026-04-22T02:52:34.239097+00:00,"You investigate companies' environmental risks and compliance before major business deals, protecting investments by uncovering hidden pollution liabilities, regulatory violations, and climate exposure that could tank a project."
LOW,8,5f10d973-7f3a-4fcb-96ec-5bda090699ac,Event Coordinator (Corporate),Logistics,description,Hospitality & Events,"Business & Finance,Design & Creative",Supply Chain & Operations / Aviation & Transportation,2026-04-30T01:58:17.554452+00:00,You orchestrate every detail of corporate events—from venue selection and vendor management to day-of logistics—creating memorable experiences that strengthen business relationships and drive company culture.
LOW,8,d5219a9d-ffa4-4c18-a7b4-d3d1944eeead,Event Coordinator (Weddings),Logistics,description,Hospitality & Events,"Design & Creative,Business & Finance",Supply Chain & Operations / Aviation & Transportation,2026-06-04T02:41:21.280738+00:00,"You orchestrate every detail of weddings—from venue logistics to vendor coordination to timeline management—creating seamless, magical celebrations that clients will remember forever."
LOW,8,1f094529-5341-41f1-b8ec-e94566b79ec4,Event Production Coordinator,Logistics,description,Hospitality & Events,"Design & Creative,Business & Finance",Supply Chain & Operations / Aviation & Transportation,2026-04-27T08:01:25.963639+00:00,"You orchestrate every detail of live events—from corporate conferences to festivals—coordinating vendors, timelines, and logistics to create seamless experiences that bring people together."
LOW,8,c67c324a-2d20-4192-ad40-82a9e15c3694,Event Registrar,Logistics,description,Hospitality & Events,Business & Finance,Supply Chain & Operations / Aviation & Transportation,2026-06-27T04:00:03.892168+00:00,"You orchestrate the behind-the-scenes logistics of conferences, weddings, and festivals—managing registrations, attendee data, and check-in systems to ensure every guest has a seamless experience from the moment they arrive."
LOW,8,fa0a7dd6-c086-4ad9-818f-86c3ad0890aa,Event Space Manager,Logistics,description,Hospitality & Events,"Business & Finance,Design & Creative",Supply Chain & Operations / Aviation & Transportation,2026-07-22T03:18:51.275667+00:00,"You orchestrate every detail of conferences, weddings, and festivals—from vendor logistics to guest flow—creating seamless experiences that leave lasting impressions."
LOW,8,7a540c79-f6c1-42c1-aad2-069b30a5c91a,Event Venue Operator,Logistics,description,Hospitality & Events,"Business & Finance,Entrepreneurship",Supply Chain & Operations / Aviation & Transportation,2026-05-18T02:13:17.486716+00:00,"You orchestrate every detail of live events—from managing staffing and logistics to ensuring guests have seamless, memorable experiences across venues large and small."
LOW,8,5388b56d-5fab-4e7c-8213-aa82e87ac633,Experiential Designer (Events),Logistics,description,Design & Creative,"Hospitality & Events,Business & Finance",Supply Chain & Operations / Aviation & Transportation,2026-05-05T01:53:03.022077+00:00,"You craft immersive, unforgettable experiences by designing every detail of events—from concept through execution—blending creativity, logistics, and audience psychology to bring visions to life."
LOW,8,c72e4ab1-5f4d-407e-bf1b-bab5aacc74a0,Eyebrow Specialist,Makeup,description,Supply Chain & Operations,"Business & Finance,Tech & Engineering",Fashion & Beauty / Arts & Performance / Media & Journalism,2026-04-22T02:52:31.660242+00:00,"You shape and perfect eyebrows through precise waxing, threading, and makeup techniques, transforming clients' appearances and boosting their confidence with personalized beauty solutions."
LOW,8,1165cdce-5720-4f65-9191-cdd1893b6cb0,Festival Coordinator,Logistics,description,Hospitality & Events,"Arts & Performance,Entrepreneurship",Supply Chain & Operations / Aviation & Transportation,2026-06-13T02:14:30.650395+00:00,You orchestrate every detail of festivals—from booking artists and managing budgets to coordinating logistics and creating unforgettable experiences that bring thousands of people together.
LOW,8,96715f5e-6dbf-4cc8-87f1-dd8c18329991,Festival Director,Logistics,description,Hospitality & Events,"Arts & Performance,Entrepreneurship",Supply Chain & Operations / Aviation & Transportation,2026-06-18T02:38:10.265744+00:00,You orchestrate every detail of live festivals—from booking artists and managing budgets to coordinating logistics and creating unforgettable experiences that bring thousands of people together.
LOW,8,d15c34ee-cad3-45fb-ac1a-84edaf3eb15c,Festival Producer,Logistics,description,Hospitality & Events,"Arts & Performance,Entrepreneurship",Supply Chain & Operations / Aviation & Transportation,2026-05-13T02:08:23.186975+00:00,You orchestrate every detail of live festivals—from booking artists and securing venues to managing budgets and coordinating logistics—creating unforgettable experiences that bring thousands of people together.
LOW,8,928eff4e-26ea-4aee-a131-7aab06f99cf0,Financial Planning Analyst,Investment,description,Science & Research,"Healthcare & Medicine,Tech & Engineering",Business & Finance,2026-04-22T02:52:32.086589+00:00,"You build personalized financial roadmaps for clients, analyzing their spending, investments, and goals to help them grow wealth and achieve major life milestones."
LOW,8,a51111df-526f-46fa-9b5d-d77be8d87e8d,Financial Planning Director,Investment,description,Science & Research,"Healthcare & Medicine,Tech & Engineering",Business & Finance,2026-04-22T02:52:31.392704+00:00,"You guide clients through major financial decisions by analyzing their goals, investments, and risks, then creating personalized roadmaps that help them build wealth and secure their futures."
LOW,8,ac657841-95f6-4766-9ff2-c4eb876bfd8e,Fixed Income Analyst,Investment,description,Science & Research,"Healthcare & Medicine,Tech & Engineering,Arts & Performance",Business & Finance,2026-04-22T02:52:31.660242+00:00,"You analyze bonds and fixed income securities to help investors make smart decisions about where their money goes, using data and economic trends to predict which investments will perform best."
LOW,8,f2af9470-0fa8-4298-bf1a-49f58b63754f,Fleet Manager (Transportation Services),Logistics,description,Hospitality & Events,"Business & Finance,Tech & Engineering",Supply Chain & Operations / Aviation & Transportation,2026-07-04T03:40:38.223951+00:00,"You coordinate and oversee a fleet of vehicles, managing maintenance schedules, driver safety, fuel costs, and logistics to keep tours, shuttles, or event transportation running smoothly and on time."
LOW,8,c36b0de3-69e7-4bf2-9722-813eab8b0bbf,Footwear Designer,Fashion,description,Supply Chain & Operations,"Business & Finance,Tech & Engineering,Science & Research",Fashion & Beauty / Design & Creative / Arts & Performance,2026-04-22T02:52:30.264317+00:00,"You sketch and develop shoe designs from concept to production, considering aesthetics, comfort, and manufacturing constraints. Your creations might end up on basketball courts, fashion runways, or everyday sidewalks."
LOW,8,db8733e2-91fc-40c1-927e-9b3f4ebc1f26,Freight Brokerage Owner,Logistics,description,Entrepreneurship,Business & Finance,Supply Chain & Operations / Aviation & Transportation,2026-04-22T02:52:33.295118+00:00,"You negotiate shipping deals between trucking companies and shippers, manage logistics networks, and build relationships that keep goods moving across the country while turning a profit."
LOW,8,96239caf-78b5-4267-9244-8cd7c4a4a3f7,Gallery Preparator,Logistics,description,Arts & Performance,"Design & Creative,Hospitality & Events",Supply Chain & Operations / Aviation & Transportation,2026-05-05T01:52:50.427284+00:00,"You meticulously prepare exhibition spaces by installing artworks, building displays, and managing logistics so visitors experience galleries exactly as curators envision."
LOW,8,abe97caa-2aff-4b61-a193-f71e4927246c,Ghost Kitchen Operator,Logistics,description,Marketing & Communications,"Business & Finance,Design & Creative,Science & Research",Supply Chain & Operations / Aviation & Transportation,2026-04-22T02:52:32.496342+00:00,"You design and operate commercial kitchen spaces that fulfill delivery orders for multiple restaurant brands simultaneously, maximizing efficiency and profit margins through strategic menu curation and logistics."
LOW,8,6b3fd27c-d81a-4e17-9b8d-597033114c4f,Growth Hacker,Marketing,description,Cybersecurity,"Tech & Engineering,Law & Government,Science & Research",Marketing & Communications / Business & Finance / Media & Journalism,2026-04-22T02:52:33.675655+00:00,"You experiment with creative, low-cost marketing tactics to rapidly grow a startup's user base. You run A/B tests, analyze conversion data, and find unconventional channels to acquire customers fast."
LOW,8,92e331f6-dd5d-43dc-b41b-5d74ebd23359,Health and Wellness App Founder,Marketing,description,Entrepreneurship,"Tech & Engineering,Healthcare & Medicine",Marketing & Communications / Business & Finance / Media & Journalism,2026-05-20T02:12:17.85599+00:00,"You design and launch digital apps that help people improve their physical and mental health, making daily decisions about features, marketing, and funding while watching your product impact thousands of users."
LOW,8,4f5d825b-3550-4a15-bd36-7df59ce2b802,Hedge Fund Analyst,Investment,description,Fashion & Beauty,"Design & Creative,Marketing & Communications,Science & Research",Business & Finance,2026-04-22T02:52:33.86077+00:00,"You analyze investment opportunities and market trends to help fund managers decide where to invest millions of dollars, wielding data and financial models to uncover hidden profit potential."
LOW,8,351ea812-ce3f-45cc-babb-dc0d8112274e,Heritage Site Manager,Conservation,description,Arts & Performance,"Education & Coaching,Law & Government",Environment & Sustainability / Science & Research / Social Impact & Nonprofit,2026-06-02T02:37:11.599787+00:00,"You preserve and share the stories of historic places by curating exhibits, managing conservation projects, and welcoming visitors into spaces that shaped history."
LOW,8,8621f068-4dd2-4265-929a-572b6b5f6406,High School Principal,Curriculum,description,Gaming & Esports,"Tech & Engineering,Marketing & Communications,Law & Government",Education & Coaching,2026-04-22T02:52:31.845128+00:00,"You lead a school community by making strategic decisions about curriculum, staff, and student wellbeing while navigating budgets, parent concerns, and educational policy to create an environment where learning thrives."
LOW,8,ee9ce7be-eae3-4270-8839-341832086c8c,Holiday Event Director,Logistics,description,Hospitality & Events,"Design & Creative,Business & Finance",Supply Chain & Operations / Aviation & Transportation,2026-07-05T04:00:25.527162+00:00,"You orchestrate magical holiday celebrations from concept to finale, coordinating vendors, décor, entertainment, and logistics to create unforgettable experiences for thousands of guests."
LOW,8,7e18a4bc-ec97-431a-a1d2-ea098b95216f,Homelessness Services Coordinator,Nonprofit,description,Gaming & Esports,"Tech & Engineering,Marketing & Communications,Science & Research",Social Impact & Nonprofit / Business & Finance,2026-04-22T02:52:33.477982+00:00,"You connect people experiencing homelessness with housing, mental health services, and job training while coordinating resources across nonprofits, government agencies, and community partners to rebuild lives."
LOW,8,267ae409-c75c-40fe-b2f2-1b8e50de2c88,Human Trafficking Prevention Coordinator,Nonprofit,description,Gaming & Esports,"Tech & Engineering,Marketing & Communications,Cybersecurity",Social Impact & Nonprofit / Business & Finance,2026-04-22T02:52:33.477982+00:00,"You investigate trafficking cases, connect survivors with resources, and work with law enforcement and nonprofits to dismantle exploitation networks in your community."
LOW,8,9b223863-5337-4dbf-bfa0-d9f7b11afeba,Hyperlocal Delivery Service Operator,Logistics,description,Entrepreneurship,"Tech & Engineering,Business & Finance",Supply Chain & Operations / Aviation & Transportation,2026-05-01T02:01:29.765614+00:00,"You build and manage a fast-moving delivery network in your neighborhood, connecting customers with local goods while optimizing routes, managing drivers, and turning logistics into profit."
LOW,8,4bca9a6e-1a5d-4713-97e2-894ffceca555,Hyperlocal Delivery Startup Founder,Logistics,description,Entrepreneurship,"Tech & Engineering,Business & Finance",Supply Chain & Operations / Aviation & Transportation,2026-06-01T02:39:06.188591+00:00,"You launch and run a fast-growing local delivery business, managing logistics, customers, and your team while solving the 'last-mile' problem in your neighborhood."
LOW,8,6800362d-ae53-4bf0-a380-9a5737012bcb,Impact Investor,Investment,description,Social Impact & Nonprofit,"Education & Coaching,Law & Government,Science & Research",Business & Finance,2026-04-22T02:52:34.05043+00:00,"You deploy capital strategically into businesses and nonprofits that solve social problems, spending your days analyzing impact potential, building relationships with founders, and measuring how your investments change lives while generating financial returns."
LOW,8,dfdc0f7b-c0bb-48e4-9a3a-90210f3b260d,Import-Export Manager,Logistics,description,Business & Finance,"Entrepreneurship,Law & Government",Supply Chain & Operations / Aviation & Transportation,2026-07-10T03:52:35.058667+00:00,"You coordinate the movement of goods across borders, negotiating deals with suppliers and customers while solving logistics puzzles that keep global trade flowing."
LOW,8,d6dbec66-5c48-4f7e-91d3-f8823b541d61,Import/Export Broker,Logistics,description,Business & Finance,"Entrepreneurship,Law & Government",Supply Chain & Operations / Aviation & Transportation,2026-06-22T02:43:32.100659+00:00,"You negotiate and coordinate the movement of goods across international borders, connecting buyers and sellers while navigating customs, regulations, and logistics to keep global trade flowing smoothly."
LOW,8,336f5779-3db6-46c3-9970-f5c28f84427c,Import/Export Coordinator,Logistics,description,Business & Finance,"Law & Government,Entrepreneurship",Supply Chain & Operations / Aviation & Transportation,2026-04-26T06:32:09.989627+00:00,"You orchestrate the movement of goods across borders, managing customs documents, shipping logistics, and supplier relationships to keep international trade flowing smoothly."
LOW,8,35ff7cda-81c9-43fb-aefc-458d9e9d50c4,Incubator Program Director,Curriculum,description,Gaming & Esports,"Tech & Engineering,Marketing & Communications,Entrepreneurship",Education & Coaching,2026-04-22T02:52:29.856816+00:00,"You run programs that help early-stage startups grow, connecting founders with mentors, resources, and funding opportunities. You design curriculum, host pitch events, and build a community of entrepreneurs."
LOW,8,1031b8b4-a778-4e84-b88c-1559d658a39c,Industrial Spatial Planner,Warehouse,description,Design & Creative,"Tech & Engineering,Business & Finance",Supply Chain & Operations,2026-06-04T02:40:44.955522+00:00,"You design and optimize physical spaces like factories, warehouses, and offices by analyzing workflows, safety, and efficiency to create layouts that maximize productivity and minimize waste."
LOW,8,6d6fa3b5-40f8-4f5b-bc39-086641b3d541,Interactive Packaging Designer,Marketing,description,Design & Creative,"Tech & Engineering,Entrepreneurship",Marketing & Communications / Business & Finance / Media & Journalism,2026-05-14T02:10:07.00579+00:00,"You design interactive, functional packaging that engages customers through augmented reality, QR codes, or tactile elements, blending art with marketing psychology to create memorable unboxing experiences."
LOW,8,3f230d4a-c3c5-4fc6-b8eb-95a3caafcb63,K-12 School Principal,Curriculum,description,Gaming & Esports,"Tech & Engineering,Marketing & Communications,Law & Government",Education & Coaching,2026-04-22T02:52:29.646164+00:00,"You lead a school community by making critical decisions about curriculum, staff, budgets, and student discipline—shaping how hundreds of young people learn and grow every single day."
LOW,8,a53ec9d9-399f-447c-ada7-074600313eeb,Last-Mile Delivery Startup Founder,Logistics,description,Entrepreneurship,"Tech & Engineering,Business & Finance",Supply Chain & Operations / Aviation & Transportation,2026-07-18T02:54:50.530036+00:00,"You build and scale a delivery company from the ground up, solving logistics puzzles and managing operations while competing to get packages to customers faster and cheaper than everyone else."
LOW,8,45d784d4-902f-4538-826f-a1da9d71dca5,Lighting Designer,Theater,description,Hospitality & Events,"Food & Culinary,Marketing & Communications,Architecture & Urban Planning",Arts & Performance,2026-04-22T02:52:29.856816+00:00,"You design and program lighting systems for theater productions, concerts, and live events to create mood, focus attention, and enhance storytelling. Your work transforms stages from ordinary spaces into magical worlds that audiences remember forever."
LOW,8,f2647e43-525f-473e-8702-502c9b3a4f74,Live Event Booking Agent,Logistics,description,Arts & Performance,"Hospitality & Events,Business & Finance",Supply Chain & Operations / Aviation & Transportation,2026-04-22T02:52:34.465719+00:00,"You scout talent, negotiate contracts, and coordinate logistics to bring live performances and events to audiences, turning artist visions into sold-out shows and unforgettable experiences."
LOW,8,6e459311-0326-4956-a22e-9e813eb6ca02,Live Event Production Coordinator,Logistics,description,Arts & Performance,"Hospitality & Events,Business & Finance",Supply Chain & Operations / Aviation & Transportation,2026-08-07T02:54:04.193071+00:00,You orchestrate every detail of live events—from concert logistics to festival coordination—ensuring flawless execution that creates unforgettable experiences for thousands of attendees.
LOW,8,c84670f4-d71d-43e2-9a6a-f870a7094b3a,Live Music Venue Booker,Logistics,description,Arts & Performance,"Hospitality & Events,Business & Finance",Supply Chain & Operations / Aviation & Transportation,2026-06-18T02:38:43.746141+00:00,"You curate and book live musical talent for venues, creating unforgettable nights by matching artists with audiences and managing the logistics that turn a stage into an experience."
LOW,8,af9ff957-206d-4d1f-8406-8bca07934a22,Live Music Venue Manager,Logistics,description,Arts & Performance,"Hospitality & Events,Business & Finance",Supply Chain & Operations / Aviation & Transportation,2026-04-30T01:58:46.627321+00:00,"You curate unforgettable live music experiences by booking artists, managing sound and lighting crews, handling logistics, and building community—turning empty rooms into electric gathering spaces where memories are made."
LOW,8,f5e8308b-b812-4181-8135-8bcf39c1653a,Live Music Venue Operator,Logistics,description,Arts & Performance,"Hospitality & Events,Entrepreneurship",Supply Chain & Operations / Aviation & Transportation,2026-07-26T03:31:17.812266+00:00,"You curate live performances, manage artist logistics, and create unforgettable nights that pack rooms with music lovers—turning raw talent into sold-out shows and building community around sound."
LOW,8,6207a784-617a-4422-a68c-f0bfaa9e3716,Live Streaming Production Manager,Broadcast,description,Gaming & Esports,"Tech & Engineering,Marketing & Communications,Science & Research",Media & Journalism / Arts & Performance,2026-04-22T02:52:33.86077+00:00,"You orchestrate live video productions from pre-show setup through real-time broadcast management, controlling cameras, audio, graphics, and audience engagement to deliver polished entertainment experiences across platforms."
LOW,8,fab31a47-63f1-4795-82bf-89dd9d9307e4,Livestream Producer,Broadcast,description,Gaming & Esports,"Tech & Engineering,Marketing & Communications,Science & Research",Media & Journalism / Arts & Performance,2026-04-22T02:52:31.20659+00:00,"You manage live video broadcasts, coordinate technical elements, and engage audiences in real-time across platforms like Twitch, YouTube, and TikTok, shaping entertainment and community connection."
LOW,8,21668cb4-fdd7-491a-9986-76fcb5fb83fd,Local Delivery Network Operator,Logistics,description,Entrepreneurship,"Business & Finance,Tech & Engineering",Supply Chain & Operations / Aviation & Transportation,2026-05-03T01:53:08.461502+00:00,"You build and manage a network of delivery routes and drivers, optimizing logistics to get packages to customers fast while growing your own business operation."
LOW,8,7e9e0de1-d895-4016-a83e-818ad0f72cf1,Local Delivery Service Owner,Logistics,description,Entrepreneurship,"Business & Finance,Tech & Engineering",Supply Chain & Operations / Aviation & Transportation,2026-05-08T02:04:15.518983+00:00,"You build and manage a delivery network that gets packages to customers' doors fast, handling logistics, customer service, and business growth while solving last-mile delivery problems in your community."
LOW,8,63c0366b-a418-4a99-ac71-15bf4df7afb0,Local Delivery Startup Operator,Logistics,description,Entrepreneurship,"Business & Finance,Tech & Engineering",Supply Chain & Operations / Aviation & Transportation,2026-08-01T03:30:07.718545+00:00,"You build and manage a delivery business from scratch, coordinating routes, drivers, and customer orders while solving real-time logistics problems and growing your own profitable company."
LOW,8,789e97a7-057c-4bfd-a605-e91fe91002c1,Local Food Distribution Startup Founder,Marketing,description,Entrepreneurship,"Environment & Sustainability,Social Impact & Nonprofit",Marketing & Communications / Business & Finance / Media & Journalism,2026-08-06T03:13:47.920913+00:00,"You build direct connections between local farmers and hungry customers by managing logistics, marketing, and operations that get fresh food from fields to tables in your community."
LOW,8,9fae8935-7467-47e5-ba66-8e4d80154cc6,Loss Prevention Manager,Warehouse,description,Cybersecurity,"Tech & Engineering,Law & Government,Science & Research",Supply Chain & Operations,2026-04-22T02:52:31.845128+00:00,"You investigate theft, fraud, and security breaches across retail stores or warehouses, using data analysis and surveillance to catch losses before they happen and protect company profits."
LOW,8,334d53b3-cf33-4be1-b316-0d37daa31652,Marathon Race Director,Logistics,description,Gaming & Esports,"Tech & Engineering,Marketing & Communications,Science & Research",Supply Chain & Operations / Aviation & Transportation,2026-04-22T02:52:29.856816+00:00,You orchestrate every detail of marathon events—from route planning and volunteer coordination to race day logistics—creating unforgettable experiences that push thousands of athletes to their limits.
LOW,8,4e940091-eb66-461b-b503-4f40f0f7ae52,Marketplace Arbitrage Entrepreneur,Logistics,description,Entrepreneurship,"Business & Finance,Tech & Engineering",Supply Chain & Operations / Aviation & Transportation,2026-06-03T02:45:44.276161+00:00,"You scout underpriced products across online marketplaces, buy low, resell high, and scale profitable niches while managing inventory, pricing algorithms, and customer logistics."
LOW,8,fdfb63da-723e-41f4-9471-2ea2b390fa1f,Meal Kit Delivery Entrepreneur,Logistics,description,Entrepreneurship,"Business & Finance,Hospitality & Events",Supply Chain & Operations / Aviation & Transportation,2026-05-18T02:12:47.891207+00:00,"You design, market, and operate a meal kit delivery service that sources ingredients, curates recipes, and ships boxes directly to customers' doors while managing logistics, customer service, and growth."
LOW,8,6159f852-f5a5-407b-bfe1-9b4175b80109,Meeting and Convention Planner,Logistics,description,Hospitality & Events,"Business & Finance,Design & Creative",Supply Chain & Operations / Aviation & Transportation,2026-04-22T02:52:33.675655+00:00,"You orchestrate every detail of conferences, weddings, and corporate events—from venue selection to catering logistics—ensuring hundreds of guests experience seamless, memorable experiences."
LOW,8,23ad51ef-dc6b-404a-ae99-36228148b948,Meeting Planner,Logistics,description,Hospitality & Events,"Business & Finance,Design & Creative",Supply Chain & Operations / Aviation & Transportation,2026-07-06T04:06:34.289723+00:00,"You orchestrate every detail of conferences, weddings, and corporate events—from venue selection to catering logistics—ensuring seamless experiences that leave lasting impressions."
LOW,8,3be2b0d6-71ba-405d-aa4e-3472126e3ab8,Micro-Fulfillment Startup Founder,Logistics,description,Entrepreneurship,"Tech & Engineering,Business & Finance",Supply Chain & Operations / Aviation & Transportation,2026-04-28T07:57:37.517287+00:00,"You build innovative micro-fulfillment centers that use robotics and automation to deliver packages faster and cheaper, solving last-mile logistics while scaling your own business from the ground up."
LOW,8,9cd20bbf-20a0-4556-8937-ab02a5e1a9fd,Microfinance Loan Officer,Investment,description,Gaming & Esports,"Tech & Engineering,Marketing & Communications,Science & Research",Business & Finance,2026-04-22T02:52:31.392704+00:00,"You help low-income entrepreneurs access small loans to start or grow businesses, often in underserved communities around the world. You review applications, provide financial coaching, and watch small investments transform lives."
LOW,8,a39b6aa4-d286-4bd7-aa51-9aaaf9daa931,Montessori School Director,Curriculum,description,Gaming & Esports,"Tech & Engineering,Marketing & Communications,Architecture & Urban Planning",Education & Coaching,2026-04-22T02:52:32.905098+00:00,"You guide young learners through self-directed, hands-on discovery while managing staff, curriculum, and school operations to create a nurturing educational community."
LOW,8,fcc99fdf-918e-4c9b-a4f4-799b29b70175,Municipal Planner,Sustainability,description,Gaming & Esports,"Tech & Engineering,Marketing & Communications,Science & Research",Environment & Sustainability / Business & Finance / Supply Chain & Operations / Architecture & Urban Planning,2026-04-22T02:52:30.47108+00:00,"You shape the future of cities by designing zoning plans, transportation systems, and public spaces that balance growth, sustainability, and community needs."
LOW,8,a8037472-24c4-48b3-aefa-eb4ac4299140,Municipal Planning Director,Sustainability,description,Gaming & Esports,"Tech & Engineering,Marketing & Communications,Science & Research",Environment & Sustainability / Business & Finance / Supply Chain & Operations / Architecture & Urban Planning,2026-04-22T02:52:34.239097+00:00,"You shape the future of communities by designing zoning plans, infrastructure projects, and development policies that balance growth, sustainability, and public needs."
LOW,8,3a9432cf-ce89-424d-92b1-af341e74d8dc,Music Venue Manager,Logistics,description,Arts & Performance,"Hospitality & Events,Business & Finance",Supply Chain & Operations / Aviation & Transportation,2026-06-22T03:27:18.569313+00:00,"You curate unforgettable live experiences by booking artists, managing logistics, and creating the energy that transforms a space into a cultural gathering place."
LOW,8,ee18d98a-0523-4c27-baf7-4319a9d13cf1,Music Venue Promoter,Marketing,description,Arts & Performance,"Entrepreneurship,Hospitality & Events",Marketing & Communications / Business & Finance / Media & Journalism,2026-06-27T03:58:39.98683+00:00,"You curate unforgettable live music experiences by booking artists, marketing events, and building buzz that fills venues and creates communities around sound."
LOW,8,59247557-5ad2-4f51-b173-295afd9fd9aa,Niche Influencer Network Founder,Fashion,description,Entrepreneurship,"Media & Journalism,Business & Finance",Fashion & Beauty / Design & Creative / Arts & Performance,2026-05-15T02:08:12.609326+00:00,"You build and manage communities around niche passions—from indie gaming to sustainable fashion—by recruiting creators, negotiating brand deals, and turning engaged audiences into revenue streams."
LOW,8,7cc48666-79ba-4911-99ad-7c4ec52df1a9,Niche Social Media Brand Owner,Fashion,description,Gaming & Esports,"Tech & Engineering,Marketing & Communications,Science & Research",Fashion & Beauty / Design & Creative / Arts & Performance,2026-04-22T02:52:34.239097+00:00,"You build and grow a dedicated audience around a specific niche passion—whether that's sustainable fashion, niche gaming, or micro-communities—by creating authentic content, engaging directly with followers, and monetizing through sponsorships, products, or services."
LOW,8,0669af5a-4717-43d0-a977-2c9750311c2d,Obstacle Course Race Director,Logistics,description,Sports & Fitness,"Hospitality & Events,Entrepreneurship",Supply Chain & Operations / Aviation & Transportation,2026-04-27T07:59:37.713825+00:00,"You design and manage thrilling obstacle course races from start to finish, choreographing challenging physical challenges, coordinating logistics, and ensuring every participant has an unforgettable competitive experience."
LOW,8,3f75b8b3-b3ed-4f8b-a482-a24c546c105a,Online Course Marketplace Founder,Marketing,description,Entrepreneurship,"Tech & Engineering,Education & Coaching",Marketing & Communications / Business & Finance / Media & Journalism,2026-06-16T02:45:31.595739+00:00,"You design, launch, and grow an online platform where instructors sell courses to learners worldwide, handling everything from platform features and instructor recruitment to marketing and revenue growth."
LOW,8,0f040003-9821-4da6-9483-f8dc9382e48c,Organ Transplant Coordinator,Logistics,description,Healthcare & Medicine,"Social Impact & Nonprofit,Law & Government",Supply Chain & Operations / Aviation & Transportation,2026-04-28T07:58:02.446543+00:00,"You connect patients needing life-saving organ transplants with available donors, managing complex logistics, medical records, and emotional conversations that literally save lives."
LOW,8,7e16d766-35b9-4d04-8556-089775fed12b,Package Designer,Sustainability,description,Design & Creative,"Entrepreneurship,Fashion & Beauty",Environment & Sustainability / Business & Finance / Supply Chain & Operations / Architecture & Urban Planning,2026-04-30T01:58:55.719627+00:00,"You design eye-catching, functional packaging that protects products while telling a brand's story on store shelves, blending art, strategy, and sustainability into every box, bottle, and bag you create."
LOW,8,e8bf2ab2-adbf-44c8-a8a3-d941c6d9c467,Package Designer (Consumer Goods),Sustainability,description,Design & Creative,"Fashion & Beauty,Entrepreneurship",Environment & Sustainability / Business & Finance / Supply Chain & Operations / Architecture & Urban Planning,2026-06-05T02:14:36.782981+00:00,"You design eye-catching packaging that makes products jump off shelves, balancing stunning visuals with practical protection and sustainability to influence what millions of consumers choose."
LOW,8,806889fd-e2fd-459d-9291-7bec8c35a5be,Package Designer (Product),Sustainability,description,Design & Creative,"Fashion & Beauty,Entrepreneurship",Environment & Sustainability / Business & Finance / Supply Chain & Operations / Architecture & Urban Planning,2026-04-22T02:52:30.264317+00:00,"You sketch, prototype, and refine product packaging that makes items leap off shelves, balancing stunning visuals with practical manufacturing constraints and sustainability goals."
LOW,8,08c8759a-4eec-4f7d-8303-b88c0c8889cc,Perfumery Designer,Marketing,description,Fashion & Beauty,"Design & Creative,Science & Research",Marketing & Communications / Business & Finance / Media & Journalism,2026-06-13T02:14:27.228538+00:00,"You blend chemistry, artistry, and sensory science to craft signature scents that evoke emotion and define luxury brands, testing formulas in labs and collaborating with marketing teams to bring fragrances from concept to consumer."
LOW,8,2b53168c-6cb7-47c9-a832-90e7385d70ee,Personal Training Business Owner,Fitness,description,Marketing & Communications,"Business & Finance,Design & Creative,Science & Research",Sports & Fitness / Healthcare & Medicine,2026-04-22T02:52:33.295118+00:00,"You design personalized fitness programs, motivate clients through intense workouts, and build a profitable business by managing schedules, finances, and your own brand."
LOW,8,928a5b4b-e54f-4015-950a-0ed0140dcd9b,Private Equity Associate,Investment,description,Arts & Performance,"Media & Journalism,Design & Creative,Science & Research",Business & Finance,2026-04-22T02:52:31.845128+00:00,"You analyze companies, negotiate deals, and manage investments that generate massive returns by buying businesses, improving their operations, and selling them for profit—turning strategic thinking into billion-dollar outcomes."
LOW,8,72eff3cc-664a-4a74-bfbb-6f456617c884,Program Officer,Nonprofit,description,Gaming & Esports,"Tech & Engineering,Marketing & Communications,Science & Research",Social Impact & Nonprofit / Business & Finance,2026-04-22T02:52:34.465719+00:00,"You design and oversee grant programs and initiatives that help nonprofits tackle social problems, evaluating proposals, managing budgets, and measuring the real-world impact of every dollar spent."
LOW,8,e446d408-6d75-4d45-8e44-fc21fd7c18d3,Puppet Maker,Theater,description,Science & Research,"Healthcare & Medicine,Tech & Engineering,Architecture & Urban Planning",Arts & Performance,2026-04-22T02:52:32.905098+00:00,"You design, sculpt, and construct imaginative puppets from concept to stage, bringing characters to life through craftsmanship and artistry that captivate audiences in theaters, film, and interactive performances."
LOW,8,97d8c392-4614-4a72-b26e-20ccd5f20d16,Puppeteer,Theater,description,Education & Coaching,"Social Impact & Nonprofit,Tech & Engineering,Science & Research",Arts & Performance,2026-04-22T02:52:32.905098+00:00,"You bring characters to life through hand puppets, marionettes, or animatronics for TV shows, films, theater, and educational programs. Your physical skill and voice acting create beloved characters that entertain and teach audiences of all ages."
LOW,8,90563e5d-65e4-47c5-8f9c-d0965b0b0fc7,Quantitative Analyst,Investment,description,Fashion & Beauty,"Design & Creative,Marketing & Communications,Science & Research",Business & Finance,2026-04-22T02:52:33.087307+00:00,You build complex mathematical models that predict market behavior and help traders make split-second investment decisions. Your algorithms process massive amounts of data to find patterns humans could never spot.
LOW,8,1257e7af-4351-4465-8ad3-caea767aaa72,Radio Host,Broadcast,description,Gaming & Esports,"Tech & Engineering,Marketing & Communications,Social Impact & Nonprofit",Media & Journalism / Arts & Performance,2026-04-22T02:52:31.660242+00:00,"You engage listeners during live broadcasts, interview guests, curate playlists, and shape public conversation through storytelling and authentic connection—making your voice and personality the bridge between media and community."
LOW,8,f32b5930-179a-4b67-8a3c-f94123c5fe16,Recycling Coordinator,Logistics,description,Gaming & Esports,"Tech & Engineering,Marketing & Communications,Science & Research",Supply Chain & Operations / Aviation & Transportation,2026-04-22T02:52:29.856816+00:00,"You design and run recycling programs for cities, schools, or large organizations, figuring out logistics and educating people on what can actually be recycled. Your systems keep tons of materials out of landfills and back into the manufacturing cycle."
LOW,8,503ad0ac-fb76-46fc-b4fb-fff67ae402e6,Resale Platform Founder,Logistics,description,Entrepreneurship,"Tech & Engineering,Fashion & Beauty",Supply Chain & Operations / Aviation & Transportation,2026-05-18T02:12:51.299059+00:00,"You build and manage an online marketplace where people buy and sell secondhand items, handling everything from platform design and seller recruitment to customer service and logistics strategy."
LOW,8,923a3a01-db58-4f18-8938-71e8d56f4663,Restaurant Private Event Manager,Logistics,description,Hospitality & Events,"Business & Finance,Design & Creative",Supply Chain & Operations / Aviation & Transportation,2026-05-08T02:05:02.360931+00:00,"You orchestrate every detail of private dining events—from menu design to guest flow to lighting—creating unforgettable celebrations while managing budgets, staff, and vendor logistics under tight deadlines."
LOW,8,6c5e777e-6ee0-42e5-beff-e534ceea092f,Retirement Plan Consultant,Investment,description,Design & Creative,"Marketing & Communications,Tech & Engineering,Science & Research",Business & Finance,2026-04-22T02:52:32.680575+00:00,"You design and manage investment strategies that help people save for retirement, making sure their money grows wisely so they can live comfortably when they stop working."
LOW,8,ba366f1e-8eb8-49c8-8427-719b0125cf70,SaaS Account Manager,Software,description,Hospitality & Events,"Food & Culinary,Marketing & Communications",Tech & Engineering / Gaming & Esports / Cybersecurity,2026-04-22T02:52:30.264317+00:00,"You build lasting relationships with software customers, solving their problems and helping them get maximum value from their subscriptions while hitting revenue targets."
LOW,8,ed1cc8d6-3285-436b-bb49-aa513ae89fc7,Scenic Artist,Theater,description,Environment & Sustainability,"Science & Research,Law & Government,Architecture & Urban Planning",Arts & Performance,2026-04-22T02:52:33.86077+00:00,"You design and build elaborate sets, backdrops, and visual environments for theater, film, and TV productions, transforming scripts into immersive worlds that captivate audiences."
LOW,8,399b0273-566a-4e6e-8fcf-49e37e081f44,Set Decorator,Theater,description,Supply Chain & Operations,"Business & Finance,Tech & Engineering,Architecture & Urban Planning",Arts & Performance,2026-04-22T02:52:30.655222+00:00,"You transform scripts and concepts into stunning visual worlds by designing, sourcing, and arranging every prop, furniture piece, and decorative element on film, TV, and theater sets."
LOW,8,e81dfc1b-8241-4590-98a2-cc9e70d00a30,Set Designer,Theater,description,Environment & Sustainability,"Science & Research,Law & Government,Architecture & Urban Planning",Arts & Performance,2026-04-22T02:52:33.295118+00:00,"You design and build the physical environments for theater, film, and TV productions, transforming scripts into immersive worlds that transport audiences to different times and places."
LOW,8,ddde905a-e1db-4dc1-b3ee-41dfe385510a,Skincare Formulation Scientist,Marketing,description,Fashion & Beauty,"Science & Research,Healthcare & Medicine",Marketing & Communications / Business & Finance / Media & Journalism,2026-04-24T06:31:00.478174+00:00,"You blend chemistry and beauty science to develop innovative skincare products, testing formulas in the lab and collaborating with marketing teams to bring luxe creams, serums, and treatments to shelves."
LOW,8,989a3e74-449c-4e0f-8d5f-66de9ba68349,Skincare Formulation Specialist,Marketing,description,Fashion & Beauty,"Science & Research,Design & Creative",Marketing & Communications / Business & Finance / Media & Journalism,2026-06-07T02:34:10.852184+00:00,"You blend chemistry and creativity to develop luxurious skincare products, testing formulas in the lab and collaborating with marketing teams to bring innovative solutions to consumers' bathroom shelves."
LOW,8,c0bc8f33-9ffd-4e2c-abbb-ae784edaeac5,Social Impact Startup Founder,Sustainability,description,Entrepreneurship,"Social Impact & Nonprofit,Tech & Engineering",Environment & Sustainability / Business & Finance / Supply Chain & Operations / Architecture & Urban Planning,2026-07-30T02:48:39.786576+00:00,"You build and lead ventures designed to solve real-world social or environmental problems, balancing mission-driven impact with business sustainability through fundraising, team building, and strategic decision-making."
LOW,8,95c9c894-576c-420c-bf1f-d6db524c1029,Sports Business Analyst,Athletic,description,Marketing & Communications,"Business & Finance,Design & Creative,Science & Research",Sports & Fitness / Healthcare & Medicine / Education & Coaching,2026-04-22T02:52:31.20659+00:00,"You analyze financial data for sports teams, leagues, and athletic brands to help them make smarter business decisions. Your insights influence everything from ticket pricing to player contract negotiations worth millions."
LOW,8,850f4335-8c5a-4a93-a42a-c805be39fb68,Sports Franchise Operations Manager,Logistics,description,Sports & Fitness,"Business & Finance,Hospitality & Events",Supply Chain & Operations / Aviation & Transportation,2026-06-23T04:04:02.846687+00:00,You orchestrate every operational detail of a sports franchise—from ticket sales and stadium logistics to sponsorships and fan experience—ensuring the organization runs smoothly and profitably.
LOW,8,497659e6-c76c-4072-88c0-31623ef608af,Street Performance Coordinator,Logistics,description,Arts & Performance,"Hospitality & Events,Entrepreneurship",Supply Chain & Operations / Aviation & Transportation,2026-05-27T02:16:52.198859+00:00,"You organize vibrant street performances in public spaces, curating talented artists, managing logistics, and creating memorable experiences that transform ordinary streets into dynamic cultural venues."
LOW,8,e306a29d-e82b-4337-8bec-071433f2f513,Study Abroad Program Coordinator,Logistics,description,Education & Coaching,"Hospitality & Events,Business & Finance",Supply Chain & Operations / Aviation & Transportation,2026-08-09T02:07:03.998023+00:00,"You match students with international universities, plan logistics, and guide them through applications—building bridges between cultures while shaping transformative educational experiences."
LOW,8,6e353c65-6197-4993-a5ad-4902fc6f9c28,Subscription Meal Kit Founder,Logistics,description,Entrepreneurship,"Business & Finance,Hospitality & Events",Supply Chain & Operations / Aviation & Transportation,2026-07-07T03:56:57.656023+00:00,"You design meal plans, source ingredients, manage logistics, and build a brand that delivers convenient, personalized nutrition to customers' doors every week."
LOW,8,fe59c161-6d94-4432-b358-ee70254c3c73,Subscription Meal Service Founder,Logistics,description,Entrepreneurship,"Business & Finance,Hospitality & Events",Supply Chain & Operations / Aviation & Transportation,2026-06-22T03:23:37.439706+00:00,"You design weekly meal plans, source ingredients, manage logistics, and build a customer base that depends on your service arriving at their door on time."
LOW,8,400bc728-5c94-42f7-9c80-fed069583bd2,Subscription Meal Service Operator,Logistics,description,Entrepreneurship,"Hospitality & Events,Business & Finance",Supply Chain & Operations / Aviation & Transportation,2026-05-22T02:14:46.132356+00:00,"You curate weekly meal plans, manage supplier relationships, and handle logistics to deliver fresh, personalized dinners to customers' doorsteps while building a sustainable food business from the ground up."
LOW,8,fdb0c736-63d4-4877-bf66-11c4b709072d,Sustainable Apparel Designer,Fashion,description,Environment & Sustainability,"Science & Research,Law & Government,Tech & Engineering",Fashion & Beauty / Design & Creative / Arts & Performance,2026-04-22T02:52:32.680575+00:00,"You design stylish, eco-friendly clothing by selecting sustainable materials, sketching innovative patterns, and collaborating with manufacturers to create fashion that looks great while protecting the planet."
LOW,8,cb709c5e-3d6d-4f3d-bcc5-de660230930c,Sustainable Beauty Product Formulator,Sustainability,description,Fashion & Beauty,"Science & Research,Entrepreneurship",Environment & Sustainability / Business & Finance / Supply Chain & Operations / Architecture & Urban Planning,2026-06-12T02:34:30.691631+00:00,"You develop innovative, eco-friendly cosmetics and skincare products by blending chemistry with sustainability, creating formulas that are safe for skin and planet while meeting strict environmental standards."
LOW,8,0fe6f527-bd75-41e6-93d9-c61d5d23a943,Sustainable Textiles Specialist,Fashion,description,Environment & Sustainability,"Science & Research,Law & Government,Tech & Engineering",Fashion & Beauty / Design & Creative / Arts & Performance,2026-04-22T02:52:33.087307+00:00,"You develop and implement eco-friendly fabrics and production methods that transform the fashion industry, working with designers, manufacturers, and suppliers to reduce environmental impact while maintaining quality and style."
LOW,8,fd6b411b-c014-4341-9986-64f78646df6f,Tech Reviewer/Blogger,Software,description,Media & Journalism,"Marketing & Communications,Arts & Performance,Law & Government",Tech & Engineering / Gaming & Esports / Cybersecurity,2026-04-22T02:52:31.20659+00:00,"You test gadgets, software, and apps—then share honest reviews through videos, blogs, or social media to help millions decide what to buy."
LOW,8,3f3240c5-19e0-4bad-a6ff-ae7beb034ead,Telecommunications Engineer,Broadcast,description,Tech & Engineering,"Science & Research,Business & Finance",Media & Journalism / Arts & Performance,2026-04-29T01:59:35.614171+00:00,"You design and maintain the networks and systems that keep people connected worldwide, troubleshooting infrastructure, optimizing signal strength, and ensuring reliable communication across phones, internet, and broadcast systems."
LOW,8,1b919930-da01-42a8-8f43-7e2620668bc3,Textile Technologist,Athletic,description,Supply Chain & Operations,"Business & Finance,Tech & Engineering,Science & Research",Sports & Fitness / Healthcare & Medicine / Education & Coaching,2026-04-22T02:52:34.239097+00:00,"You develop and test new fabrics in labs, experimenting with materials that might be waterproof, fire-resistant, or made from recycled ocean plastic. Your innovations end up in everything from athletic wear to medical bandages."
LOW,8,3ce79dd1-e058-4d3c-ad46-7dd1e64f7745,Tour Operator,Logistics,description,Hospitality & Events,"Business & Finance,Entrepreneurship",Supply Chain & Operations / Aviation & Transportation,2026-05-04T01:54:19.397919+00:00,"You design and organize immersive travel experiences, coordinating logistics, accommodations, and activities to create unforgettable journeys for diverse groups across the globe."
LOW,8,303ce7cb-9d25-43d2-b858-0504d45eb8e8,Travel Experience Curator,Logistics,description,Hospitality & Events,"Design & Creative,Business & Finance",Supply Chain & Operations / Aviation & Transportation,2026-06-25T04:05:57.970438+00:00,"You design unforgettable travel experiences by researching destinations, curating itineraries, and coordinating logistics that transform how people explore the world."
LOW,8,3dfc9fca-13de-4238-8fee-8c6b6bc7c35c,Vending Machine Route Owner,Logistics,description,Entrepreneurship,"Business & Finance,Hospitality & Events",Supply Chain & Operations / Aviation & Transportation,2026-04-26T06:30:28.990053+00:00,"You stock, maintain, and collect cash from vending machines across multiple locations, building a profitable business by understanding customer demand and managing inventory logistics."
LOW,8,7042ce4f-5f8d-4406-a12a-cb9b43c1a8cd,Vintage Clothing Restorer,Fashion,description,Supply Chain & Operations,"Business & Finance,Tech & Engineering,Science & Research",Fashion & Beauty / Design & Creative / Arts & Performance,2026-04-22T02:52:34.465719+00:00,"You meticulously clean, repair, and restore vintage garments to their former glory, breathing new life into forgotten treasures while preserving fashion history."
LOW,8,6370f544-b1c4-43ea-a880-46793fde3b07,Vintage Resale Marketplace Owner,Marketing,description,Entrepreneurship,"Fashion & Beauty,Design & Creative",Marketing & Communications / Business & Finance / Media & Journalism,2026-06-15T02:43:55.107128+00:00,"You curate, photograph, and sell vintage clothing and goods online, building a brand that gives second-life treasures to new owners while managing inventory, marketing, and customer relationships."
LOW,8,4512442a-5707-4043-a5e3-f4140107810d,VIP Services Manager,Logistics,description,Hospitality & Events,Business & Finance,Supply Chain & Operations / Aviation & Transportation,2026-05-18T02:14:22.451862+00:00,"You orchestrate seamless luxury experiences for high-profile clients at exclusive events, venues, and hospitality settings, anticipating their every need while managing logistics, staff, and premium services behind the scenes."
LOW,8,06dc2f64-a510-46a8-80bc-3704e8df2e0d,Virtual Coaching Platform Founder,Fitness,description,Entrepreneurship,"Education & Coaching,Tech & Engineering",Sports & Fitness / Healthcare & Medicine,2026-07-08T03:23:47.418131+00:00,"You design and manage an online platform that delivers personalized coaching to clients across fitness, academics, or professional development, handling everything from curriculum creation to community management and revenue growth."
LOW,8,fc461607-e316-41a3-870a-08db829e75db,Virtual School Principal,Curriculum,description,Gaming & Esports,"Tech & Engineering,Marketing & Communications,Architecture & Urban Planning",Education & Coaching,2026-04-22T02:52:31.660242+00:00,"You lead and support students in online learning environments, making real-time decisions about curriculum, student welfare, and digital classroom management while building community across screens."
LOW,8,365887f9-96f8-4a05-a3bc-2c213dce3c78,Volunteer Coordinator,Nonprofit,description,Gaming & Esports,"Tech & Engineering,Marketing & Communications,Science & Research",Social Impact & Nonprofit / Business & Finance,2026-04-22T02:52:30.47108+00:00,"You recruit, train, and manage volunteers who power nonprofit programs, matching their skills and passions with meaningful opportunities. You create experiences that keep people coming back to serve."
LOW,8,d032693f-0844-4989-8937-9964f0082c21,Volunteer Engagement Manager,Nonprofit,description,Gaming & Esports,"Tech & Engineering,Marketing & Communications,Science & Research",Social Impact & Nonprofit / Business & Finance,2026-04-22T02:52:30.655222+00:00,"You recruit, train, and inspire volunteers to fuel a nonprofit's mission, matching passionate people with meaningful work that transforms communities."
LOW,8,5cbfcfa3-6808-41b0-aa02-70a4873cce61,Volunteer Management Specialist,Nonprofit,description,Gaming & Esports,"Tech & Engineering,Marketing & Communications,Science & Research",Social Impact & Nonprofit / Business & Finance,2026-04-22T02:52:34.239097+00:00,"You recruit, train, and support volunteers who fuel nonprofit missions, matching passionate people to meaningful work that creates real community change."
LOW,8,8a6868df-05fb-42dd-9a91-d86060fd533e,Volunteer Programs Director,Nonprofit,description,Gaming & Esports,"Tech & Engineering,Marketing & Communications,Science & Research",Social Impact & Nonprofit / Business & Finance,2026-04-22T02:52:34.465719+00:00,"You recruit, train, and manage volunteers to fuel nonprofit missions, matching passionate people with causes that transform communities and measuring the real-world impact of their service hours."
LOW,8,3c72616d-cceb-4b55-9519-d97183a8a5ce,Volunteer Recruiter,Nonprofit,description,Gaming & Esports,"Tech & Engineering,Marketing & Communications,Architecture & Urban Planning",Social Impact & Nonprofit / Business & Finance,2026-04-22T02:52:31.20659+00:00,"You inspire and organize passionate people to volunteer for causes they care about, matching their skills with nonprofits that need them most and building communities of change-makers."
LOW,8,68f93253-9d60-45e9-b8ce-e94f8254dbb2,Wedding Coordinator,Logistics,description,Hospitality & Events,"Design & Creative,Business & Finance",Supply Chain & Operations / Aviation & Transportation,2026-04-29T02:00:45.761956+00:00,You orchestrate every detail of weddings—from venue logistics to vendor coordination to timeline management—turning couples' dreams into flawlessly executed celebrations while problem-solving on the fly.
LOW,8,0842dca2-07be-4928-bc9d-e02a3558576d,Wedding Planner (Destination Events),Logistics,description,Hospitality & Events,"Design & Creative,Entrepreneurship",Supply Chain & Operations / Aviation & Transportation,2026-04-25T06:07:10.87779+00:00,"You coordinate every detail of luxury weddings across exotic global locations—from venue selection and vendor management to day-of logistics—creating seamless, unforgettable celebrations while juggling multiple events and personalities."
LOW,8,61ca9543-b6aa-4959-b4ec-0ac7ea777849,Wedding Planner (Destination Weddings),Logistics,description,Hospitality & Events,"Design & Creative,Business & Finance",Supply Chain & Operations / Aviation & Transportation,2026-05-11T02:05:49.876048+00:00,"You coordinate every detail of luxury weddings across exotic locations—from venue logistics and vendor management to timeline coordination—creating unforgettable celebrations for couples while juggling budgets, timelines, and last-minute crises across time zones."
LOW,8,8e343f1c-a335-4920-8a6a-71f27c4f8f59,Wedding Planner (Destination),Logistics,description,Hospitality & Events,"Design & Creative,Business & Finance",Supply Chain & Operations / Aviation & Transportation,2026-04-22T02:52:32.086589+00:00,You coordinate every detail of luxury weddings across exotic destinations—from venue selection and vendor management to timeline logistics and day-of execution—ensuring couples' dream celebrations happen flawlessly thousands of miles from home.
LOW,8,e0efd347-d048-4041-9634-bcd1ee1ca6c1,Wedding Planner (Full Service),Logistics,description,Hospitality & Events,"Design & Creative,Business & Finance",Supply Chain & Operations / Aviation & Transportation,2026-06-05T02:15:08.812303+00:00,"You orchestrate every detail of a couple's special day—from venue logistics and vendor coordination to timeline management and crisis problem-solving—turning their vision into a flawless, memorable celebration."
LOW,8,2449d955-7e9b-41e7-a6c8-b171f1fae8fe,Wellness Retreat Operator,Marketing,description,Entrepreneurship,"Hospitality & Events,Healthcare & Medicine",Marketing & Communications / Business & Finance / Media & Journalism,2026-06-24T04:06:11.368302+00:00,"You design and run immersive wellness retreats that combine yoga, meditation, nutrition, and mindfulness experiences, creating transformative getaways while managing all business operations from marketing to logistics."
LOW,8,da2ba049-62cc-4e11-b246-860fb41ac88a,Wellness Retreat Organizer,Marketing,description,Entrepreneurship,"Hospitality & Events,Healthcare & Medicine",Marketing & Communications / Business & Finance / Media & Journalism,2026-05-18T02:13:04.872876+00:00,"You curate immersive wellness experiences—designing yoga retreats, spa getaways, and mindfulness programs—while managing logistics, marketing, and guest experiences to help people reconnect and recharge."
LOW,8,42177d69-fb96-4403-9716-c0a4569391db,Wig and Hairpiece Specialist,Theater,description,Supply Chain & Operations,"Business & Finance,Tech & Engineering,Science & Research",Arts & Performance,2026-04-22T02:52:32.680575+00:00,"You craft, style, and fit custom wigs and hairpieces for clients in theater, film, fashion, and everyday wear, transforming their look and confidence with precision artistry."
LOW,8,2bb9210a-9a3b-479d-9f4c-8592f1bd661a,Wig Specialist,Theater,description,Fashion & Beauty,"Design & Creative,Marketing & Communications,Architecture & Urban Planning",Arts & Performance,2026-04-22T02:52:32.086589+00:00,"You craft, style, and customize wigs for clients in theater, film, fashion, and personal wear, transforming appearances and building confidence through meticulous technique and creative artistry."
LOW,8,cab2cacd-a9e4-4f69-9695-bb1f85a6f095,Youth Sports Director,Athletic,description,Gaming & Esports,"Tech & Engineering,Marketing & Communications,Architecture & Urban Planning",Sports & Fitness / Healthcare & Medicine / Education & Coaching,2026-04-22T02:52:34.465719+00:00,"You coach young athletes, plan sports programs and tournaments, and build community by creating safe, fun spaces where kids develop teamwork skills and discover their athletic potential."
LOW,8,f9207d8f-5e09-454d-b5c7-6a5bc7f9a13b,Zero Waste Program Manager,Sustainability,description,Gaming & Esports,"Tech & Engineering,Marketing & Communications,Science & Research",Environment & Sustainability / Business & Finance / Supply Chain & Operations / Architecture & Urban Planning,2026-04-22T02:52:30.264317+00:00,"You design and implement waste reduction strategies for organizations, diverting trash from landfills by coordinating recycling programs, composting initiatives, and sustainability audits that measurably shrink environmental footprints."
LOW,8,f6fce658-7a59-4111-8987-79fc822dd96e,Zero-Waste Program Manager,Sustainability,description,Gaming & Esports,"Tech & Engineering,Marketing & Communications,Science & Research",Environment & Sustainability / Business & Finance / Supply Chain & Operations / Architecture & Urban Planning,2026-04-22T02:52:31.20659+00:00,"You design and implement zero-waste systems for organizations, diverting trash from landfills by auditing waste streams, coordinating recycling programs, and engaging employees in sustainability practices that measurably reduce environmental impact."
MEDIUM,6,cbd89142-4422-4415-b34e-4dd45bd80ff3,Patient Advocate,Patient,title,Social Impact & Nonprofit,"Education & Coaching,Law & Government",Healthcare & Medicine,2026-04-22T02:52:31.20659+00:00,"You champion patients' rights and navigate complex healthcare systems on their behalf, ensuring they receive quality care, understand their options, and have their voices heard by medical teams and insurance companies."
MEDIUM,6,9d74b1f6-61c8-4c15-a1a1-3f63f38ec983,Water Quality Engineer,Engineer,title,Environment & Sustainability,"Science & Research,Law & Government",Tech & Engineering / Cybersecurity / Gaming & Esports,2026-05-31T02:29:34.622978+00:00,"You test and monitor water systems to detect contaminants, analyze data to protect public health, and design solutions that keep communities safe from pollution."
LOW,5,9070ba23-beff-4756-9a30-1caf76325ed4,Budget Analyst,Hospital,description,Education & Coaching,"Social Impact & Nonprofit,Tech & Engineering,Science & Research",Healthcare & Medicine,2026-04-22T02:52:32.271017+00:00,"You help organizations plan how to spend their money wisely by developing budgets and monitoring spending throughout the year. Your work ensures schools, hospitals, and government agencies can fund their most important programs."
LOW,5,e505baa9-22e6-4744-a82c-675b9febf708,Casino Operations Manager,Compliance,description,Gaming & Esports,"Tech & Engineering,Marketing & Communications,Science & Research",Law & Government / Business & Finance / Healthcare & Medicine / Cybersecurity / Environment & Sustainability / Supply Chain & Operations,2026-04-22T02:52:32.905098+00:00,"You orchestrate the seamless operations of a casino floor—managing staff, ensuring regulatory compliance, and maximizing guest experience while overseeing gaming tables, slot machines, and entertainment venues."
LOW,5,93163ada-07da-499e-83ba-510d9a602759,Commercial Kitchen Operator (Shared Space),Compliance,description,Entrepreneurship,"Hospitality & Events,Social Impact & Nonprofit",Law & Government / Business & Finance / Healthcare & Medicine / Cybersecurity / Environment & Sustainability / Supply Chain & Operations,2026-05-19T02:13:44.839112+00:00,"You manage and operate shared commercial kitchen spaces, helping food entrepreneurs launch their dreams by maintaining equipment, ensuring health compliance, and optimizing the space for multiple users."
LOW,5,1f81395d-a4f5-450f-bb5d-3c19b223399d,Corporate Comptroller,Compliance,description,Arts & Performance,"Media & Journalism,Design & Creative,Science & Research",Law & Government / Business & Finance / Healthcare & Medicine / Cybersecurity / Environment & Sustainability / Supply Chain & Operations,2026-04-22T02:52:33.295118+00:00,"You manage a company's finances, oversee accounting operations, and ensure financial compliance—keeping the books accurate while helping executives make smart money decisions."
LOW,5,243a90f3-43ed-4a1e-8f2b-69916814f830,Cosmetic Dermatologist,Medical,description,Fashion & Beauty,"Design & Creative,Marketing & Communications,Arts & Performance",Healthcare & Medicine / Science & Research,2026-04-22T02:52:31.392704+00:00,"You transform how people feel about their skin by performing minimally invasive procedures like injectables and laser treatments, combining artistic vision with medical precision to enhance natural beauty."
LOW,5,adf3485e-cef2-4277-92b8-9ac975e79738,Financial Crime Technology Specialist,Algorithm,description,Business & Finance,"Cybersecurity,Law & Government",Tech & Engineering / Science & Research / Gaming & Esports,2026-08-13T02:27:43.354165+00:00,"You hunt down fraudsters and money launderers by building algorithms and systems that catch suspicious financial patterns before criminals strike, protecting billions in transactions daily."
LOW,5,e21bcf6a-4a0e-4ce8-9616-17ae70479347,Food Service Director,Hospital,description,Hospitality & Events,"Education & Coaching,Business & Finance",Healthcare & Medicine,2026-04-30T01:59:18.526679+00:00,"You plan menus, manage budgets, and lead kitchen teams to deliver thousands of meals daily at hospitals, schools, or corporate cafeterias—turning nutritional science into delicious reality."
LOW,5,d2b40242-074e-4c8a-a770-011abd3adb34,Golf Instructor,Coach,description,Gaming & Esports,"Tech & Engineering,Marketing & Communications,Media & Journalism",Sports & Fitness / Education & Coaching / Business & Finance / Social Impact & Nonprofit,2026-04-22T02:52:30.082186+00:00,"You coach golfers of all skill levels on technique, swing mechanics, and course strategy while building their confidence and improving their game one lesson at a time."
LOW,5,15120114-3c8b-488e-bb84-25ed57d2574b,Healthcare Access Advocate,Medical,description,Social Impact & Nonprofit,"Law & Government,Education & Coaching",Healthcare & Medicine / Science & Research,2026-05-25T02:32:08.899895+00:00,"You navigate healthcare systems and policy to remove barriers that prevent underserved communities from accessing quality medical care, building trust and connecting people with resources that save lives."
LOW,5,139efc5b-1afd-45c0-8f8c-597e891cbbf6,Healthcare Startup Founder,Medical,description,Entrepreneurship,"Business & Finance,Tech & Engineering",Healthcare & Medicine / Science & Research,2026-06-19T02:54:19.116396+00:00,"You design and launch innovative health solutions from concept to market, pitching investors, building teams, and solving real medical problems while racing against the clock."
LOW,5,b3e2deb5-eff7-4ba0-be6e-e54240992057,Infection Prevention Specialist,Hospital,description,Hospitality & Events,"Food & Culinary,Marketing & Communications,Science & Research",Healthcare & Medicine,2026-04-22T02:52:29.206458+00:00,"You track disease patterns, train healthcare workers on safety protocols, and design systems that stop infections from spreading in hospitals—protecting patients and staff from preventable harm."
LOW,5,57c8902d-0a83-4f74-af90-26fbaad977ca,Influencer Entrepreneur,Algorithm,description,Entrepreneurship,"Media & Journalism,Design & Creative",Tech & Engineering / Science & Research / Gaming & Esports,2026-07-15T02:53:31.949371+00:00,"You create engaging content across social platforms, build loyal audiences, and monetize your influence through sponsorships, products, and brand partnerships while constantly adapting to trending formats and algorithm changes."
LOW,5,b27e4d28-acd4-4578-8ca6-36e0ed14d7cb,Medication Safety Officer,Hospital,description,Social Impact & Nonprofit,"Education & Coaching,Law & Government,Science & Research",Healthcare & Medicine,2026-04-22T02:52:34.05043+00:00,"You catch dangerous medication errors before they hurt patients, analyzing prescriptions and hospital systems to ensure every drug is safe, properly dosed, and won't cause harmful interactions."
LOW,5,985ffb0e-e617-49c4-b350-c9002f025369,Municipal Bond Trader,Hospital,description,Education & Coaching,"Social Impact & Nonprofit,Tech & Engineering,Science & Research",Healthcare & Medicine,2026-04-22T02:52:32.496342+00:00,"You analyze and trade municipal bonds to help cities and states fund schools, hospitals, and infrastructure while navigating complex market conditions and building relationships with institutional investors."
LOW,5,a21b0e51-9052-4f33-95e8-edc77f5d82f4,Nutritionist (Sports),Medical,description,Food & Culinary,"Hospitality & Events,Business & Finance,Arts & Performance",Healthcare & Medicine / Science & Research,2026-04-22T02:52:31.845128+00:00,"You develop personalized nutrition plans for athletes and teams, optimizing their diets to boost performance, recovery, and endurance while working closely with coaches and medical staff."
LOW,5,931ec5dc-ee9c-4c4b-b950-cd81de15cbed,Pop-Up Retail Owner,Inventory,description,Entrepreneurship,"Design & Creative,Hospitality & Events",Supply Chain & Operations / Business & Finance,2026-07-19T03:25:55.719621+00:00,"You curate and design temporary retail spaces, sourcing products and managing inventory while building direct relationships with customers who discover your brand in unexpected locations."
LOW,5,1eb18120-dec5-414f-a207-f4a38369b765,Pop-Up Shop Creator,Inventory,description,Entrepreneurship,"Design & Creative,Hospitality & Events",Supply Chain & Operations / Business & Finance,2026-07-13T03:32:28.842983+00:00,"You design, set up, and run temporary retail spaces that showcase products to customers, managing everything from location scouting and inventory to sales and social media buzz."
LOW,5,65a637dd-5983-48eb-8541-ca6c86093a82,Pop-up Shop Curator,Inventory,description,Entrepreneurship,"Design & Creative,Hospitality & Events",Supply Chain & Operations / Business & Finance,2026-06-02T02:37:21.452672+00:00,"You scout locations, curate merchandise, design eye-catching displays, and manage inventory for temporary retail spaces that create buzz and drive sales in 2-8 weeks."
LOW,5,5f90cdae-4923-48c5-b636-a687032ce452,Registered Dietitian,Hospital,description,Food & Culinary,"Hospitality & Events,Business & Finance,Arts & Performance",Healthcare & Medicine,2026-04-22T02:52:32.905098+00:00,"You use science and nutrition expertise to help people achieve better health through personalized meal plans, working with patients one-on-one or in hospitals to prevent and treat diseases like diabetes and heart disease."
LOW,5,9666270b-250b-4f85-9724-191365d8eb81,Research Ethics Officer,Hospital,description,Law & Government,"Business & Finance,Social Impact & Nonprofit,Science & Research",Healthcare & Medicine,2026-04-22T02:52:32.905098+00:00,"You review research studies and protocols to ensure they follow ethical guidelines, protecting human subjects and maintaining scientific integrity across universities, hospitals, and labs."
LOW,5,52c733ce-4fb1-4caa-a7d1-f8b2b93567cf,Signage and Wayfinding Specialist,Hospital,description,Design & Creative,Hospitality & Events,Healthcare & Medicine,2026-07-03T03:49:59.552387+00:00,"You design intuitive signs, maps, and directional systems that guide people through hospitals, airports, museums, and cities—solving real navigation problems with creative visual solutions."
LOW,5,69f9e4f5-9b6a-4d4e-8e22-74fa71b0aaff,Signage Systems Designer,Hospital,description,Design & Creative,"Business & Finance,Tech & Engineering",Healthcare & Medicine,2026-04-22T02:52:32.905098+00:00,"You design eye-catching signs and wayfinding systems that guide people through spaces—from storefronts to hospitals to airports—blending aesthetics, functionality, and brand identity into visual solutions that people actually notice and use."
LOW,5,11c3df0d-786a-48c8-97da-5f02ad0f18c0,Social Media Entrepreneur (Personal Brand),Algorithm,description,Entrepreneurship,"Media & Journalism,Design & Creative",Tech & Engineering / Science & Research / Gaming & Esports,2026-05-28T02:01:23.229626+00:00,"You create engaging content across platforms, build a loyal audience around your personal brand, and monetize through sponsorships, products, and collaborations while constantly adapting to trends and algorithm changes."
LOW,5,d5238946-59dd-4ab6-8dc6-f387b774617d,Sports Video Analyst,Coach,description,Gaming & Esports,"Tech & Engineering,Marketing & Communications,Science & Research",Sports & Fitness / Education & Coaching / Business & Finance / Social Impact & Nonprofit,2026-04-22T02:52:31.660242+00:00,"You break down game footage to identify patterns, weaknesses, and opportunities that coaches use to develop winning strategies. Your detailed video reports help teams prepare for opponents and give athletes visual feedback to refine their techniques."
LOW,5,46783e2b-7410-426a-a4f5-5ac2e9443280,TikTok Content Creator,Algorithm,description,Media & Journalism,"Design & Creative,Entrepreneurship",Tech & Engineering / Science & Research / Gaming & Esports,2026-06-21T02:42:07.312251+00:00,"You create short, engaging videos for TikTok that entertain, educate, or inspire millions of followers, using trends, storytelling, and platform algorithms to build your brand and influence."
LOW,5,10dc5bd8-17b0-4154-ae3d-9976d5beb95a,Vintage Clothing Authenticator,Database,description,Fashion & Beauty,"Design & Creative,Entrepreneurship",Tech & Engineering / Cybersecurity,2026-05-19T02:14:02.224448+00:00,"You examine vintage garments under magnifying glasses and through historical databases to verify authenticity, spotting counterfeit seams and era-incorrect fabric blends that fool collectors and resellers."
LOW,5,45a76936-4e3f-4080-afff-4ac3a968acb9,Youth Development Specialist,Coach,description,Gaming & Esports,"Tech & Engineering,Marketing & Communications,Architecture & Urban Planning",Sports & Fitness / Education & Coaching / Business & Finance / Social Impact & Nonprofit,2026-04-22T02:52:32.496342+00:00,"You design and run after-school programs, mentorship initiatives, or summer camps that help young people build confidence and life skills. You might coach teens through college applications or lead leadership workshops."
LOW,3,01820c71-7052-4f4d-a81b-7e8709d76c94,Adaptive Infrastructure Planner,Systems,description,Architecture & Urban Planning,"Science & Research,Environment & Sustainability",Tech & Engineering / Cybersecurity / Supply Chain & Operations,2026-08-18T01:35:12.760028+00:00,"You design cities and infrastructure systems that adapt to climate change, natural disasters, and shifting populations—creating resilient communities through innovative planning, data analysis, and cross-sector collaboration."
LOW,3,aac1511a-c76d-498e-aa36-8afacdb1340e,Audiologist,Patient,description,Tech & Engineering,"Business & Finance,Design & Creative,Science & Research",Healthcare & Medicine,2026-04-22T02:52:33.087307+00:00,"You diagnose hearing loss and balance disorders, then fit patients with hearing aids or cochlear implants that change their lives. You might help a child hear their parent's voice for the first time or restore an elderly veteran's ability to enjoy conversations."
LOW,3,d9f14271-79f7-4b48-9dc2-37bcccf69356,Coastal Resilience Manager,Engineer,description,Environment & Sustainability,"Law & Government,Science & Research",Tech & Engineering / Cybersecurity / Gaming & Esports,2026-08-07T02:57:38.726222+00:00,"You design and implement strategies to protect coastal communities from rising seas, storms, and erosion by analyzing data, coordinating with governments and engineers, and building nature-based defenses that keep people safe."
LOW,3,be9d8eeb-37a7-488c-879a-73e5a3611c60,Community Currency Designer,Systems,description,Entrepreneurship,"Social Impact & Nonprofit,Design & Creative",Tech & Engineering / Cybersecurity / Supply Chain & Operations,2026-06-22T02:43:42.973504+00:00,"You design and launch alternative currency systems that strengthen local communities by creating digital or physical money that keeps wealth circulating within neighborhoods, schools, or regions."
LOW,3,c1f3824f-2fd6-4dbb-aff7-04ce5f2934eb,Dental Hygienist,Patient,description,Supply Chain & Operations,"Business & Finance,Tech & Engineering,Science & Research",Healthcare & Medicine,2026-04-22T02:52:29.646164+00:00,"You clean teeth, detect early signs of gum disease, and teach patients how to maintain healthy smiles—making a direct difference in people's overall health and confidence every single day."
LOW,3,c25447da-fd34-41c0-acf1-b65058c9d2c3,Electrocardiogram Technician,Patient,description,Cybersecurity,"Tech & Engineering,Law & Government,Science & Research",Healthcare & Medicine,2026-04-22T02:52:33.295118+00:00,"You operate specialized machines that record the electrical activity of patients' hearts, creating the detailed readouts that help doctors diagnose life-threatening conditions and guide critical treatment decisions."
LOW,3,410f1592-53c1-4c63-9911-4da88f0ff170,Gastroenterologist,Patient,description,Hospitality & Events,"Food & Culinary,Marketing & Communications,Science & Research",Healthcare & Medicine,2026-04-22T02:52:29.422718+00:00,"You diagnose and treat digestive system disorders by performing procedures like colonoscopies and endoscopies, helping patients overcome painful conditions and preventing serious diseases from progressing."
LOW,3,6e526d8f-d93a-49d9-a362-27c06838b891,Impact Measurement Consultant,Systems,description,Entrepreneurship,"Social Impact & Nonprofit,Business & Finance",Tech & Engineering / Cybersecurity / Supply Chain & Operations,2026-06-01T02:40:53.390839+00:00,"You design and analyze measurement systems that prove whether startups and social enterprises are actually creating the positive change they claim, turning impact into data-driven stories."
LOW,3,f104c94b-8dd6-450d-92f1-af5b85c81f43,Infectious Disease Specialist,Patient,description,Hospitality & Events,"Food & Culinary,Marketing & Communications,Science & Research",Healthcare & Medicine,2026-04-22T02:52:29.206458+00:00,"You investigate and combat infectious diseases by diagnosing patients, conducting research, and developing treatment strategies that save lives and prevent outbreaks."
LOW,3,1253ebf8-6216-44ba-a37c-9ffbd9db81a9,MRI Technologist,Patient,description,Gaming & Esports,"Tech & Engineering,Marketing & Communications,Science & Research",Healthcare & Medicine,2026-04-22T02:52:31.392704+00:00,"You operate sophisticated MRI machines to create detailed internal images of patients' bodies, helping doctors diagnose everything from brain tumors to torn ligaments while making patients feel calm during what can be an anxiety-inducing procedure."
LOW,3,534fa2f8-4a32-47dc-94ea-082835fa07e2,Nuclear Medicine Technologist,Patient,description,Cybersecurity,"Tech & Engineering,Law & Government,Arts & Performance",Healthcare & Medicine,2026-04-22T02:52:32.496342+00:00,"You use radioactive tracers and imaging equipment to help doctors see inside patients' bodies, detecting diseases like cancer and heart problems before they become life-threatening."
LOW,3,05c5d0ad-a95d-4ac8-a23c-fefdf793a1ac,Otolaryngologist,Patient,description,Social Impact & Nonprofit,"Education & Coaching,Law & Government",Healthcare & Medicine,2026-04-22T02:52:30.47108+00:00,"You diagnose and treat disorders of the ear, nose, and throat using specialized instruments and procedures, directly improving patients' hearing, breathing, and quality of life."
LOW,3,ab37c934-b85a-437d-8e92-ec7658810f7d,Periodontist,Patient,description,Supply Chain & Operations,"Business & Finance,Tech & Engineering",Healthcare & Medicine,2026-04-22T02:52:31.20659+00:00,"You diagnose and treat gum diseases, perform deep cleanings, and perform surgery to save teeth and improve smiles—making a direct difference in patients' oral health and confidence every single day."
LOW,3,835063b8-6896-424f-9429-b4e095f45899,Pharmaceutical Quality Assurance Analyst,Patient,description,Supply Chain & Operations,"Business & Finance,Tech & Engineering,Science & Research",Healthcare & Medicine,2026-04-22T02:52:32.086589+00:00,"You test and inspect pharmaceutical products to ensure they meet safety and quality standards, protecting patients by catching defects before medicines reach the market."
LOW,3,7366b6ec-51eb-41d2-b3bd-0b9cc0434481,Strength Science Researcher,Systems,description,Sports & Fitness,"Healthcare & Medicine,Science & Research",Tech & Engineering / Cybersecurity / Supply Chain & Operations,2026-05-30T02:04:23.452104+00:00,"You conduct experiments and analyze data to understand how muscles, bones, and energy systems respond to training, helping athletes and everyday people perform better and stay injury-free."
LOW,3,f012204d-544d-44b2-8736-b95aa184cfaa,Synthetic Biology Researcher,Engineer,description,Science & Research,"Healthcare & Medicine,Environment & Sustainability",Tech & Engineering / Cybersecurity / Gaming & Esports,2026-04-22T03:27:41.085139+00:00,"You design and engineer living cells to create new medicines, sustainable materials, and biofuels by combining genetics, coding, and lab experimentation."
LOW,3,e1fe98f8-2de6-4cc1-af94-e691ccb5e3e3,Venture Debt Broker,Patient,description,Business & Finance,"Entrepreneurship,Tech & Engineering",Healthcare & Medicine,2026-07-01T04:24:20.697125+00:00,"You structure and negotiate creative financing deals for early-stage companies, connecting founders with patient capital that bridges the gap between venture rounds while earning fees and building lasting investor relationships."
LOW,3,c89fac58-78f7-4cf2-9f0f-4902eb12c582,Wound Care Specialist,Patient,description,Hospitality & Events,"Food & Culinary,Marketing & Communications",Healthcare & Medicine,2026-04-22T02:52:32.271017+00:00,"You assess, treat, and monitor patients' wounds—from minor cuts to complex surgical sites—using sterile techniques, specialized dressings, and evidence-based protocols to prevent infection and accelerate healing."
