id,title,primary_industry,source_url,note,candidate_soc,candidate_onet_title,candidate_tier,candidate_coverage,created_at
00609ddc-e454-4627-8540-b504d5a269ad,Language Immersion Teacher,Education & Coaching,https://www.bls.gov/ooh/education-and-training/high-school-teachers.htm,"bls.gov OOH slug ""high-school-teachers"" matches no O*NET occupation title",25-1123.00,"English Language and Literature Teachers, Postsecondary",strong,0.67,2026-07-19T03:25:46.096737+00:00
00751f56-4d4b-4955-98fb-a35025db1d8c,Pharmacologist,Healthcare & Medicine,https://www.bls.gov/ooh/life-physical-and-social-science/pharmacologists-and-toxicologists.htm,"bls.gov OOH slug ""pharmacologists-and-toxicologists"" matches no O*NET occupation title",,,none,,2026-04-22T02:52:32.086589+00:00
01a01cd2-d74c-4992-be47-9034e3ff8f2c,Water Conservation Specialist,Gaming & Esports,https://www.onetonline.org/link/summary/19-4091.00,"cited SOC 19-4091.00 is not in the O*NET taxonomy, and neither is its base",11-9121.02,Water Resource Specialists,strong,0.67,2026-04-22T02:52:32.496342+00:00
02000c7d-ced9-4cb7-9b3f-f7d1cc58859a,Outdoor Adventure Educator,Education & Coaching,https://www.onetonline.org/link/summary/27-3121.00,"cited SOC 27-3121.00 is not in the O*NET taxonomy, and neither is its base",25-9021.00,Farm and Home Management Educators,weak,0.33,2026-06-23T04:03:08.154362+00:00
020c46e2-8786-43ad-b05e-4fa90531024a,Resort Operations Manager,Hospitality & Events,https://www.bls.gov/ooh/management/general-managers-and-top-executives.htm,"bls.gov OOH slug ""general-managers-and-top-executives"" matches no O*NET occupation title",11-1021.00,General and Operations Managers,strong,0.67,2026-05-13T02:06:48.124305+00:00
025e63dc-5be5-4d65-af31-2d717ef50ead,Tourist Information Center Manager,Hospitality & Events,https://www.onetonline.org/link/summary/41-2081.00,"cited SOC 41-2081.00 is not in the O*NET taxonomy, and neither is its base",11-3021.00,Computer and Information Systems Managers,strong,0.50,2026-07-02T04:04:04.846982+00:00
02b3e759-d22e-4a12-a6cf-c3901424b1be,Indie Game Developer (Solo),Entrepreneurship,https://www.onetonline.org/link/summary/15-1256.00,"cited SOC 15-1256.00 is not in the O*NET taxonomy, and neither is its base",15-1252.00,Software Developers,weak,0.33,2026-06-13T02:14:20.904725+00:00
02bf33a1-2cf1-4a2e-bb26-5ef73a1eeab6,Digital Course Creator (Standalone),Entrepreneurship,https://www.onetonline.org/link/summary/27-3022.00,"cited SOC 27-3022.00 is not in the O*NET taxonomy, and neither is its base",15-1255.00,Web and Digital Interface Designers,weak,0.33,2026-04-26T06:30:26.048522+00:00
02d8f354-3720-4653-9794-047cd53adfb1,Quality Assurance Analyst (Lab),Science & Research,https://www.onetonline.org/link/summary/19-4011.00,"cited SOC 19-4011.00 is not in the O*NET taxonomy, and neither is its base",15-1253.00,Software Quality Assurance Analysts and Testers,full,1.00,2026-06-26T04:14:59.008247+00:00
02fa8c04-94e9-47b4-9e49-48cfc7e5c4a4,Emergency Medical Technician,Healthcare & Medicine,https://www.bls.gov/ooh/healthcare-support/emergency-medical-technicians-and-paramedics.htm,"bls.gov OOH slug ""emergency-medical-technicians-and-paramedics"" matches no O*NET occupation title",29-2042.00,Emergency Medical Technicians,full,1.00,2026-05-05T01:54:58.128336+00:00
030c1cf0-2e24-4ce3-b289-175ae319a4c3,Podcast Host (News),Media & Journalism,https://www.bls.gov/ooh/media-and-communication/radio-and-television-broadcasters.htm,"bls.gov OOH slug ""radio-and-television-broadcasters"" matches no O*NET occupation title",35-9031.00,"Hosts and Hostesses, Restaurant, Lounge, and Coffee Shop",strong,0.50,2026-06-08T02:39:18.792926+00:00
031036e9-53fa-4eb5-b7ea-f9913d6baa86,Custom Manufacturing Startup Owner,Entrepreneurship,https://www.bls.gov/ooh/management/self-employed-workers.htm,"bls.gov OOH slug ""self-employed-workers"" matches no O*NET occupation title",13-1041.08,Customs Brokers,weak,0.25,2026-07-23T03:25:20.020136+00:00
03782725-3510-44af-adaa-87f5a4109d17,AI Content Generation Entrepreneur,Entrepreneurship,https://www.bls.gov/ooh/management/self-employed-workers.htm,"bls.gov OOH slug ""self-employed-workers"" matches no O*NET occupation title",,,none,,2026-04-23T06:30:34.351042+00:00
03da94b3-8d37-4a09-b0ad-f8352a3ca0fe,Convention & Visitors Bureau Director,Gaming & Esports,https://www.onetonline.org/link/summary/11-2031.00,"cited SOC 11-2031.00 is not in the O*NET taxonomy, and neither is its base",11-9161.00,Emergency Management Directors,weak,0.25,2026-04-22T02:52:33.087307+00:00
0448a695-91bc-4185-bfd8-1710bb979479,Craft Beverages Educator,Education & Coaching,https://www.onetonline.org/link/summary/25-1191.00,"cited SOC 25-1191.00 is not in the O*NET taxonomy, and neither is its base",25-9021.00,Farm and Home Management Educators,weak,0.33,2026-08-07T02:58:45.426406+00:00
04b72835-4538-4c55-87c0-ddc733ccedce,Music Theory Teacher,Education & Coaching,https://www.bls.gov/ooh/education-and-training/high-school-teachers.htm,"bls.gov OOH slug ""high-school-teachers"" matches no O*NET occupation title",25-1121.00,"Art, Drama, and Music Teachers, Postsecondary",strong,0.67,2026-06-07T02:35:26.41857+00:00
0500e5dc-c054-461b-82c4-1a6e7ac605db,Content Creator (YouTube),Marketing & Communications,https://www.bls.gov/ooh/media-and-communication/multimedia-artists-and-animators.htm,"bls.gov OOH slug ""multimedia-artists-and-animators"" matches no O*NET occupation title",,,none,,2026-04-22T02:52:33.675655+00:00
05084d6a-c12e-4457-806a-b262e18ae4e4,Convention and Visitors Bureau Director,Hospitality & Events,https://www.onetonline.org/link/summary/11-2031.00,"cited SOC 11-2031.00 is not in the O*NET taxonomy, and neither is its base",11-9161.00,Emergency Management Directors,weak,0.25,2026-05-12T02:01:23.268159+00:00
05131b48-232d-40b8-a585-9c044bf1ef02,Certified Nurse Midwife,Healthcare & Medicine,https://www.bls.gov/ooh/healthcare-occupations/nurse-midwives-and-nurse-anesthetists.htm,"bls.gov OOH slug ""nurse-midwives-and-nurse-anesthetists"" matches no O*NET occupation title",29-1141.00,Registered Nurses,weak,0.33,2026-05-07T01:56:35.549365+00:00
0545b087-bbd4-4e44-92fb-049a0b4213e9,Niche E-commerce Founder,Marketing & Communications,https://www.bls.gov/ooh/management/general-managers-and-top-executives.htm,"bls.gov OOH slug ""general-managers-and-top-executives"" matches no O*NET occupation title",,,none,,2026-04-22T02:52:29.422718+00:00
05a10a54-2ed4-484e-9709-7df6bf6585b4,Title Company Manager,Law & Government,https://www.bls.gov/ooh/business-and-financial-operations/property-appraisers-and-assessors.htm,"bls.gov OOH slug ""property-appraisers-and-assessors"" matches no O*NET occupation title",11-1021.00,General and Operations Managers,weak,0.33,2026-04-22T02:52:30.082186+00:00
05a1f0e0-58f4-4433-ae46-dade34894c3e,Digital Video Editor,Media & Journalism,https://www.onetonline.org/link/summary/27-4008.00,"cited SOC 27-4008.00 is not in the O*NET taxonomy, and neither is its base",27-4032.00,Film and Video Editors,strong,0.67,2026-07-04T03:40:44.950559+00:00
05c5d0ad-a95d-4ac8-a23c-fefdf793a1ac,Otolaryngologist,Social Impact & Nonprofit,https://www.bls.gov/ooh/healthcare-practitioners-and-technical-occupations/physicians-and-surgeons.htm,"bls.gov OOH slug ""physicians-and-surgeons"" matches no O*NET occupation title",,,none,,2026-04-22T02:52:30.47108+00:00
05f4bee2-85c3-445c-af41-d7085bd1d365,Sports Medicine Specialist,Sports & Fitness,https://www.bls.gov/ooh/healthcare-and-technical/physicians-and-surgeons.htm,"bls.gov OOH slug ""physicians-and-surgeons"" matches no O*NET occupation title",29-1229.06,Sports Medicine Physicians,strong,0.67,2026-04-22T02:52:29.422718+00:00
0669af5a-4717-43d0-a977-2c9750311c2d,Obstacle Course Race Director,Sports & Fitness,https://www.bls.gov/ooh/entertainment-and-sports/sports-competitors-and-related-workers.htm,"bls.gov OOH slug ""sports-competitors-and-related-workers"" matches no O*NET occupation title",11-9161.00,Emergency Management Directors,weak,0.25,2026-04-27T07:59:37.713825+00:00
06dc2f64-a510-46a8-80bc-3704e8df2e0d,Virtual Coaching Platform Founder,Entrepreneurship,https://www.bls.gov/ooh/business-and-financial-operations/entrepreneurs-and-self-employed-workers.htm,"bls.gov OOH slug ""entrepreneurs-and-self-employed-workers"" matches no O*NET occupation title",,,none,,2026-07-08T03:23:47.418131+00:00
0736e980-0821-4147-b40c-39e4f74944ab,Museum Sound Designer,Arts & Performance,https://www.onetonline.org/link/summary/27-2014.00,"cited SOC 27-2014.00 is not in the O*NET taxonomy, and neither is its base",15-1255.00,Web and Digital Interface Designers,weak,0.33,2026-08-08T01:59:31.700995+00:00
0743fbb1-a9c5-464d-98a5-5a0b5200ecec,Adult Education Instructor,Education & Coaching,https://www.bls.gov/ooh/education-and-training/adult-literacy-and-high-school-equivalency-diploma-teachers.htm,"bls.gov OOH slug ""adult-literacy-and-high-school-equivalency-diploma-teachers"" matches no O*NET occupation title",11-9031.00,"Education and Childcare Administrators, Preschool and Daycare",weak,0.33,2026-07-20T03:39:40.209743+00:00
07d61c35-4120-4878-a3f0-bb2027fef0d8,SaaS Productivity App Founder,Entrepreneurship,https://www.bls.gov/ooh/management/entrepreneurs-and-self-employed-workers.htm,"bls.gov OOH slug ""entrepreneurs-and-self-employed-workers"" matches no O*NET occupation title",,,none,,2026-05-05T01:54:35.890921+00:00
07ff5018-2f4d-4697-a9ef-b3b9d70f593e,Textile Innovator (Lab-Grown Fibers),Fashion & Beauty,https://www.onetonline.org/link/summary/19-4011.00,"cited SOC 19-4011.00 is not in the O*NET taxonomy, and neither is its base",51-6021.00,"Pressers, Textile, Garment, and Related Materials",strong,0.50,2026-05-14T02:10:58.797164+00:00
0803774a-0830-4f9e-8c18-18fb8e4b56ec,Commercial Insurance Adjuster,Healthcare & Medicine,https://www.bls.gov/ooh/business-and-financial-operations/claims-adjusters-appraisers-examiners-and-investigators.htm,"bls.gov OOH slug ""claims-adjusters-appraisers-examiners-and-investigators"" matches no O*NET occupation title",13-1031.00,"Claims Adjusters, Examiners, and Investigators",weak,0.33,2026-04-22T02:52:33.477982+00:00
0815d925-a3b4-4bec-8f72-ea2a7fbc2448,Tutor (Private Mathematics),Education & Coaching,https://www.bls.gov/ooh/education-training-and-library/tutors-and-teachers.html,source_url is not an O*NET or BLS OOH link: https://www.bls.gov/ooh/education-training-and-library/tutors-and-teachers.html,25-3041.00,Tutors,full,1.00,2026-08-06T03:12:45.482633+00:00
0821c40a-3c4f-42e9-831d-830104132957,Fitness Technology Developer,Sports & Fitness,https://www.onetonline.org/link/summary/15-1256.00,"cited SOC 15-1256.00 is not in the O*NET taxonomy, and neither is its base",11-9041.01,Biofuels/Biodiesel Technology and Product Development Managers,weak,0.33,2026-05-23T02:04:13.051475+00:00
08571bc2-35d3-48ca-a015-80e87e72d1c1,Eco-Friendly Product Founder,Entrepreneurship,https://www.bls.gov/ooh/management/entrepreneurs-and-self-employed-workers.htm,"bls.gov OOH slug ""entrepreneurs-and-self-employed-workers"" matches no O*NET occupation title",11-9041.01,Biofuels/Biodiesel Technology and Product Development Managers,weak,0.33,2026-06-29T04:28:43.320081+00:00
08cb6860-2041-4cb3-83b9-527110f4214e,Podcast Host,Entrepreneurship,https://www.bls.gov/ooh/media-and-communication/broadcasters-and-sound-engineering-technicians.htm,"bls.gov OOH slug ""broadcasters-and-sound-engineering-technicians"" matches no O*NET occupation title",35-9031.00,"Hosts and Hostesses, Restaurant, Lounge, and Coffee Shop",strong,0.50,2026-04-22T02:52:34.05043+00:00
0907cfeb-6fe6-47cd-9c24-f8f4ee61d9cc,Angel Investor Network Organizer,Entrepreneurship,https://www.onetonline.org/link/summary/11-3011.00,"cited SOC 11-3011.00 is not in the O*NET taxonomy, and neither is its base",15-1231.00,Computer Network Support Specialists,weak,0.25,2026-05-28T02:01:33.02516+00:00
093d0ab1-2c1e-4154-8f2f-84d1c657b599,Clinical Laboratory Technologist,Science & Research,https://www.bls.gov/ooh/healthcare-occupations/clinical-laboratory-technologists-and-technicians.htm,"bls.gov OOH slug ""clinical-laboratory-technologists-and-technicians"" matches no O*NET occupation title",29-2011.00,Medical and Clinical Laboratory Technologists,full,1.00,2026-07-10T03:52:12.604901+00:00
0a48cc12-e4f1-4ae4-b685-1f42a91b7e00,Research Quality Auditor,Science & Research,https://www.onetonline.org/link/summary/19-4011.02,"cited SOC 19-4011.02 is not in the O*NET taxonomy, and neither is its base",11-3051.01,Quality Control Systems Managers,weak,0.33,2026-07-20T03:41:45.070825+00:00
0a514c7a-488b-4b97-8287-bcfcb47edc5c,Quality Assurance Specialist (Research),Science & Research,https://www.onetonline.org/link/summary/19-4011.00,"cited SOC 19-4011.00 is not in the O*NET taxonomy, and neither is its base",15-1253.00,Software Quality Assurance Analysts and Testers,strong,0.67,2026-04-22T02:52:29.856816+00:00
0ae330f0-4999-41ee-aef7-5451adb82e02,Local Delivery Logistics Startup Founder,Entrepreneurship,https://www.bls.gov/ooh/management/general-managers-and-top-executives.htm,"bls.gov OOH slug ""general-managers-and-top-executives"" matches no O*NET occupation title",13-1081.01,Logistics Engineers,weak,0.20,2026-06-12T02:34:11.555263+00:00
0b60bf1a-d66d-4f4d-a96b-2df254b698f5,Corrective Exercise Specialist,Sports & Fitness,https://www.onetonline.org/link/summary/29-9011.00,"cited SOC 29-9011.00 is not in the O*NET taxonomy, and neither is its base",11-9121.02,Water Resource Specialists,weak,0.33,2026-08-05T02:57:43.837604+00:00
0b6fcfdb-169e-462d-b227-434fb3591853,K-12 Science Teacher,Education & Coaching,https://www.bls.gov/ooh/education-and-training/high-school-teachers.htm,"bls.gov OOH slug ""high-school-teachers"" matches no O*NET occupation title",25-1021.00,"Computer Science Teachers, Postsecondary",full,1.00,2026-04-22T02:52:31.660242+00:00
0b874ce1-25f8-4746-8718-ea5cee0e39cc,Green Building Consultant,Architecture & Urban Planning,https://www.onetonline.org/link/summary/19-4011.02,"cited SOC 19-4011.02 is not in the O*NET taxonomy, and neither is its base",37-2019.00,"Building Cleaning Workers, All Other",weak,0.33,2026-04-22T02:52:31.20659+00:00
0b94ffc1-4b27-47c4-a66e-fdf1e616d464,Municipal Compliance Officer,Law & Government,https://www.bls.gov/ooh/protective-service/building-fire-and-code-inspectors.htm,"bls.gov OOH slug ""building-fire-and-code-inspectors"" matches no O*NET occupation title",13-1041.00,Compliance Officers,strong,0.67,2026-06-15T02:44:31.174805+00:00
0ba231ee-0d93-443b-987f-2c16b2589ccc,Agricultural Scientist,Science & Research,https://www.bls.gov/ooh/life-physical-social-science/agricultural-scientists.htm,"bls.gov OOH slug ""agricultural-scientists"" matches no O*NET occupation title",11-9013.00,"Farmers, Ranchers, and Other Agricultural Managers",strong,0.50,2026-04-22T02:52:34.465719+00:00
0c3d356f-a33b-4bb1-ad4f-c132c3286f36,Research Chemist,Science & Research,https://www.bls.gov/ooh/life-physical-social-science/chemists-and-materials-scientists.htm,"bls.gov OOH slug ""chemists-and-materials-scientists"" matches no O*NET occupation title",11-9121.01,Clinical Research Coordinators,strong,0.50,2026-07-22T03:19:00.43202+00:00
0d0d6b7b-e242-407e-9205-662d6209e0c6,Citizen Science Coordinator,Science & Research,https://www.onetonline.org/link/summary/25-9041.00,"cited SOC 25-9041.00 is not in the O*NET taxonomy, and neither is its base",11-9121.00,Natural Sciences Managers,weak,0.33,2026-08-07T02:57:22.691137+00:00
0d1fe05b-3845-4197-917f-da94cc7841ed,Video Editor (Freelance),Media & Journalism,https://www.onetonline.org/link/summary/27-4008.00,"cited SOC 27-4008.00 is not in the O*NET taxonomy, and neither is its base",27-4032.00,Film and Video Editors,full,1.00,2026-07-08T03:24:03.339353+00:00
0d28065c-08a6-418d-b0a8-a5189b472cbe,Environmental Chemist,Science & Research,https://www.bls.gov/ooh/life-physical-social-science/chemists-and-materials-scientists.htm,"bls.gov OOH slug ""chemists-and-materials-scientists"" matches no O*NET occupation title",13-1041.01,Environmental Compliance Inspectors,strong,0.50,2026-04-22T03:24:36.254707+00:00
0d66f43b-3a92-4980-ab00-1c6d437f15e0,Coffee Shop Owner,Entrepreneurship,https://www.bls.gov/ooh/management/general-managers-and-top-executives.htm,"bls.gov OOH slug ""general-managers-and-top-executives"" matches no O*NET occupation title",35-9031.00,"Hosts and Hostesses, Restaurant, Lounge, and Coffee Shop",strong,0.67,2026-07-21T03:20:10.133725+00:00
0d7dc7de-4aff-4742-a1bd-4dfb16441021,AI Trainer (Machine Learning),Tech & Engineering,https://www.onetonline.org/link/summary/15-1257.00,"cited SOC 15-1257.00 is not in the O*NET taxonomy, and neither is its base",29-9091.00,Athletic Trainers,full,1.00,2026-06-01T02:42:04.213949+00:00
0e42bfb9-1eca-430a-8175-027735879d42,Hairstyle Educator,Fashion & Beauty,https://www.onetonline.org/link/summary/25-1191.00,"cited SOC 25-1191.00 is not in the O*NET taxonomy, and neither is its base",25-9021.00,Farm and Home Management Educators,strong,0.50,2026-06-23T04:04:31.515527+00:00
0f040003-9821-4da6-9483-f8dc9382e48c,Organ Transplant Coordinator,Healthcare & Medicine,https://www.onetonline.org/link/summary/31-2031.00,"cited SOC 31-2031.00 is not in the O*NET taxonomy, and neither is its base",11-9121.01,Clinical Research Coordinators,weak,0.33,2026-04-28T07:58:02.446543+00:00
0f4714e5-e12a-4b6a-8b99-3cf6a916e796,Physicist (Research),Science & Research,https://www.bls.gov/ooh/life-physical-social-science/physicists-and-astronomers.htm,"bls.gov OOH slug ""physicists-and-astronomers"" matches no O*NET occupation title",19-2012.00,Physicists,full,1.00,2026-05-06T01:53:42.243931+00:00
0fa5ce48-8833-486b-965f-e179833cca73,Corrections Journalist,Media & Journalism,https://www.bls.gov/ooh/media-and-communication/reporters-and-correspondents.htm,"bls.gov OOH slug ""reporters-and-correspondents"" matches no O*NET occupation title",27-3023.00,"News Analysts, Reporters, and Journalists",strong,0.50,2026-04-27T07:59:09.27379+00:00
0fb7850f-3664-4b8b-9201-74a3a72fbcde,Digital Product Creator,Marketing & Communications,https://www.bls.gov/ooh/business-and-financial/entrepreneurs.htm,"bls.gov OOH slug ""entrepreneurs"" matches no O*NET occupation title",11-9041.01,Biofuels/Biodiesel Technology and Product Development Managers,weak,0.33,2026-04-22T02:52:32.905098+00:00
0fbcacdc-c297-4fa6-8ff2-e514c0c30ff7,Clinical Laboratory Director,Supply Chain & Operations,https://www.bls.gov/ooh/healthcare-practitioners-and-technical-occupations/medical-and-clinical-laboratory-technologists-and-technicians.htm,"bls.gov OOH slug ""medical-and-clinical-laboratory-technologists-and-technicians"" matches no O*NET occupation title",29-2011.00,Medical and Clinical Laboratory Technologists,strong,0.67,2026-04-22T02:52:30.655222+00:00
0fbfabac-01d0-4352-ad21-52815d8b133c,Stringer Correspondent,Media & Journalism,https://www.bls.gov/ooh/media-and-communication/reporters-and-correspondents.htm,"bls.gov OOH slug ""reporters-and-correspondents"" matches no O*NET occupation title",,,none,,2026-04-22T02:52:30.47108+00:00
0fe6f527-bd75-41e6-93d9-c61d5d23a943,Sustainable Textiles Specialist,Environment & Sustainability,https://www.onetonline.org/link/summary/19-4091.00,"cited SOC 19-4091.00 is not in the O*NET taxonomy, and neither is its base",11-9121.02,Water Resource Specialists,weak,0.33,2026-04-22T02:52:33.087307+00:00
100b14dc-4661-4434-8525-b3c0695c591d,Wellness App Developer (Founder),Entrepreneurship,https://www.bls.gov/ooh/business-and-financial-operations/entrepreneurs-and-self-employed-workers.htm,"bls.gov OOH slug ""entrepreneurs-and-self-employed-workers"" matches no O*NET occupation title",11-9179.01,Fitness and Wellness Coordinators,strong,0.50,2026-05-24T02:10:28.925999+00:00
100e52b4-df60-48d7-bc8d-445df9f6b7df,Local Delivery Service Operator,Entrepreneurship,https://www.bls.gov/ooh/transportation-and-material-moving/delivery-and-stockroom-associates.htm,"bls.gov OOH slug ""delivery-and-stockroom-associates"" matches no O*NET occupation title",43-2011.00,"Switchboard Operators, Including Answering Service",strong,0.50,2026-06-26T04:14:21.481727+00:00
101045ad-fc28-4ff9-a0a1-20a86bbf8a62,Technical Writing Instructor,Education & Coaching,https://www.bls.gov/ooh/education-and-training/high-school-teachers.htm,"bls.gov OOH slug ""high-school-teachers"" matches no O*NET occupation title",25-1072.00,"Nursing Instructors and Teachers, Postsecondary",weak,0.33,2026-06-11T02:37:39.479046+00:00
105dbe46-642f-4a55-9a6f-b142e811587f,Community Theater Fundraiser,Arts & Performance,https://www.onetonline.org/link/summary/11-2031.00,"cited SOC 11-2031.00 is not in the O*NET taxonomy, and neither is its base",11-9141.00,"Property, Real Estate, and Community Association Managers",weak,0.33,2026-07-03T03:49:47.890594+00:00
10884b89-8bdf-493c-aa27-f244e3ebcccf,Local Food Distribution Founder,Entrepreneurship,https://www.bls.gov/ooh/management/general-managers-and-top-executives.htm,"bls.gov OOH slug ""general-managers-and-top-executives"" matches no O*NET occupation title",11-3071.00,"Transportation, Storage, and Distribution Managers",weak,0.25,2026-07-03T03:50:13.161413+00:00
10a8241a-c4f1-423c-a499-c416b46d3df5,Guest Experience Manager (Luxury Hotels),Hospitality & Events,https://www.bls.gov/ooh/management/hotel-motel-managers.htm,"bls.gov OOH slug ""hotel-motel-managers"" matches no O*NET occupation title",11-1021.00,General and Operations Managers,weak,0.33,2026-04-24T06:31:15.729421+00:00
10c3b0db-be2a-4e99-99f5-a8a2f122af6c,Vintage Apparel Authenticator,Fashion & Beauty,https://www.onetonline.org/link/summary/27-4023.00,"cited SOC 27-4023.00 is not in the O*NET taxonomy, and neither is its base",51-6092.00,Fabric and Apparel Patternmakers,weak,0.33,2026-04-22T02:52:32.271017+00:00
10fa0bd8-8fc9-4995-a94f-417623b6b592,Government Relations Specialist,Social Impact & Nonprofit,https://www.onetonline.org/link/summary/11-3011.00,"cited SOC 11-3011.00 is not in the O*NET taxonomy, and neither is its base",13-1075.00,Labor Relations Specialists,strong,0.67,2026-04-22T02:52:34.616352+00:00
10fc9ed0-3b28-45d7-b0cc-2007f05d800a,Cardiologist,Science & Research,https://www.bls.gov/ooh/healthcare-and-social-assistance/physicians-and-surgeons.htm,"bls.gov OOH slug ""physicians-and-surgeons"" matches no O*NET occupation title",29-1212.00,Cardiologists,full,1.00,2026-04-22T02:52:31.392704+00:00
1108976a-a50a-427c-a3ba-f683b03ffd46,EdTech Curriculum Designer,Education & Coaching,https://www.onetonline.org/link/summary/27-3097.00,"cited SOC 27-3097.00 is not in the O*NET taxonomy, and neither is its base",15-1255.00,Web and Digital Interface Designers,weak,0.33,2026-07-23T03:24:49.317134+00:00
115764f3-7ee7-4925-aa91-3998cadbc5de,Debate Coach,Sports & Fitness,https://www.bls.gov/ooh/education-and-training/high-school-teachers.htm,"bls.gov OOH slug ""high-school-teachers"" matches no O*NET occupation title",,,none,,2026-04-22T02:52:32.271017+00:00
1174f284-9985-48de-9df1-8b74879ffc92,Sports Analyst,Sports & Fitness,https://www.onetonline.org/link/summary/27-3022.00,"cited SOC 27-3022.00 is not in the O*NET taxonomy, and neither is its base",13-1081.02,Logistics Analysts,strong,0.50,2026-05-15T02:07:47.268501+00:00
117f23e8-d28d-45dd-a588-ef9a0407f2de,Herbalist,Healthcare & Medicine,https://www.onetonline.org/link/summary/29-9011.01,"cited SOC 29-9011.01 is not in the O*NET taxonomy, and neither is its base",,,none,,2026-07-27T03:39:27.422932+00:00
11d6bf59-aabf-4ba4-9ed4-6260a55bf988,Acting Coach (Drama),Education & Coaching,https://www.onetonline.org/link/summary/25-9041.00,"cited SOC 25-9041.00 is not in the O*NET taxonomy, and neither is its base",,,none,,2026-07-24T03:20:24.937715+00:00
1239ef70-78de-4645-881f-06b03f04c3f6,Video Editor (Media),Media & Journalism,https://www.onetonline.org/link/summary/27-4008.00,"cited SOC 27-4008.00 is not in the O*NET taxonomy, and neither is its base",27-4032.00,Film and Video Editors,full,1.00,2026-04-30T01:59:21.855586+00:00
1257e7af-4351-4465-8ad3-caea767aaa72,Radio Host,Gaming & Esports,https://www.bls.gov/ooh/media-and-communication/radio-and-television-broadcasters.htm,"bls.gov OOH slug ""radio-and-television-broadcasters"" matches no O*NET occupation title",17-2072.01,Radio Frequency Identification Device Specialists,strong,0.50,2026-04-22T02:52:31.660242+00:00
12d8a687-8d78-49e5-b99b-88ad1f49b55d,Print-on-Demand Entrepreneur,Marketing & Communications,https://www.bls.gov/ooh/management/self-employed-workers.htm,"bls.gov OOH slug ""self-employed-workers"" matches no O*NET occupation title",51-5113.00,Print Binding and Finishing Workers,weak,0.33,2026-04-22T02:52:29.646164+00:00
12ddf53d-cb64-41c2-bffc-91d2b37fa220,Robotics Instructor,Education & Coaching,https://www.bls.gov/ooh/education-and-training/high-school-teachers.htm,"bls.gov OOH slug ""high-school-teachers"" matches no O*NET occupation title",17-2199.08,Robotics Engineers,strong,0.50,2026-05-08T02:01:59.315886+00:00
13195332-20ce-46d0-89df-01631c538869,English as a Second Language (ESL) Instructor,Education & Coaching,https://www.bls.gov/ooh/education-and-training/high-school-teachers.htm,"bls.gov OOH slug ""high-school-teachers"" matches no O*NET occupation title",25-1123.00,"English Language and Literature Teachers, Postsecondary",strong,0.50,2026-06-19T02:54:15.630377+00:00
13293349-5e2c-480f-8e44-740154b49662,Behavioral Health Technician,Healthcare & Medicine,https://www.bls.gov/ooh/healthcare-support/psychiatric-technicians-and-aides.htm,"bls.gov OOH slug ""psychiatric-technicians-and-aides"" matches no O*NET occupation title",19-4042.00,"Environmental Science and Protection Technicians, Including Health",strong,0.67,2026-04-22T02:52:29.206458+00:00
13311060-b99e-431a-919f-65916ccf90a0,Handmade Goods Business Owner (Etsy),Entrepreneurship,https://www.bls.gov/ooh/management/self-employed-workers.htm,"bls.gov OOH slug ""self-employed-workers"" matches no O*NET occupation title",13-1011.00,"Agents and Business Managers of Artists, Performers, and Athletes",weak,0.25,2026-06-13T02:14:13.891524+00:00
1346d6a5-ede7-44a8-9188-13a73e8b0fec,Gymnastics Coach,Environment & Sustainability,https://www.onetonline.org/link/summary/39-9999.01,"cited SOC 39-9999.01 is not in the O*NET taxonomy, and neither is its base",,,none,,2026-04-22T02:52:33.86077+00:00
136eccda-0e27-475f-b14f-fbffdd65ff27,Quality Assurance Analyst (Science),Science & Research,https://www.onetonline.org/link/summary/19-4011.02,"cited SOC 19-4011.02 is not in the O*NET taxonomy, and neither is its base",15-1253.00,Software Quality Assurance Analysts and Testers,full,1.00,2026-04-22T02:52:31.660242+00:00
138e08c1-f5a3-44e4-b2fd-fd7937c1f8b6,Insurance Broker,Business & Finance,https://www.bls.gov/ooh/business-and-financial-operations/insurance-brokers-and-agents.htm,"bls.gov OOH slug ""insurance-brokers-and-agents"" matches no O*NET occupation title",13-1032.00,"Insurance Appraisers, Auto Damage",strong,0.50,2026-04-22T02:52:34.05043+00:00
13a792e7-97cc-460d-bc95-2144fa9e83f0,Social Media Journalist,Media & Journalism,https://www.bls.gov/ooh/media-and-communication/reporters-and-correspondents.htm,"bls.gov OOH slug ""reporters-and-correspondents"" matches no O*NET occupation title",11-9151.00,Social and Community Service Managers,weak,0.33,2026-04-22T02:52:31.660242+00:00
13ce55ad-ca4d-4143-a010-0aecbdd3e563,Dance Instructor (Classical Ballet),Education & Coaching,https://www.bls.gov/ooh/personal-care-and-service/dancers-and-choreographers.htm,"bls.gov OOH slug ""dancers-and-choreographers"" matches no O*NET occupation title",25-1072.00,"Nursing Instructors and Teachers, Postsecondary",strong,0.50,2026-04-22T02:52:30.655222+00:00
13ebd229-b98d-4bf2-a9a8-549fc3a807b7,Grant Reporter,Media & Journalism,https://www.bls.gov/ooh/media-and-communication/reporters-and-correspondents.htm,"bls.gov OOH slug ""reporters-and-correspondents"" matches no O*NET occupation title",27-3023.00,"News Analysts, Reporters, and Journalists",strong,0.50,2026-07-25T03:17:34.979676+00:00
145f9507-fa44-4816-b272-bf942066b20b,Triathlon Coach,Sports & Fitness,https://www.onetonline.org/link/summary/39-3022.00,"cited SOC 39-3022.00 is not in the O*NET taxonomy, and neither is its base",,,none,,2026-04-22T02:52:32.086589+00:00
149b4016-44a1-4a69-bd39-5182c7539f15,Video Editor (Documentary),Media & Journalism,https://www.onetonline.org/link/summary/27-4008.00,"cited SOC 27-4008.00 is not in the O*NET taxonomy, and neither is its base",27-4032.00,Film and Video Editors,full,1.00,2026-04-24T06:31:38.811588+00:00
14c4332c-5281-4831-afb1-401b9d79f91e,Viola da Gamba Player,Arts & Performance,https://www.onetonline.org/link/summary/27-2024.00,"cited SOC 27-2024.00 is not in the O*NET taxonomy, and neither is its base",,,none,,2026-06-20T02:15:58.054597+00:00
14fa81b7-ed94-4dcb-b3b6-9802f800393e,Program Manager (Nonprofits),Gaming & Esports,https://www.onetonline.org/link/summary/11-3011.00,"cited SOC 11-3011.00 is not in the O*NET taxonomy, and neither is its base",11-1021.00,General and Operations Managers,strong,0.50,2026-04-22T02:52:29.646164+00:00
1559350a-da17-4a6b-a63d-ba4083faf6cc,Academic Enrichment Coordinator,Education & Coaching,https://www.onetonline.org/link/summary/25-9041.00,"cited SOC 25-9041.00 is not in the O*NET taxonomy, and neither is its base",11-9121.01,Clinical Research Coordinators,weak,0.33,2026-05-07T01:57:25.618204+00:00
15e8bb26-f95d-48e8-b976-5b4bee29eb28,Language Learning Specialist,Education & Coaching,https://www.bls.gov/ooh/education-and-training/high-school-teachers.htm,"bls.gov OOH slug ""high-school-teachers"" matches no O*NET occupation title",11-9121.02,Water Resource Specialists,weak,0.33,2026-04-22T02:52:34.465719+00:00
15f09f03-9895-49d5-af52-8cb330a22248,Virtual Tutoring Platform Founder,Entrepreneurship,https://www.bls.gov/ooh/business-and-financial-operations/entrepreneurs.htm,"bls.gov OOH slug ""entrepreneurs"" matches no O*NET occupation title",,,none,,2026-07-07T03:57:00.981672+00:00
1620b356-7603-419f-a5d8-97232057bb69,Small Business Owner (Brick & Mortar),Entrepreneurship,https://www.bls.gov/ooh/management/self-employed-workers.htm,"bls.gov OOH slug ""self-employed-workers"" matches no O*NET occupation title",13-1011.00,"Agents and Business Managers of Artists, Performers, and Athletes",weak,0.33,2026-08-11T02:05:54.205261+00:00
163a8d09-16dc-4886-8a09-b00cabfde1b6,Hyperlocal Delivery Service Founder,Entrepreneurship,https://www.bls.gov/ooh/management/general-managers-and-top-executives.htm,"bls.gov OOH slug ""general-managers-and-top-executives"" matches no O*NET occupation title",11-3012.00,Administrative Services Managers,weak,0.25,2026-06-24T04:06:14.749498+00:00
16a97f8b-0dc9-486e-80b8-9a9bef3a86f2,API-as-a-Service Entrepreneur,Entrepreneurship,https://www.bls.gov/ooh/business-and-financial-operations/entrepreneurs.htm,"bls.gov OOH slug ""entrepreneurs"" matches no O*NET occupation title",11-3012.00,Administrative Services Managers,strong,0.50,2026-05-17T02:02:03.026612+00:00
17039f8a-0be3-4983-af6e-78ef7a504db6,Personal Styling AI Trainer,Fashion & Beauty,https://www.onetonline.org/link/summary/15-1257.00,"cited SOC 15-1257.00 is not in the O*NET taxonomy, and neither is its base",11-9179.00,"Personal Service Managers, All Other",weak,0.33,2026-05-21T02:13:33.142208+00:00
179f4b8b-7afe-49cb-a132-56156beb554f,Nonprofit Risk Manager,Social Impact & Nonprofit,https://www.bls.gov/ooh/business-and-financial-operations/risk-management-specialists.htm,"bls.gov OOH slug ""risk-management-specialists"" matches no O*NET occupation title",11-1021.00,General and Operations Managers,weak,0.33,2026-04-22T02:52:32.905098+00:00
17bafec3-65f7-4b3a-b76d-3ac03b6e131a,Sports Writer,Media & Journalism,https://www.bls.gov/ooh/media-and-communication/reporters-and-correspondents.htm,"bls.gov OOH slug ""reporters-and-correspondents"" matches no O*NET occupation title",39-3012.00,Gambling and Sports Book Writers and Runners,full,1.00,2026-05-26T02:10:43.182692+00:00
187909e5-26a5-4c76-a5d6-f9c63e4dab2f,Science Educator (Museum),Science & Research,https://www.onetonline.org/link/summary/25-2041.00,"cited SOC 25-2041.00 is not in the O*NET taxonomy, and neither is its base",11-9121.00,Natural Sciences Managers,strong,0.50,2026-04-22T06:25:13.449878+00:00
188cbd49-26ab-467f-ae1b-fa8a1b242376,Assistant Film Editor,Media & Journalism,https://www.onetonline.org/link/summary/27-4008.00,"cited SOC 27-4008.00 is not in the O*NET taxonomy, and neither is its base",27-4032.00,Film and Video Editors,strong,0.67,2026-08-07T02:55:02.962745+00:00
18b1711e-26cd-461f-aaf5-2bc5111bfc48,Social Media Content Creator,Marketing & Communications,https://www.onetonline.org/link/summary/27-3022.00,"cited SOC 27-3022.00 is not in the O*NET taxonomy, and neither is its base",11-9151.00,Social and Community Service Managers,weak,0.25,2026-04-22T02:52:33.86077+00:00
192e7620-0820-4a63-a5e4-38917d8c112c,Performance Video Editor,Arts & Performance,https://www.onetonline.org/link/summary/27-4008.00,"cited SOC 27-4008.00 is not in the O*NET taxonomy, and neither is its base",27-4032.00,Film and Video Editors,strong,0.67,2026-04-27T07:59:57.890149+00:00
195139b5-c2bd-4338-9ac6-28b7c5ca0fd9,Trauma-Informed Care Specialist,Science & Research,https://www.bls.gov/ooh/healthcare-and-social-assistance/mental-health-counselors-and-marriage-and-family-therapists.htm,"bls.gov OOH slug ""mental-health-counselors-and-marriage-and-family-therapists"" matches no O*NET occupation title",11-9121.02,Water Resource Specialists,weak,0.25,2026-04-22T02:52:32.496342+00:00
19616977-adfe-472f-8265-b7ee7a88d97f,Boutique Fitness Studio Owner,Gaming & Esports,https://www.bls.gov/ooh/management/self-employed-workers.htm,"bls.gov OOH slug ""self-employed-workers"" matches no O*NET occupation title",11-9179.01,Fitness and Wellness Coordinators,weak,0.25,2026-04-22T02:52:33.86077+00:00
19f22dbf-8971-45ee-a1a3-7f3ab2448aed,Music Teacher,Education & Coaching,https://www.bls.gov/ooh/education-and-training/high-school-teachers.htm,"bls.gov OOH slug ""high-school-teachers"" matches no O*NET occupation title",25-1121.00,"Art, Drama, and Music Teachers, Postsecondary",full,1.00,2026-04-22T02:52:33.86077+00:00
1a8cf047-9f2b-4414-b579-4c6f35b88496,Chemistry Teacher (High School),Science & Research,https://www.bls.gov/ooh/education-and-training/high-school-teachers.htm,"bls.gov OOH slug ""high-school-teachers"" matches no O*NET occupation title",25-1052.00,"Chemistry Teachers, Postsecondary",full,1.00,2026-05-05T01:53:53.058417+00:00
1aff9aca-7b4f-449b-b063-51b61b22ca71,Microbiology Lab Technician,Healthcare & Medicine,https://www.bls.gov/ooh/life-physical-and-social-science/medical-and-clinical-laboratory-technologists-and-technicians.htm,"bls.gov OOH slug ""medical-and-clinical-laboratory-technologists-and-technicians"" matches no O*NET occupation title",15-1299.02,Geographic Information Systems Technologists and Technicians,strong,0.50,2026-04-22T02:52:29.646164+00:00
1b46a6f8-e3c4-4610-abda-5c1f344cb566,Wedding and Event Venue Manager,Hospitality & Events,https://www.onetonline.org/link/summary/39-1012.00,"cited SOC 39-1012.00 is not in the O*NET taxonomy, and neither is its base",11-1021.00,General and Operations Managers,weak,0.25,2026-07-16T03:15:16.858256+00:00
1b5fa13d-133b-41ef-8249-3d5af8242a68,Streaming Video Editor,Media & Journalism,https://www.onetonline.org/link/summary/27-4008.00,"cited SOC 27-4008.00 is not in the O*NET taxonomy, and neither is its base",27-4032.00,Film and Video Editors,strong,0.67,2026-06-06T02:07:38.910901+00:00
1b8176ee-069e-4d67-a0a7-b6bb063fad5d,Craft E-Commerce Entrepreneur,Entrepreneurship,https://www.bls.gov/ooh/management/entrepreneurs-and-self-employed-workers.htm,"bls.gov OOH slug ""entrepreneurs-and-self-employed-workers"" matches no O*NET occupation title",27-1012.00,Craft Artists,weak,0.33,2026-07-10T03:51:54.234432+00:00
1ba53bb6-7c7c-4ba7-bb39-122aa92f5f98,Photo Editor,Media & Journalism,https://www.onetonline.org/link/summary/27-4082.00,"cited SOC 27-4082.00 is not in the O*NET taxonomy, and neither is its base",27-3041.00,Editors,strong,0.50,2026-04-22T02:52:33.675655+00:00
1c4675c2-0c81-41de-bb0c-9e6d1ffc48c4,Fact Checker (Digital Media),Science & Research,https://www.onetonline.org/link/summary/27-3022.00,"cited SOC 27-3022.00 is not in the O*NET taxonomy, and neither is its base",43-4041.00,"Credit Authorizers, Checkers, and Clerks",strong,0.50,2026-04-22T02:52:33.86077+00:00
1c5cdf49-0212-45f1-bc94-c3f486074154,Fact-Checker (Online),Media & Journalism,https://www.onetonline.org/link/summary/27-3022.00,"cited SOC 27-3022.00 is not in the O*NET taxonomy, and neither is its base",43-4041.00,"Credit Authorizers, Checkers, and Clerks",strong,0.50,2026-05-04T01:53:07.537785+00:00
1c8ff2be-d97c-4119-a402-0a45599c3759,Government Grants Administrator,Law & Government,https://www.bls.gov/ooh/business-and-financial-operations/grant-writers-and-officers.htm,"bls.gov OOH slug ""grant-writers-and-officers"" matches no O*NET occupation title",11-9031.00,"Education and Childcare Administrators, Preschool and Daycare",weak,0.33,2026-07-05T04:00:34.817597+00:00
1d51a567-ac74-4a0a-bacd-a331a4cbc607,Long-Form Video Editor,Media & Journalism,https://www.onetonline.org/link/summary/27-4008.00,"cited SOC 27-4008.00 is not in the O*NET taxonomy, and neither is its base",27-4032.00,Film and Video Editors,strong,0.50,2026-04-23T06:31:22.586907+00:00
1d706083-7474-4756-8494-392d0900c9c3,Grant-Funded Research Entrepreneur,Entrepreneurship,https://www.bls.gov/ooh/business-and-financial/entrepreneurs-and-self-employed-workers.htm,"bls.gov OOH slug ""entrepreneurs-and-self-employed-workers"" matches no O*NET occupation title",11-9121.01,Clinical Research Coordinators,weak,0.25,2026-06-18T02:39:18.452385+00:00
1d708039-13a1-4627-a864-a0af76b2bfb7,Special Education Teacher (Inclusive Design),Education & Coaching,https://www.bls.gov/ooh/education-and-training/special-education-teachers.html,source_url is not an O*NET or BLS OOH link: https://www.bls.gov/ooh/education-and-training/special-education-teachers.html,25-2011.00,"Preschool Teachers, Except Special Education",full,1.00,2026-04-26T06:32:21.862933+00:00
1d78aebf-5108-49b3-8c25-951623a3b498,Online Fitness Platform Founder,Entrepreneurship,https://www.bls.gov/ooh/management/entrepreneurs-and-self-employed-workers.htm,"bls.gov OOH slug ""entrepreneurs-and-self-employed-workers"" matches no O*NET occupation title",11-9179.01,Fitness and Wellness Coordinators,weak,0.25,2026-06-04T02:39:37.405247+00:00
1da9cc00-ea93-4762-b561-5c7993cad33a,Research Data Librarian,Science & Research,https://www.onetonline.org/link/summary/25-4021.00,"cited SOC 25-4021.00 is not in the O*NET taxonomy, and neither is its base",11-9121.01,Clinical Research Coordinators,weak,0.33,2026-04-28T08:00:09.625106+00:00
1dac1327-4bb6-4ae9-af80-3b6cc82e3e0d,System Administrator,Tech & Engineering,https://www.bls.gov/ooh/computer-and-information-technology/computer-network-architects-and-administrators.htm,"bls.gov OOH slug ""computer-network-architects-and-administrators"" matches no O*NET occupation title",15-1244.00,Network and Computer Systems Administrators,full,1.00,2026-05-05T01:54:06.312132+00:00
1de6ca51-e964-4c93-bb03-3d89af0cf36e,Public Health Officer,Healthcare & Medicine,https://www.bls.gov/ooh/healthcare-practitioner-and-technical/public-health-physicians.htm,"bls.gov OOH slug ""public-health-physicians"" matches no O*NET occupation title",11-1011.03,Chief Sustainability Officers,weak,0.33,2026-07-25T03:17:28.744151+00:00
1e602bf5-3f12-4a3b-9150-37323b0802d5,Accessibility Tech Entrepreneur,Entrepreneurship,https://www.bls.gov/ooh/management/entrepreneurs-and-self-employed-workers.htm,"bls.gov OOH slug ""entrepreneurs-and-self-employed-workers"" matches no O*NET occupation title",,,none,,2026-05-29T02:08:14.012571+00:00
1e61b744-3ed3-4155-b81d-a4a3f2d344cc,Solar Energy Consultant,Environment & Sustainability,https://www.onetonline.org/link/summary/19-4011.00,"cited SOC 19-4011.00 is not in the O*NET taxonomy, and neither is its base",17-2199.03,"Energy Engineers, Except Wind and Solar",strong,0.67,2026-05-17T02:01:11.881817+00:00
1e77490a-fc77-44f1-ab8e-e7b540405825,QA Engineer,Tech & Engineering,https://www.onetonline.org/link/summary/15-1256.00,"cited SOC 15-1256.00 is not in the O*NET taxonomy, and neither is its base",13-1081.01,Logistics Engineers,full,1.00,2026-04-22T02:52:30.655222+00:00
1e9f2ad2-ae5b-44d3-bf03-6c0290d14d92,Luxury Hotel Manager,Hospitality & Events,https://www.bls.gov/ooh/management/general-managers-and-top-executives.htm,"bls.gov OOH slug ""general-managers-and-top-executives"" matches no O*NET occupation title",11-1021.00,General and Operations Managers,weak,0.33,2026-04-22T02:52:31.660242+00:00
1ed3e07a-e334-4498-ba58-43ca3ad76e63,Edtech Entrepreneur,Entrepreneurship,https://www.bls.gov/ooh/management/entrepreneurs-and-self-employed-workers.htm,"bls.gov OOH slug ""entrepreneurs-and-self-employed-workers"" matches no O*NET occupation title",,,none,,2026-04-22T02:52:31.20659+00:00
1f493814-5bd7-45ba-9a3c-50ddf97f1043,Podcast Network Creator,Entrepreneurship,https://www.bls.gov/ooh/management/entrepreneurs-and-self-employed-workers.htm,"bls.gov OOH slug ""entrepreneurs-and-self-employed-workers"" matches no O*NET occupation title",15-1231.00,Computer Network Support Specialists,weak,0.33,2026-04-22T02:52:33.295118+00:00
1f63f0f8-b185-4aa0-a5b3-e7bb549f85a1,Fiber Artist,Fashion & Beauty,https://www.onetonline.org/link/summary/27-2499.00,"cited SOC 27-2499.00 is not in the O*NET taxonomy, and neither is its base",13-1011.00,"Agents and Business Managers of Artists, Performers, and Athletes",strong,0.50,2026-06-27T03:59:53.799495+00:00
1fb9860a-9f39-4535-9c39-ea2eaf5abb6e,Media Literacy Educator,Media & Journalism,https://www.bls.gov/ooh/education-and-training/high-school-teachers.htm,"bls.gov OOH slug ""high-school-teachers"" matches no O*NET occupation title",25-4022.00,Librarians and Media Collections Specialists,weak,0.33,2026-06-01T02:40:04.245223+00:00
202bd1f3-b1ab-4d3b-89fc-51d0aba5606e,Gifted Program Teacher,Education & Coaching,https://www.bls.gov/ooh/education-and-training/high-school-teachers.htm,"bls.gov OOH slug ""high-school-teachers"" matches no O*NET occupation title",25-1011.00,"Business Teachers, Postsecondary",weak,0.33,2026-05-05T01:54:25.682036+00:00
209e4f3f-95f4-44fd-b3d1-ee6a96d32625,High School Science Teacher,Education & Coaching,https://www.bls.gov/ooh/education-and-training/high-school-teachers.htm,"bls.gov OOH slug ""high-school-teachers"" matches no O*NET occupation title",25-1021.00,"Computer Science Teachers, Postsecondary",strong,0.50,2026-04-22T02:52:33.295118+00:00
20caa61f-a6fa-47de-806f-0388870774c0,Artisan Craft Business Owner,Marketing & Communications,https://www.bls.gov/ooh/self-employed-workers.htm,source_url is not an O*NET or BLS OOH link: https://www.bls.gov/ooh/self-employed-workers.htm,13-1011.00,"Agents and Business Managers of Artists, Performers, and Athletes",weak,0.25,2026-04-22T02:52:32.271017+00:00
20e28139-6148-4083-ad55-d68dca364b94,Personal Development Content Creator,Entrepreneurship,https://www.onetonline.org/link/summary/27-3022.00,"cited SOC 27-3022.00 is not in the O*NET taxonomy, and neither is its base",11-3131.00,Training and Development Managers,weak,0.25,2026-05-20T02:12:21.379271+00:00
215887ab-f01d-4c75-abc0-f5ffc5788c56,Wheelchair Accessibility Consultant (Sports Facilities),Sports & Fitness,https://www.onetonline.org/link/summary/19-4011.00,"cited SOC 19-4011.00 is not in the O*NET taxonomy, and neither is its base",,,none,,2026-06-18T02:40:13.216744+00:00
2165b212-6a0f-46e9-aef5-1e28bd89b797,Sustainable Fashion Marketer,Fashion & Beauty,https://www.bls.gov/ooh/business-and-financial/advertising-promotions-and-marketing-managers.htm,"bls.gov OOH slug ""advertising-promotions-and-marketing-managers"" matches no O*NET occupation title",27-1022.00,Fashion Designers,weak,0.33,2026-04-28T07:57:56.253894+00:00
220e5d8c-7c35-4a83-8fe6-c68a0d623ea4,Robotics Team Coach,Sports & Fitness,https://www.bls.gov/ooh/education-and-training/high-school-teachers.htm,"bls.gov OOH slug ""high-school-teachers"" matches no O*NET occupation title",17-2199.08,Robotics Engineers,weak,0.33,2026-04-22T02:52:31.660242+00:00
22213dca-82a6-48c6-80f4-a1370257eedd,Mobile App Startup Founder,Entrepreneurship,https://www.bls.gov/ooh/management/entrepreneurs-and-self-employed-workers.htm,"bls.gov OOH slug ""entrepreneurs-and-self-employed-workers"" matches no O*NET occupation title",49-3042.00,"Mobile Heavy Equipment Mechanics, Except Engines",weak,0.33,2026-05-05T01:53:09.545426+00:00
22a85874-12d2-4c58-a37b-5d0665a058bc,Forest Conservation Manager,Environment & Sustainability,https://www.bls.gov/ooh/life-physical-and-social-science/conservation-scientists-and-foresters.htm,"bls.gov OOH slug ""conservation-scientists-and-foresters"" matches no O*NET occupation title",19-4071.00,Forest and Conservation Technicians,strong,0.67,2026-07-12T03:29:28.45793+00:00
22ae346a-0942-4450-9a8c-317384ea61c3,Quality Assurance Automation Tester,Tech & Engineering,https://www.onetonline.org/link/summary/15-1256.00,"cited SOC 15-1256.00 is not in the O*NET taxonomy, and neither is its base",15-1253.00,Software Quality Assurance Analysts and Testers,strong,0.75,2026-08-06T03:14:27.374131+00:00
22df6ab9-a4db-4c64-9e5d-7df9fd2e09a3,Fact-Checker and Research Editor,Media & Journalism,https://www.bls.gov/ooh/media-and-communication/reporters-and-correspondents.htm,"bls.gov OOH slug ""reporters-and-correspondents"" matches no O*NET occupation title",11-9121.01,Clinical Research Coordinators,weak,0.25,2026-07-03T03:50:32.508095+00:00
232a3c7e-ac09-4ff8-97ac-f3276b6e984d,Sustainability Startup Founder,Environment & Sustainability,https://www.bls.gov/ooh/management/entrepreneurs-and-self-employed-workers.htm,"bls.gov OOH slug ""entrepreneurs-and-self-employed-workers"" matches no O*NET occupation title",11-1011.03,Chief Sustainability Officers,weak,0.33,2026-04-22T02:52:34.465719+00:00
2350aa25-566a-4252-9448-c7b11fa40fd9,Vocational Instructor,Education & Coaching,https://www.bls.gov/ooh/education-and-training/vocational-education-teachers.html,source_url is not an O*NET or BLS OOH link: https://www.bls.gov/ooh/education-and-training/vocational-education-teachers.htm,25-1072.00,"Nursing Instructors and Teachers, Postsecondary",strong,0.50,2026-04-22T02:52:31.20659+00:00
23b6e158-4e24-4243-9d8b-5d1666341031,Food Blogger (Paid Media),Media & Journalism,https://www.onetonline.org/link/summary/27-3022.00,"cited SOC 27-3022.00 is not in the O*NET taxonomy, and neither is its base",11-9051.00,Food Service Managers,strong,0.50,2026-04-22T02:52:33.087307+00:00
23d4a11f-5682-43e0-8fc2-720d115b06d5,SaaS Entrepreneur,Entrepreneurship,https://www.bls.gov/ooh/management/entrepreneurs-and-self-employed-workers.htm,"bls.gov OOH slug ""entrepreneurs-and-self-employed-workers"" matches no O*NET occupation title",,,none,,2026-05-12T02:01:56.633114+00:00
243a5db2-13a3-4555-a081-d56cc3291fcc,Pet Tech Entrepreneur,Entrepreneurship,https://www.bls.gov/ooh/management/entrepreneurs-and-self-employed-workers.htm,"bls.gov OOH slug ""entrepreneurs-and-self-employed-workers"" matches no O*NET occupation title",,,none,,2026-05-06T01:51:54.081759+00:00
243a90f3-43ed-4a1e-8f2b-69916814f830,Cosmetic Dermatologist,Fashion & Beauty,https://www.bls.gov/ooh/healthcare-and-technical/physicians-and-surgeons.htm,"bls.gov OOH slug ""physicians-and-surgeons"" matches no O*NET occupation title",29-1213.00,Dermatologists,strong,0.50,2026-04-22T02:52:31.392704+00:00
2467f57a-1543-47d4-8a25-091ec303a8f9,Custom Manufacturing Service Owner,Entrepreneurship,https://www.bls.gov/ooh/business-and-financial/self-employed-workers.htm,"bls.gov OOH slug ""self-employed-workers"" matches no O*NET occupation title",11-3012.00,Administrative Services Managers,weak,0.25,2026-06-15T02:42:41.120663+00:00
24882b55-0541-473d-bf69-bedbc4139136,Mental Health App Entrepreneur,Entrepreneurship,https://www.bls.gov/ooh/business-and-financial/entrepreneurs.htm,"bls.gov OOH slug ""entrepreneurs"" matches no O*NET occupation title",21-1014.00,Mental Health Counselors,strong,0.67,2026-04-22T03:23:38.301189+00:00
24d81937-881f-478d-b6d3-0e15c757ca31,Nuclear Physicist,Science & Research,https://www.bls.gov/ooh/life-physical-social-science/physicists-and-astronomers.htm,"bls.gov OOH slug ""physicists-and-astronomers"" matches no O*NET occupation title",17-2161.00,Nuclear Engineers,strong,0.50,2026-05-06T01:52:27.545985+00:00
24eadf53-26fa-4ac2-88d4-9fb2d3c36dd1,Micro-Credential Platform Founder,Entrepreneurship,https://www.bls.gov/ooh/management/entrepreneurs-and-self-employed-workers.htm,"bls.gov OOH slug ""entrepreneurs-and-self-employed-workers"" matches no O*NET occupation title",,,none,,2026-04-22T03:23:45.088897+00:00
24ee8891-c0c4-4ecf-940b-3a55fe4406b4,Boutique Hotel Owner,Marketing & Communications,https://www.bls.gov/ooh/management/hotel-motel-managers.htm,"bls.gov OOH slug ""hotel-motel-managers"" matches no O*NET occupation title",43-4081.00,"Hotel, Motel, and Resort Desk Clerks",weak,0.33,2026-04-22T02:52:33.295118+00:00
25251d3d-2d33-442c-9e2c-8f85dfa30612,Digital Marketing Agency Founder,Entrepreneurship,https://www.bls.gov/ooh/management/self-employed-workers.htm,"bls.gov OOH slug ""self-employed-workers"" matches no O*NET occupation title",11-2021.00,Marketing Managers,weak,0.25,2026-04-22T02:52:29.422718+00:00
2587cf45-2285-46ae-b65d-74d455fa96ab,Lab Analyst,Science & Research,https://www.bls.gov/ooh/life-physical-and-social-science/medical-and-clinical-laboratory-technologists-and-technicians.htm,"bls.gov OOH slug ""medical-and-clinical-laboratory-technologists-and-technicians"" matches no O*NET occupation title",13-1081.02,Logistics Analysts,full,1.00,2026-04-30T01:58:30.270529+00:00
2670ee81-3613-41da-bf47-2031972bc70a,Medical Records Administrator,Healthcare & Medicine,https://www.bls.gov/ooh/office-and-administrative-support/medical-records-and-health-information-technicians.htm,"bls.gov OOH slug ""medical-records-and-health-information-technicians"" matches no O*NET occupation title",29-2072.00,Medical Records Specialists,strong,0.67,2026-04-22T02:52:34.465719+00:00
2678f49f-6778-4150-84f3-a82f684b1bea,Video Producer,Science & Research,https://www.bls.gov/ooh/arts-and-design/film-and-video-editors-and-camera-operators.htm,"bls.gov OOH slug ""film-and-video-editors-and-camera-operators"" matches no O*NET occupation title",15-1255.01,Video Game Designers,strong,0.50,2026-04-22T02:52:30.264317+00:00
2698cb8c-74a1-4e56-b5f9-e3b6828692b7,Media Fact-Checker,Media & Journalism,https://www.bls.gov/ooh/media-and-communication/reporters-and-correspondents.htm,"bls.gov OOH slug ""reporters-and-correspondents"" matches no O*NET occupation title",25-4022.00,Librarians and Media Collections Specialists,weak,0.33,2026-05-10T01:55:10.911323+00:00
26bfe83b-6744-4df4-b885-e452f908d6ec,Motion Picture Editor,Media & Journalism,https://www.bls.gov/ooh/entertainment-and-sports/film-and-video-editors-and-camera-operators.htm,"bls.gov OOH slug ""film-and-video-editors-and-camera-operators"" matches no O*NET occupation title",39-3021.00,Motion Picture Projectionists,strong,0.67,2026-07-09T03:52:02.24842+00:00
2768011f-07d0-42de-91f0-c2656b4adc79,Green Chemistry Specialist,Supply Chain & Operations,https://www.bls.gov/ooh/life-physical-social-science/chemists-and-materials-scientists.htm,"bls.gov OOH slug ""chemists-and-materials-scientists"" matches no O*NET occupation title",11-9121.02,Water Resource Specialists,weak,0.33,2026-04-22T02:52:29.646164+00:00
27a03470-2621-4b8e-b0b4-65eebabba13e,Montessori School Administrator,Education & Coaching,https://www.bls.gov/ooh/education-training-and-library/preschool-and-childcare-center-directors.htm,"bls.gov OOH slug ""preschool-and-childcare-center-directors"" matches no O*NET occupation title",11-9031.00,"Education and Childcare Administrators, Preschool and Daycare",weak,0.33,2026-06-07T02:35:22.969714+00:00
27e334c1-43db-4650-8068-fe49bde58b6b,Product Security Engineer,Tech & Engineering,https://www.onetonline.org/link/summary/15-1256.00,"cited SOC 15-1256.00 is not in the O*NET taxonomy, and neither is its base",15-1299.05,Information Security Engineers,strong,0.67,2026-06-10T02:15:30.458324+00:00
28e2f008-45cf-4639-87d7-b6842b52e125,AI Chatbot Service Entrepreneur,Entrepreneurship,https://www.bls.gov/ooh/business-and-financial/entrepreneurs.htm,"bls.gov OOH slug ""entrepreneurs"" matches no O*NET occupation title",11-3012.00,Administrative Services Managers,weak,0.33,2026-05-03T01:53:05.199525+00:00
291cdbf0-6d29-4bcd-94e2-06ba9a44df9c,Natural Language Processing Engineer,Supply Chain & Operations,https://www.onetonline.org/link/summary/15-1256.00,"cited SOC 15-1256.00 is not in the O*NET taxonomy, and neither is its base",11-9121.00,Natural Sciences Managers,weak,0.25,2026-04-22T02:52:33.087307+00:00
297accc2-033d-4e0c-a3b1-19ac9dcac914,Physics Teacher (High School),Science & Research,https://www.bls.gov/ooh/education-and-training/high-school-teachers.htm,"bls.gov OOH slug ""high-school-teachers"" matches no O*NET occupation title",25-1054.00,"Physics Teachers, Postsecondary",full,1.00,2026-04-23T06:29:31.850549+00:00
2983a629-3cd7-4d3e-aa0b-2c41c59afcb7,Direct-to-Consumer (DTC) Brand Owner,Marketing & Communications,https://www.bls.gov/ooh/management/entrepreneurs-and-self-employed-workers.htm,"bls.gov OOH slug ""entrepreneurs-and-self-employed-workers"" matches no O*NET occupation title",25-1192.00,"Family and Consumer Sciences Teachers, Postsecondary",weak,0.25,2026-04-22T02:52:33.087307+00:00
2988fef7-d5cf-4020-a379-a8ac0c8b77f2,API Integration Service Founder,Entrepreneurship,https://www.bls.gov/ooh/business-and-financial/entrepreneurs.htm,"bls.gov OOH slug ""entrepreneurs"" matches no O*NET occupation title",11-3012.00,Administrative Services Managers,weak,0.33,2026-07-14T02:54:15.906419+00:00
29967780-8c39-490f-9ff0-addeb661369f,Healthcare Quality Improvement Specialist,Healthcare & Medicine,https://www.onetonline.org/link/summary/29-9011.00,"cited SOC 29-9011.00 is not in the O*NET taxonomy, and neither is its base",11-3051.01,Quality Control Systems Managers,weak,0.25,2026-07-21T03:20:29.256968+00:00
29df0e82-ff26-4895-97ca-5a7e9eb7d2ce,Tech Reporter,Media & Journalism,https://www.bls.gov/ooh/media-and-communication/reporters-and-correspondents.htm,"bls.gov OOH slug ""reporters-and-correspondents"" matches no O*NET occupation title",27-3023.00,"News Analysts, Reporters, and Journalists",strong,0.50,2026-05-18T02:14:28.465773+00:00
29ec7a2a-ed3e-49ae-9f80-73187d9e26f6,Writing Center Director,Gaming & Esports,https://www.onetonline.org/link/summary/25-3097.00,"cited SOC 25-3097.00 is not in the O*NET taxonomy, and neither is its base",11-9161.00,Emergency Management Directors,weak,0.33,2026-04-22T02:52:33.295118+00:00
2a2c6ce3-3b6c-4afe-ad8d-3128cc633283,Virtual Reality Experience Operator,Entrepreneurship,https://www.onetonline.org/link/summary/15-1256.00,"cited SOC 15-1256.00 is not in the O*NET taxonomy, and neither is its base",27-4031.00,"Camera Operators, Television, Video, and Film",weak,0.25,2026-06-30T04:08:18.383535+00:00
2a4ddd63-f191-4fba-a2bc-0bc3f635248d,Clinical Lab Director,Healthcare & Medicine,https://www.bls.gov/ooh/healthcare-support/clinical-laboratory-technologists-and-technicians.htm,"bls.gov OOH slug ""clinical-laboratory-technologists-and-technicians"" matches no O*NET occupation title",11-9121.01,Clinical Research Coordinators,strong,0.50,2026-05-03T01:52:03.719843+00:00
2ab6f41e-93df-4a28-9840-ebeeef84ef54,Physical Medicine & Rehabilitation Specialist,Healthcare & Medicine,https://www.bls.gov/ooh/healthcare-practitioners-and-technical-occupations/physicians-and-surgeons.htm,"bls.gov OOH slug ""physicians-and-surgeons"" matches no O*NET occupation title",29-1229.04,Physical Medicine and Rehabilitation Physicians,strong,0.75,2026-06-22T02:44:04.782533+00:00
2adb504b-01b0-4e2c-8085-956425a7e5bd,SaaS Product Entrepreneur,Entrepreneurship,https://www.bls.gov/ooh/management/entrepreneurs-and-self-employed-workers.htm,"bls.gov OOH slug ""entrepreneurs-and-self-employed-workers"" matches no O*NET occupation title",11-9041.01,Biofuels/Biodiesel Technology and Product Development Managers,weak,0.33,2026-04-22T02:52:32.905098+00:00
2b12925f-8992-47cd-ba53-39e8cbc35d68,Publishing Executive,Media & Journalism,https://www.onetonline.org/link/summary/11-2031.00,"cited SOC 11-2031.00 is not in the O*NET taxonomy, and neither is its base",11-1011.00,Chief Executives,strong,0.50,2026-07-06T04:06:08.3259+00:00
2b322872-2c36-46b3-a1a2-bdb4bc1409d6,Barista (Specialty Coffee),Fashion & Beauty,https://www.bls.gov/ooh/food-preparation-and-serving-related/food-and-beverage-servers.htm,"bls.gov OOH slug ""food-and-beverage-servers"" matches no O*NET occupation title",35-3023.01,Baristas,full,1.00,2026-08-06T03:13:06.399+00:00
2c74823c-608e-4ae7-8982-a59c1fcad0f9,Payroll Manager,Business & Finance,https://www.bls.gov/ooh/business-and-financial-operations/payroll-specialists.htm,"bls.gov OOH slug ""payroll-specialists"" matches no O*NET occupation title",11-1021.00,General and Operations Managers,strong,0.50,2026-04-22T02:52:34.616352+00:00
2c8a3f2d-036e-4fff-b8e0-db98464fd371,English as Second Language (ESL) Teacher,Education & Coaching,https://www.bls.gov/ooh/education-and-training/high-school-teachers.htm,"bls.gov OOH slug ""high-school-teachers"" matches no O*NET occupation title",25-1123.00,"English Language and Literature Teachers, Postsecondary",strong,0.75,2026-07-31T03:30:23.267215+00:00
2c8ba597-96d5-4ba8-a1f6-2b257859ca84,Live Event Lighting Technician,Arts & Performance,https://www.onetonline.org/link/summary/27-4013.00,"cited SOC 27-4013.00 is not in the O*NET taxonomy, and neither is its base",27-4015.00,Lighting Technicians,strong,0.50,2026-07-21T03:19:47.65979+00:00
2cab1e72-c8b9-4a40-991c-1a8af6f78861,Transmission Technician (Broadcasting),Media & Journalism,https://www.onetonline.org/link/summary/27-4013.00,"cited SOC 27-4013.00 is not in the O*NET taxonomy, and neither is its base",15-1299.02,Geographic Information Systems Technologists and Technicians,strong,0.50,2026-06-22T02:45:17.715669+00:00
2cb7c35c-5d91-4acd-96b5-7a6ea1de0aca,Mental Wellness App Founder,Entrepreneurship,https://www.bls.gov/ooh/business-and-financial-operations/entrepreneurs.htm,"bls.gov OOH slug ""entrepreneurs"" matches no O*NET occupation title",11-9179.01,Fitness and Wellness Coordinators,weak,0.33,2026-05-25T02:29:59.624485+00:00
2d5bd7bf-611a-4130-9fe8-7b0bfd4657f5,Affiliate Marketing Agency Owner,Entrepreneurship,https://www.bls.gov/ooh/management/entrepreneurship.htm,"bls.gov OOH slug ""entrepreneurship"" matches no O*NET occupation title",11-2021.00,Marketing Managers,weak,0.25,2026-04-28T07:57:34.233162+00:00
2d84198e-d113-4f2d-843a-f055d3e6d062,Luxury Resort General Manager,Hospitality & Events,https://www.bls.gov/ooh/management/general-managers-and-top-executives.htm,"bls.gov OOH slug ""general-managers-and-top-executives"" matches no O*NET occupation title",11-1021.00,General and Operations Managers,strong,0.50,2026-04-22T03:26:52.214621+00:00
2e10f388-89a7-4622-991a-cf8bf84f9e39,Radio Announcer,Media & Journalism,https://www.bls.gov/ooh/media-and-communication/radio-and-television-broadcasters.htm,"bls.gov OOH slug ""radio-and-television-broadcasters"" matches no O*NET occupation title",27-3011.00,Broadcast Announcers and Radio Disc Jockeys,full,1.00,2026-04-30T01:58:23.976757+00:00
2e2c3006-782b-455a-a2dd-fbac264fca98,Cardiac Surgeon,Healthcare & Medicine,https://www.onetonline.org/link/summary/29-1641.00,"cited SOC 29-1641.00 is not in the O*NET taxonomy, and neither is its base",29-1022.00,Oral and Maxillofacial Surgeons,strong,0.50,2026-05-03T01:53:27.760205+00:00
2e92f209-a054-4de2-ae7c-f2b2233209fe,Science Teacher (Secondary),Science & Research,https://www.bls.gov/ooh/education-and-training/high-school-teachers.htm,"bls.gov OOH slug ""high-school-teachers"" matches no O*NET occupation title",25-1021.00,"Computer Science Teachers, Postsecondary",full,1.00,2026-05-08T02:05:40.01894+00:00
2ebdc668-abc6-43b2-8ebb-98bac2f773bb,Illustration Instructor,Arts & Performance,https://www.bls.gov/ooh/education-and-training/high-school-teachers.htm,"bls.gov OOH slug ""high-school-teachers"" matches no O*NET occupation title",25-1072.00,"Nursing Instructors and Teachers, Postsecondary",strong,0.50,2026-04-22T02:52:33.477982+00:00
2ef66e04-1bbf-4b41-9b14-dac36340c769,Medical Coder (ICD/CPT),Healthcare & Medicine,https://www.bls.gov/ooh/healthcare-support/medical-records-and-health-information-technicians.htm,"bls.gov OOH slug ""medical-records-and-health-information-technicians"" matches no O*NET occupation title",11-9111.00,Medical and Health Services Managers,strong,0.50,2026-04-22T02:52:31.845128+00:00
2fd53d13-9fe9-46ea-8d19-815f4ce802f1,Gig Economy Platform Founder,Entrepreneurship,https://www.bls.gov/ooh/management/entrepreneurs.htm,"bls.gov OOH slug ""entrepreneurs"" matches no O*NET occupation title",,,none,,2026-06-22T02:43:49.340925+00:00
2fe9e1d5-7354-4603-9370-b858b6585777,Academic Coach,Sports & Fitness,https://www.onetonline.org/link/summary/25-9041.00,"cited SOC 25-9041.00 is not in the O*NET taxonomy, and neither is its base",,,none,,2026-04-22T02:52:29.646164+00:00
3022aa13-58e2-4bef-bcc6-cb6caae83fee,Tech Ethics Officer,Law & Government,https://www.onetonline.org/link/summary/11-3011.00,"cited SOC 11-3011.00 is not in the O*NET taxonomy, and neither is its base",11-1011.03,Chief Sustainability Officers,weak,0.33,2026-04-22T02:52:30.264317+00:00
306cce4b-2ce3-4ebb-a68b-ae1d990c9f00,Voice Coach (Musical Theater),Education & Coaching,https://www.onetonline.org/link/summary/25-3091.00,"cited SOC 25-3091.00 is not in the O*NET taxonomy, and neither is its base",,,none,,2026-04-22T02:52:33.295118+00:00
30b6f9b5-710b-49ce-aaa4-dae087a967cd,Luxury Goods E-Commerce Founder,Entrepreneurship,https://www.bls.gov/ooh/management/self-employed-workers.htm,"bls.gov OOH slug ""self-employed-workers"" matches no O*NET occupation title",51-9196.00,"Paper Goods Machine Setters, Operators, and Tenders",weak,0.25,2026-07-11T03:17:48.375965+00:00
30c4f84b-e46e-432b-a139-d7958eda061d,Science Podcast Host,Media & Journalism,https://www.bls.gov/ooh/media-and-communication/radio-and-television-broadcasters.htm,"bls.gov OOH slug ""radio-and-television-broadcasters"" matches no O*NET occupation title",11-9121.00,Natural Sciences Managers,weak,0.33,2026-05-23T02:01:43.266785+00:00
311cef5a-d08c-48ce-bd1d-1b9929180e9a,Online Education Platform Creator,Entrepreneurship,https://www.onetonline.org/link/summary/15-1256.00,"cited SOC 15-1256.00 is not in the O*NET taxonomy, and neither is its base",11-9031.00,"Education and Childcare Administrators, Preschool and Daycare",weak,0.25,2026-07-06T04:05:37.573875+00:00
31555a27-09e2-4b84-9625-d8cc87a6083b,College Application Coach,Education & Coaching,https://www.onetonline.org/link/summary/25-9041.00,"cited SOC 25-9041.00 is not in the O*NET taxonomy, and neither is its base",,,none,,2026-06-04T02:41:00.408856+00:00
315e726f-5656-4f7f-a052-c9ca084efd71,Clinical Neurologist,Science & Research,https://www.bls.gov/ooh/healthcare-practitioner-and-technical/physicians-and-surgeons.htm,"bls.gov OOH slug ""physicians-and-surgeons"" matches no O*NET occupation title",11-9121.01,Clinical Research Coordinators,strong,0.50,2026-07-02T04:03:30.265416+00:00
315fdacd-41ec-4076-9b48-1b9ec4b35eff,Sports Physician,Gaming & Esports,https://www.bls.gov/ooh/healthcare-and-technical/physicians-and-surgeons.htm,"bls.gov OOH slug ""physicians-and-surgeons"" matches no O*NET occupation title",29-1229.06,Sports Medicine Physicians,full,1.00,2026-04-22T02:52:34.239097+00:00
3172cff1-fbf7-4976-850e-1425e436b541,Histologist,Science & Research,https://www.bls.gov/ooh/healthcare-support/histotechnologists-and-histotechnicians.htm,"bls.gov OOH slug ""histotechnologists-and-histotechnicians"" matches no O*NET occupation title",,,none,,2026-05-29T02:07:23.953757+00:00
31a440f1-e78d-4474-9dd5-0390a42635ff,Video Editor (Media Production),Media & Journalism,https://www.onetonline.org/link/summary/27-4008.00,"cited SOC 27-4008.00 is not in the O*NET taxonomy, and neither is its base",27-4032.00,Film and Video Editors,full,1.00,2026-05-03T01:53:34.401995+00:00
31b84804-c9d2-4a3b-805b-05b936a9555b,Procurement Specialist,Supply Chain & Operations,https://www.bls.gov/ooh/business-and-financial-operations/purchasing-managers-buyers-and-purchasing-agents.htm,"bls.gov OOH slug ""purchasing-managers-buyers-and-purchasing-agents"" matches no O*NET occupation title",11-9121.02,Water Resource Specialists,strong,0.50,2026-04-22T02:52:32.905098+00:00
32160937-2538-4ac6-92c0-eb6eb3cec84c,Mental Health App Founder,Entrepreneurship,https://www.bls.gov/ooh/business-and-financial/entrepreneurs.htm,"bls.gov OOH slug ""entrepreneurs"" matches no O*NET occupation title",21-1014.00,Mental Health Counselors,strong,0.67,2026-06-19T02:54:22.105109+00:00
3217f1e8-7e2f-49b5-ab60-b9593168ce96,Foreign Service Officer,Hospitality & Events,https://www.bls.gov/ooh/social-science-and-law-enforcement/diplomats-and-international-relations-specialists.htm,"bls.gov OOH slug ""diplomats-and-international-relations-specialists"" matches no O*NET occupation title",11-1011.03,Chief Sustainability Officers,weak,0.33,2026-04-22T02:52:30.47108+00:00
3289f063-f03c-496c-8eb8-dcc37877aa29,AI/ML Operations Engineer,Tech & Engineering,https://www.onetonline.org/link/summary/15-1256.00,"cited SOC 15-1256.00 is not in the O*NET taxonomy, and neither is its base",11-1021.00,General and Operations Managers,strong,0.50,2026-06-15T02:43:20.927589+00:00
32a39b86-e5ee-479e-8e7f-2e51023327fc,Broadcast Meteorologist,Media & Journalism,https://www.bls.gov/ooh/life-physical-and-social-science/atmospheric-scientists-including-meteorologists.htm,"bls.gov OOH slug ""atmospheric-scientists-including-meteorologists"" matches no O*NET occupation title",27-3011.00,Broadcast Announcers and Radio Disc Jockeys,strong,0.50,2026-04-22T02:52:29.646164+00:00
32cd69c5-f73f-45ab-b25d-30ce1ebe09b9,Security Operations Center Manager,Cybersecurity,https://www.onetonline.org/link/summary/11-9999.01,"cited SOC 11-9999.01 is not in the O*NET taxonomy, and neither is its base",11-1021.00,General and Operations Managers,strong,0.50,2026-04-22T02:52:30.47108+00:00
32dcff21-4d05-463f-a5d1-332fa0e25a6a,Conservation Scientist,Environment & Sustainability,https://www.bls.gov/ooh/life-physical-and-social-science/conservation-scientists-and-foresters.htm,"bls.gov OOH slug ""conservation-scientists-and-foresters"" matches no O*NET occupation title",19-1031.00,Conservation Scientists,full,1.00,2026-04-22T02:52:29.422718+00:00
3322b430-dcc3-4c44-b781-74162ea5199f,Performance Analyst (Sports),Sports & Fitness,https://www.onetonline.org/link/summary/19-4011.00,"cited SOC 19-4011.00 is not in the O*NET taxonomy, and neither is its base",13-1081.02,Logistics Analysts,strong,0.50,2026-04-22T02:52:29.206458+00:00
33260083-bc5a-421e-86b8-f00721dba265,Craft Beverage Entrepreneur,Entrepreneurship,https://www.bls.gov/ooh/management/entrepreneurs-and-self-employed-workers.htm,"bls.gov OOH slug ""entrepreneurs-and-self-employed-workers"" matches no O*NET occupation title",27-1012.00,Craft Artists,weak,0.33,2026-06-13T02:15:13.430631+00:00
33555605-b24d-46be-bb12-d5aaa56f86bb,Video Editor (Broadcast),Media & Journalism,https://www.onetonline.org/link/summary/27-4008.00,"cited SOC 27-4008.00 is not in the O*NET taxonomy, and neither is its base",27-4032.00,Film and Video Editors,full,1.00,2026-06-22T02:44:21.421502+00:00
33a207da-7a72-4850-9c4f-c8203887759c,Sports Broadcasting Producer,Sports & Fitness,https://www.bls.gov/ooh/media-and-communication/radio-and-television-broadcasters.htm,"bls.gov OOH slug ""radio-and-television-broadcasters"" matches no O*NET occupation title",27-2012.00,Producers and Directors,weak,0.33,2026-05-08T02:03:01.805186+00:00
33baf7b1-ff2b-4bec-a3e8-066c7265cb61,Museum Internship Coordinator,Education & Coaching,https://www.onetonline.org/link/summary/25-9041.00,"cited SOC 25-9041.00 is not in the O*NET taxonomy, and neither is its base",11-9121.01,Clinical Research Coordinators,weak,0.33,2026-04-28T07:59:30.488668+00:00
33d4fa6e-eb32-4203-9809-12baa9f24000,Mobile App Indie Developer,Entrepreneurship,https://www.onetonline.org/link/summary/15-1256.00,"cited SOC 15-1256.00 is not in the O*NET taxonomy, and neither is its base",15-1252.00,Software Developers,weak,0.33,2026-04-29T01:58:48.363079+00:00
3416965f-3b3c-4a2a-928e-6ff0b3f0c775,Physical Therapist Assistant,Healthcare & Medicine,https://www.bls.gov/ooh/healthcare-support/physical-therapist-assistants-and-aides.htm,"bls.gov OOH slug ""physical-therapist-assistants-and-aides"" matches no O*NET occupation title",31-2021.00,Physical Therapist Assistants,full,1.00,2026-05-02T01:50:01.396838+00:00
3432f85b-5fcb-4e9e-90bb-83887e3db88b,Event Safety Manager,Hospitality & Events,https://www.onetonline.org/link/summary/11-3011.00,"cited SOC 11-3011.00 is not in the O*NET taxonomy, and neither is its base",11-1021.00,General and Operations Managers,weak,0.33,2026-06-17T02:41:22.49723+00:00
3433d1ed-7798-4f96-b99b-09fe8598b5a9,Climate Data Scientist,Science & Research,https://www.bls.gov/ooh/life-physical-and-social-science/atmospheric-scientists-and-hydrologists.htm,"bls.gov OOH slug ""atmospheric-scientists-and-hydrologists"" matches no O*NET occupation title",15-2051.00,Data Scientists,strong,0.67,2026-05-04T01:53:17.90719+00:00
344aa5f0-9bde-4c06-b132-1c6d8f2ed5f5,Quality Control Analyst (Laboratory),Science & Research,https://www.onetonline.org/link/summary/19-4011.00,"cited SOC 19-4011.00 is not in the O*NET taxonomy, and neither is its base",19-4099.01,Quality Control Analysts,full,1.00,2026-05-03T01:52:19.051659+00:00
347e3506-3cff-4419-ba04-ab10acb7b194,Long-Form Investigative Reporter,Media & Journalism,https://www.bls.gov/ooh/media-and-communication/reporters-and-correspondents.htm,"bls.gov OOH slug ""reporters-and-correspondents"" matches no O*NET occupation title",27-3023.00,"News Analysts, Reporters, and Journalists",weak,0.25,2026-05-04T01:53:04.553155+00:00
34c313ba-ffb8-426a-a00c-3a82a0a62424,3D Printing Design Specialist,Design & Creative,https://www.onetonline.org/link/summary/17-1023.00,"cited SOC 17-1023.00 is not in the O*NET taxonomy, and neither is its base",11-9121.02,Water Resource Specialists,weak,0.33,2026-05-15T02:06:45.914603+00:00
34cf6680-27bd-4f35-b158-768fd106538f,Pet Product Startup Founder,Entrepreneurship,https://www.bls.gov/ooh/management/entrepreneurs-and-self-employed-workers.htm,"bls.gov OOH slug ""entrepreneurs-and-self-employed-workers"" matches no O*NET occupation title",11-9041.01,Biofuels/Biodiesel Technology and Product Development Managers,weak,0.33,2026-07-22T03:18:19.044944+00:00
34ecda7b-ffec-4a59-b5f6-1ba8fc8f4a0a,Motion Design Director,Design & Creative,https://www.onetonline.org/link/summary/27-2014.00,"cited SOC 27-2014.00 is not in the O*NET taxonomy, and neither is its base",11-9161.00,Emergency Management Directors,weak,0.33,2026-04-23T06:30:17.841034+00:00
350a39a0-149e-4391-8744-15c8dd4a464b,Membership Community Founder,Entrepreneurship,https://www.bls.gov/ooh/management/entrepreneurs.htm,"bls.gov OOH slug ""entrepreneurs"" matches no O*NET occupation title",11-9141.00,"Property, Real Estate, and Community Association Managers",weak,0.33,2026-04-22T02:52:33.675655+00:00
350bbc5d-cc0e-4e73-a448-e5564c8e3a8b,Cinematographer,Science & Research,https://www.bls.gov/ooh/entertainment-and-sports/film-and-video-editors-and-camera-operators.htm,"bls.gov OOH slug ""film-and-video-editors-and-camera-operators"" matches no O*NET occupation title",,,none,,2026-04-22T02:52:31.845128+00:00
35f6700c-9b08-44ab-a1ae-e7d51599bbd6,API-First Software Founder,Entrepreneurship,https://www.bls.gov/ooh/business-and-financial/entrepreneurs-and-self-employed-workers.htm,"bls.gov OOH slug ""entrepreneurs-and-self-employed-workers"" matches no O*NET occupation title",15-1252.00,Software Developers,weak,0.33,2026-06-17T02:42:14.726961+00:00
3741ed20-8b75-408f-be36-942f02bf673e,Fundraising Consultant,Marketing & Communications,https://www.onetonline.org/link/summary/11-2031.00,"cited SOC 11-2031.00 is not in the O*NET taxonomy, and neither is its base",11-2033.00,Fundraising Managers,strong,0.50,2026-04-22T02:52:34.465719+00:00
3768a7b1-c253-445b-85af-c3ec13c1b9e8,Hairdressing Salon Manager,Fashion & Beauty,https://www.onetonline.org/link/summary/39-1012.00,"cited SOC 39-1012.00 is not in the O*NET taxonomy, and neither is its base",11-1021.00,General and Operations Managers,weak,0.33,2026-07-30T02:47:52.826697+00:00
3787dbd9-395b-4f72-b80f-0b6532aeabe0,Payroll Compliance Manager,Business & Finance,https://www.bls.gov/ooh/business-and-financial-operations/payroll-specialists.htm,"bls.gov OOH slug ""payroll-specialists"" matches no O*NET occupation title",11-9199.02,Compliance Managers,strong,0.67,2026-04-27T08:00:04.578724+00:00
37955160-cf48-4e31-9a42-56aabdedcf82,Senior Video Editor,Media & Journalism,https://www.onetonline.org/link/summary/27-4008.00,"cited SOC 27-4008.00 is not in the O*NET taxonomy, and neither is its base",27-4032.00,Film and Video Editors,strong,0.67,2026-05-29T02:08:42.430336+00:00
37ccc506-39ad-4e0e-9944-dc61e315aa3b,Handmade Goods Seller (Etsy/Amazon),Entrepreneurship,https://www.bls.gov/ooh/business-and-financial-operations/self-employed-workers.htm,"bls.gov OOH slug ""self-employed-workers"" matches no O*NET occupation title",51-9196.00,"Paper Goods Machine Setters, Operators, and Tenders",weak,0.33,2026-07-23T03:25:29.949026+00:00
37df75ca-8a40-460f-ba45-33ef07345066,Nephrologist,Healthcare & Medicine,https://www.bls.gov/ooh/healthcare-practitioners-and-technical-occupations/physicians-and-surgeons.htm,"bls.gov OOH slug ""physicians-and-surgeons"" matches no O*NET occupation title",,,none,,2026-05-05T01:53:28.431642+00:00
37eefd7b-af2b-435f-b309-8d5ed6ea1dab,Robotics Team Mentor,Education & Coaching,https://www.bls.gov/ooh/education-and-training/high-school-teachers.htm,"bls.gov OOH slug ""high-school-teachers"" matches no O*NET occupation title",17-2199.08,Robotics Engineers,weak,0.33,2026-06-03T02:46:44.107893+00:00
38045d6d-2e28-4310-8066-e5663fdcf574,Hotel Housekeeping Director,Hospitality & Events,https://www.bls.gov/ooh/management/housekeeping-managers.htm,"bls.gov OOH slug ""housekeeping-managers"" matches no O*NET occupation title",11-9161.00,Emergency Management Directors,weak,0.33,2026-05-14T02:11:28.2681+00:00
38184007-ba58-47a6-9f70-c9b697847790,Software as a Service (SaaS) Developer,Entrepreneurship,https://www.onetonline.org/link/summary/15-1132.00,"cited SOC 15-1132.00 is not in the O*NET taxonomy, and neither is its base",15-1252.00,Software Developers,strong,0.67,2026-04-22T02:52:30.264317+00:00
385c8f42-c009-4963-ac78-e4fc0792a63f,Meteorologist,Science & Research,https://www.bls.gov/ooh/life-physical-social-science/atmospheric-scientists-including-meteorologists.htm,"bls.gov OOH slug ""atmospheric-scientists-including-meteorologists"" matches no O*NET occupation title",,,none,,2026-05-01T02:01:57.760847+00:00
38882a6b-6932-4420-95a8-b443a249550c,Drama Teacher (K-12),Education & Coaching,https://www.bls.gov/ooh/education-and-training/high-school-teachers.htm,"bls.gov OOH slug ""high-school-teachers"" matches no O*NET occupation title",25-1121.00,"Art, Drama, and Music Teachers, Postsecondary",full,1.00,2026-07-14T02:55:19.479252+00:00
38a00a0f-2ab3-40b4-add2-43688d59dbc2,Sports Analyst (Stats and Broadcasting),Sports & Fitness,https://www.bls.gov/ooh/media-and-communication/broadcasters-and-sound-engineering-technicians.htm,"bls.gov OOH slug ""broadcasters-and-sound-engineering-technicians"" matches no O*NET occupation title",13-1081.02,Logistics Analysts,strong,0.50,2026-05-13T02:07:28.538284+00:00
38fcb2e4-e1d6-4949-ada0-010fe96d3624,Hotel Front Desk Manager,Hospitality & Events,https://www.bls.gov/ooh/office-and-administrative-support/hotel-receptionists-and-concierges.htm,"bls.gov OOH slug ""hotel-receptionists-and-concierges"" matches no O*NET occupation title",43-4081.00,"Hotel, Motel, and Resort Desk Clerks",strong,0.50,2026-07-08T03:23:56.82964+00:00
395614dc-ee4f-43d7-a02a-e480e88ee0cd,Dermatologist,Healthcare & Medicine,https://www.bls.gov/ooh/healthcare-and-social-assistance/physicians-and-surgeons.htm,"bls.gov OOH slug ""physicians-and-surgeons"" matches no O*NET occupation title",29-1213.00,Dermatologists,full,1.00,2026-04-22T02:52:31.20659+00:00
39e2c6a8-1cd8-4837-95e7-f268df57e5e6,Nephrology Technician,Healthcare & Medicine,https://www.bls.gov/ooh/healthcare-support/dialysis-technicians.htm,"bls.gov OOH slug ""dialysis-technicians"" matches no O*NET occupation title",15-1299.02,Geographic Information Systems Technologists and Technicians,strong,0.50,2026-04-22T02:52:33.675655+00:00
3a55518a-19c5-4278-b4a1-b980c638e3b7,Voice Coach (Performance),Education & Coaching,https://www.onetonline.org/link/summary/25-3091.00,"cited SOC 25-3091.00 is not in the O*NET taxonomy, and neither is its base",,,none,,2026-07-16T03:14:10.546862+00:00
3ad498eb-9be5-4fb3-97b4-9b2eb79f9bcd,CRISPR Technology Specialist,Science & Research,https://www.onetonline.org/link/summary/19-4011.00,"cited SOC 19-4011.00 is not in the O*NET taxonomy, and neither is its base",11-9041.01,Biofuels/Biodiesel Technology and Product Development Managers,weak,0.33,2026-05-14T02:11:54.332652+00:00
3afc6c79-374f-41fa-ad94-06d52c891ae1,Sustainability Auditor,Environment & Sustainability,https://www.bls.gov/ooh/business-and-financial-operations/environmental-compliance-officers.htm,"bls.gov OOH slug ""environmental-compliance-officers"" matches no O*NET occupation title",11-1011.03,Chief Sustainability Officers,strong,0.50,2026-04-22T02:52:30.47108+00:00
3b0b8dd4-26b7-4212-b761-81e9a1f2d176,Medical Lab Technologist,Healthcare & Medicine,https://www.bls.gov/ooh/healthcare-support/clinical-laboratory-technologists-and-technicians.htm,"bls.gov OOH slug ""clinical-laboratory-technologists-and-technicians"" matches no O*NET occupation title",29-2011.00,Medical and Clinical Laboratory Technologists,full,1.00,2026-04-22T02:52:34.239097+00:00
3c381e24-f7a1-4f0e-995c-75d249bed260,Reproductive Endocrinologist,Healthcare & Medicine,https://www.onetonline.org/link/summary/29-1069.00,"cited SOC 29-1069.00 is not in the O*NET taxonomy, and neither is its base",,,none,,2026-04-24T06:31:04.070142+00:00
3c8840dc-6875-4634-b24c-ed734d0d1bf8,Remote Team Culture Manager,Entrepreneurship,https://www.onetonline.org/link/summary/11-3011.00,"cited SOC 11-3011.00 is not in the O*NET taxonomy, and neither is its base",11-1021.00,General and Operations Managers,weak,0.25,2026-07-09T03:50:26.612066+00:00
3dfc9fca-13de-4238-8fee-8c6b6bc7c35c,Vending Machine Route Owner,Entrepreneurship,https://www.bls.gov/ooh/management/self-employed-workers.htm,"bls.gov OOH slug ""self-employed-workers"" matches no O*NET occupation title",49-9091.00,"Coin, Vending, and Amusement Machine Servicers and Repairers",strong,0.50,2026-04-26T06:30:28.990053+00:00
3e561acc-2263-470f-b2b9-3c500b9720c1,Quality Assurance Manager (Manufacturing),Science & Research,https://www.bls.gov/ooh/production/quality-assurance-inspectors.htm,"bls.gov OOH slug ""quality-assurance-inspectors"" matches no O*NET occupation title",11-3051.01,Quality Control Systems Managers,strong,0.67,2026-06-08T02:38:02.149935+00:00
3e57b74e-09e2-4700-b15f-cec30d1d3497,Indie Bookstore Owner,Entrepreneurship,https://www.bls.gov/ooh/management/self-employed-workers.htm,"bls.gov OOH slug ""self-employed-workers"" matches no O*NET occupation title",,,none,,2026-07-07T03:57:07.336247+00:00
3e9e6b98-28fd-4472-bbad-fbaf34a5147c,Broadcast Journalist (TV/Radio News),Media & Journalism,https://www.bls.gov/ooh/media-and-communication/broadcast-news-analysts.htm,"bls.gov OOH slug ""broadcast-news-analysts"" matches no O*NET occupation title",27-3011.00,Broadcast Announcers and Radio Disc Jockeys,strong,0.50,2026-04-22T03:27:04.533395+00:00
3ef1e70d-53fa-42f5-bdd9-65c9577add14,Special Needs Teacher (Inclusive Education),Education & Coaching,https://www.bls.gov/ooh/education-and-training/special-education-teachers.html,source_url is not an O*NET or BLS OOH link: https://www.bls.gov/ooh/education-and-training/special-education-teachers.html,25-2011.00,"Preschool Teachers, Except Special Education",strong,0.67,2026-05-28T02:01:16.813074+00:00
3f740066-bc7b-44c1-a4b1-0a91efcd582c,Quality Assurance Automation Engineer,Tech & Engineering,https://www.onetonline.org/link/summary/15-1256.00,"cited SOC 15-1256.00 is not in the O*NET taxonomy, and neither is its base",15-1253.00,Software Quality Assurance Analysts and Testers,strong,0.50,2026-04-22T06:25:26.47985+00:00
3f75b8b3-b3ed-4f8b-a482-a24c546c105a,Online Course Marketplace Founder,Entrepreneurship,https://www.bls.gov/ooh/management/entrepreneurs-and-self-employed-workers.htm,"bls.gov OOH slug ""entrepreneurs-and-self-employed-workers"" matches no O*NET occupation title",13-1199.06,Online Merchants,weak,0.25,2026-06-16T02:45:31.595739+00:00
403f75c4-e0b9-44f6-8743-8a1587b1c628,Eco-Tourism Operator,Environment & Sustainability,https://www.onetonline.org/link/summary/39-6032.00,"cited SOC 39-6032.00 is not in the O*NET taxonomy, and neither is its base",27-4031.00,"Camera Operators, Television, Video, and Film",strong,0.50,2026-04-22T02:52:30.264317+00:00
40fc3860-e2be-417e-98f6-13f2d102ed62,Theater Operations Manager,Supply Chain & Operations,https://www.onetonline.org/link/summary/11-9120.00,"cited SOC 11-9120.00 is not in the O*NET taxonomy, and neither is its base",11-1021.00,General and Operations Managers,strong,0.67,2026-04-22T02:52:30.082186+00:00
410f1592-53c1-4c63-9911-4da88f0ff170,Gastroenterologist,Hospitality & Events,https://www.bls.gov/ooh/healthcare-and-social-assistance/physicians-and-surgeons.htm,"bls.gov OOH slug ""physicians-and-surgeons"" matches no O*NET occupation title",,,none,,2026-04-22T02:52:29.422718+00:00
41243840-d554-4c17-939e-5aa744c162b7,Franchise Reseller (Tech),Entrepreneurship,https://www.bls.gov/ooh/management/general-managers-and-top-executives.htm,"bls.gov OOH slug ""general-managers-and-top-executives"" matches no O*NET occupation title",,,none,,2026-05-31T02:29:28.396164+00:00
418d66dd-8a27-4e20-8a66-c571b5a01dec,Clinical Laboratory Scientist,Healthcare & Medicine,https://www.bls.gov/ooh/healthcare-support/clinical-laboratory-technologists-and-technicians.htm,"bls.gov OOH slug ""clinical-laboratory-technologists-and-technicians"" matches no O*NET occupation title",29-2011.00,Medical and Clinical Laboratory Technologists,strong,0.67,2026-04-22T02:52:30.264317+00:00
42cdf183-6446-4537-bf46-c78bb6cfcdb3,Ecosystem Monitoring Technician,Environment & Sustainability,https://www.onetonline.org/link/summary/19-4091.00,"cited SOC 19-4091.00 is not in the O*NET taxonomy, and neither is its base",19-4051.02,Nuclear Monitoring Technicians,strong,0.67,2026-04-22T02:52:32.905098+00:00
43b74c51-2136-4b76-864c-76a033c573c2,Substitute Teacher,Education & Coaching,https://www.bls.gov/ooh/education-and-training/teachers-kindergarten-and-elementary-school.htm,"bls.gov OOH slug ""teachers-kindergarten-and-elementary-school"" matches no O*NET occupation title",25-3031.00,"Substitute Teachers, Short-Term",full,1.00,2026-05-06T01:52:50.304419+00:00
43c91687-6a7f-47da-b900-13af0c23a157,E-commerce Store Owner,Marketing & Communications,https://www.bls.gov/ooh/management/self-employed-workers.htm,"bls.gov OOH slug ""self-employed-workers"" matches no O*NET occupation title",,,none,,2026-04-22T02:52:29.422718+00:00
43c925a8-cf0a-4f5a-80fe-3c1917635e6a,Neurologist,Science & Research,https://www.bls.gov/ooh/healthcare-practitioners-and-technical-occupations/physicians-and-surgeons.htm,"bls.gov OOH slug ""physicians-and-surgeons"" matches no O*NET occupation title",29-1217.00,Neurologists,full,1.00,2026-04-22T02:52:31.20659+00:00
43cdb037-835f-49fc-a5d6-661f4fe19037,Beauty Writer & Influencer,Fashion & Beauty,https://www.onetonline.org/link/summary/27-3022.00,"cited SOC 27-3022.00 is not in the O*NET taxonomy, and neither is its base",27-3042.00,Technical Writers,weak,0.33,2026-07-01T04:24:50.449901+00:00
43ce3622-d5dd-426e-a2dc-b8d5ee39ca30,Debate Coach (Competitive Speech),Education & Coaching,https://www.bls.gov/ooh/education-and-training/high-school-teachers.htm,"bls.gov OOH slug ""high-school-teachers"" matches no O*NET occupation title",,,none,,2026-06-21T02:40:35.355585+00:00
44aad279-7dff-432c-a85d-6cee2fea140e,Dialysis Technician,Healthcare & Medicine,https://www.onetonline.org/link/summary/29-2039.00,"cited SOC 29-2039.00 is not in the O*NET taxonomy, and neither is its base",15-1299.02,Geographic Information Systems Technologists and Technicians,strong,0.50,2026-04-22T02:52:33.675655+00:00
4512442a-5707-4043-a5e3-f4140107810d,VIP Services Manager,Hospitality & Events,https://www.onetonline.org/link/summary/39-1011.00,"cited SOC 39-1011.00 is not in the O*NET taxonomy, and neither is its base",11-3012.00,Administrative Services Managers,full,1.00,2026-05-18T02:14:22.451862+00:00
46195c3d-c921-4d62-8ea8-06040f2bdb18,Polymer Chemist,Science & Research,https://www.bls.gov/ooh/life-physical-social-science/chemists-and-materials-scientists.htm,"bls.gov OOH slug ""chemists-and-materials-scientists"" matches no O*NET occupation title",19-2031.00,Chemists,strong,0.50,2026-07-22T03:19:59.514424+00:00
46783e2b-7410-426a-a4f5-5ac2e9443280,TikTok Content Creator,Media & Journalism,https://www.onetonline.org/link/summary/27-3022.00,"cited SOC 27-3022.00 is not in the O*NET taxonomy, and neither is its base",,,none,,2026-06-21T02:42:07.312251+00:00
46e27917-d287-4d22-ad14-dcd8925719a3,Subscription Analytics Startup Founder,Entrepreneurship,https://www.bls.gov/ooh/business-and-financial/entrepreneurs.htm,"bls.gov OOH slug ""entrepreneurs"" matches no O*NET occupation title",,,none,,2026-07-24T03:19:06.902076+00:00
470ca10e-b238-4977-a5e6-ad21f1c1eb44,Elementary School Teacher (STEM),Education & Coaching,https://www.bls.gov/ooh/education-and-training/kindergarten-and-elementary-school-teachers.htm,"bls.gov OOH slug ""kindergarten-and-elementary-school-teachers"" matches no O*NET occupation title",25-2021.00,"Elementary School Teachers, Except Special Education",full,1.00,2026-05-04T01:52:31.613852+00:00
471f7ffa-d461-4f42-a48a-6975400d91de,Resort General Manager,Hospitality & Events,https://www.bls.gov/ooh/management/general-managers-and-top-executives.htm,"bls.gov OOH slug ""general-managers-and-top-executives"" matches no O*NET occupation title",11-1021.00,General and Operations Managers,strong,0.67,2026-04-22T02:52:30.264317+00:00
477c6fd2-f01d-4570-9d15-6538b922908f,Urologic Surgeon,Healthcare & Medicine,https://www.bls.gov/ooh/healthcare-and-technical/physicians-and-surgeons.htm,"bls.gov OOH slug ""physicians-and-surgeons"" matches no O*NET occupation title",29-1022.00,Oral and Maxillofacial Surgeons,strong,0.50,2026-04-22T02:52:33.295118+00:00
47e016e0-dddd-4cb1-a0bb-f31699cb1a48,Investigative Researcher (Journalism),Media & Journalism,https://www.bls.gov/ooh/media-and-communication/reporters-and-correspondents.htm,"bls.gov OOH slug ""reporters-and-correspondents"" matches no O*NET occupation title",19-3022.00,Survey Researchers,strong,0.50,2026-08-10T02:11:29.691342+00:00
47f13438-dc54-4481-994b-317639feb893,Conservation Program Manager,Environment & Sustainability,https://www.bls.gov/ooh/life-physical-and-social-science/conservation-scientists-and-foresters.htm,"bls.gov OOH slug ""conservation-scientists-and-foresters"" matches no O*NET occupation title",11-1021.00,General and Operations Managers,weak,0.33,2026-06-14T02:37:56.169701+00:00
480a7cc0-be60-4699-b87d-bf344bc900d9,DEI Program Manager,Education & Coaching,https://www.onetonline.org/link/summary/11-3011.00,"cited SOC 11-3011.00 is not in the O*NET taxonomy, and neither is its base",11-1021.00,General and Operations Managers,strong,0.50,2026-04-22T02:52:30.264317+00:00
4852b8a3-c1f5-4af9-a4ca-00c58859bdfc,Handmade Goods E-commerce Entrepreneur,Entrepreneurship,https://www.bls.gov/ooh/management/self-employed-workers.htm,"bls.gov OOH slug ""self-employed-workers"" matches no O*NET occupation title",51-9196.00,"Paper Goods Machine Setters, Operators, and Tenders",weak,0.25,2026-07-02T04:03:57.418239+00:00
488a69b9-b6d7-4e6c-b8e5-42166fd3c2cb,Climate Tech Startup Founder,Environment & Sustainability,https://www.bls.gov/ooh/management/general-managers-and-top-executives.htm,"bls.gov OOH slug ""general-managers-and-top-executives"" matches no O*NET occupation title",19-2041.01,Climate Change Policy Analysts,weak,0.25,2026-04-22T02:52:32.496342+00:00
498ecb55-c136-492b-a034-32455a8c716e,Lab Animal Scientist,Science & Research,https://www.onetonline.org/link/summary/25-3093.00,"cited SOC 25-3093.00 is not in the O*NET taxonomy, and neither is its base",19-1011.00,Animal Scientists,full,1.00,2026-05-09T01:56:11.817026+00:00
4a290184-dbaf-4e2e-96fe-6ff023b37e9b,Research Lab Manager,Science & Research,https://www.onetonline.org/link/summary/19-4011.02,"cited SOC 19-4011.02 is not in the O*NET taxonomy, and neither is its base",11-1021.00,General and Operations Managers,strong,0.50,2026-05-15T02:07:38.186914+00:00
4a4104db-71bb-4b79-8e81-2a56905bddc6,Laboratory Pathologist,Science & Research,https://www.bls.gov/ooh/healthcare-practitioners-and-technical-occupations/medical-laboratory-technologists-and-technicians.htm,"bls.gov OOH slug ""medical-laboratory-technologists-and-technicians"" matches no O*NET occupation title",29-1127.00,Speech-Language Pathologists,strong,0.50,2026-04-22T02:52:34.239097+00:00
4a6fed42-707f-4245-be52-b57454d8f83a,Videographer (Commercial),Media & Journalism,https://www.bls.gov/ooh/arts-and-design/film-and-video-editors-and-camera-operators.htm,"bls.gov OOH slug ""film-and-video-editors-and-camera-operators"" matches no O*NET occupation title",,,none,,2026-05-14T02:11:47.587547+00:00
4b42c163-cc8a-4539-830d-e714ffb99313,Language Arts Teacher,Education & Coaching,https://www.bls.gov/ooh/education-and-training/high-school-teachers.htm,"bls.gov OOH slug ""high-school-teachers"" matches no O*NET occupation title",25-1123.00,"English Language and Literature Teachers, Postsecondary",strong,0.67,2026-04-22T02:52:33.477982+00:00
4bc078f4-5acb-4e86-8d50-5d0b30818f2a,Fintech App Founder,Entrepreneurship,https://www.bls.gov/ooh/business-and-financial/entrepreneurs.htm,"bls.gov OOH slug ""entrepreneurs"" matches no O*NET occupation title",,,none,,2026-04-22T02:52:33.087307+00:00
4bfaea20-b331-4a48-b8b0-fa30b2c714a3,Science Teacher,Education & Coaching,https://www.bls.gov/ooh/education-and-training/high-school-teachers.htm,"bls.gov OOH slug ""high-school-teachers"" matches no O*NET occupation title",25-1021.00,"Computer Science Teachers, Postsecondary",full,1.00,2026-04-22T02:52:32.680575+00:00
4c33c8b6-6536-4e90-bad7-11a5bce8691f,Educational Diagnostician,Education & Coaching,https://www.onetonline.org/link/summary/19-3031.02,"cited SOC 19-3031.02 is not in the O*NET taxonomy, and neither is its base",21-1012.00,"Educational, Guidance, and Career Counselors and Advisors",strong,0.50,2026-04-22T02:52:34.05043+00:00
4c8062da-bff8-4c50-8d7e-5acd358031f1,Strength and Conditioning Analyst (Data),Sports & Fitness,https://www.onetonline.org/link/summary/19-4011.00,"cited SOC 19-4011.00 is not in the O*NET taxonomy, and neither is its base",13-1081.02,Logistics Analysts,weak,0.33,2026-04-28T07:58:53.049236+00:00
4cf4641b-be3f-4161-8dec-237fb7c85070,Video News Editor,Media & Journalism,https://www.bls.gov/ooh/arts-and-design/film-and-video-editors-and-camera-operators.htm,"bls.gov OOH slug ""film-and-video-editors-and-camera-operators"" matches no O*NET occupation title",27-4032.00,Film and Video Editors,strong,0.67,2026-06-15T02:44:52.798282+00:00
4d3aeb70-7673-48b0-af3f-c37216d117fd,Hepatologist,Healthcare & Medicine,https://www.bls.gov/ooh/healthcare-practitioners-and-technical-occupations/physicians-and-surgeons.htm,"bls.gov OOH slug ""physicians-and-surgeons"" matches no O*NET occupation title",,,none,,2026-04-22T02:52:33.477982+00:00
4d629951-f876-4f7a-a358-8812b95af6de,Puppetry Therapist,Healthcare & Medicine,https://www.onetonline.org/link/summary/21-1018.00,"cited SOC 21-1018.00 is not in the O*NET taxonomy, and neither is its base",21-1013.00,Marriage and Family Therapists,strong,0.50,2026-04-22T02:52:29.856816+00:00
4dd95cff-35dc-44fc-add3-60188c53d2a7,Strength and Conditioning Specialist (Olympic),Sports & Fitness,https://www.bls.gov/ooh/personal-care-and-service/fitness-trainers-and-aerobics-instructors.htm,"bls.gov OOH slug ""fitness-trainers-and-aerobics-instructors"" matches no O*NET occupation title",11-9121.02,Water Resource Specialists,weak,0.33,2026-06-19T02:54:55.516845+00:00
4e18ce18-2cc9-488a-a70a-7ff0a97ea018,Advanced Placement Instructor,Education & Coaching,https://www.bls.gov/ooh/education-and-training/high-school-teachers.htm,"bls.gov OOH slug ""high-school-teachers"" matches no O*NET occupation title",25-1072.00,"Nursing Instructors and Teachers, Postsecondary",weak,0.33,2026-05-04T01:53:46.182536+00:00
4e5cc42e-f7b9-49fe-b60e-a97e17d2f5af,Government Procurement Officer,Law & Government,https://www.bls.gov/ooh/business-and-financial-operations/purchasing-managers-buyers-and-procurement-specialists.htm,"bls.gov OOH slug ""purchasing-managers-buyers-and-procurement-specialists"" matches no O*NET occupation title",11-1011.03,Chief Sustainability Officers,weak,0.33,2026-08-09T02:07:13.853701+00:00
4e940091-eb66-461b-b503-4f40f0f7ae52,Marketplace Arbitrage Entrepreneur,Entrepreneurship,https://www.bls.gov/ooh/management/self-employed-workers.htm,"bls.gov OOH slug ""self-employed-workers"" matches no O*NET occupation title",,,none,,2026-06-03T02:45:44.276161+00:00
4ea7b552-585e-4c11-913f-3e87e42e4829,Medical Coding Specialist,Healthcare & Medicine,https://www.bls.gov/ooh/healthcare-support/medical-records-health-information-technicians.htm,"bls.gov OOH slug ""medical-records-health-information-technicians"" matches no O*NET occupation title",29-2072.00,Medical Records Specialists,strong,0.67,2026-04-26T06:31:01.218428+00:00
4ebfa2fb-dc5c-45da-985a-2a9eb2163f38,Climate Tech Founder,Environment & Sustainability,https://www.bls.gov/ooh/business-and-financial-operations/entrepreneurs.htm,"bls.gov OOH slug ""entrepreneurs"" matches no O*NET occupation title",19-2041.01,Climate Change Policy Analysts,weak,0.33,2026-04-22T02:52:34.465719+00:00
4ecdabfa-6034-4bc0-9d6b-66393c57ffe3,Museum Educator (STEM),Education & Coaching,https://www.onetonline.org/link/summary/25-9041.00,"cited SOC 25-9041.00 is not in the O*NET taxonomy, and neither is its base",25-4013.00,Museum Technicians and Conservators,strong,0.50,2026-08-05T02:55:17.14153+00:00
4ed0531a-108f-429b-bcb7-f57afb2b36d6,Niche Influencer Brand Builder,Gaming & Esports,https://www.onetonline.org/link/summary/27-3022.00,"cited SOC 27-3022.00 is not in the O*NET taxonomy, and neither is its base",51-9197.00,Tire Builders,weak,0.25,2026-04-22T02:52:30.655222+00:00
4f4e989a-d4ba-477f-b161-c97ae81983e2,Reproductive Specialist,Healthcare & Medicine,https://www.bls.gov/ooh/healthcare-practitioners-and-technical-occupations/physicians-and-surgeons.htm,"bls.gov OOH slug ""physicians-and-surgeons"" matches no O*NET occupation title",11-9121.02,Water Resource Specialists,strong,0.50,2026-05-10T01:55:03.517959+00:00
4f793c6c-2347-45d8-b7e7-38cb1f364df2,Hotel Manager (Boutique),Hospitality & Events,https://www.bls.gov/ooh/management/hotel-motel-and-resort-managers.htm,"bls.gov OOH slug ""hotel-motel-and-resort-managers"" matches no O*NET occupation title",11-1021.00,General and Operations Managers,strong,0.50,2026-06-17T02:41:19.495496+00:00
4fc2d9da-37c6-4638-a556-41dbd6f51a62,Procurement Manager,Business & Finance,https://www.bls.gov/ooh/business-and-financial-operations/purchasing-managers-buyers-and-procurement-specialists.htm,"bls.gov OOH slug ""purchasing-managers-buyers-and-procurement-specialists"" matches no O*NET occupation title",11-1021.00,General and Operations Managers,strong,0.50,2026-04-30T01:58:53.10319+00:00
4fc4e15f-36ab-410e-8a97-dbe02a422e85,SaaS Marketer Entrepreneur,Entrepreneurship,https://www.bls.gov/ooh/business-and-financial-operations/entrepreneurs.htm,"bls.gov OOH slug ""entrepreneurs"" matches no O*NET occupation title",,,none,,2026-04-22T02:52:33.295118+00:00
4fd2c2bb-a5b7-461e-839a-665243c9a8b5,Licensed Premises Owner (Bar/Pub),Entrepreneurship,https://www.bls.gov/ooh/management/general-managers-and-top-executives.htm,"bls.gov OOH slug ""general-managers-and-top-executives"" matches no O*NET occupation title",29-2061.00,Licensed Practical and Licensed Vocational Nurses,weak,0.33,2026-04-26T06:30:35.29428+00:00
500af9d7-0188-416a-b689-3d11a15dc12e,Freelance Marketplace Founder,Entrepreneurship,https://www.bls.gov/ooh/management/entrepreneurs-and-self-employed-workers.htm,"bls.gov OOH slug ""entrepreneurs-and-self-employed-workers"" matches no O*NET occupation title",,,none,,2026-05-18T02:12:57.862833+00:00
50696e3e-1b71-4dc8-9288-6d25068a136d,Soil Health Specialist,Environment & Sustainability,https://www.onetonline.org/link/summary/19-4091.02,"cited SOC 19-4091.02 is not in the O*NET taxonomy, and neither is its base",15-1211.01,Health Informatics Specialists,strong,0.67,2026-04-22T02:52:33.295118+00:00
5089b129-f15a-43c9-8c6e-7c4eb80fd22f,Wedding Venue Director,Hospitality & Events,https://www.onetonline.org/link/summary/39-1021.00,"cited SOC 39-1021.00 is not in the O*NET taxonomy, and neither is its base",11-9161.00,Emergency Management Directors,weak,0.33,2026-04-22T02:52:30.082186+00:00
50949a85-2e92-4e8e-a505-7706ec03610b,Direct-to-Consumer Brand Founder,Marketing & Communications,https://www.bls.gov/ooh/management/entrepreneurs-and-self-employed-workers.htm,"bls.gov OOH slug ""entrepreneurs-and-self-employed-workers"" matches no O*NET occupation title",25-1192.00,"Family and Consumer Sciences Teachers, Postsecondary",weak,0.25,2026-04-22T02:52:34.465719+00:00
50fb9bd9-76c0-4eb0-8898-05bee93314dd,Podcast Host (Independent),Media & Journalism,https://www.bls.gov/ooh/media-and-communication/broadcasters-and-sound-engineering-technicians.htm,"bls.gov OOH slug ""broadcasters-and-sound-engineering-technicians"" matches no O*NET occupation title",35-9031.00,"Hosts and Hostesses, Restaurant, Lounge, and Coffee Shop",strong,0.50,2026-05-08T02:05:18.984416+00:00
5116dd85-3d60-4231-b474-cbde7b288b9b,Perinatology Specialist,Healthcare & Medicine,https://www.bls.gov/ooh/healthcare-practitioners-and-technical-occupations/physicians-and-surgeons.htm,"bls.gov OOH slug ""physicians-and-surgeons"" matches no O*NET occupation title",11-9121.02,Water Resource Specialists,strong,0.50,2026-06-28T04:21:43.603059+00:00
51647a4e-10c7-45dd-864b-8ec1c1da1240,Hotel Front Office Manager,Hospitality & Events,https://www.bls.gov/ooh/management/hotel-motel-and-resort-managers.htm,"bls.gov OOH slug ""hotel-motel-and-resort-managers"" matches no O*NET occupation title",11-1021.00,General and Operations Managers,weak,0.25,2026-04-23T06:31:01.359747+00:00
51aeef99-5688-4a3f-bb00-601dcf68c29e,Quality Assurance Analyst,Supply Chain & Operations,https://www.onetonline.org/link/summary/19-4011.00,"cited SOC 19-4011.00 is not in the O*NET taxonomy, and neither is its base",15-1253.00,Software Quality Assurance Analysts and Testers,full,1.00,2026-04-22T02:52:31.660242+00:00
51f68839-d80b-493c-9d4a-02f6d3cab07b,Live Events Producer,Arts & Performance,https://www.onetonline.org/link/summary/27-2014.01,"cited SOC 27-2014.01 is not in the O*NET taxonomy, and neither is its base",13-1121.00,"Meeting, Convention, and Event Planners",weak,0.33,2026-08-09T02:06:25.854434+00:00
52f26cde-7982-4797-8e0c-abd822bfa6b6,News Producer (Broadcast),Media & Journalism,https://www.bls.gov/ooh/media-and-communication/radio-and-television-broadcasters.htm,"bls.gov OOH slug ""radio-and-television-broadcasters"" matches no O*NET occupation title",27-2012.00,Producers and Directors,strong,0.50,2026-04-22T03:24:27.228105+00:00
52f555b9-6d53-464e-b2d7-6eaf62dd6b02,Freelance Fact-Checker,Media & Journalism,https://www.onetonline.org/link/summary/27-3022.00,"cited SOC 27-3022.00 is not in the O*NET taxonomy, and neither is its base",43-4041.00,"Credit Authorizers, Checkers, and Clerks",weak,0.33,2026-06-17T02:42:30.24045+00:00
5311bf30-fa45-4561-bbcc-414c052140fc,Adult Education Program Director,Education & Coaching,https://www.bls.gov/ooh/education-training-and-library/instructional-coordinators-and-curriculum-specialists.htm,"bls.gov OOH slug ""instructional-coordinators-and-curriculum-specialists"" matches no O*NET occupation title",21-2021.00,"Directors, Religious Activities and Education",strong,0.50,2026-06-01T02:40:40.621745+00:00
53d86ab4-1c26-4efa-850e-087c957410cf,Medical Technologist (Laboratory),Healthcare & Medicine,https://www.bls.gov/ooh/healthcare-practitioners-and-technical-occupations/clinical-laboratory-technologists-and-technicians.htm,"bls.gov OOH slug ""clinical-laboratory-technologists-and-technicians"" matches no O*NET occupation title",29-2011.00,Medical and Clinical Laboratory Technologists,full,1.00,2026-07-29T03:15:10.648921+00:00
54843442-880f-4ce0-9776-2ee2daa69028,Wildlife Rehabilitation Specialist,Environment & Sustainability,https://www.onetonline.org/link/summary/31-1099.00,"cited SOC 31-1099.00 is not in the O*NET taxonomy, and neither is its base",11-9121.02,Water Resource Specialists,weak,0.33,2026-05-08T02:02:24.770115+00:00
5489c09c-10a0-4006-a95d-6bdc33fe4f37,Sustainable Agriculture Consultant,Food & Culinary,https://www.onetonline.org/link/summary/13-1079.01,"cited SOC 13-1079.01 is not in the O*NET taxonomy, and neither is its base",19-4012.01,Precision Agriculture Technicians,weak,0.33,2026-04-22T02:52:30.47108+00:00
55038fc1-7ad8-412e-ab8d-b79c1aa9e45c,Cosmetics Quality Assurance Tester,Fashion & Beauty,https://www.onetonline.org/link/summary/19-4011.02,"cited SOC 19-4011.02 is not in the O*NET taxonomy, and neither is its base",15-1253.00,Software Quality Assurance Analysts and Testers,strong,0.75,2026-06-12T02:34:37.062331+00:00
55048691-54aa-4053-b664-d30d8de7bae4,Real Estate Tech Founder,Entrepreneurship,https://www.bls.gov/ooh/business-and-financial/entrepreneurs.htm,"bls.gov OOH slug ""entrepreneurs"" matches no O*NET occupation title",11-9141.00,"Property, Real Estate, and Community Association Managers",strong,0.50,2026-04-22T02:52:33.675655+00:00
569ce2bf-403b-4365-805e-a132285e9e40,Pharmaceutical Chemist,Science & Research,https://www.bls.gov/ooh/life-physical-social-science/chemists-and-materials-scientists.htm,"bls.gov OOH slug ""chemists-and-materials-scientists"" matches no O*NET occupation title",19-2031.00,Chemists,strong,0.50,2026-05-02T01:50:12.56485+00:00
56c6c0f8-134c-4b2a-8ebe-a7b7fe8f705b,Virtual Boutique Owner,Entrepreneurship,https://www.bls.gov/ooh/management/self-employed-workers.htm,"bls.gov OOH slug ""self-employed-workers"" matches no O*NET occupation title",,,none,,2026-07-01T04:23:40.873533+00:00
56e7bbbb-e83c-441e-875d-56f6104cc592,Astrophysicist,Fashion & Beauty,https://www.bls.gov/ooh/life-physical-social-science/physicists-and-astronomers.htm,"bls.gov OOH slug ""physicists-and-astronomers"" matches no O*NET occupation title",,,none,,2026-04-22T02:52:29.422718+00:00
56ef0650-defc-4ef5-90c4-ff23d1902b74,Radio Producer,Media & Journalism,https://www.bls.gov/ooh/media-and-communication/radio-and-television-broadcasters.htm,"bls.gov OOH slug ""radio-and-television-broadcasters"" matches no O*NET occupation title",17-2072.01,Radio Frequency Identification Device Specialists,strong,0.50,2026-04-22T02:52:29.856816+00:00
5736ca87-9f11-4680-96ba-e15211b0e705,Music Teacher (Private),Education & Coaching,https://www.bls.gov/ooh/education-training-and-library/music-teachers.html,source_url is not an O*NET or BLS OOH link: https://www.bls.gov/ooh/education-training-and-library/music-teachers.html,25-1121.00,"Art, Drama, and Music Teachers, Postsecondary",full,1.00,2026-07-03T03:49:06.782365+00:00
5744d237-fecb-44db-868c-a672164c535e,Seasonal Business Owner,Entrepreneurship,https://www.bls.gov/ooh/management/self-employed-workers.htm,"bls.gov OOH slug ""self-employed-workers"" matches no O*NET occupation title",13-1011.00,"Agents and Business Managers of Artists, Performers, and Athletes",weak,0.33,2026-07-22T03:19:35.625843+00:00
57498d0a-8ea7-4b03-8d1c-ac4c09118897,Nonprofit Technology Director,Social Impact & Nonprofit,https://www.onetonline.org/link/summary/15-1131.00,"cited SOC 15-1131.00 is not in the O*NET taxonomy, and neither is its base",11-9041.01,Biofuels/Biodiesel Technology and Product Development Managers,weak,0.33,2026-04-22T02:52:30.082186+00:00
57bed206-78d9-4ffc-aabd-7bae27487ede,Specialty Food Brand Founder,Entrepreneurship,https://www.bls.gov/ooh/management/self-employed-workers.htm,"bls.gov OOH slug ""self-employed-workers"" matches no O*NET occupation title",11-9051.00,Food Service Managers,weak,0.25,2026-05-03T01:51:45.746394+00:00
5887f41e-bc7f-4cac-ae4c-fa329df96f4c,Impact Measurement Entrepreneur,Entrepreneurship,https://www.bls.gov/ooh/management/entrepreneurs-and-self-employed-workers.htm,"bls.gov OOH slug ""entrepreneurs-and-self-employed-workers"" matches no O*NET occupation title",,,none,,2026-06-15T02:43:48.8354+00:00
590a7c36-01c5-42b1-bc96-7655101ae038,HealthTech Startup Founder,Entrepreneurship,https://www.bls.gov/ooh/management/entrepreneurs-and-self-employed-workers.htm,"bls.gov OOH slug ""entrepreneurs-and-self-employed-workers"" matches no O*NET occupation title",,,none,,2026-05-03T01:51:40.534036+00:00
594bc14b-af6f-4634-b11c-e2945866604f,Food Waste Reduction Specialist,Environment & Sustainability,https://www.onetonline.org/link/summary/19-4091.00,"cited SOC 19-4091.00 is not in the O*NET taxonomy, and neither is its base",11-9051.00,Food Service Managers,weak,0.25,2026-08-02T03:29:40.977144+00:00
59baa732-8436-45e2-b81c-51614a52c26e,Metaverse Event Founder,Entrepreneurship,https://www.bls.gov/ooh/management/entrepreneurship.htm,"bls.gov OOH slug ""entrepreneurship"" matches no O*NET occupation title",13-1121.00,"Meeting, Convention, and Event Planners",weak,0.33,2026-06-23T04:04:15.947756+00:00
59c2e463-28b9-498f-8227-dfc0f2f5c22d,Otolaryngologist (ENT Specialist),Healthcare & Medicine,https://www.bls.gov/ooh/healthcare-practitioners-and-technical-occupations/physicians-and-surgeons.htm,"bls.gov OOH slug ""physicians-and-surgeons"" matches no O*NET occupation title",,,none,,2026-07-29T03:15:04.097237+00:00
5a36928f-0350-4313-84b6-9bacf3e8d631,Niche Content Network Founder,Entrepreneurship,https://www.bls.gov/ooh/management/self-employed-workers.htm,"bls.gov OOH slug ""self-employed-workers"" matches no O*NET occupation title",15-1231.00,Computer Network Support Specialists,weak,0.25,2026-06-15T02:42:37.663926+00:00
5af58799-3e12-4870-8d5b-cd091c36f40b,Licensing Business Founder,Entrepreneurship,https://www.bls.gov/ooh/management/general-managers-and-top-executives.htm,"bls.gov OOH slug ""general-managers-and-top-executives"" matches no O*NET occupation title",13-1011.00,"Agents and Business Managers of Artists, Performers, and Athletes",weak,0.33,2026-04-22T02:52:34.465719+00:00
5b29584c-800f-4140-b546-f61ee17bca0a,Shopify Store Developer,Entrepreneurship,https://www.onetonline.org/link/summary/15-1257.00,"cited SOC 15-1257.00 is not in the O*NET taxonomy, and neither is its base",15-1252.00,Software Developers,weak,0.33,2026-05-28T02:01:26.362422+00:00
5b8b50b4-67aa-4bc5-96ba-1d1b836c8b4b,Quality Assurance Analyst (Pharma),Science & Research,https://www.onetonline.org/link/summary/19-4011.02,"cited SOC 19-4011.02 is not in the O*NET taxonomy, and neither is its base",15-1253.00,Software Quality Assurance Analysts and Testers,full,1.00,2026-05-22T02:14:00.320382+00:00
5bbf7750-631a-46e3-abd2-b37c568ab8df,Orthopedic Sports Medicine Physician,Sports & Fitness,https://www.bls.gov/ooh/healthcare-and-technical/physicians-and-surgeons.htm,"bls.gov OOH slug ""physicians-and-surgeons"" matches no O*NET occupation title",29-1229.06,Sports Medicine Physicians,strong,0.75,2026-07-30T02:48:32.197441+00:00
5c05267b-e782-4671-bce5-0f4e42d94cf6,Video Journalist,Media & Journalism,https://www.bls.gov/ooh/media-and-communication/reporters-and-correspondents.htm,"bls.gov OOH slug ""reporters-and-correspondents"" matches no O*NET occupation title",15-1255.01,Video Game Designers,strong,0.50,2026-04-22T02:52:30.082186+00:00
5c0d722c-b8db-4187-afa9-a634377fd7f6,Athletic Trainer (College Sports),Sports & Fitness,https://www.onetonline.org/link/summary/29-2071.00,"cited SOC 29-2071.00 is not in the O*NET taxonomy, and neither is its base",29-9091.00,Athletic Trainers,full,1.00,2026-04-27T07:59:30.585395+00:00
5c658fb6-ec19-4da6-8299-dfe0f7c94f78,Adult Education Coordinator,Education & Coaching,https://www.bls.gov/ooh/education-training-and-library/instructional-coordinators-and-training-specialists.htm,"bls.gov OOH slug ""instructional-coordinators-and-training-specialists"" matches no O*NET occupation title",11-9031.00,"Education and Childcare Administrators, Preschool and Daycare",weak,0.33,2026-04-22T02:52:30.47108+00:00
5c751ee3-c676-4090-814a-2d918466fb9b,Health Tech Startup Founder,Entrepreneurship,https://www.bls.gov/ooh/management/entrepreneurs-and-self-employed-workers.htm,"bls.gov OOH slug ""entrepreneurs-and-self-employed-workers"" matches no O*NET occupation title",11-9111.00,Medical and Health Services Managers,weak,0.25,2026-04-27T08:00:48.531914+00:00
5c908f7a-2750-4457-9785-6d904ef51321,STEM Literacy Specialist,Education & Coaching,https://www.bls.gov/ooh/education-and-training/high-school-teachers.htm,"bls.gov OOH slug ""high-school-teachers"" matches no O*NET occupation title",11-9121.02,Water Resource Specialists,weak,0.33,2026-07-07T03:56:53.455074+00:00
5ca49915-3e5e-4d98-bc4d-4639ed04a8d7,Circular Economy Startup Founder,Entrepreneurship,https://www.bls.gov/ooh/management/entrepreneurs-and-self-employed-workers.htm,"bls.gov OOH slug ""entrepreneurs-and-self-employed-workers"" matches no O*NET occupation title",,,none,,2026-06-30T04:07:32.971164+00:00
5caecb6c-c318-4d79-a51b-6d311b1ce74a,Healthcare Technology Entrepreneur,Entrepreneurship,https://www.bls.gov/ooh/management/entrepreneurs-and-self-employed-workers.htm,"bls.gov OOH slug ""entrepreneurs-and-self-employed-workers"" matches no O*NET occupation title",11-9041.01,Biofuels/Biodiesel Technology and Product Development Managers,weak,0.33,2026-04-22T02:52:33.295118+00:00
5ce69299-ba69-44a2-9976-7686ddca873d,Convention & Visitors Bureau Manager,Hospitality & Events,https://www.onetonline.org/link/summary/11-2031.00,"cited SOC 11-2031.00 is not in the O*NET taxonomy, and neither is its base",11-1021.00,General and Operations Managers,weak,0.25,2026-07-05T04:01:14.378491+00:00
5cfeb1bc-8984-4526-b2d2-f53827f18538,Fashion E-commerce Founder,Marketing & Communications,https://www.bls.gov/ooh/management/entrepreneurs-and-self-employed-workers.htm,"bls.gov OOH slug ""entrepreneurs-and-self-employed-workers"" matches no O*NET occupation title",27-1022.00,Fashion Designers,weak,0.33,2026-04-22T02:52:29.422718+00:00
5d2829cc-1b93-4619-a104-16ac5a42c74c,Laboratory Animal Technician,Science & Research,https://www.onetonline.org/link/summary/31-1013.00,"cited SOC 31-1013.00 is not in the O*NET taxonomy, and neither is its base",29-2012.00,Medical and Clinical Laboratory Technicians,strong,0.67,2026-05-08T02:05:43.09752+00:00
5d3ff567-5e39-4974-9469-a4cb511973cd,Pharmaceutical Formulation Scientist,Healthcare & Medicine,https://www.bls.gov/ooh/life-physical-social-science/chemists-and-materials-scientists.htm,"bls.gov OOH slug ""chemists-and-materials-scientists"" matches no O*NET occupation title",15-1221.00,Computer and Information Research Scientists,weak,0.33,2026-04-22T02:52:31.845128+00:00
5dacd8d9-c201-4d43-9727-7cf22b4fadda,Environmental Test Technician,Science & Research,https://www.onetonline.org/link/summary/19-4091.00,"cited SOC 19-4091.00 is not in the O*NET taxonomy, and neither is its base",17-3025.00,Environmental Engineering Technologists and Technicians,strong,0.67,2026-05-29T02:07:20.780536+00:00
5dadca8b-e16e-4e7f-a226-ede6a45f21b5,Quantum Algorithm Designer,Science & Research,https://www.onetonline.org/link/summary/15-1256.00,"cited SOC 15-1256.00 is not in the O*NET taxonomy, and neither is its base",15-1255.00,Web and Digital Interface Designers,weak,0.33,2026-04-22T02:52:33.295118+00:00
5dbbc2f0-ab71-437f-84b3-cde3197abc02,ESL Teacher (International Schools),Education & Coaching,https://www.bls.gov/ooh/education-and-training/high-school-teachers.htm,"bls.gov OOH slug ""high-school-teachers"" matches no O*NET occupation title",25-1011.00,"Business Teachers, Postsecondary",full,1.00,2026-04-22T06:25:56.65276+00:00
5dbdd46a-ab15-46fd-819d-76bffd9f3daf,Homeschool Education Consultant,Education & Coaching,https://www.onetonline.org/link/summary/25-9041.00,"cited SOC 25-9041.00 is not in the O*NET taxonomy, and neither is its base",11-9031.00,"Education and Childcare Administrators, Preschool and Daycare",weak,0.33,2026-07-25T03:17:47.963564+00:00
5dd0f4a1-6377-4fe5-9b65-2bfbe1aab9e9,Science Museum Director,Science & Research,https://www.bls.gov/ooh/management/museum-curators-and-archivists.htm,"bls.gov OOH slug ""museum-curators-and-archivists"" matches no O*NET occupation title",11-9121.00,Natural Sciences Managers,weak,0.33,2026-07-11T03:19:20.304661+00:00
5df0e8df-71b5-4061-994c-ce71b7fe33b3,Physical Medicine and Rehabilitation Physician,Sports & Fitness,https://www.bls.gov/ooh/healthcare-practitioner-and-technical/physicians-and-surgeons.htm,"bls.gov OOH slug ""physicians-and-surgeons"" matches no O*NET occupation title",29-1229.04,Physical Medicine and Rehabilitation Physicians,full,1.00,2026-04-22T02:52:34.239097+00:00
5e114aed-b3bf-4be2-8476-3dec59fba066,Lab Animal Care Specialist,Science & Research,https://www.onetonline.org/link/summary/31-1011.00,"cited SOC 31-1011.00 is not in the O*NET taxonomy, and neither is its base",11-9121.02,Water Resource Specialists,weak,0.33,2026-05-25T02:30:39.449041+00:00
5e1f4361-6262-4bad-8a05-cd731c384cc3,Medical Technologist,Healthcare & Medicine,https://www.bls.gov/ooh/healthcare-support/clinical-laboratory-technologists-and-technicians.htm,"bls.gov OOH slug ""clinical-laboratory-technologists-and-technicians"" matches no O*NET occupation title",29-2011.00,Medical and Clinical Laboratory Technologists,full,1.00,2026-04-22T06:24:21.748252+00:00
5ea1eec0-a56a-4667-94e7-ee3a867f959d,Youth Development Specialist (Sports),Sports & Fitness,https://www.bls.gov/ooh/personal-care-and-service/recreation-and-fitness-workers.htm,"bls.gov OOH slug ""recreation-and-fitness-workers"" matches no O*NET occupation title",13-1151.00,Training and Development Specialists,strong,0.67,2026-06-14T02:39:26.933244+00:00
5f55ef1b-cc03-4ac9-b9a9-1c4516aad7b2,Sustainable Fashion Entrepreneur,Marketing & Communications,https://www.bls.gov/ooh/management/entrepreneurship.htm,"bls.gov OOH slug ""entrepreneurship"" matches no O*NET occupation title",27-1022.00,Fashion Designers,weak,0.33,2026-04-22T02:52:33.675655+00:00
5fad25b3-a5d8-4d88-958d-df5a7c828eed,Renewable Energy Grid Operator,Environment & Sustainability,https://www.bls.gov/ooh/protective-service/power-plant-operators-distributors-and-dispatchers.htm,"bls.gov OOH slug ""power-plant-operators-distributors-and-dispatchers"" matches no O*NET occupation title",11-9199.09,Wind Energy Operations Managers,weak,0.25,2026-04-22T02:52:34.05043+00:00
6062b780-e7a8-4622-9229-be2aaaba1d6a,Medical Coder (ICD-10 Specialist),Healthcare & Medicine,https://www.onetonline.org/link/summary/29-2071.00,"cited SOC 29-2071.00 is not in the O*NET taxonomy, and neither is its base",11-9111.00,Medical and Health Services Managers,strong,0.50,2026-06-10T02:16:39.54204+00:00
606d2a5c-8291-4df2-b16a-f555e90ce51e,Sustainable Fashion Startup Founder,Entrepreneurship,https://www.bls.gov/ooh/management/entrepreneurs-and-self-employed-workers.htm,"bls.gov OOH slug ""entrepreneurs-and-self-employed-workers"" matches no O*NET occupation title",27-1022.00,Fashion Designers,weak,0.25,2026-04-22T02:52:31.845128+00:00
60a22cb0-a622-430e-bf02-3dc9ea722f3a,Documentary Cinematographer,Media & Journalism,https://www.bls.gov/ooh/arts-and-design/film-and-video-editors-and-camera-operators.htm,"bls.gov OOH slug ""film-and-video-editors-and-camera-operators"" matches no O*NET occupation title",,,none,,2026-04-22T03:27:17.741751+00:00
610b8982-655d-4aec-92a9-c8f14174d157,Materials Chemist,Science & Research,https://www.bls.gov/ooh/life-physical-social-science/chemists-and-materials-scientists.htm,"bls.gov OOH slug ""chemists-and-materials-scientists"" matches no O*NET occupation title",17-2131.00,Materials Engineers,strong,0.50,2026-06-11T02:38:23.006605+00:00
61b58425-1520-42db-ac8e-924c53db551f,Makeup Artist Manager (Beauty Brand),Fashion & Beauty,https://www.bls.gov/ooh/business-and-financial/advertising-promotions-and-marketing-managers.htm,"bls.gov OOH slug ""advertising-promotions-and-marketing-managers"" matches no O*NET occupation title",13-1011.00,"Agents and Business Managers of Artists, Performers, and Athletes",strong,0.67,2026-06-27T03:59:50.461858+00:00
620e306d-d80e-4845-a852-9ab57b369bb2,Fertility Specialist (Reproductive Endocrinologist),Healthcare & Medicine,https://www.bls.gov/ooh/healthcare-practitioner-and-technical/physicians-and-surgeons.htm,"bls.gov OOH slug ""physicians-and-surgeons"" matches no O*NET occupation title",11-9121.02,Water Resource Specialists,strong,0.50,2026-07-16T03:15:13.931294+00:00
628b482b-531b-4f26-bb11-6be2b2f51c33,Restoration Ecology Technician,Environment & Sustainability,https://www.bls.gov/ooh/life-physical-and-social-science/conservation-scientists-and-foresters.htm,"bls.gov OOH slug ""conservation-scientists-and-foresters"" matches no O*NET occupation title",15-1299.02,Geographic Information Systems Technologists and Technicians,weak,0.33,2026-05-28T02:03:11.759294+00:00
6452ff6c-b63a-4c92-af8f-c87a7ff6f3bb,Radio DJ,Media & Journalism,https://www.bls.gov/ooh/entertainment-and-sports/broadcast-and-sound-engineering-technicians.htm,"bls.gov OOH slug ""broadcast-and-sound-engineering-technicians"" matches no O*NET occupation title",17-2072.01,Radio Frequency Identification Device Specialists,full,1.00,2026-08-02T03:29:54.071319+00:00
64619e1b-da81-4b24-8eb1-31cb481b8520,Science Museum Educator,Education & Coaching,https://www.onetonline.org/link/summary/25-3091.00,"cited SOC 25-3091.00 is not in the O*NET taxonomy, and neither is its base",11-9121.00,Natural Sciences Managers,weak,0.33,2026-06-30T04:07:23.345906+00:00
64874d86-edb3-415e-869e-f673008cd8bf,Insurance Claims Adjuster,Business & Finance,https://www.bls.gov/ooh/business-and-financial-operations/claims-adjusters-appraisers-examiners-and-investigators.htm,"bls.gov OOH slug ""claims-adjusters-appraisers-examiners-and-investigators"" matches no O*NET occupation title",13-1031.00,"Claims Adjusters, Examiners, and Investigators",strong,0.67,2026-04-22T02:52:33.087307+00:00
64a85153-fe30-4a8a-b2a7-392bab2f8d0c,Housekeeping Manager,Supply Chain & Operations,https://www.bls.gov/ooh/management/general-managers-and-top-executives.htm,"bls.gov OOH slug ""general-managers-and-top-executives"" matches no O*NET occupation title",11-1021.00,General and Operations Managers,strong,0.50,2026-04-22T02:52:34.05043+00:00
65288c4f-1689-4dd5-8ec1-1ead67a24ede,Occupational Health Nurse,Hospitality & Events,https://www.bls.gov/ooh/healthcare-practitioners-and-technical-occupations/occupational-health-and-safety-specialists-and-technicians.htm,"bls.gov OOH slug ""occupational-health-and-safety-specialists-and-technicians"" matches no O*NET occupation title",19-5011.00,Occupational Health and Safety Specialists,strong,0.67,2026-04-22T02:52:29.422718+00:00
656efb27-2e00-4015-a5cb-8d00fc845b38,Speech Pathology Assistant,Education & Coaching,https://www.bls.gov/ooh/healthcare-support/speech-language-pathology-assistants-and-aides.htm,"bls.gov OOH slug ""speech-language-pathology-assistants-and-aides"" matches no O*NET occupation title",31-9099.01,Speech-Language Pathology Assistants,full,1.00,2026-07-10T03:51:51.253527+00:00
658442b8-f1c6-4631-82f0-747997d07295,Forest Restoration Manager,Environment & Sustainability,https://www.bls.gov/ooh/life-physical-and-social-science/conservation-scientists-and-foresters.htm,"bls.gov OOH slug ""conservation-scientists-and-foresters"" matches no O*NET occupation title",11-1021.00,General and Operations Managers,weak,0.33,2026-04-22T02:52:33.86077+00:00
658bac2b-7c38-41d6-b4a7-ba8b74921dae,Climate Modeler,Environment & Sustainability,https://www.bls.gov/ooh/life-physical-social-science/atmospheric-scientists-and-hydrologists.htm,"bls.gov OOH slug ""atmospheric-scientists-and-hydrologists"" matches no O*NET occupation title",19-2041.01,Climate Change Policy Analysts,strong,0.50,2026-04-22T02:52:30.082186+00:00
658d6e5a-f661-478b-9217-6d96549ed39b,Biotech Research Spinoff Founder,Entrepreneurship,https://www.bls.gov/ooh/business-and-financial-operations/entrepreneurs-and-self-employed-workers.htm,"bls.gov OOH slug ""entrepreneurs-and-self-employed-workers"" matches no O*NET occupation title",11-9121.01,Clinical Research Coordinators,weak,0.25,2026-05-15T02:08:16.069703+00:00
6642e935-49e6-49fc-bc84-329feed05f36,High School History Teacher,Education & Coaching,https://www.bls.gov/ooh/education-and-training/high-school-teachers.htm,"bls.gov OOH slug ""high-school-teachers"" matches no O*NET occupation title",25-1125.00,"History Teachers, Postsecondary",strong,0.50,2026-04-22T02:52:34.05043+00:00
664e6bb2-c842-45f4-9a39-4a27a677a790,Beauty PR Specialist,Fashion & Beauty,https://www.onetonline.org/link/summary/27-3022.00,"cited SOC 27-3022.00 is not in the O*NET taxonomy, and neither is its base",11-9121.02,Water Resource Specialists,strong,0.50,2026-06-07T02:34:17.839259+00:00
666a3382-126f-4bdb-8ff7-6e8cbf70f595,Chemist (Pharmaceutical),Science & Research,https://www.bls.gov/ooh/life-physical-social-science/chemists-and-materials-scientists.htm,"bls.gov OOH slug ""chemists-and-materials-scientists"" matches no O*NET occupation title",19-2031.00,Chemists,full,1.00,2026-04-22T02:52:32.086589+00:00
667305da-6861-4aa2-92be-0d022614723c,Video Editor (Broadcasting),Media & Journalism,https://www.bls.gov/ooh/media-and-communication/multimedia-artists-and-animators.htm,"bls.gov OOH slug ""multimedia-artists-and-animators"" matches no O*NET occupation title",27-4032.00,Film and Video Editors,full,1.00,2026-04-28T08:00:03.314205+00:00
66746713-bd85-4fa7-aaca-de118d4c38b5,Real Estate Development Manager,Architecture & Urban Planning,https://www.onetonline.org/link/summary/11-9061.00,"cited SOC 11-9061.00 is not in the O*NET taxonomy, and neither is its base",11-9141.00,"Property, Real Estate, and Community Association Managers",strong,0.75,2026-04-22T02:52:30.264317+00:00
66d25eaf-c976-43ae-8899-34729042189e,Medical Device Specialist,Healthcare & Medicine,https://www.onetonline.org/link/summary/19-4011.00,"cited SOC 19-4011.00 is not in the O*NET taxonomy, and neither is its base",17-2072.01,Radio Frequency Identification Device Specialists,strong,0.67,2026-05-21T02:12:05.175674+00:00
66e97033-37a3-4a37-842c-f5320b93b5b5,High School Teacher,Education & Coaching,https://www.bls.gov/ooh/education-and-training/high-school-teachers.htm,"bls.gov OOH slug ""high-school-teachers"" matches no O*NET occupation title",25-2021.00,"Elementary School Teachers, Except Special Education",strong,0.67,2026-04-22T02:52:31.845128+00:00
67082acb-03e4-4a9b-a2e1-8acf0238ee2e,Personal Stylist (Sustainable Fashion),Fashion & Beauty,https://www.onetonline.org/link/summary/39-3094.00,"cited SOC 39-3094.00 is not in the O*NET taxonomy, and neither is its base",11-9179.00,"Personal Service Managers, All Other",strong,0.50,2026-07-20T03:40:00.830756+00:00
67350882-dfff-4bb0-b14f-c0e0d060b45f,Licensed Franchise Owner,Entrepreneurship,https://www.bls.gov/ooh/management/general-managers-and-top-executives.htm,"bls.gov OOH slug ""general-managers-and-top-executives"" matches no O*NET occupation title",29-2061.00,Licensed Practical and Licensed Vocational Nurses,weak,0.33,2026-06-21T02:41:41.459836+00:00
6735c2b0-f085-4dd6-93cd-ddb8f51515c1,Remote Staffing Agency Founder,Entrepreneurship,https://www.onetonline.org/link/summary/11-3011.00,"cited SOC 11-3011.00 is not in the O*NET taxonomy, and neither is its base",19-2099.01,Remote Sensing Scientists and Technologists,weak,0.25,2026-05-30T02:02:23.274192+00:00
678268b8-38a0-4a76-9732-717d6d648185,FBI Special Agent,Cybersecurity,https://www.bls.gov/ooh/protective-service/federal-agents.htm,"bls.gov OOH slug ""federal-agents"" matches no O*NET occupation title",13-1011.00,"Agents and Business Managers of Artists, Performers, and Athletes",strong,0.50,2026-04-22T02:52:29.206458+00:00
67a29511-97d8-4980-94fa-5ff4a9f7f119,Craft Beer Brewery Owner,Entrepreneurship,https://www.bls.gov/ooh/management/self-employed-workers.htm,"bls.gov OOH slug ""self-employed-workers"" matches no O*NET occupation title",27-1012.00,Craft Artists,weak,0.25,2026-05-07T01:56:15.564345+00:00
683b6489-3b61-45bf-9489-68304e239d0f,Arts Educator,Education & Coaching,https://www.bls.gov/ooh/education-and-training/high-school-teachers.htm,"bls.gov OOH slug ""high-school-teachers"" matches no O*NET occupation title",25-9021.00,Farm and Home Management Educators,strong,0.50,2026-04-22T02:52:29.422718+00:00
689a4ee7-3d65-44d1-9592-2660df3e209b,Audio Engineer (Broadcasting),Science & Research,https://www.bls.gov/ooh/entertainment-and-sports/broadcast-and-sound-engineering-technicians.htm,"bls.gov OOH slug ""broadcast-and-sound-engineering-technicians"" matches no O*NET occupation title",13-1081.01,Logistics Engineers,strong,0.50,2026-04-22T02:52:32.086589+00:00
6937e1f7-892f-4d2d-a1ac-d0bd372e1b36,Guest Experience Manager (Hotels),Hospitality & Events,https://www.bls.gov/ooh/management/hotel-motel-managers.htm,"bls.gov OOH slug ""hotel-motel-managers"" matches no O*NET occupation title",11-1021.00,General and Operations Managers,weak,0.33,2026-04-22T02:52:33.295118+00:00
6956052e-4f63-4875-843c-f88a979a66f9,Clinical Trial Monitor,Science & Research,https://www.onetonline.org/link/summary/19-4011.00,"cited SOC 19-4011.00 is not in the O*NET taxonomy, and neither is its base",11-9121.01,Clinical Research Coordinators,weak,0.33,2026-07-05T04:00:51.152903+00:00
69b5237e-b5f7-4ce7-9b9c-cdb14954645d,Language Arts Teacher (Secondary),Education & Coaching,https://www.bls.gov/ooh/education-and-training/high-school-teachers.htm,"bls.gov OOH slug ""high-school-teachers"" matches no O*NET occupation title",25-1123.00,"English Language and Literature Teachers, Postsecondary",strong,0.67,2026-06-14T02:37:35.870023+00:00
6a18a89a-0550-40c8-bcf0-4699652ca920,Government Grant Specialist,Law & Government,https://www.bls.gov/ooh/business-and-financial-operations/grant-writers-and-fundraisers.htm,"bls.gov OOH slug ""grant-writers-and-fundraisers"" matches no O*NET occupation title",11-9121.02,Water Resource Specialists,weak,0.33,2026-08-06T03:13:13.491367+00:00
6a200c0f-2cad-4cb4-99a1-05608994c919,Genetic Laboratory Technician,Healthcare & Medicine,https://www.bls.gov/ooh/life-physical-social-science/medical-laboratory-technologists-and-technicians.htm,"bls.gov OOH slug ""medical-laboratory-technologists-and-technicians"" matches no O*NET occupation title",29-2012.00,Medical and Clinical Laboratory Technicians,strong,0.67,2026-06-20T02:16:10.839978+00:00
6a2da00b-e125-4959-9da6-36ba347d7b4e,Influencer Marketing Manager,Marketing & Communications,https://www.onetonline.org/link/summary/11-2031.00,"cited SOC 11-2031.00 is not in the O*NET taxonomy, and neither is its base",11-2021.00,Marketing Managers,strong,0.67,2026-04-22T02:52:33.477982+00:00
6a8e9d52-bff5-4b52-9d43-fd2bf56f3c70,Cosmetology Instructor,Fashion & Beauty,https://www.onetonline.org/link/summary/25-3091.00,"cited SOC 25-3091.00 is not in the O*NET taxonomy, and neither is its base",25-1072.00,"Nursing Instructors and Teachers, Postsecondary",strong,0.50,2026-07-09T03:51:52.405204+00:00
6ac22619-3df2-4d21-b578-c8dd95f28759,Content Creator Entrepreneur,Entrepreneurship,https://www.onetonline.org/link/summary/27-3022.00,"cited SOC 27-3022.00 is not in the O*NET taxonomy, and neither is its base",,,none,,2026-05-11T02:05:08.872862+00:00
6b17c441-bb4a-42a7-bbe4-a63c7b044618,Regional Franchise Partner,Entrepreneurship,https://www.bls.gov/ooh/management/general-managers-and-top-executives.htm,"bls.gov OOH slug ""general-managers-and-top-executives"" matches no O*NET occupation title",19-3051.00,Urban and Regional Planners,weak,0.33,2026-06-26T04:13:05.130071+00:00
6b2e331f-14a4-47bc-add3-d0a127b31fd9,Otolaryngologist (ENT),Healthcare & Medicine,https://www.bls.gov/ooh/healthcare-practitioners-and-technical-occupations/physicians-and-surgeons.htm,"bls.gov OOH slug ""physicians-and-surgeons"" matches no O*NET occupation title",,,none,,2026-07-24T03:20:46.506669+00:00
6b469df6-4a84-42e1-8a32-8b6cc88afb58,E-learning Platform Founder,Entrepreneurship,https://www.bls.gov/ooh/management/entrepreneurship.htm,"bls.gov OOH slug ""entrepreneurship"" matches no O*NET occupation title",,,none,,2026-06-22T02:44:58.286805+00:00
6c13d0a1-a225-47a0-b2a8-c17b77d07918,International Humanitarian Worker,Social Impact & Nonprofit,https://www.onetonline.org/link/summary/27-3022.00,"cited SOC 27-3022.00 is not in the O*NET taxonomy, and neither is its base",19-3099.00,"Social Scientists and Related Workers, All Other",weak,0.33,2026-06-08T02:38:05.536532+00:00
6d0241be-baee-4b77-b5dd-82e92e604554,Astronomy Educator (Planetarium),Science & Research,https://www.bls.gov/ooh/education-training-and-library/museum-and-archives-workers.htm,"bls.gov OOH slug ""museum-and-archives-workers"" matches no O*NET occupation title",25-9021.00,Farm and Home Management Educators,strong,0.50,2026-07-02T04:03:33.720036+00:00
6d064105-e040-4632-a5fb-0ff4a20726c9,Payroll Compliance Specialist,Business & Finance,https://www.bls.gov/ooh/office-and-administrative-support/payroll-specialists.htm,"bls.gov OOH slug ""payroll-specialists"" matches no O*NET occupation title",11-9121.02,Water Resource Specialists,weak,0.33,2026-05-31T02:30:12.894897+00:00
6d7f5747-5e56-4b8c-af12-b01ba344587a,Emergency Medicine Technician,Healthcare & Medicine,https://www.bls.gov/ooh/healthcare-practitioners-and-technical-occupations/emergency-medical-technicians-and-paramedics.htm,"bls.gov OOH slug ""emergency-medical-technicians-and-paramedics"" matches no O*NET occupation title",29-1214.00,Emergency Medicine Physicians,strong,0.67,2026-07-21T03:20:26.232815+00:00
6e376c1b-491a-405c-8661-838ecd74a552,Climate Tech Entrepreneur,Environment & Sustainability,https://www.bls.gov/ooh/management/entrepreneurs-and-self-employed-workers.htm,"bls.gov OOH slug ""entrepreneurs-and-self-employed-workers"" matches no O*NET occupation title",19-2041.01,Climate Change Policy Analysts,weak,0.33,2026-04-22T02:52:30.47108+00:00
6ed1889d-a6e1-48b0-b4e6-aa75fc166e69,Affiliate Marketing Entrepreneur,Marketing & Communications,https://www.bls.gov/ooh/management/entrepreneurs-and-self-employed-workers.htm,"bls.gov OOH slug ""entrepreneurs-and-self-employed-workers"" matches no O*NET occupation title",11-2021.00,Marketing Managers,weak,0.33,2026-04-22T02:52:30.47108+00:00
6f42d2c7-de77-4ae6-afb2-651c30a18d9f,Sustainable Fashion Marketplace Creator,Entrepreneurship,https://www.bls.gov/ooh/management/entrepreneurs-and-self-employed-workers.htm,"bls.gov OOH slug ""entrepreneurs-and-self-employed-workers"" matches no O*NET occupation title",27-1022.00,Fashion Designers,weak,0.25,2026-08-05T02:55:27.129811+00:00
6f4e9c3f-4c4b-45ca-8d3b-22410a46acfb,AI-Powered App Developer,Entrepreneurship,https://www.onetonline.org/link/summary/15-1256.00,"cited SOC 15-1256.00 is not in the O*NET taxonomy, and neither is its base",15-1252.00,Software Developers,strong,0.50,2026-05-16T01:59:26.718857+00:00
6fa373b7-b283-4a99-83dd-6cdeb6680ce2,Sport Psychologist,Sports & Fitness,https://www.onetonline.org/link/summary/27-3033.00,"cited SOC 27-3033.00 is not in the O*NET taxonomy, and neither is its base",19-3032.00,Industrial-Organizational Psychologists,strong,0.50,2026-04-22T02:52:29.206458+00:00
6ff0d091-a3f5-48d1-8b04-b063a2009f66,Regenerative Agriculture Advisor,Environment & Sustainability,https://www.onetonline.org/link/summary/13-1012.00,"cited SOC 13-1012.00 is not in the O*NET taxonomy, and neither is its base",13-2052.00,Personal Financial Advisors,weak,0.33,2026-06-07T02:34:03.472549+00:00
700dc1c4-95f0-4a0e-8a03-37426d9dbf1b,Reselling Business Owner,Entrepreneurship,https://www.bls.gov/ooh/management/self-employed-workers.htm,"bls.gov OOH slug ""self-employed-workers"" matches no O*NET occupation title",13-1011.00,"Agents and Business Managers of Artists, Performers, and Athletes",weak,0.33,2026-06-13T02:14:17.740418+00:00
705ffa9e-054b-4500-b21e-d404d05e8ec3,Fitness Center Manager,Sports & Fitness,https://www.bls.gov/ooh/management/fitness-and-recreation-managers.htm,"bls.gov OOH slug ""fitness-and-recreation-managers"" matches no O*NET occupation title",11-1021.00,General and Operations Managers,weak,0.33,2026-04-22T02:52:33.087307+00:00
7186a48b-565c-4869-b08c-abfa4c2c370c,Staff Writer,Science & Research,https://www.bls.gov/ooh/media-and-communication/reporters-and-correspondents.htm,"bls.gov OOH slug ""reporters-and-correspondents"" matches no O*NET occupation title",27-3042.00,Technical Writers,strong,0.50,2026-04-22T02:52:33.087307+00:00
72490bca-d35e-4798-b5b8-6abe63414cc3,Video Fact-Checker,Media & Journalism,https://www.onetonline.org/link/summary/27-3022.00,"cited SOC 27-3022.00 is not in the O*NET taxonomy, and neither is its base",15-1255.01,Video Game Designers,weak,0.33,2026-04-28T07:58:24.839705+00:00
726d4773-9c07-49b0-a7aa-307d5688ffa2,Career Readiness Instructor,Education & Coaching,https://www.bls.gov/ooh/education-training-and-library/career-and-vocational-counselors.htm,"bls.gov OOH slug ""career-and-vocational-counselors"" matches no O*NET occupation title",21-1012.00,"Educational, Guidance, and Career Counselors and Advisors",weak,0.33,2026-06-16T02:46:26.555775+00:00
728dbbb3-031c-42b9-b503-b8caaa9d2f1b,QA Automation Engineer,Tech & Engineering,https://www.onetonline.org/link/summary/15-1256.00,"cited SOC 15-1256.00 is not in the O*NET taxonomy, and neither is its base",13-1081.01,Logistics Engineers,strong,0.50,2026-05-04T01:54:35.566879+00:00
72dbadb1-2165-472c-88c9-4c22c253a76f,Music Theory Instructor,Education & Coaching,https://www.bls.gov/ooh/education-and-training/high-school-teachers.htm,"bls.gov OOH slug ""high-school-teachers"" matches no O*NET occupation title",25-1072.00,"Nursing Instructors and Teachers, Postsecondary",weak,0.33,2026-04-22T02:52:31.392704+00:00
7384e7c7-d0fa-4caa-8ded-6cbec7b74c8d,Debate Coach (Forensics),Education & Coaching,https://www.bls.gov/ooh/education-and-training/high-school-teachers.htm,"bls.gov OOH slug ""high-school-teachers"" matches no O*NET occupation title",,,none,,2026-04-22T06:26:03.270506+00:00
73860e08-e0df-4987-86ec-1a8e68325c50,Nanofiber Textile Startup Founder,Entrepreneurship,https://www.bls.gov/ooh/management/entrepreneurs-and-self-employed-workers.htm,"bls.gov OOH slug ""entrepreneurs-and-self-employed-workers"" matches no O*NET occupation title",51-6021.00,"Pressers, Textile, Garment, and Related Materials",weak,0.25,2026-05-25T02:29:49.479622+00:00
746e2252-c42f-4f9a-b5cf-9bebb15e4ca9,ESL Teacher (K-12),Education & Coaching,https://www.bls.gov/ooh/education-and-training/high-school-teachers.htm,"bls.gov OOH slug ""high-school-teachers"" matches no O*NET occupation title",25-1011.00,"Business Teachers, Postsecondary",full,1.00,2026-08-10T02:11:08.093495+00:00
7485962e-c995-40c9-a98a-69c17d8bf926,Circular Economy Business Founder,Entrepreneurship,https://www.bls.gov/ooh/management/entrepreneurs-and-self-employed-workers.htm,"bls.gov OOH slug ""entrepreneurs-and-self-employed-workers"" matches no O*NET occupation title",13-1011.00,"Agents and Business Managers of Artists, Performers, and Athletes",weak,0.25,2026-05-14T02:10:49.333008+00:00
74bdd8b9-124d-492c-ae1e-7cc4252afd7f,Pediatrician,Science & Research,https://www.bls.gov/ooh/healthcare-practitioners-and-technical-occupations/physicians-and-surgeons.htm,"bls.gov OOH slug ""physicians-and-surgeons"" matches no O*NET occupation title",29-1221.00,"Pediatricians, General",full,1.00,2026-04-22T02:52:33.477982+00:00
754eca46-ad7d-4010-aca2-29d114e9873d,Venue Manager (Concert Hall),Hospitality & Events,https://www.bls.gov/ooh/management/entertainment-and-sports-managers.htm,"bls.gov OOH slug ""entertainment-and-sports-managers"" matches no O*NET occupation title",11-1021.00,General and Operations Managers,strong,0.50,2026-05-20T02:12:37.402784+00:00
757666de-4884-492f-856a-6348aa73e0e6,Circular Economy Entrepreneur,Supply Chain & Operations,https://www.bls.gov/ooh/management/entrepreneurs-and-self-employed-workers.htm,"bls.gov OOH slug ""entrepreneurs-and-self-employed-workers"" matches no O*NET occupation title",,,none,,2026-04-22T02:52:30.082186+00:00
75d75950-7262-4558-a64c-106ab93136b6,Fabric Analyst,Fashion & Beauty,https://www.onetonline.org/link/summary/19-4011.00,"cited SOC 19-4011.00 is not in the O*NET taxonomy, and neither is its base",13-1081.02,Logistics Analysts,strong,0.50,2026-07-11T03:17:57.800487+00:00
77e67d0b-7f19-4b57-b7b3-74fcdaf7f043,SaaS Accounting Software Founder,Entrepreneurship,https://www.bls.gov/ooh/business-and-financial/entrepreneurs.htm,"bls.gov OOH slug ""entrepreneurs"" matches no O*NET occupation title",15-1252.00,Software Developers,weak,0.25,2026-05-18T02:12:54.757394+00:00
784e5d24-6a07-44af-b00c-6e131d6baa5d,Tech-Enabled Service Startup Founder,Entrepreneurship,https://www.bls.gov/ooh/management/general-managers-and-top-executives.htm,"bls.gov OOH slug ""general-managers-and-top-executives"" matches no O*NET occupation title",11-3012.00,Administrative Services Managers,weak,0.20,2026-04-27T08:00:41.316922+00:00
78898092-8d04-4f94-934d-0d238bdaf8eb,Chess Instructor (Youth),Education & Coaching,https://www.onetonline.org/link/summary/25-9041.00,"cited SOC 25-9041.00 is not in the O*NET taxonomy, and neither is its base",25-1072.00,"Nursing Instructors and Teachers, Postsecondary",strong,0.50,2026-07-05T03:59:41.80548+00:00
78900236-642e-4a22-b78e-54d4ff1e1fec,Quality Control Analyst (Pharma),Science & Research,https://www.onetonline.org/link/summary/19-4011.00,"cited SOC 19-4011.00 is not in the O*NET taxonomy, and neither is its base",19-4099.01,Quality Control Analysts,full,1.00,2026-06-22T03:23:04.131694+00:00
78e6b6cc-d56f-4b5a-8ec4-80b18c684d2d,Medical Device Startup Founder,Entrepreneurship,https://www.bls.gov/ooh/management/entrepreneurs-and-self-employed-workers.htm,"bls.gov OOH slug ""entrepreneurs-and-self-employed-workers"" matches no O*NET occupation title",11-9111.00,Medical and Health Services Managers,weak,0.25,2026-06-14T02:38:56.10052+00:00
79339aee-d5e2-4c87-affd-bc9aa46ef2b1,Robotics Club Mentor,Education & Coaching,https://www.onetonline.org/link/summary/25-9041.00,"cited SOC 25-9041.00 is not in the O*NET taxonomy, and neither is its base",17-2199.08,Robotics Engineers,weak,0.33,2026-05-17T02:01:56.068461+00:00
794e53ed-072c-45ca-9cfa-1e11d9647da6,Addiction Medicine Specialist,Healthcare & Medicine,https://www.bls.gov/ooh/healthcare-practitioners-and-technical-occupations/physicians-and-surgeons.htm,"bls.gov OOH slug ""physicians-and-surgeons"" matches no O*NET occupation title",11-9121.02,Water Resource Specialists,weak,0.33,2026-08-05T02:56:53.918141+00:00
795d54fa-9c2c-4eae-9144-5526b9cf91cf,Hotel General Manager,Hospitality & Events,https://www.bls.gov/ooh/management/general-managers-and-top-executives.htm,"bls.gov OOH slug ""general-managers-and-top-executives"" matches no O*NET occupation title",11-1021.00,General and Operations Managers,strong,0.67,2026-07-04T03:42:04.311646+00:00
797bd10d-cbaf-4cfb-92dd-2b8611214f7c,Medical Coder and Biller,Healthcare & Medicine,https://www.bls.gov/ooh/healthcare-support/medical-records-and-health-information-technicians.htm,"bls.gov OOH slug ""medical-records-and-health-information-technicians"" matches no O*NET occupation title",11-9111.00,Medical and Health Services Managers,weak,0.33,2026-07-03T03:50:19.192458+00:00
79d1b24f-90fd-4838-85d1-40ed7439a7d1,Fact Checker (Online),Media & Journalism,https://www.onetonline.org/link/summary/27-3022.00,"cited SOC 27-3022.00 is not in the O*NET taxonomy, and neither is its base",43-4041.00,"Credit Authorizers, Checkers, and Clerks",strong,0.50,2026-06-29T04:29:12.204044+00:00
7aa04d41-a247-4a03-a3f8-bc56ed1aa257,Ballet Company Administrator,Arts & Performance,https://www.onetonline.org/link/summary/11-3011.00,"cited SOC 11-3011.00 is not in the O*NET taxonomy, and neither is its base",11-9031.00,"Education and Childcare Administrators, Preschool and Daycare",weak,0.33,2026-05-04T01:53:36.810847+00:00
7aaeb4e3-e00c-4911-a244-31bb2f21965a,Backend API Developer,Tech & Engineering,https://www.onetonline.org/link/summary/15-1132.00,"cited SOC 15-1132.00 is not in the O*NET taxonomy, and neither is its base",15-1252.00,Software Developers,strong,0.50,2026-06-06T02:08:14.233726+00:00
7b4099a9-3ef6-47f5-aa92-23a92ba64cee,Health & Wellness Brand Founder,Entrepreneurship,https://www.bls.gov/ooh/management/entrepreneurs-and-self-employed-workers.htm,"bls.gov OOH slug ""entrepreneurs-and-self-employed-workers"" matches no O*NET occupation title",11-9111.00,Medical and Health Services Managers,weak,0.25,2026-05-10T01:54:56.487616+00:00
7bbd5f38-70da-4e99-bb55-31375e3b4387,Emergency Medicine Physician,Healthcare & Medicine,https://www.bls.gov/ooh/healthcare-practitioners-and-technical-occupations/physicians-and-surgeons.htm,"bls.gov OOH slug ""physicians-and-surgeons"" matches no O*NET occupation title",29-1214.00,Emergency Medicine Physicians,full,1.00,2026-04-22T02:52:34.239097+00:00
7bf2c4f3-10dc-4076-bcd1-0f1c69a1bc81,Hospital Lab Manager,Healthcare & Medicine,https://www.bls.gov/ooh/healthcare-practitioners-and-technical-occupations/clinical-laboratory-technologists-and-technicians.htm,"bls.gov OOH slug ""clinical-laboratory-technologists-and-technicians"" matches no O*NET occupation title",11-1021.00,General and Operations Managers,strong,0.50,2026-05-04T01:52:48.469021+00:00
7c79ab6b-d362-464e-82ec-6798175c5503,Ski Instructor,Sports & Fitness,https://www.onetonline.org/link/summary/39-9033.00,"cited SOC 39-9033.00 is not in the O*NET taxonomy, and neither is its base",25-1072.00,"Nursing Instructors and Teachers, Postsecondary",full,1.00,2026-04-25T06:09:37.427974+00:00
7cbf0a22-a638-4e99-8034-9bf1d456cfa9,AI Trainer,Tech & Engineering,https://www.onetonline.org/link/summary/15-1257.00,"cited SOC 15-1257.00 is not in the O*NET taxonomy, and neither is its base",29-9091.00,Athletic Trainers,full,1.00,2026-06-28T04:21:52.968729+00:00
7cc47a3f-1e34-4e01-9795-5a991c39fad9,Maternal-Fetal Medicine Specialist,Healthcare & Medicine,https://www.bls.gov/ooh/healthcare-and-social-assistance/physicians-and-surgeons.htm,"bls.gov OOH slug ""physicians-and-surgeons"" matches no O*NET occupation title",11-9121.02,Water Resource Specialists,weak,0.25,2026-04-22T02:52:32.496342+00:00
7cc48666-79ba-4911-99ad-7c4ec52df1a9,Niche Social Media Brand Owner,Gaming & Esports,https://www.bls.gov/ooh/management/self-employed-workers.htm,"bls.gov OOH slug ""self-employed-workers"" matches no O*NET occupation title",11-9151.00,Social and Community Service Managers,weak,0.20,2026-04-22T02:52:34.239097+00:00
7cde0e21-13dc-45bd-b7d7-d3baae68a38a,Health Physicist (Nuclear Regulation),Law & Government,https://www.bls.gov/ooh/life-physical-social-science/physicists-and-astronomers.htm,"bls.gov OOH slug ""physicists-and-astronomers"" matches no O*NET occupation title",11-9111.00,Medical and Health Services Managers,strong,0.50,2026-05-03T01:52:09.556895+00:00
7cdfd7b5-71c7-4723-a01b-2b72495ee69d,Renewable Energy Permit Specialist,Environment & Sustainability,https://www.onetonline.org/link/summary/19-4091.00,"cited SOC 19-4091.00 is not in the O*NET taxonomy, and neither is its base",11-9121.02,Water Resource Specialists,weak,0.25,2026-05-05T01:53:15.55116+00:00
7e715b68-b30d-4e0c-865f-ae6e89777eda,Sustainability-Focused Entrepreneur,Entrepreneurship,https://www.bls.gov/ooh/management/entrepreneurs-and-self-employed-workers.htm,"bls.gov OOH slug ""entrepreneurs-and-self-employed-workers"" matches no O*NET occupation title",11-1011.03,Chief Sustainability Officers,weak,0.33,2026-07-26T03:32:28.962417+00:00
7e83367a-74c0-4ac9-ae74-0aea53d3bd62,Mobile Repair Franchise Operator,Entrepreneurship,https://www.bls.gov/ooh/personal-care-and-service/personal-care-and-service-occupations.htm,"bls.gov OOH slug ""personal-care-and-service-occupations"" matches no O*NET occupation title",27-4031.00,"Camera Operators, Television, Video, and Film",weak,0.25,2026-05-25T02:29:56.292467+00:00
7e9e0de1-d895-4016-a83e-818ad0f72cf1,Local Delivery Service Owner,Entrepreneurship,https://www.bls.gov/ooh/business-and-financial-operations/entrepreneurs.htm,"bls.gov OOH slug ""entrepreneurs"" matches no O*NET occupation title",11-3012.00,Administrative Services Managers,weak,0.25,2026-05-08T02:04:15.518983+00:00
7ef14e5f-7979-4317-a4b2-6754bdf9ba93,AI Training Data Startup Founder,Entrepreneurship,https://www.bls.gov/ooh/business-and-financial/entrepreneurs.htm,"bls.gov OOH slug ""entrepreneurs"" matches no O*NET occupation title",11-3131.00,Training and Development Managers,weak,0.25,2026-07-16T03:14:55.20977+00:00
7efaf3d2-194e-4617-ae64-11e92b96bbb6,Adaptive Equipment Startup Founder,Entrepreneurship,https://www.bls.gov/ooh/management/entrepreneurs-and-self-employed-workers.htm,"bls.gov OOH slug ""entrepreneurs-and-self-employed-workers"" matches no O*NET occupation title",27-4099.00,"Media and Communication Equipment Workers, All Other",weak,0.25,2026-05-25T02:29:52.733635+00:00
7f5a234f-7c85-4a26-a387-ebb8cdcf51a5,Government Grant Manager,Law & Government,https://www.bls.gov/ooh/business-and-financial-operations/grant-writers-and-officers.htm,"bls.gov OOH slug ""grant-writers-and-officers"" matches no O*NET occupation title",11-1021.00,General and Operations Managers,weak,0.33,2026-07-14T02:55:25.408845+00:00
7f710a4c-ee6b-4769-9e1a-41dbc406d51c,Fragrance Blender,Marketing & Communications,https://www.onetonline.org/link/summary/51-9020.00,"cited SOC 51-9020.00 is not in the O*NET taxonomy, and neither is its base",,,none,,2026-04-22T02:52:32.496342+00:00
7f728ce0-e860-4cd3-862b-58a151cd9a41,Physical Medicine and Rehabilitation Specialist,Healthcare & Medicine,https://www.bls.gov/ooh/healthcare-practitioners-and-technical-occupations/physicians-and-surgeons.htm,"bls.gov OOH slug ""physicians-and-surgeons"" matches no O*NET occupation title",29-1229.04,Physical Medicine and Rehabilitation Physicians,strong,0.75,2026-05-07T01:56:38.924529+00:00
801bf3f8-3ed8-4727-a31e-0d3baa9535d2,Boundary Waters Guide,Hospitality & Events,https://www.onetonline.org/link/summary/39-6031.00,"cited SOC 39-6031.00 is not in the O*NET taxonomy, and neither is its base",11-9121.02,Water Resource Specialists,weak,0.33,2026-08-07T02:56:17.385462+00:00
8057c561-ba98-4b32-8b7e-1a773d19e8b0,Occupational Health Physician,Hospitality & Events,https://www.bls.gov/ooh/healthcare-practitioner-and-technical/physicians-and-surgeons.htm,"bls.gov OOH slug ""physicians-and-surgeons"" matches no O*NET occupation title",19-5011.00,Occupational Health and Safety Specialists,strong,0.67,2026-04-22T02:52:33.86077+00:00
805e6f42-f338-4baf-a9f8-1d562816b75f,Study Skills Coach,Education & Coaching,https://www.onetonline.org/link/summary/25-9045.00,"cited SOC 25-9045.00 is not in the O*NET taxonomy, and neither is its base",25-1062.00,"Area, Ethnic, and Cultural Studies Teachers, Postsecondary",weak,0.33,2026-05-06T01:52:53.503568+00:00
80628838-7292-48ee-9482-14c5c86d425d,Archaeometry Specialist,Science & Research,https://www.onetonline.org/link/summary/19-4011.00,"cited SOC 19-4011.00 is not in the O*NET taxonomy, and neither is its base",11-9121.02,Water Resource Specialists,strong,0.50,2026-08-06T03:14:17.712698+00:00
8063659e-88e0-4b39-b933-b23542ea81f0,Health Tech Founder,Entrepreneurship,https://www.bls.gov/ooh/management/entrepreneurs-and-self-employed-workers.htm,"bls.gov OOH slug ""entrepreneurs-and-self-employed-workers"" matches no O*NET occupation title",11-9111.00,Medical and Health Services Managers,weak,0.33,2026-05-31T02:30:19.316399+00:00
809b1d04-1613-4c45-a228-7bd3bd6ef82d,Software Architect (Enterprise Systems),Tech & Engineering,https://www.onetonline.org/link/summary/15-1199.09,"cited SOC 15-1199.09 is not in the O*NET taxonomy, and neither is its base",15-1241.00,Computer Network Architects,strong,0.50,2026-06-18T02:40:20.239371+00:00
812e1f26-348e-4b3b-959c-ae1a0f746852,Climate Solutions Entrepreneur,Environment & Sustainability,https://www.bls.gov/ooh/management/entrepreneurs-and-self-employed-workers.htm,"bls.gov OOH slug ""entrepreneurs-and-self-employed-workers"" matches no O*NET occupation title",19-2041.01,Climate Change Policy Analysts,weak,0.33,2026-04-22T02:52:32.905098+00:00
81b29c6d-d0d7-454c-9959-97cbe3ba5d85,Wildlife Restoration Technician,Environment & Sustainability,https://www.bls.gov/ooh/life-physical-and-social-science/conservation-scientists-and-foresters.htm,"bls.gov OOH slug ""conservation-scientists-and-foresters"" matches no O*NET occupation title",15-1299.02,Geographic Information Systems Technologists and Technicians,weak,0.33,2026-06-24T04:05:33.182159+00:00
81dfe359-ab31-4420-9caa-6e9fbc3a7f1f,Genetic Laboratory Technologist,Healthcare & Medicine,https://www.bls.gov/ooh/healthcare-support/medical-laboratory-technologists-and-technicians.htm,"bls.gov OOH slug ""medical-laboratory-technologists-and-technicians"" matches no O*NET occupation title",29-2011.00,Medical and Clinical Laboratory Technologists,strong,0.67,2026-04-26T06:32:49.974642+00:00
81ec9725-3131-4b87-93e7-1e246d4d859b,Database Administrator,Cybersecurity,https://www.bls.gov/ooh/computer-and-information-technology/database-administrators-and-architects.htm,"bls.gov OOH slug ""database-administrators-and-architects"" matches no O*NET occupation title",15-1242.00,Database Administrators,full,1.00,2026-04-22T02:52:29.206458+00:00
83018f71-2103-4b63-a776-833f740649fb,Emergency Medical Technician (Paramedic),Healthcare & Medicine,https://www.bls.gov/ooh/healthcare-support/emergency-medical-technicians-and-paramedics.htm,"bls.gov OOH slug ""emergency-medical-technicians-and-paramedics"" matches no O*NET occupation title",29-2042.00,Emergency Medical Technicians,full,1.00,2026-06-15T02:42:56.206266+00:00
835063b8-6896-424f-9429-b4e095f45899,Pharmaceutical Quality Assurance Analyst,Supply Chain & Operations,https://www.onetonline.org/link/summary/19-4011.00,"cited SOC 19-4011.00 is not in the O*NET taxonomy, and neither is its base",15-1253.00,Software Quality Assurance Analysts and Testers,strong,0.75,2026-04-22T02:52:32.086589+00:00
83558d49-f604-4ba6-a45f-92d8868e3de1,Corporate Housing Manager,Hospitality & Events,https://www.bls.gov/ooh/management/property-real-estate-managers-and-supervisors.htm,"bls.gov OOH slug ""property-real-estate-managers-and-supervisors"" matches no O*NET occupation title",11-1021.00,General and Operations Managers,weak,0.33,2026-05-03T01:53:31.129563+00:00
837df378-4b7e-4edb-9667-dfacba71a4fe,Physical Therapy Assistant,Sports & Fitness,https://www.bls.gov/ooh/healthcare-and-social-assistance/physical-therapist-assistants-and-aides.htm,"bls.gov OOH slug ""physical-therapist-assistants-and-aides"" matches no O*NET occupation title",31-2011.00,Occupational Therapy Assistants,strong,0.67,2026-04-22T02:52:32.680575+00:00
8382a894-eac6-4d40-a652-feb580d002ba,Handmade Goods Seller,Marketing & Communications,https://www.bls.gov/ooh/self-employed-workers.htm,source_url is not an O*NET or BLS OOH link: https://www.bls.gov/ooh/self-employed-workers.htm,51-9196.00,"Paper Goods Machine Setters, Operators, and Tenders",weak,0.33,2026-04-22T02:52:31.392704+00:00
83b0c9d5-0aa5-4b7f-99eb-fea58bafd458,Physics Teacher,Science & Research,https://www.bls.gov/ooh/education-and-training/high-school-teachers.htm,"bls.gov OOH slug ""high-school-teachers"" matches no O*NET occupation title",25-1054.00,"Physics Teachers, Postsecondary",full,1.00,2026-05-21T02:12:18.710065+00:00
83ee3265-e692-4cf4-99c8-c1f0f4da878d,Emergency Medical Technician (EMT),Healthcare & Medicine,https://www.bls.gov/ooh/healthcare-and-technical/emergency-medical-technicians-and-paramedics.htm,"bls.gov OOH slug ""emergency-medical-technicians-and-paramedics"" matches no O*NET occupation title",29-2042.00,Emergency Medical Technicians,full,1.00,2026-08-04T03:14:18.594732+00:00
84120952-326b-4ac9-a496-021e10bd506e,Robotics Coach (STEM),Education & Coaching,https://www.onetonline.org/link/summary/25-2099.00,"cited SOC 25-2099.00 is not in the O*NET taxonomy, and neither is its base",17-2199.08,Robotics Engineers,strong,0.50,2026-05-20T02:12:14.614494+00:00
8433ee0f-e6d8-406f-ad2c-eb18ae8a37d0,Social Media Strategist (News Org),Media & Journalism,https://www.onetonline.org/link/summary/27-3022.00,"cited SOC 27-3022.00 is not in the O*NET taxonomy, and neither is its base",11-9151.00,Social and Community Service Managers,weak,0.33,2026-05-27T02:17:39.943223+00:00
8492c791-1083-4f7d-afc1-bb712631ab15,Environmental Impact Assessment Officer,Environment & Sustainability,https://www.onetonline.org/link/summary/19-4091.00,"cited SOC 19-4091.00 is not in the O*NET taxonomy, and neither is its base",11-1011.03,Chief Sustainability Officers,weak,0.25,2026-04-26T06:30:44.626601+00:00
849addb7-bcb6-41b6-beda-35737768d568,Video Journalist (Documentary),Media & Journalism,https://www.bls.gov/ooh/media-and-communication/reporters-and-correspondents.htm,"bls.gov OOH slug ""reporters-and-correspondents"" matches no O*NET occupation title",15-1255.01,Video Game Designers,strong,0.50,2026-08-05T02:57:14.186598+00:00
84aa7101-8f25-4c09-9cc8-b2a027369df6,Luxury Goods Reseller (Online),Entrepreneurship,https://www.bls.gov/ooh/management/self-employed-workers.htm,"bls.gov OOH slug ""self-employed-workers"" matches no O*NET occupation title",51-9196.00,"Paper Goods Machine Setters, Operators, and Tenders",weak,0.33,2026-06-28T04:22:26.434483+00:00
8531a69b-6c95-4938-9f21-143c254f6cfa,Sustainable Fashion Researcher,Environment & Sustainability,https://www.onetonline.org/link/summary/19-4011.00,"cited SOC 19-4011.00 is not in the O*NET taxonomy, and neither is its base",19-3022.00,Survey Researchers,weak,0.33,2026-05-15T02:07:05.297889+00:00
85336afb-8674-42fd-80f8-7f5706e8f03b,Clinical Trial Protocol Developer,Science & Research,https://www.onetonline.org/link/summary/19-4011.00,"cited SOC 19-4011.00 is not in the O*NET taxonomy, and neither is its base",11-9121.01,Clinical Research Coordinators,weak,0.25,2026-07-05T04:01:20.645336+00:00
8555b2ae-a81c-423f-bf39-057a7e3fe3c2,SaaS Founder,Entrepreneurship,https://www.bls.gov/ooh/management/entrepreneurs-and-self-employed-workers.htm,"bls.gov OOH slug ""entrepreneurs-and-self-employed-workers"" matches no O*NET occupation title",,,none,,2026-06-03T02:45:41.410089+00:00
8568a7b9-1702-4e2b-b8cc-3a439529820c,Content Strategist (News Organization),Media & Journalism,https://www.bls.gov/ooh/media-and-communication/reporters-and-correspondents.htm,"bls.gov OOH slug ""reporters-and-correspondents"" matches no O*NET occupation title",13-1161.01,Search Marketing Strategists,strong,0.50,2026-06-17T02:42:33.42829+00:00
85aa09ae-038b-4170-aa60-2596120bac92,Science Researcher Communicator,Media & Journalism,https://www.bls.gov/ooh/media-and-communication/reporters-and-correspondents.htm,"bls.gov OOH slug ""reporters-and-correspondents"" matches no O*NET occupation title",11-9121.00,Natural Sciences Managers,weak,0.33,2026-05-21T02:14:02.964313+00:00
85e85091-88a6-4ea6-8375-6408cc6fa6dd,AI-Powered App Founder,Entrepreneurship,https://www.bls.gov/ooh/business-and-financial-operations/entrepreneurs-and-self-employed-workers.htm,"bls.gov OOH slug ""entrepreneurs-and-self-employed-workers"" matches no O*NET occupation title",,,none,,2026-06-22T03:23:34.021331+00:00
85f1c5f0-7753-4d43-b071-0605d8296c7b,Dropshipping Business Owner,Supply Chain & Operations,https://www.bls.gov/ooh/management/entrepreneurs-and-self-employed-workers.htm,"bls.gov OOH slug ""entrepreneurs-and-self-employed-workers"" matches no O*NET occupation title",13-1011.00,"Agents and Business Managers of Artists, Performers, and Athletes",weak,0.33,2026-04-22T02:52:33.86077+00:00
865e0b28-1f08-4580-b45a-cb46982ff0cf,Team Physician,Sports & Fitness,https://www.bls.gov/ooh/healthcare-occupations/physicians-and-surgeons.htm,"bls.gov OOH slug ""physicians-and-surgeons"" matches no O*NET occupation title",29-1071.00,Physician Assistants,strong,0.50,2026-07-09T03:51:32.505981+00:00
86898164-da2e-48a9-9c32-7d5d69b17c67,Science Teacher (High School),Science & Research,https://www.bls.gov/ooh/education-and-training/high-school-teachers.htm,"bls.gov OOH slug ""high-school-teachers"" matches no O*NET occupation title",25-1021.00,"Computer Science Teachers, Postsecondary",full,1.00,2026-05-15T02:07:41.063388+00:00
86b5ca31-41ca-43df-814c-840e29719e1e,Casino Host Manager,Hospitality & Events,https://www.onetonline.org/link/summary/39-1011.00,"cited SOC 39-1011.00 is not in the O*NET taxonomy, and neither is its base",11-1021.00,General and Operations Managers,weak,0.33,2026-04-22T03:26:34.802513+00:00
86d0bab2-ea66-482e-be4e-1e35064574b8,Federal Investigator,Law & Government,https://www.bls.gov/ooh/protective-service/federal-agents-and-special-agents.htm,"bls.gov OOH slug ""federal-agents-and-special-agents"" matches no O*NET occupation title",13-1031.00,"Claims Adjusters, Examiners, and Investigators",strong,0.50,2026-05-10T01:55:07.648253+00:00
8725af42-5fb2-4611-9001-efd2562d4254,Chemistry Teacher,Science & Research,https://www.bls.gov/ooh/education-and-training/high-school-teachers.htm,"bls.gov OOH slug ""high-school-teachers"" matches no O*NET occupation title",25-1052.00,"Chemistry Teachers, Postsecondary",full,1.00,2026-06-22T03:23:55.376837+00:00
874591d0-d000-46eb-a854-6beb4488585b,Maker Space Manager,Entrepreneurship,https://www.onetonline.org/link/summary/11-3011.00,"cited SOC 11-3011.00 is not in the O*NET taxonomy, and neither is its base",11-1021.00,General and Operations Managers,weak,0.33,2026-07-19T03:25:49.386006+00:00
87b3c20a-40a7-40c8-a843-fb448b4ce458,Alternative Protein Startup Founder,Entrepreneurship,https://www.bls.gov/ooh/management/entrepreneurship.htm,"bls.gov OOH slug ""entrepreneurship"" matches no O*NET occupation title",,,none,,2026-05-13T02:08:00.525711+00:00
87e54e34-064e-40ae-ab29-e6c5ab22ed4b,Real Estate Wholesale Entrepreneur,Entrepreneurship,https://www.bls.gov/ooh/sales/real-estate-sales-agents-and-brokers.htm,"bls.gov OOH slug ""real-estate-sales-agents-and-brokers"" matches no O*NET occupation title",11-9141.00,"Property, Real Estate, and Community Association Managers",strong,0.50,2026-06-22T03:27:35.625843+00:00
886c6b82-4240-4d42-b386-77496505edcf,Barista Champion (Competition Coach),Education & Coaching,https://www.onetonline.org/link/summary/25-3098.00,"cited SOC 25-3098.00 is not in the O*NET taxonomy, and neither is its base",35-3023.01,Baristas,strong,0.50,2026-08-07T02:55:37.137173+00:00
88e2bab9-98d4-47a9-b28f-d36ffa205a9d,Physicist (Particle Physics),Science & Research,https://www.bls.gov/ooh/life-physical-social-science/physicists-and-astronomers.htm,"bls.gov OOH slug ""physicists-and-astronomers"" matches no O*NET occupation title",19-2012.00,Physicists,full,1.00,2026-05-05T01:53:50.030902+00:00
88f0ea81-2087-41ef-b278-db691411a4ec,Boutique Agency Owner (Creative Services),Entrepreneurship,https://www.bls.gov/ooh/management/self-employed-workers.htm,"bls.gov OOH slug ""self-employed-workers"" matches no O*NET occupation title",,,none,,2026-04-22T06:26:16.261188+00:00
8a32de0a-a6c6-4d04-89e6-3ed942cb4549,Etsy Store Optimizer (E-Commerce Consultant),Entrepreneurship,https://www.onetonline.org/link/summary/11-2020.00,"cited SOC 11-2020.00 is not in the O*NET taxonomy, and neither is its base",,,none,,2026-06-04T02:39:30.577888+00:00
8a6868df-05fb-42dd-9a91-d86060fd533e,Volunteer Programs Director,Gaming & Esports,https://www.onetonline.org/link/summary/11-9198.00,"cited SOC 11-9198.00 is not in the O*NET taxonomy, and neither is its base",11-9161.00,Emergency Management Directors,weak,0.33,2026-04-22T02:52:34.465719+00:00
8a8dd900-5968-4186-b913-74e63d066bde,ESL/ESOL Specialist,Education & Coaching,https://www.bls.gov/ooh/education-and-training/high-school-teachers.htm,"bls.gov OOH slug ""high-school-teachers"" matches no O*NET occupation title",11-9121.02,Water Resource Specialists,strong,0.50,2026-06-01T02:40:46.031525+00:00
8adf0d54-0560-401d-bfb3-880008735b92,Guest Services Director (Hotels),Hospitality & Events,https://www.bls.gov/ooh/management/hotel-motel-and-resort-managers.htm,"bls.gov OOH slug ""hotel-motel-and-resort-managers"" matches no O*NET occupation title",11-3012.00,Administrative Services Managers,weak,0.33,2026-06-22T03:22:51.193994+00:00
8b1f8e8d-eb0b-4d32-b525-8a3754cf74d9,Documentary Editor,Media & Journalism,https://www.onetonline.org/link/summary/27-4008.00,"cited SOC 27-4008.00 is not in the O*NET taxonomy, and neither is its base",27-3041.00,Editors,strong,0.50,2026-04-22T02:52:31.20659+00:00
8b2fa566-d4e3-4bf9-a6c7-c0166ec4d470,Lab Animal Caretaker,Science & Research,https://www.onetonline.org/link/summary/31-1011.00,"cited SOC 31-1011.00 is not in the O*NET taxonomy, and neither is its base",31-9096.00,Veterinary Assistants and Laboratory Animal Caretakers,full,1.00,2026-06-13T02:14:43.615147+00:00
8b8df767-446d-4393-a7d0-b7596021298e,Virtual Reality Fitness Studio Owner,Entrepreneurship,https://www.bls.gov/ooh/management/self-employed-workers.htm,"bls.gov OOH slug ""self-employed-workers"" matches no O*NET occupation title",11-9179.01,Fitness and Wellness Coordinators,weak,0.20,2026-04-22T03:26:02.886945+00:00
8bf02966-2436-43cf-854a-eb22481b4ae1,Museum Intern Coordinator,Education & Coaching,https://www.onetonline.org/link/summary/25-9011.00,"cited SOC 25-9011.00 is not in the O*NET taxonomy, and neither is its base",11-9121.01,Clinical Research Coordinators,weak,0.33,2026-04-22T02:52:30.655222+00:00
8c629a5d-b774-4729-8aa9-6007498d1f67,Literacy Interventionist,Education & Coaching,https://www.onetonline.org/link/summary/25-9045.00,"cited SOC 25-9045.00 is not in the O*NET taxonomy, and neither is its base",,,none,,2026-05-04T01:53:52.286175+00:00
8c9979d8-6105-4461-af29-0447479ad036,Medical Coder (Remote Specialist),Healthcare & Medicine,https://www.onetonline.org/link/summary/29-2071.00,"cited SOC 29-2071.00 is not in the O*NET taxonomy, and neither is its base",11-9111.00,Medical and Health Services Managers,strong,0.50,2026-05-08T02:04:45.542459+00:00
8cf7d93a-5fda-464a-9557-1a87db15daa8,AI Tool SaaS Founder,Entrepreneurship,https://www.bls.gov/ooh/business-and-financial-operations/entrepreneurs.htm,"bls.gov OOH slug ""entrepreneurs"" matches no O*NET occupation title",49-2092.00,"Electric Motor, Power Tool, and Related Repairers",weak,0.33,2026-05-04T01:52:41.675551+00:00
8d7a7933-64a1-436e-9a8f-dfe79340b000,IT Systems Administrator,Cybersecurity,https://www.bls.gov/ooh/computer-and-information-technology/computer-network-architects-and-administrators.htm,"bls.gov OOH slug ""computer-network-architects-and-administrators"" matches no O*NET occupation title",15-1244.00,Network and Computer Systems Administrators,full,1.00,2026-04-22T02:52:34.239097+00:00
8da0b04a-a2f8-457d-8a3e-fa6fe80fcd0f,Etsy Vintage Shop Owner,Gaming & Esports,https://www.bls.gov/ooh/management/self-employed-workers.htm,"bls.gov OOH slug ""self-employed-workers"" matches no O*NET occupation title",35-9031.00,"Hosts and Hostesses, Restaurant, Lounge, and Coffee Shop",weak,0.25,2026-04-22T02:52:29.646164+00:00
8de79d59-7dea-48c6-8a84-94733759f58f,Beauty Product Entrepreneur,Entrepreneurship,https://www.bls.gov/ooh/management/entrepreneurs-and-self-employed-workers.htm,"bls.gov OOH slug ""entrepreneurs-and-self-employed-workers"" matches no O*NET occupation title",11-9041.01,Biofuels/Biodiesel Technology and Product Development Managers,weak,0.33,2026-05-13T02:06:28.178477+00:00
8deccce4-b767-42e4-bc15-bed612bc2716,Holistic Health Coach,Education & Coaching,https://www.onetonline.org/link/summary/29-9011.01,"cited SOC 29-9011.01 is not in the O*NET taxonomy, and neither is its base",11-9111.00,Medical and Health Services Managers,weak,0.33,2026-05-14T02:10:22.793197+00:00
8e436142-8831-4949-b5f7-dfd7ecad1e1f,Emergency Room Physician,Cybersecurity,https://www.bls.gov/ooh/healthcare-practitioner-and-technical/physicians-and-surgeons.htm,"bls.gov OOH slug ""physicians-and-surgeons"" matches no O*NET occupation title",29-1214.00,Emergency Medicine Physicians,strong,0.67,2026-04-22T02:52:32.086589+00:00
8e824180-6588-402c-9894-2312dc8086bd,Social Commerce Founder,Entrepreneurship,https://www.bls.gov/ooh/management/entrepreneurs-and-self-employed-workers.htm,"bls.gov OOH slug ""entrepreneurs-and-self-employed-workers"" matches no O*NET occupation title",11-9151.00,Social and Community Service Managers,weak,0.33,2026-04-25T06:08:45.949824+00:00
8e876693-1ee2-4eef-a089-0414ed533792,Embedded Systems Developer,Tech & Engineering,https://www.onetonline.org/link/summary/15-1256.00,"cited SOC 15-1256.00 is not in the O*NET taxonomy, and neither is its base",11-3021.00,Computer and Information Systems Managers,weak,0.33,2026-04-28T07:59:02.557886+00:00
8ec535d7-679b-4943-b063-20030b81a3c8,Public Health Educator,Social Impact & Nonprofit,https://www.bls.gov/ooh/community-and-social-service/health-educators-and-community-health-workers.htm,"bls.gov OOH slug ""health-educators-and-community-health-workers"" matches no O*NET occupation title",11-2032.00,Public Relations Managers,weak,0.33,2026-08-11T02:06:24.673215+00:00
8f15e9d8-0c5e-4ce4-8251-5e88c46c8cc2,Surgeon (Orthopedic),Healthcare & Medicine,https://www.bls.gov/ooh/healthcare-practitioners-and-technical-occupations/physicians-and-surgeons.htm,"bls.gov OOH slug ""physicians-and-surgeons"" matches no O*NET occupation title",29-1022.00,Oral and Maxillofacial Surgeons,full,1.00,2026-05-11T02:05:43.228542+00:00
8f30f380-426b-4684-94eb-4cf03cc9100d,Pharmaceutical Scientist,Healthcare & Medicine,https://www.bls.gov/ooh/life-physical-social-science/chemists-and-materials-scientists.htm,"bls.gov OOH slug ""chemists-and-materials-scientists"" matches no O*NET occupation title",15-1221.00,Computer and Information Research Scientists,strong,0.50,2026-04-22T02:52:33.087307+00:00
900a4b22-69da-407f-bdb9-d65a2d200ce8,Theater Lighting Technician,Science & Research,https://www.onetonline.org/link/summary/27-4013.00,"cited SOC 27-4013.00 is not in the O*NET taxonomy, and neither is its base",27-4015.00,Lighting Technicians,strong,0.67,2026-04-22T02:52:34.616352+00:00
9013d1dc-fd12-4fb7-99af-dca18c983f61,Language Tutor (ESL),Education & Coaching,https://www.bls.gov/ooh/education-and-training/high-school-teachers.htm,"bls.gov OOH slug ""high-school-teachers"" matches no O*NET occupation title",25-1123.00,"English Language and Literature Teachers, Postsecondary",strong,0.50,2026-06-26T04:14:15.294668+00:00
904d1442-2be8-40ba-8a22-838761c341b1,Montessori Teacher,Environment & Sustainability,https://www.bls.gov/ooh/education-and-training/kindergarten-and-elementary-school-teachers.htm,"bls.gov OOH slug ""kindergarten-and-elementary-school-teachers"" matches no O*NET occupation title",25-1011.00,"Business Teachers, Postsecondary",strong,0.50,2026-04-22T02:52:34.465719+00:00
9073e26f-96a5-4989-9fbb-4c37504aa99f,Niche Podcast Network Founder,Entrepreneurship,https://www.bls.gov/ooh/management/entrepreneurs-and-self-employed-workers.htm,"bls.gov OOH slug ""entrepreneurs-and-self-employed-workers"" matches no O*NET occupation title",15-1231.00,Computer Network Support Specialists,weak,0.25,2026-05-04T01:53:59.279016+00:00
907fee2c-6f3f-43f3-8544-41ea531af732,Conservation Area Manager,Environment & Sustainability,https://www.bls.gov/ooh/life-physical-and-social-science/conservation-scientists-and-foresters.htm,"bls.gov OOH slug ""conservation-scientists-and-foresters"" matches no O*NET occupation title",11-1021.00,General and Operations Managers,weak,0.33,2026-04-27T08:00:54.883152+00:00
911b2327-d46f-4569-8574-6436cd7f782d,Science Policy Advisor,Science & Research,https://www.onetonline.org/link/summary/11-3011.00,"cited SOC 11-3011.00 is not in the O*NET taxonomy, and neither is its base",11-9121.00,Natural Sciences Managers,weak,0.33,2026-05-16T01:59:48.782743+00:00
918c84bf-487e-483e-b844-8153db1a9233,Physics Teacher/Researcher,Education & Coaching,https://www.bls.gov/ooh/education-and-training/high-school-teachers.htm,"bls.gov OOH slug ""high-school-teachers"" matches no O*NET occupation title",25-1054.00,"Physics Teachers, Postsecondary",strong,0.67,2026-04-22T02:52:32.680575+00:00
92540507-6c27-4411-b807-a9b2d6830d06,Social Media Commerce Entrepreneur,Supply Chain & Operations,https://www.bls.gov/ooh/management/entrepreneurship.htm,"bls.gov OOH slug ""entrepreneurship"" matches no O*NET occupation title",11-9151.00,Social and Community Service Managers,weak,0.25,2026-04-22T02:52:32.496342+00:00
928466fe-3214-4a18-8874-452d527025ca,Court Administrator,Law & Government,https://www.bls.gov/ooh/office-and-administrative-support/court-clerks-and-bailiffs.htm,"bls.gov OOH slug ""court-clerks-and-bailiffs"" matches no O*NET occupation title",11-9031.00,"Education and Childcare Administrators, Preschool and Daycare",strong,0.50,2026-04-22T02:52:33.087307+00:00
929296be-931f-4aab-aced-3d5de70cfc03,Competitive Debate Coach,Education & Coaching,https://www.bls.gov/ooh/education-and-training/high-school-teachers.htm,"bls.gov OOH slug ""high-school-teachers"" matches no O*NET occupation title",,,none,,2026-05-12T02:00:55.811345+00:00
929c4575-4558-43c5-bf92-2e482123dc97,Investigative Journalist,Science & Research,https://www.bls.gov/ooh/media-and-communication/reporters-and-correspondents.htm,"bls.gov OOH slug ""reporters-and-correspondents"" matches no O*NET occupation title",27-3023.00,"News Analysts, Reporters, and Journalists",strong,0.50,2026-04-22T02:52:31.20659+00:00
92b71faf-8ff0-46e2-967d-43c888f1b10a,Museum Visitor Experience Manager,Hospitality & Events,https://www.onetonline.org/link/summary/39-7010.00,"cited SOC 39-7010.00 is not in the O*NET taxonomy, and neither is its base",11-1021.00,General and Operations Managers,weak,0.25,2026-06-15T02:44:25.246848+00:00
931ec5dc-ee9c-4c4b-b950-cd81de15cbed,Pop-Up Retail Owner,Entrepreneurship,https://www.onetonline.org/link/summary/11-3011.00,"cited SOC 11-3011.00 is not in the O*NET taxonomy, and neither is its base",13-1022.00,"Wholesale and Retail Buyers, Except Farm Products",strong,0.50,2026-07-19T03:25:55.719621+00:00
93277bd3-f992-4d17-b3ff-4d0214b8305c,Industrial Model Builder,Design & Creative,https://www.onetonline.org/link/summary/51-7061.00,"cited SOC 51-7061.00 is not in the O*NET taxonomy, and neither is its base",11-3051.00,Industrial Production Managers,weak,0.33,2026-07-16T03:14:03.581814+00:00
9476bb49-7394-4f34-a6ce-87ad2f22cefd,Pharmaceutical Sales Representative,Science & Research,https://www.bls.gov/ooh/sales/pharmaceutical-sales-representatives.htm,"bls.gov OOH slug ""pharmaceutical-sales-representatives"" matches no O*NET occupation title",41-4011.00,"Sales Representatives, Wholesale and Manufacturing, Technical and Scientific Products",strong,0.67,2026-04-22T02:52:29.646164+00:00
9489852c-6e64-41b5-940d-15aa19dee894,Physics Teacher Researcher,Science & Research,https://www.bls.gov/ooh/education-and-training/high-school-teachers.htm,"bls.gov OOH slug ""high-school-teachers"" matches no O*NET occupation title",25-1054.00,"Physics Teachers, Postsecondary",strong,0.67,2026-07-27T03:40:21.234904+00:00
95518b62-e936-4979-bfb3-b5abec31e68a,Pathologist,Healthcare & Medicine,https://www.bls.gov/ooh/life-physical-and-social-science/physicians-and-surgeons.htm,"bls.gov OOH slug ""physicians-and-surgeons"" matches no O*NET occupation title",29-1127.00,Speech-Language Pathologists,full,1.00,2026-04-22T02:52:33.675655+00:00
95662a4f-f710-4ea6-b604-7576e15a4038,Eco-Tourism Business Owner,Entrepreneurship,https://www.bls.gov/ooh/management/self-employed-workers.htm,"bls.gov OOH slug ""self-employed-workers"" matches no O*NET occupation title",13-1011.00,"Agents and Business Managers of Artists, Performers, and Athletes",weak,0.33,2026-07-25T03:17:51.101857+00:00
9578ce46-374e-4aeb-945e-f8350f81dc5e,Sustainable Packaging Startup Founder,Entrepreneurship,https://www.bls.gov/ooh/management/entrepreneurs-and-self-employed-workers.htm,"bls.gov OOH slug ""entrepreneurs-and-self-employed-workers"" matches no O*NET occupation title",51-9111.00,Packaging and Filling Machine Operators and Tenders,weak,0.25,2026-05-03T01:53:02.014157+00:00
95a08cbc-f7d3-4b65-9b83-afa16657b787,Elementary School Teacher (Science),Education & Coaching,https://www.bls.gov/ooh/education-and-training/kindergarten-and-elementary-school-teachers.htm,"bls.gov OOH slug ""kindergarten-and-elementary-school-teachers"" matches no O*NET occupation title",25-2021.00,"Elementary School Teachers, Except Special Education",full,1.00,2026-05-01T01:59:53.447374+00:00
95e0633e-3bc1-40ea-bdfc-3a4a304dbd4e,Hospital Epidemiologist,Hospitality & Events,https://www.bls.gov/ooh/healthcare-practitioners-and-technical-occupations/physicians-and-surgeons.htm,"bls.gov OOH slug ""physicians-and-surgeons"" matches no O*NET occupation title",19-1041.00,Epidemiologists,strong,0.50,2026-04-22T02:52:32.905098+00:00
95e51c7f-2c8a-4a10-bbd8-465896bd97e9,Naturopathic Doctor,Healthcare & Medicine,https://www.onetonline.org/link/summary/29-1069.00,"cited SOC 29-1069.00 is not in the O*NET taxonomy, and neither is its base",29-1299.01,Naturopathic Physicians,strong,0.50,2026-04-28T07:59:50.49578+00:00
960ced69-816b-480a-a7f5-cd91a06a27e4,Museum Conservation Scientist,Arts & Performance,https://www.onetonline.org/link/summary/19-4091.02,"cited SOC 19-4091.02 is not in the O*NET taxonomy, and neither is its base",19-1031.00,Conservation Scientists,strong,0.67,2026-06-07T02:35:13.245323+00:00
96af6168-f530-4908-bc66-767dd82483c5,Rehabilitation Specialist,Sports & Fitness,https://www.bls.gov/ooh/healthcare-and-technical/athletic-trainers-and-orthotic-and-prosthetic-technicians.htm,"bls.gov OOH slug ""athletic-trainers-and-orthotic-and-prosthetic-technicians"" matches no O*NET occupation title",11-9121.02,Water Resource Specialists,strong,0.50,2026-07-17T03:17:24.845272+00:00
97469f9f-8d68-4d9b-b2f1-0a8976e8a38e,Vertical SaaS Founder,Entrepreneurship,https://www.bls.gov/ooh/management/entrepreneurship.html,source_url is not an O*NET or BLS OOH link: https://www.bls.gov/ooh/management/entrepreneurship.html,,,none,,2026-05-21T02:13:14.17494+00:00
9761b636-41ea-4ae8-97d3-087a6931eeb0,Law Clerk (Judge),Law & Government,https://www.onetonline.org/link/summary/23-2092.00,"cited SOC 23-2092.00 is not in the O*NET taxonomy, and neither is its base",23-1012.00,Judicial Law Clerks,full,1.00,2026-05-24T02:10:55.582934+00:00
983ea7c3-4560-4cb0-8330-7dc3a67d0063,Video Editor (Content Creator),Media & Journalism,https://www.onetonline.org/link/summary/27-4008.00,"cited SOC 27-4008.00 is not in the O*NET taxonomy, and neither is its base",27-4032.00,Film and Video Editors,full,1.00,2026-08-04T03:14:28.619384+00:00
985ffb0e-e617-49c4-b350-c9002f025369,Municipal Bond Trader,Education & Coaching,https://www.bls.gov/ooh/business-and-financial-operations/securities-commodity-and-financial-services-sales-agents.htm,"bls.gov OOH slug ""securities-commodity-and-financial-services-sales-agents"" matches no O*NET occupation title",43-4031.00,"Court, Municipal, and License Clerks",weak,0.33,2026-04-22T02:52:32.496342+00:00
986883c7-31b0-4a07-a10e-7775f261f6ba,Music Therapy Coordinator,Arts & Performance,https://www.onetonline.org/link/summary/29-1192.00,"cited SOC 29-1192.00 is not in the O*NET taxonomy, and neither is its base",11-9121.01,Clinical Research Coordinators,weak,0.33,2026-06-12T02:33:32.049619+00:00
99151232-8763-4a7e-9e83-1cb4d1fbb302,Allergy and Immunology Specialist,Healthcare & Medicine,https://www.bls.gov/ooh/healthcare-practitioners-and-technical-occupations/physicians-and-surgeons.htm,"bls.gov OOH slug ""physicians-and-surgeons"" matches no O*NET occupation title",11-9121.02,Water Resource Specialists,weak,0.33,2026-05-14T02:11:18.452392+00:00
9969fd3f-26b9-4810-b532-5fc050c7ef4f,Sports Medicine Doctor,Sports & Fitness,https://www.bls.gov/ooh/healthcare-and-technical/physicians-and-surgeons.htm,"bls.gov OOH slug ""physicians-and-surgeons"" matches no O*NET occupation title",29-1229.06,Sports Medicine Physicians,strong,0.67,2026-04-22T02:52:31.660242+00:00
9975d9a4-5c72-4f8a-ac14-f325e4ad63da,Hotel Concierge Manager,Hospitality & Events,https://www.bls.gov/ooh/personal-care-and-service/hotel-receptionists-and-concierges.htm,"bls.gov OOH slug ""hotel-receptionists-and-concierges"" matches no O*NET occupation title",11-1021.00,General and Operations Managers,weak,0.33,2026-05-30T02:03:52.357242+00:00
99c58209-cc00-4940-a62b-ac89ff737a1b,Systems Architect,Tech & Engineering,https://www.onetonline.org/link/summary/15-1199.09,"cited SOC 15-1199.09 is not in the O*NET taxonomy, and neither is its base",15-1299.08,Computer Systems Engineers/Architects,full,1.00,2026-04-22T02:52:30.082186+00:00
99cd0e08-c663-4d5b-9b9c-4d15e288877f,Adventure Travel Coordinator,Hospitality & Events,https://www.onetonline.org/link/summary/39-7010.00,"cited SOC 39-7010.00 is not in the O*NET taxonomy, and neither is its base",11-9121.01,Clinical Research Coordinators,weak,0.33,2026-06-23T04:04:37.622645+00:00
99f905a3-089d-43da-adaa-52b7958b63cc,Contracts Manager (Government),Law & Government,https://www.bls.gov/ooh/business-and-financial-operations/contract-managers.htm,"bls.gov OOH slug ""contract-managers"" matches no O*NET occupation title",11-1021.00,General and Operations Managers,strong,0.50,2026-08-11T02:06:18.021061+00:00
9b26d9d5-39da-48d8-9c99-881bc23a492c,Physical Medicine & Rehabilitation Physician,Healthcare & Medicine,https://www.bls.gov/ooh/healthcare-practitioners-and-technical-occupations/physicians-and-surgeons.htm,"bls.gov OOH slug ""physicians-and-surgeons"" matches no O*NET occupation title",29-1229.04,Physical Medicine and Rehabilitation Physicians,full,1.00,2026-04-22T02:52:32.680575+00:00
9ba3b718-5d36-4f56-80cb-4a9384e38ac0,Gymnastic Coach,Sports & Fitness,https://www.onetonline.org/link/summary/39-9033.00,"cited SOC 39-9033.00 is not in the O*NET taxonomy, and neither is its base",,,none,,2026-08-02T03:30:03.866854+00:00
9c96cb69-45b4-4123-a603-2449dbc790f4,Climate Scientist,Environment & Sustainability,https://www.bls.gov/ooh/life-physical-social-science/atmospheric-scientists-and-geoscientists.htm,"bls.gov OOH slug ""atmospheric-scientists-and-geoscientists"" matches no O*NET occupation title",15-1221.00,Computer and Information Research Scientists,strong,0.50,2026-04-22T02:52:33.477982+00:00
9cd44ccd-72c1-4211-8741-605a9c088dc1,Medical Laboratory Scientist,Healthcare & Medicine,https://www.bls.gov/ooh/healthcare-occupations/clinical-laboratory-technologists-and-technicians.htm,"bls.gov OOH slug ""clinical-laboratory-technologists-and-technicians"" matches no O*NET occupation title",19-1042.00,"Medical Scientists, Except Epidemiologists",strong,0.67,2026-04-22T02:52:34.465719+00:00
9d027c70-989a-4a76-9254-cf30e5bb8d0c,Micro-Influencer Brand Builder,Entrepreneurship,https://www.onetonline.org/link/summary/27-3022.00,"cited SOC 27-3022.00 is not in the O*NET taxonomy, and neither is its base",51-9197.00,Tire Builders,weak,0.25,2026-04-26T06:30:32.096841+00:00
9e30a568-7b8e-44d0-982d-27a0cc387fb6,Artisan Craft Marketplace Founder,Entrepreneurship,https://www.bls.gov/ooh/management/self-employed-workers.htm,"bls.gov OOH slug ""self-employed-workers"" matches no O*NET occupation title",27-1012.00,Craft Artists,weak,0.25,2026-04-29T02:00:19.911526+00:00
9e9e2dcc-a3ed-42e5-97eb-460618afd1d4,ESL (English as Second Language) Teacher,Environment & Sustainability,https://www.bls.gov/ooh/education-and-training/high-school-teachers.htm,"bls.gov OOH slug ""high-school-teachers"" matches no O*NET occupation title",25-1011.00,"Business Teachers, Postsecondary",full,1.00,2026-04-22T02:52:32.905098+00:00
9f1ff324-cd8f-4bc1-8fc2-3cc1a845b0c4,Climate Science Data Analyst,Science & Research,https://www.bls.gov/ooh/life-physical-social-science/atmospheric-scientists-including-meteorologists.htm,"bls.gov OOH slug ""atmospheric-scientists-including-meteorologists"" matches no O*NET occupation title",19-2041.01,Climate Change Policy Analysts,strong,0.50,2026-06-12T02:35:01.868648+00:00
9f2e47e3-9079-434b-8fa6-92dd89f7f53a,Clinical Geneticist,Healthcare & Medicine,https://www.onetonline.org/link/summary/29-1061.00,"cited SOC 29-1061.00 is not in the O*NET taxonomy, and neither is its base",11-9121.01,Clinical Research Coordinators,strong,0.50,2026-04-22T02:52:32.496342+00:00
9f963181-de1f-4545-9c22-1095ce41d88e,Quality Assurance Technician,Science & Research,https://www.bls.gov/ooh/production/quality-assurance-inspectors.htm,"bls.gov OOH slug ""quality-assurance-inspectors"" matches no O*NET occupation title",15-1253.00,Software Quality Assurance Analysts and Testers,strong,0.67,2026-05-16T01:59:45.571621+00:00
9ff5c444-9590-434d-9461-60aaa4a94c13,Digital Journalist,Media & Journalism,https://www.bls.gov/ooh/media-and-communication/reporters-and-correspondents.htm,"bls.gov OOH slug ""reporters-and-correspondents"" matches no O*NET occupation title",15-1255.00,Web and Digital Interface Designers,strong,0.50,2026-06-03T02:46:14.244568+00:00
a037238c-506e-42c0-b47a-62ae0e99f217,UGC (User-Generated Content) Producer,Media & Journalism,https://www.onetonline.org/link/summary/27-3022.00,"cited SOC 27-3022.00 is not in the O*NET taxonomy, and neither is its base",27-2012.00,Producers and Directors,full,1.00,2026-07-20T03:40:18.509953+00:00
a04ba668-0401-4b2f-8327-3a0e907f31b0,Lab Technician (Healthcare),Science & Research,https://www.bls.gov/ooh/healthcare-support/clinical-laboratory-technologists-and-technicians.htm,"bls.gov OOH slug ""clinical-laboratory-technologists-and-technicians"" matches no O*NET occupation title",15-1299.02,Geographic Information Systems Technologists and Technicians,full,1.00,2026-05-16T01:59:42.621275+00:00
a0910380-1bdd-430d-ba55-1ef89b91c85c,Food Truck Owner (Specialty Cuisine),Entrepreneurship,https://www.bls.gov/ooh/management/self-employed-workers.htm,"bls.gov OOH slug ""self-employed-workers"" matches no O*NET occupation title",11-9051.00,Food Service Managers,weak,0.33,2026-05-06T01:51:50.314115+00:00
a0b1d9ff-d3f0-426e-a70e-70041c2bc374,Sports Medicine Physician,Gaming & Esports,https://www.bls.gov/ooh/healthcare-and-technical/physicians-and-surgeons.htm,"bls.gov OOH slug ""physicians-and-surgeons"" matches no O*NET occupation title",29-1229.06,Sports Medicine Physicians,full,1.00,2026-04-22T02:52:33.477982+00:00
a0c7c78e-a10f-4afa-bb18-b0173dc2ed78,Architectural Technologist,Architecture & Urban Planning,https://www.bls.gov/ooh/architecture-and-engineering/architectural-technologists.htm,"bls.gov OOH slug ""architectural-technologists"" matches no O*NET occupation title",11-9041.00,Architectural and Engineering Managers,strong,0.50,2026-04-22T02:52:30.082186+00:00
a0d6da9c-488a-49a7-aa2a-28491c8441ab,Boutique Hotel Manager,Hospitality & Events,https://www.bls.gov/ooh/management/hotel-motel-and-resort-managers.htm,"bls.gov OOH slug ""hotel-motel-and-resort-managers"" matches no O*NET occupation title",11-1021.00,General and Operations Managers,weak,0.33,2026-04-22T02:52:31.660242+00:00
a0e37da1-9248-4678-980a-2049d8a11081,Tech Product Startup Founder,Entrepreneurship,https://www.bls.gov/ooh/management/entrepreneurs.htm,"bls.gov OOH slug ""entrepreneurs"" matches no O*NET occupation title",11-9041.01,Biofuels/Biodiesel Technology and Product Development Managers,weak,0.25,2026-08-05T02:55:20.298087+00:00
a0e724e9-35aa-4308-87af-d2a1e7d81f66,Health Information Manager,Healthcare & Medicine,https://www.bls.gov/ooh/healthcare-support/medical-records-and-health-information-technicians.htm,"bls.gov OOH slug ""medical-records-and-health-information-technicians"" matches no O*NET occupation title",11-3021.00,Computer and Information Systems Managers,strong,0.67,2026-04-22T02:52:29.646164+00:00
a1c6f612-77c6-41fb-ac56-1dd8a030c08e,Soil Restoration Specialist,Environment & Sustainability,https://www.onetonline.org/link/summary/19-4091.01,"cited SOC 19-4091.01 is not in the O*NET taxonomy, and neither is its base",11-9121.02,Water Resource Specialists,weak,0.33,2026-06-01T02:39:20.083424+00:00
a1e4fa31-9bed-4b41-9154-1e90be722f2b,Acupuncturist,Healthcare & Medicine,https://www.onetonline.org/link/summary/29-1199.03,"cited SOC 29-1199.03 is not in the O*NET taxonomy, and neither is its base",29-1291.00,Acupuncturists,full,1.00,2026-07-15T02:53:38.871097+00:00
a2122edd-d7f9-4fa7-8856-a01be146dfad,Drama Teacher,Education & Coaching,https://www.bls.gov/ooh/education-and-training/high-school-teachers.htm,"bls.gov OOH slug ""high-school-teachers"" matches no O*NET occupation title",25-1121.00,"Art, Drama, and Music Teachers, Postsecondary",full,1.00,2026-04-22T02:52:30.082186+00:00
a22bf655-4023-4b02-8844-b190ccf94c83,Climbing Gym Manager,Sports & Fitness,https://www.bls.gov/ooh/management/fitness-and-sports-managers.htm,"bls.gov OOH slug ""fitness-and-sports-managers"" matches no O*NET occupation title",11-1021.00,General and Operations Managers,strong,0.50,2026-05-28T02:02:29.776753+00:00
a2480a1f-022b-4bf1-b188-68ca437aeabf,Sustainability Analyst (Corporate),Environment & Sustainability,https://www.onetonline.org/link/summary/19-4091.00,"cited SOC 19-4091.00 is not in the O*NET taxonomy, and neither is its base",11-1011.03,Chief Sustainability Officers,strong,0.50,2026-04-30T01:57:56.148212+00:00
a260ad72-29d5-46aa-b9d9-774f5095f6be,Sustainable Fashion Line Founder,Entrepreneurship,https://www.bls.gov/ooh/management/self-employed-workers.htm,"bls.gov OOH slug ""self-employed-workers"" matches no O*NET occupation title",27-1022.00,Fashion Designers,weak,0.25,2026-05-23T02:01:12.359456+00:00
a3037ace-2a33-482d-b000-938ecc26ffd1,Laboratory Technician (Clinical),Science & Research,https://www.bls.gov/ooh/healthcare-and-technical/clinical-laboratory-technologists-and-technicians.htm,"bls.gov OOH slug ""clinical-laboratory-technologists-and-technicians"" matches no O*NET occupation title",29-2012.00,Medical and Clinical Laboratory Technicians,full,1.00,2026-05-10T01:55:13.905959+00:00
a30ee8fc-d0ba-41c0-b917-f41e8c2b6b25,Atmospheric Chemist,Environment & Sustainability,https://www.bls.gov/ooh/life-physical-social-science/atmospheric-scientists-including-meteorologists.htm,"bls.gov OOH slug ""atmospheric-scientists-including-meteorologists"" matches no O*NET occupation title",19-2021.00,Atmospheric and Space Scientists,strong,0.50,2026-04-22T02:52:34.616352+00:00
a454e7d6-9bbf-480e-a01d-9c64577b95d7,Theme Park Manager,Hospitality & Events,https://www.bls.gov/ooh/management/general-managers-and-top-executives.htm,"bls.gov OOH slug ""general-managers-and-top-executives"" matches no O*NET occupation title",11-1021.00,General and Operations Managers,weak,0.33,2026-04-22T02:52:30.655222+00:00
a4af9946-1d39-4a70-9327-9c289d9e9922,Virtual Tour Platform Founder,Entrepreneurship,https://www.bls.gov/ooh/business-and-financial/entrepreneurs.htm,"bls.gov OOH slug ""entrepreneurs"" matches no O*NET occupation title",39-7011.00,Tour Guides and Escorts,weak,0.25,2026-05-05T01:54:42.654011+00:00
a4b5fb63-37af-4ccc-b8c2-198a4712acaa,Sonographer (Ultrasound Technician),Healthcare & Medicine,https://www.bls.gov/ooh/healthcare-support/diagnostic-medical-sonographers-and-cardiovascular-technologists-and-technicians.htm,"bls.gov OOH slug ""diagnostic-medical-sonographers-and-cardiovascular-technologists-and-technicians"" matches no O*NET occupation title",29-2032.00,Diagnostic Medical Sonographers,full,1.00,2026-07-29T03:15:00.903863+00:00
a53cccd0-584a-4129-bb61-9ad3dd4aa540,Endocrinologist,Science & Research,https://www.bls.gov/ooh/healthcare-and-social-assistance/physicians-and-surgeons.htm,"bls.gov OOH slug ""physicians-and-surgeons"" matches no O*NET occupation title",,,none,,2026-04-22T02:52:29.422718+00:00
a53d0a1d-7bcd-4f45-81d4-eec2c7b6a511,Cultural Attaché,Education & Coaching,https://www.onetonline.org/link/summary/11-3011.00,"cited SOC 11-3011.00 is not in the O*NET taxonomy, and neither is its base",25-1062.00,"Area, Ethnic, and Cultural Studies Teachers, Postsecondary",strong,0.50,2026-04-22T02:52:33.86077+00:00
a53ec9d9-399f-447c-ada7-074600313eeb,Last-Mile Delivery Startup Founder,Entrepreneurship,https://www.bls.gov/ooh/business-and-financial-operations/entrepreneurs.htm,"bls.gov OOH slug ""entrepreneurs"" matches no O*NET occupation title",,,none,,2026-07-18T02:54:50.530036+00:00
a5782107-a4a2-4de4-b46b-b8e9b43b2ee7,Convention and Visitor Bureau Manager,Marketing & Communications,https://www.onetonline.org/link/summary/11-2061.00,"cited SOC 11-2061.00 is not in the O*NET taxonomy, and neither is its base",11-1021.00,General and Operations Managers,weak,0.25,2026-04-22T02:52:33.087307+00:00
a5dbe805-8e72-4245-bb20-ec1516f294fa,Policy Advocate (Advocacy Organization),Social Impact & Nonprofit,https://www.onetonline.org/link/summary/27-3022.00,"cited SOC 27-3022.00 is not in the O*NET taxonomy, and neither is its base",19-2041.01,Climate Change Policy Analysts,strong,0.50,2026-06-15T02:43:12.152914+00:00
a60f430d-4798-40c4-8a54-67116d72af89,Destination Management Company Owner,Supply Chain & Operations,https://www.bls.gov/ooh/business-and-financial/self-employed-workers.htm,"bls.gov OOH slug ""self-employed-workers"" matches no O*NET occupation title",11-9161.00,Emergency Management Directors,weak,0.25,2026-04-22T02:52:30.264317+00:00
a6753a83-3fe5-4ebb-92a4-9f9225fe022e,Tour Guide (Adventure Tourism),Hospitality & Events,https://www.onetonline.org/link/summary/39-6031.00,"cited SOC 39-6031.00 is not in the O*NET taxonomy, and neither is its base",39-7011.00,Tour Guides and Escorts,full,1.00,2026-05-27T02:17:33.424421+00:00
a6c5d501-acc1-41a9-9257-986891deb762,Wildlife Rehabilitator,Environment & Sustainability,https://www.onetonline.org/link/summary/31-1100.00,"cited SOC 31-1100.00 is not in the O*NET taxonomy, and neither is its base",19-1023.00,Zoologists and Wildlife Biologists,strong,0.50,2026-04-22T02:52:34.239097+00:00
a6d02dad-50a9-44f8-8f96-6ae37b5f3b44,Resort Concierge Manager,Hospitality & Events,https://www.onetonline.org/link/summary/39-1011.00,"cited SOC 39-1011.00 is not in the O*NET taxonomy, and neither is its base",11-1021.00,General and Operations Managers,weak,0.33,2026-04-22T02:52:31.20659+00:00
a76063ab-ebc3-4456-b6ef-b7cc51755cc3,Sports Journalist,Gaming & Esports,https://www.bls.gov/ooh/media-and-communication/reporters-and-correspondents.htm,"bls.gov OOH slug ""reporters-and-correspondents"" matches no O*NET occupation title",27-2021.00,Athletes and Sports Competitors,strong,0.50,2026-04-22T02:52:31.392704+00:00
a777bcba-b379-40a5-9893-5ca8b5082cd2,Green Cleaning Service Owner,Entrepreneurship,https://www.bls.gov/ooh/business-and-financial-operations/entrepreneurs.htm,"bls.gov OOH slug ""entrepreneurs"" matches no O*NET occupation title",11-3012.00,Administrative Services Managers,weak,0.25,2026-07-24T03:20:40.722998+00:00
a7d15094-1706-4b3a-86a4-8cf12c0fe93f,Data Governance Manager,Supply Chain & Operations,https://www.onetonline.org/link/summary/11-1121.00,"cited SOC 11-1121.00 is not in the O*NET taxonomy, and neither is its base",15-2051.02,Clinical Data Managers,strong,0.67,2026-04-22T02:52:30.264317+00:00
a8455047-98ca-4996-bf40-0cd97d6f754a,Niche Product Entrepreneur (Sustainable Goods),Entrepreneurship,https://www.bls.gov/ooh/management/entrepreneurship.htm,"bls.gov OOH slug ""entrepreneurship"" matches no O*NET occupation title",11-9041.01,Biofuels/Biodiesel Technology and Product Development Managers,weak,0.33,2026-05-06T01:52:56.861264+00:00
a8c98ca2-67d4-43ca-b05b-2b5137d0476f,Music Teacher (K-12),Education & Coaching,https://www.bls.gov/ooh/education-and-training/high-school-teachers.htm,"bls.gov OOH slug ""high-school-teachers"" matches no O*NET occupation title",25-1121.00,"Art, Drama, and Music Teachers, Postsecondary",full,1.00,2026-04-22T02:52:30.47108+00:00
a9448cfa-c936-463b-a39f-dbcb6804b8ff,Wetland Restoration Specialist,Environment & Sustainability,https://www.onetonline.org/link/summary/19-4091.00,"cited SOC 19-4091.00 is not in the O*NET taxonomy, and neither is its base",11-9121.02,Water Resource Specialists,weak,0.33,2026-04-22T02:52:29.646164+00:00
a9b9d9dc-c10b-4c99-969f-fc3f91935ce3,Laboratory Analyst,Science & Research,https://www.bls.gov/ooh/life-physical-and-social-science/medical-and-clinical-laboratory-technologists-and-technicians.htm,"bls.gov OOH slug ""medical-and-clinical-laboratory-technologists-and-technicians"" matches no O*NET occupation title",13-1081.02,Logistics Analysts,strong,0.50,2026-05-29T02:07:14.890903+00:00
aaf4073d-f91a-46d5-898d-5f21bd80269e,DTC Brand Founder,Marketing & Communications,https://www.bls.gov/ooh/management/entrepreneurs-and-self-employed-workers.htm,"bls.gov OOH slug ""entrepreneurs-and-self-employed-workers"" matches no O*NET occupation title",,,none,,2026-04-22T02:52:29.206458+00:00
ab451db8-3ac2-411c-acc9-a9e20c46e914,Payroll Administrator,Business & Finance,https://www.bls.gov/ooh/office-and-administrative-support/payroll-specialists.htm,"bls.gov OOH slug ""payroll-specialists"" matches no O*NET occupation title",11-9031.00,"Education and Childcare Administrators, Preschool and Daycare",strong,0.50,2026-05-15T02:06:39.956885+00:00
abc92f81-5c3e-406d-9c6f-f5b1deaedd87,Language Arts Tutor (Specialized),Education & Coaching,https://www.bls.gov/ooh/education-and-training/tutors-and-teachers.html,source_url is not an O*NET or BLS OOH link: https://www.bls.gov/ooh/education-and-training/tutors-and-teachers.html,25-1123.00,"English Language and Literature Teachers, Postsecondary",weak,0.33,2026-06-22T03:26:28.293209+00:00
ac023d5e-65d8-4211-bbaf-d3bada1b5ed8,Fitness Facility Manager,Gaming & Esports,https://www.onetonline.org/link/summary/11-3011.00,"cited SOC 11-3011.00 is not in the O*NET taxonomy, and neither is its base",11-3013.00,Facilities Managers,strong,0.67,2026-04-22T02:52:30.082186+00:00
ac05704b-73c0-47bc-9a27-a28b14ab18bc,Circular Economy Consultant,Environment & Sustainability,https://www.onetonline.org/link/summary/13-1079.01,"cited SOC 13-1079.01 is not in the O*NET taxonomy, and neither is its base",,,none,,2026-04-22T02:52:31.20659+00:00
ac338ce8-03e2-4955-8b62-faceb80f6c73,Coaching Academy Founder,Entrepreneurship,https://www.bls.gov/ooh/management/general-managers-and-top-executives.htm,"bls.gov OOH slug ""general-managers-and-top-executives"" matches no O*NET occupation title",,,none,,2026-07-17T03:17:04.733327+00:00
acfa0208-1b10-4e40-a2da-1fc72505be1f,Theatrical Lighting Programmer,Arts & Performance,https://www.onetonline.org/link/summary/27-2014.00,"cited SOC 27-2014.00 is not in the O*NET taxonomy, and neither is its base",15-1251.00,Computer Programmers,weak,0.33,2026-06-19T02:54:06.283913+00:00
ad5f4b27-422f-4d20-ae26-f2b5f14722d8,Creator Economy Platform Founder,Entrepreneurship,https://www.bls.gov/ooh/business-and-financial-operations/entrepreneurs.htm,"bls.gov OOH slug ""entrepreneurs"" matches no O*NET occupation title",,,none,,2026-04-22T06:26:23.315691+00:00
ad6a86b6-1c88-434b-bf80-9771a097bbcd,Food Science Technician,Supply Chain & Operations,https://www.onetonline.org/link/summary/19-4011.02,"cited SOC 19-4011.02 is not in the O*NET taxonomy, and neither is its base",19-4013.00,Food Science Technicians,full,1.00,2026-04-22T02:52:34.239097+00:00
ad7ea8ca-6955-48a8-b6a4-d55d1c354bd7,Municipal Prosecutor,Law & Government,https://www.bls.gov/ooh/legal/judges-and-prosecutors.htm,"bls.gov OOH slug ""judges-and-prosecutors"" matches no O*NET occupation title",43-4031.00,"Court, Municipal, and License Clerks",strong,0.50,2026-04-28T07:58:21.350576+00:00
ae1f987c-eca4-4ab8-bdd5-8f99fdedb9d2,Green Technology Entrepreneur,Entrepreneurship,https://www.bls.gov/ooh/management/entrepreneurs-and-self-employed-workers.htm,"bls.gov OOH slug ""entrepreneurs-and-self-employed-workers"" matches no O*NET occupation title",11-9041.01,Biofuels/Biodiesel Technology and Product Development Managers,weak,0.33,2026-07-27T03:39:14.476578+00:00
ae2d1a08-8fdd-4843-a10c-19ad9100bf39,VFX Supervisor,Media & Journalism,https://www.onetonline.org/link/summary/27-2014.00,"cited SOC 27-2014.00 is not in the O*NET taxonomy, and neither is its base",33-1011.00,First-Line Supervisors of Correctional Officers,full,1.00,2026-07-13T03:33:11.063953+00:00
ae58334b-8cf5-42bb-baf2-2f1aa489c863,Beauty Product Formulator,Fashion & Beauty,https://www.onetonline.org/link/summary/19-4011.00,"cited SOC 19-4011.00 is not in the O*NET taxonomy, and neither is its base",11-9041.01,Biofuels/Biodiesel Technology and Product Development Managers,weak,0.33,2026-04-22T02:52:30.655222+00:00
ae88cdda-6be0-4956-86ee-75f2fb11d3cc,Ophthalmologist,Healthcare & Medicine,https://www.bls.gov/ooh/healthcare-practitioners-and-technical-occupations/physicians-and-surgeons.htm,"bls.gov OOH slug ""physicians-and-surgeons"" matches no O*NET occupation title",29-1241.00,"Ophthalmologists, Except Pediatric",full,1.00,2026-04-22T02:52:32.086589+00:00
ae9156fb-d268-4f1f-a411-c78189e65107,Vertical SaaS Entrepreneur,Entrepreneurship,https://www.bls.gov/ooh/management/entrepreneurs-and-self-employed-workers.htm,"bls.gov OOH slug ""entrepreneurs-and-self-employed-workers"" matches no O*NET occupation title",,,none,,2026-04-22T06:26:19.853839+00:00
ae9f71b5-0df3-4a78-8e33-5e727aa76118,Nephrologist (Kidney Specialist),Healthcare & Medicine,https://www.bls.gov/ooh/healthcare-practitioners-and-technical-occupations/physicians-and-surgeons.htm,"bls.gov OOH slug ""physicians-and-surgeons"" matches no O*NET occupation title",,,none,,2026-04-26T06:30:58.395529+00:00
aed40ffa-5144-4270-be1f-d5e8beb5964c,Atmospheric Scientist,Environment & Sustainability,https://www.bls.gov/ooh/life-physical-social-science/atmospheric-scientists-and-geoscientists.htm,"bls.gov OOH slug ""atmospheric-scientists-and-geoscientists"" matches no O*NET occupation title",19-2021.00,Atmospheric and Space Scientists,full,1.00,2026-04-22T02:52:34.465719+00:00
af903556-9dbe-4953-9554-37de39d58a4e,Fact Checker (Media Verification),Media & Journalism,https://www.onetonline.org/link/summary/27-3022.00,"cited SOC 27-3022.00 is not in the O*NET taxonomy, and neither is its base",43-4041.00,"Credit Authorizers, Checkers, and Clerks",strong,0.50,2026-06-11T02:39:20.350894+00:00
afd84ea5-ba22-4cd2-9168-701c14bfecd5,Addiction Medicine Physician,Healthcare & Medicine,https://www.bls.gov/ooh/healthcare-practitioners-and-technical-occupations/physicians-and-surgeons.htm,"bls.gov OOH slug ""physicians-and-surgeons"" matches no O*NET occupation title",29-1214.00,Emergency Medicine Physicians,strong,0.67,2026-04-22T02:52:31.20659+00:00
b0131114-b9c9-41fc-a955-34ad346ef991,Fashion Blogger (Sustainable),Fashion & Beauty,https://www.onetonline.org/link/summary/27-3022.00,"cited SOC 27-3022.00 is not in the O*NET taxonomy, and neither is its base",27-1022.00,Fashion Designers,strong,0.50,2026-06-22T03:26:41.592234+00:00
b02cd8b4-a370-481d-85bb-aaed32ba9976,Chemist (Industrial),Science & Research,https://www.bls.gov/ooh/life-physical-social-science/chemists-and-materials-scientists.htm,"bls.gov OOH slug ""chemists-and-materials-scientists"" matches no O*NET occupation title",19-2031.00,Chemists,full,1.00,2026-06-24T04:05:51.671267+00:00
b0733d5c-d264-493c-afb0-5e18de2839d8,Healthcare Tech Entrepreneur,Entrepreneurship,https://www.bls.gov/ooh/management/entrepreneurs-and-self-employed-workers.htm,"bls.gov OOH slug ""entrepreneurs-and-self-employed-workers"" matches no O*NET occupation title",21-1022.00,Healthcare Social Workers,weak,0.33,2026-04-26T06:32:34.201765+00:00
b1ae602f-7ce8-4cf1-a430-0f4427b222be,Virtual Reality Game Developer,Tech & Engineering,https://www.onetonline.org/link/summary/15-1256.00,"cited SOC 15-1256.00 is not in the O*NET taxonomy, and neither is its base",15-1252.00,Software Developers,weak,0.25,2026-06-08T02:38:16.301129+00:00
b20c96d6-8178-429d-9295-2e8ed91564d8,Fitness App Developer,Sports & Fitness,https://www.onetonline.org/link/summary/15-1132.00,"cited SOC 15-1132.00 is not in the O*NET taxonomy, and neither is its base",11-9179.01,Fitness and Wellness Coordinators,strong,0.50,2026-04-22T02:52:30.082186+00:00
b25c9482-c285-4f71-88a4-c5f15e315d90,Specialty Coffee Roaster Entrepreneur,Entrepreneurship,https://www.bls.gov/ooh/management/self-employed-workers.htm,"bls.gov OOH slug ""self-employed-workers"" matches no O*NET occupation title",25-1071.00,"Health Specialties Teachers, Postsecondary",weak,0.25,2026-07-07T03:57:04.1559+00:00
b27e4d28-acd4-4578-8ca6-36e0ed14d7cb,Medication Safety Officer,Social Impact & Nonprofit,https://www.onetonline.org/link/summary/29-9011.00,"cited SOC 29-9011.00 is not in the O*NET taxonomy, and neither is its base",11-1011.03,Chief Sustainability Officers,weak,0.33,2026-04-22T02:52:34.05043+00:00
b28a8b95-0a15-4130-b446-d440375334c6,Museum Educator (Interactive Programs),Education & Coaching,https://www.onetonline.org/link/summary/25-9011.00,"cited SOC 25-9011.00 is not in the O*NET taxonomy, and neither is its base",25-4013.00,Museum Technicians and Conservators,strong,0.50,2026-07-11T03:18:32.125335+00:00
b2f3fdb8-9710-48ed-bbc7-578061d822a5,On-Demand Service Platform Founder,Entrepreneurship,https://www.bls.gov/ooh/management/entrepreneurs-and-self-employed-workers.htm,"bls.gov OOH slug ""entrepreneurs-and-self-employed-workers"" matches no O*NET occupation title",11-3012.00,Administrative Services Managers,weak,0.25,2026-05-13T02:08:03.734193+00:00
b328e72d-89a0-4538-b9fb-ae5d5879ea19,K-12 Math Teacher,Education & Coaching,https://www.bls.gov/ooh/education-and-training/high-school-teachers.htm,"bls.gov OOH slug ""high-school-teachers"" matches no O*NET occupation title",25-1011.00,"Business Teachers, Postsecondary",strong,0.50,2026-04-22T02:52:29.856816+00:00
b3843afc-483a-44d3-a6ae-18e324192488,Nurse Anesthetist,Healthcare & Medicine,https://www.bls.gov/ooh/healthcare-occupations/anesthesiologists-and-nurse-anesthetists.htm,"bls.gov OOH slug ""anesthesiologists-and-nurse-anesthetists"" matches no O*NET occupation title",29-1151.00,Nurse Anesthetists,full,1.00,2026-04-22T02:52:33.675655+00:00
b3b19529-2f01-45ec-bec4-4cdd19612e07,Government Relations Manager,Social Impact & Nonprofit,https://www.bls.gov/ooh/business-and-financial/lobbyists.htm,"bls.gov OOH slug ""lobbyists"" matches no O*NET occupation title",11-2032.00,Public Relations Managers,strong,0.67,2026-04-22T02:52:33.477982+00:00
b4928ac3-ad6e-41f7-8958-a43dcda3c80a,Digital Nomad Business Owner,Entrepreneurship,https://www.bls.gov/ooh/management/general-managers-and-top-executives.htm,"bls.gov OOH slug ""general-managers-and-top-executives"" matches no O*NET occupation title",13-1011.00,"Agents and Business Managers of Artists, Performers, and Athletes",weak,0.25,2026-06-24T04:05:26.897262+00:00
b5380327-1d73-4e52-9a41-6e05b625e334,AI-Powered Service Entrepreneur,Entrepreneurship,https://www.bls.gov/ooh/management/entrepreneurs-and-self-employed-workers.htm,"bls.gov OOH slug ""entrepreneurs-and-self-employed-workers"" matches no O*NET occupation title",11-3012.00,Administrative Services Managers,weak,0.33,2026-06-11T02:37:42.648581+00:00
b5d99f15-a798-4029-b0cd-fbfcc155c603,Franchise Reseller (Digital),Entrepreneurship,https://www.bls.gov/ooh/management/self-employed-workers.htm,"bls.gov OOH slug ""self-employed-workers"" matches no O*NET occupation title",,,none,,2026-06-22T03:22:34.643348+00:00
b5e26d66-cf83-418a-b958-0ef027ba3579,STEM Program Coordinator,Gaming & Esports,https://www.bls.gov/ooh/education-training-and-library/instructional-coordinators-and-teacher-trainers.htm,"bls.gov OOH slug ""instructional-coordinators-and-teacher-trainers"" matches no O*NET occupation title",11-9121.01,Clinical Research Coordinators,weak,0.33,2026-04-22T02:52:34.465719+00:00
b6cdec5c-607d-4932-b915-9c0b8406df46,Gig Economy Platform Creator,Entrepreneurship,https://www.bls.gov/ooh/business-and-financial-operations/entrepreneurs.htm,"bls.gov OOH slug ""entrepreneurs"" matches no O*NET occupation title",,,none,,2026-04-22T06:24:05.521452+00:00
b6dc7d0f-8fcd-4940-94c6-d3b1424bae32,Clinical Research Coordinator,Healthcare & Medicine,https://www.onetonline.org/link/summary/19-4091.00,"cited SOC 19-4091.00 is not in the O*NET taxonomy, and neither is its base",11-9121.01,Clinical Research Coordinators,full,1.00,2026-04-22T02:52:29.206458+00:00
b73ce9d0-38a6-4484-a71c-ad3461c1de06,Clinical Pharmacologist,Science & Research,https://www.bls.gov/ooh/life-physical-and-social-science/pharmacologists.htm,"bls.gov OOH slug ""pharmacologists"" matches no O*NET occupation title",11-9121.01,Clinical Research Coordinators,strong,0.50,2026-05-24T02:10:07.585945+00:00
b792ffb3-2a85-49c9-92a5-3c3698ab6b91,STEM Education Specialist,Education & Coaching,https://www.bls.gov/ooh/education-and-training/high-school-teachers.htm,"bls.gov OOH slug ""high-school-teachers"" matches no O*NET occupation title",21-1091.00,Health Education Specialists,strong,0.67,2026-04-22T02:52:33.86077+00:00
b80585b6-25f1-486a-ac02-af93070416a9,Social Media Strategy Manager,Media & Journalism,https://www.onetonline.org/link/summary/11-2031.00,"cited SOC 11-2031.00 is not in the O*NET taxonomy, and neither is its base",11-9151.00,Social and Community Service Managers,strong,0.50,2026-06-30T04:09:02.896458+00:00
b84bdb45-74cb-4590-9806-cef559c95adc,Language Arts Specialist,Education & Coaching,https://www.bls.gov/ooh/education-and-training/high-school-teachers.htm,"bls.gov OOH slug ""high-school-teachers"" matches no O*NET occupation title",11-9121.02,Water Resource Specialists,weak,0.33,2026-04-22T02:52:34.239097+00:00
b8ca7452-8c49-4687-bce1-37f417355430,Content Strategist (News Media),Media & Journalism,https://www.bls.gov/ooh/media-and-communication/reporters-and-correspondents.htm,"bls.gov OOH slug ""reporters-and-correspondents"" matches no O*NET occupation title",13-1161.01,Search Marketing Strategists,strong,0.50,2026-08-05T02:57:17.031933+00:00
b8da3fc0-25b8-47ec-ae22-2deaa530445f,Carpal Tunnel Specialist,Healthcare & Medicine,https://www.bls.gov/ooh/healthcare-practitioner-and-technical/physicians-and-surgeons.htm,"bls.gov OOH slug ""physicians-and-surgeons"" matches no O*NET occupation title",11-9121.02,Water Resource Specialists,weak,0.33,2026-08-07T02:56:48.582317+00:00
b9529660-7e6b-4ea3-a26b-a5b1757b70c3,Print Production Manager,Supply Chain & Operations,https://www.onetonline.org/link/summary/51-5061.00,"cited SOC 51-5061.00 is not in the O*NET taxonomy, and neither is its base",11-3051.00,Industrial Production Managers,strong,0.67,2026-04-22T02:52:33.295118+00:00
b98ef672-8852-45e0-813d-b30fb28e08a6,Montessori Educator,Education & Coaching,https://www.bls.gov/ooh/education-and-training/kindergarten-and-elementary-school-teachers.htm,"bls.gov OOH slug ""kindergarten-and-elementary-school-teachers"" matches no O*NET occupation title",25-9021.00,Farm and Home Management Educators,strong,0.50,2026-05-03T01:52:55.617664+00:00
b9c4b8e7-19ae-4579-8660-1b5a5ab0244f,Wine Distributor,Hospitality & Events,https://www.onetonline.org/link/summary/41-4081.00,"cited SOC 41-4081.00 is not in the O*NET taxonomy, and neither is its base",51-8012.00,Power Distributors and Dispatchers,strong,0.50,2026-05-09T01:56:01.834851+00:00
b9feef08-8079-48df-8791-6306101b8e0e,Documentary Journalist,Media & Journalism,https://www.bls.gov/ooh/media-and-communication/reporters-and-correspondents.htm,"bls.gov OOH slug ""reporters-and-correspondents"" matches no O*NET occupation title",27-3023.00,"News Analysts, Reporters, and Journalists",strong,0.50,2026-04-22T02:52:29.422718+00:00
ba09bfc6-0de7-4a59-9eed-ee1343aacb30,Urologist,Healthcare & Medicine,https://www.bls.gov/ooh/healthcare-practitioners-and-technical-occupations/physicians-and-surgeons.htm,"bls.gov OOH slug ""physicians-and-surgeons"" matches no O*NET occupation title",29-1229.03,Urologists,full,1.00,2026-04-22T02:52:30.264317+00:00
ba263731-3ac7-42c1-8267-0225dda1aae0,Craft Brewery Owner,Marketing & Communications,https://www.bls.gov/ooh/management/self-employed-workers.htm,"bls.gov OOH slug ""self-employed-workers"" matches no O*NET occupation title",27-1012.00,Craft Artists,weak,0.33,2026-04-22T02:52:31.660242+00:00
ba40c148-f81a-4084-985f-d96ae2798100,Medical Coder & Biller,Healthcare & Medicine,https://www.bls.gov/ooh/office-and-administrative-support/medical-records-and-health-information-technicians.htm,"bls.gov OOH slug ""medical-records-and-health-information-technicians"" matches no O*NET occupation title",11-9111.00,Medical and Health Services Managers,weak,0.33,2026-04-22T03:26:28.797912+00:00
ba613049-49db-4627-8b93-702086e4e5c5,Travel Journalist,Media & Journalism,https://www.bls.gov/ooh/media-and-communication/reporters-and-correspondents.htm,"bls.gov OOH slug ""reporters-and-correspondents"" matches no O*NET occupation title",27-3023.00,"News Analysts, Reporters, and Journalists",strong,0.50,2026-05-20T02:11:39.13577+00:00
ba801e90-18f5-4695-be1e-e723b6153144,Luxury Resort Manager,Hospitality & Events,https://www.bls.gov/ooh/management/general-managers-and-top-executives.htm,"bls.gov OOH slug ""general-managers-and-top-executives"" matches no O*NET occupation title",11-1021.00,General and Operations Managers,weak,0.33,2026-04-22T02:52:32.271017+00:00
bac095a8-8ca4-448d-96e2-6a36919915e4,Coffee Shop Franchise Owner,Entrepreneurship,https://www.bls.gov/ooh/management/general-managers-and-top-executives.htm,"bls.gov OOH slug ""general-managers-and-top-executives"" matches no O*NET occupation title",35-9031.00,"Hosts and Hostesses, Restaurant, Lounge, and Coffee Shop",strong,0.50,2026-05-24T02:10:32.845446+00:00
bb0e4da1-2508-487d-8de5-a850e7297e81,Psychiatrist,Healthcare & Medicine,https://www.bls.gov/ooh/healthcare-practitioners-and-technical-occupations/physicians-and-surgeons.htm,"bls.gov OOH slug ""physicians-and-surgeons"" matches no O*NET occupation title",29-1223.00,Psychiatrists,full,1.00,2026-04-22T02:52:30.47108+00:00
bb579cd8-92a5-4518-89b1-ecbd51f3b660,Personal Training Franchise Owner,Sports & Fitness,https://www.bls.gov/ooh/business-and-financial-operations/franchise-owners.htm,"bls.gov OOH slug ""franchise-owners"" matches no O*NET occupation title",11-3131.00,Training and Development Managers,weak,0.25,2026-06-13T02:14:50.264171+00:00
bc20ca10-579d-4626-9a50-b93f95452e4c,Academic Test Proctor,Environment & Sustainability,https://www.onetonline.org/link/summary/25-3097.00,"cited SOC 25-3097.00 is not in the O*NET taxonomy, and neither is its base",,,none,,2026-04-22T02:52:29.646164+00:00
bc227fa7-040e-4803-8fe3-978fe5962dae,Science Educator (Museum/Zoo),Science & Research,https://www.onetonline.org/link/summary/25-9041.00,"cited SOC 25-9041.00 is not in the O*NET taxonomy, and neither is its base",11-9121.00,Natural Sciences Managers,strong,0.50,2026-06-22T02:45:21.000979+00:00
bc335dee-6db5-4ee0-b0df-27b0ca92c75e,Laboratory Animal Care Specialist,Science & Research,https://www.onetonline.org/link/summary/31-1104.00,"cited SOC 31-1104.00 is not in the O*NET taxonomy, and neither is its base",31-9096.00,Veterinary Assistants and Laboratory Animal Caretakers,strong,0.50,2026-08-08T01:59:28.131283+00:00
bc6fbd46-044b-4473-873c-64c61e8bb083,Airline Hospitality Manager,Aviation & Transportation,https://www.onetonline.org/link/summary/39-3081.00,"cited SOC 39-3081.00 is not in the O*NET taxonomy, and neither is its base",11-1021.00,General and Operations Managers,weak,0.33,2026-04-22T02:52:33.295118+00:00
bc8ec584-39df-4123-8904-c3f9bb63b694,Direct-to-Consumer Entrepreneur,Marketing & Communications,https://www.bls.gov/ooh/management/self-employed-workers.htm,"bls.gov OOH slug ""self-employed-workers"" matches no O*NET occupation title",25-1192.00,"Family and Consumer Sciences Teachers, Postsecondary",weak,0.33,2026-04-22T02:52:29.856816+00:00
bcaa1b68-38ec-4c70-8004-7acf9151de39,Academic Tutor (Specialized Subjects),Education & Coaching,https://www.bls.gov/ooh/education-training-and-library/tutors-and-teachers.html,source_url is not an O*NET or BLS OOH link: https://www.bls.gov/ooh/education-training-and-library/tutors-and-teachers.html,25-3041.00,Tutors,strong,0.50,2026-07-06T04:06:21.232222+00:00
bcbed889-1f20-4a21-b193-812a6afb775f,Physics Teacher (K-12),Science & Research,https://www.bls.gov/ooh/education-and-training/high-school-teachers.htm,"bls.gov OOH slug ""high-school-teachers"" matches no O*NET occupation title",25-1054.00,"Physics Teachers, Postsecondary",full,1.00,2026-05-10T01:56:35.814906+00:00
bccedf8b-5923-4153-8554-28ab22588b1b,Wellness Brand Founder,Entrepreneurship,https://www.bls.gov/ooh/management/entrepreneurs-and-self-employed-workers.htm,"bls.gov OOH slug ""entrepreneurs-and-self-employed-workers"" matches no O*NET occupation title",11-9179.01,Fitness and Wellness Coordinators,weak,0.33,2026-05-11T02:07:06.68947+00:00
bd4cedc4-0e2a-4fc0-ad8d-3477bf4f8b7b,Video Editor (Content Creation),Media & Journalism,https://www.onetonline.org/link/summary/27-4008.00,"cited SOC 27-4008.00 is not in the O*NET taxonomy, and neither is its base",27-4032.00,Film and Video Editors,full,1.00,2026-05-28T02:03:37.898731+00:00
bdc52814-7f9c-4b71-afbd-976d01f0aa63,Local Service Business Owner,Entrepreneurship,https://www.bls.gov/ooh/management/self-employed-workers.htm,"bls.gov OOH slug ""self-employed-workers"" matches no O*NET occupation title",11-3012.00,Administrative Services Managers,weak,0.25,2026-06-13T02:15:17.636021+00:00
bdc954ff-4650-41dd-b8ed-65ccd3888964,Research Data Steward,Science & Research,https://www.onetonline.org/link/summary/25-4021.00,"cited SOC 25-4021.00 is not in the O*NET taxonomy, and neither is its base",11-9121.01,Clinical Research Coordinators,weak,0.33,2026-04-24T06:31:44.916985+00:00
be1256ad-20ea-4b38-b47d-b79ea9efbb50,Elite Coach (Individual Sports),Sports & Fitness,https://www.onetonline.org/link/summary/39-3022.00,"cited SOC 39-3022.00 is not in the O*NET taxonomy, and neither is its base",,,none,,2026-06-18T02:38:35.447653+00:00
be196e5d-d106-474e-a5a0-5a021992430e,Franchise Operations Manager,Entrepreneurship,https://www.bls.gov/ooh/management/general-managers-and-top-executives.htm,"bls.gov OOH slug ""general-managers-and-top-executives"" matches no O*NET occupation title",11-1021.00,General and Operations Managers,strong,0.67,2026-04-22T02:52:32.496342+00:00
be525016-ee7b-4926-8333-b75329ee3570,Wetland Delineator,Environment & Sustainability,https://www.onetonline.org/link/summary/19-4091.01,"cited SOC 19-4091.01 is not in the O*NET taxonomy, and neither is its base",,,none,,2026-04-22T02:52:30.655222+00:00
be7e7fa0-e5e4-4b26-b326-a0ebb4478697,Claims Investigator,Healthcare & Medicine,https://www.bls.gov/ooh/business-and-financial-operations/claims-adjusters-appraisers-examiners-and-investigators.htm,"bls.gov OOH slug ""claims-adjusters-appraisers-examiners-and-investigators"" matches no O*NET occupation title",13-1031.00,"Claims Adjusters, Examiners, and Investigators",full,1.00,2026-04-22T02:52:33.675655+00:00
bf043f05-462e-44af-8dde-8ab35771f59e,Textile Restoration Specialist,Fashion & Beauty,https://www.onetonline.org/link/summary/27-4023.00,"cited SOC 27-4023.00 is not in the O*NET taxonomy, and neither is its base",11-9121.02,Water Resource Specialists,weak,0.33,2026-04-27T08:01:16.262353+00:00
bf0c8966-7cde-4c1f-bd3f-9784bc76fe0f,Public Health Program Director,Healthcare & Medicine,https://www.bls.gov/ooh/management/public-health-managers.htm,"bls.gov OOH slug ""public-health-managers"" matches no O*NET occupation title",11-2032.00,Public Relations Managers,weak,0.25,2026-07-22T03:19:43.244927+00:00
bf2a85ab-ef94-4cc4-a860-df17fa057b5c,Sustainable Packaging Company Founder,Entrepreneurship,https://www.bls.gov/ooh/management/entrepreneurs-and-self-employed-workers.htm,"bls.gov OOH slug ""entrepreneurs-and-self-employed-workers"" matches no O*NET occupation title",51-9111.00,Packaging and Filling Machine Operators and Tenders,weak,0.25,2026-05-24T02:10:36.018463+00:00
c0410a07-dafc-47ec-80bf-6df69518bf46,Quantum Physicist,Science & Research,https://www.bls.gov/ooh/life-physical-social-science/physicists-and-astronomers.htm,"bls.gov OOH slug ""physicists-and-astronomers"" matches no O*NET occupation title",19-2012.00,Physicists,strong,0.50,2026-04-22T02:52:29.422718+00:00
c076c579-2164-4d27-8818-15917f7fda59,AI-Powered SaaS Founder,Entrepreneurship,https://www.bls.gov/ooh/business-and-financial-operations/entrepreneurs.htm,"bls.gov OOH slug ""entrepreneurs"" matches no O*NET occupation title",,,none,,2026-05-18T02:14:08.162509+00:00
c0818e9e-ebab-4587-9fa3-aae1d9268e1c,Coffee Shop Entrepreneur,Entrepreneurship,https://www.bls.gov/ooh/management/self-employed-workers.htm,"bls.gov OOH slug ""self-employed-workers"" matches no O*NET occupation title",35-9031.00,"Hosts and Hostesses, Restaurant, Lounge, and Coffee Shop",strong,0.67,2026-05-07T01:57:28.761347+00:00
c08e1168-b76a-4228-a94b-00db57caf743,Payroll Services Manager,Business & Finance,https://www.bls.gov/ooh/office-and-administrative-support/payroll-specialists.htm,"bls.gov OOH slug ""payroll-specialists"" matches no O*NET occupation title",11-3012.00,Administrative Services Managers,strong,0.67,2026-04-22T02:52:33.86077+00:00
c097262b-5da5-4197-9fc7-b604d6d00734,Habitat Restoration Specialist,Environment & Sustainability,https://www.bls.gov/ooh/life-physical-social-science/conservation-scientists-and-foresters.htm,"bls.gov OOH slug ""conservation-scientists-and-foresters"" matches no O*NET occupation title",11-9121.02,Water Resource Specialists,weak,0.33,2026-05-30T02:02:32.848448+00:00
c0a7ffe4-c6ec-4bc7-b5ec-c4084c24dce5,Palliative Care Physician,Healthcare & Medicine,https://www.bls.gov/ooh/healthcare-practitioner-and-technical-occupations/physicians-and-surgeons.htm,"bls.gov OOH slug ""physicians-and-surgeons"" matches no O*NET occupation title",29-1071.00,Physician Assistants,weak,0.33,2026-04-22T02:52:29.206458+00:00
c0b4ca21-54b8-4998-97d3-139de10dbd26,Logistics Startup Founder,Entrepreneurship,https://www.bls.gov/ooh/business-and-financial/entrepreneurs.htm,"bls.gov OOH slug ""entrepreneurs"" matches no O*NET occupation title",13-1081.01,Logistics Engineers,weak,0.33,2026-05-10T01:54:59.854523+00:00
c0bc8f33-9ffd-4e2c-abbb-ae784edaeac5,Social Impact Startup Founder,Entrepreneurship,https://www.bls.gov/ooh/management/entrepreneurs-and-self-employed-workers.htm,"bls.gov OOH slug ""entrepreneurs-and-self-employed-workers"" matches no O*NET occupation title",11-9151.00,Social and Community Service Managers,weak,0.25,2026-07-30T02:48:39.786576+00:00
c0fef01e-8c12-41b5-abd1-e8c3884f6ea4,Dropshipping Store Owner,Marketing & Communications,https://www.bls.gov/ooh/management/entrepreneurs-and-self-employed-workers.htm,"bls.gov OOH slug ""entrepreneurs-and-self-employed-workers"" matches no O*NET occupation title",,,none,,2026-04-22T02:52:34.465719+00:00
c164c74a-ba0e-4c13-9973-4a7024bbdbd8,Learning Experience Designer (Corporate),Education & Coaching,https://www.onetonline.org/link/summary/25-9011.00,"cited SOC 25-9011.00 is not in the O*NET taxonomy, and neither is its base",15-1255.00,Web and Digital Interface Designers,weak,0.33,2026-05-14T02:10:29.612844+00:00
c1f55e91-fb31-4290-9b79-099674effa6f,Science Camp Director,Education & Coaching,https://www.bls.gov/ooh/education-training-and-library/instructional-coordinators-and-teachers.htm,"bls.gov OOH slug ""instructional-coordinators-and-teachers"" matches no O*NET occupation title",11-9121.00,Natural Sciences Managers,weak,0.33,2026-04-26T06:32:31.240102+00:00
c1ff3a99-47e5-4866-979e-02fc35b36bec,Debate Coach (Competitive),Education & Coaching,https://www.bls.gov/ooh/education-and-training/high-school-teachers.htm,"bls.gov OOH slug ""high-school-teachers"" matches no O*NET occupation title",,,none,,2026-05-25T02:29:35.162082+00:00
c233fd4f-ee45-4b77-84ef-08fa818bd965,Voice Coach (Music),Education & Coaching,https://www.onetonline.org/link/summary/25-3091.00,"cited SOC 25-3091.00 is not in the O*NET taxonomy, and neither is its base",,,none,,2026-08-09T02:07:00.672201+00:00
c271786f-442a-4059-abf1-d8ceb0bac69b,Environmental Reporter,Media & Journalism,https://www.bls.gov/ooh/media-and-communication/reporters-and-correspondents.htm,"bls.gov OOH slug ""reporters-and-correspondents"" matches no O*NET occupation title",13-1041.01,Environmental Compliance Inspectors,strong,0.50,2026-07-23T03:25:04.563784+00:00
c31530cb-8ddc-49a2-b2fe-7fa32ecb51d5,Language Arts Tutor,Education & Coaching,https://www.bls.gov/ooh/education-training-and-library/tutors-and-teachers.html,source_url is not an O*NET or BLS OOH link: https://www.bls.gov/ooh/education-training-and-library/tutors-and-teachers.html,25-1123.00,"English Language and Literature Teachers, Postsecondary",weak,0.33,2026-04-22T02:52:30.264317+00:00
c38f64b2-fa3c-435d-905e-5c79784e5118,Wildlife Restoration Manager,Environment & Sustainability,https://www.bls.gov/ooh/life-physical-and-social-science/conservation-scientists-and-foresters.htm,"bls.gov OOH slug ""conservation-scientists-and-foresters"" matches no O*NET occupation title",11-1021.00,General and Operations Managers,weak,0.33,2026-07-06T04:05:47.745639+00:00
c413d7e8-6a08-422f-8805-1ae1776ceef1,Social Media Entrepreneur (Influencer),Entrepreneurship,https://www.onetonline.org/link/summary/27-3022.00,"cited SOC 27-3022.00 is not in the O*NET taxonomy, and neither is its base",11-9151.00,Social and Community Service Managers,weak,0.33,2026-06-20T02:15:24.21324+00:00
c48dce54-b15e-4477-8476-0f79e2abc951,Franchise Repair/Service Center Owner,Entrepreneurship,https://www.bls.gov/ooh/management/self-employed-workers.htm,"bls.gov OOH slug ""self-employed-workers"" matches no O*NET occupation title",11-3012.00,Administrative Services Managers,weak,0.20,2026-05-11T02:05:21.708248+00:00
c55cedcb-74d6-4463-b0f5-655e2055b774,Carbon Sequestration Specialist,Environment & Sustainability,https://www.onetonline.org/link/summary/19-4091.02,"cited SOC 19-4091.02 is not in the O*NET taxonomy, and neither is its base",11-9121.02,Water Resource Specialists,weak,0.33,2026-04-22T02:52:33.295118+00:00
c585bb8a-6add-4001-85eb-084ccd363c44,Niche Social Media Creator (Micro-Influencer),Entrepreneurship,https://www.onetonline.org/link/summary/27-3022.00,"cited SOC 27-3022.00 is not in the O*NET taxonomy, and neither is its base",11-9151.00,Social and Community Service Managers,weak,0.25,2026-07-19T03:26:35.485327+00:00
c5b3812d-b3f7-4764-a921-fe5b062002b3,Conference Hotel Manager,Hospitality & Events,https://www.bls.gov/ooh/management/hotel-motel-and-resort-managers.htm,"bls.gov OOH slug ""hotel-motel-and-resort-managers"" matches no O*NET occupation title",11-1021.00,General and Operations Managers,weak,0.33,2026-07-04T03:40:35.098422+00:00
c64393bb-0d91-4859-8229-3c8d955a5740,Tour Operator (Adventure Travel),Hospitality & Events,https://www.onetonline.org/link/summary/39-6032.00,"cited SOC 39-6032.00 is not in the O*NET taxonomy, and neither is its base",27-4031.00,"Camera Operators, Television, Video, and Film",strong,0.50,2026-05-08T02:05:09.373274+00:00
c652a477-3c54-46e9-8b71-0312b0debdc2,Franchise Owner (Quick Service Restaurant),Marketing & Communications,https://www.bls.gov/ooh/management/restaurant-managers.htm,"bls.gov OOH slug ""restaurant-managers"" matches no O*NET occupation title",,,none,,2026-04-22T02:52:31.660242+00:00
c6e81d00-7247-44df-96d2-dadd6eb62474,Print-On-Demand Business Owner,Marketing & Communications,https://www.bls.gov/ooh/management/entrepreneurs-and-self-employed-workers.htm,"bls.gov OOH slug ""entrepreneurs-and-self-employed-workers"" matches no O*NET occupation title",13-1011.00,"Agents and Business Managers of Artists, Performers, and Athletes",weak,0.25,2026-04-22T02:52:33.477982+00:00
c6f178b2-f7b4-4802-ad82-6a89cb0a3885,Research Analyst,Law & Government,https://www.bls.gov/ooh/life-physical-and-social-science/miscellaneous-life-scientists.htm,"bls.gov OOH slug ""miscellaneous-life-scientists"" matches no O*NET occupation title",13-1161.00,Market Research Analysts and Marketing Specialists,full,1.00,2026-04-22T02:52:32.271017+00:00
c6fa6abd-7844-4494-ae8d-f1db0f2ce74c,Beauty Brand Founder,Fashion & Beauty,https://www.bls.gov/ooh/management/entrepreneurs-and-self-employed-workers.htm,"bls.gov OOH slug ""entrepreneurs-and-self-employed-workers"" matches no O*NET occupation title",,,none,,2026-05-11T02:05:40.316549+00:00
c73e14a5-ac28-464c-aaf6-3f561935ad45,Etsy Shop Owner (Handmade),Entrepreneurship,https://www.bls.gov/ooh/self-employed-workers.htm,source_url is not an O*NET or BLS OOH link: https://www.bls.gov/ooh/self-employed-workers.htm,35-9031.00,"Hosts and Hostesses, Restaurant, Lounge, and Coffee Shop",weak,0.33,2026-05-06T01:53:00.207041+00:00
c77f3fa7-4842-424b-b167-7676b96aea03,Nonprofit Communications Director,Marketing & Communications,https://www.onetonline.org/link/summary/11-2031.00,"cited SOC 11-2031.00 is not in the O*NET taxonomy, and neither is its base",11-9161.00,Emergency Management Directors,weak,0.33,2026-04-22T02:52:30.655222+00:00
c7928cdf-6738-4826-8424-fc867ad09be2,Wildlife Habitat Restoration Technician,Environment & Sustainability,https://www.bls.gov/ooh/life-physical-and-social-science/conservation-scientists-and-foresters.htm,"bls.gov OOH slug ""conservation-scientists-and-foresters"" matches no O*NET occupation title",15-1299.02,Geographic Information Systems Technologists and Technicians,weak,0.25,2026-05-29T02:08:17.074291+00:00
c82eaae4-d96c-4ce4-97a9-933faff0a69f,Community Tech Founder,Entrepreneurship,https://www.bls.gov/ooh/management/entrepreneurs-and-self-employed-workers.htm,"bls.gov OOH slug ""entrepreneurs-and-self-employed-workers"" matches no O*NET occupation title",11-9141.00,"Property, Real Estate, and Community Association Managers",weak,0.33,2026-08-02T03:30:44.073081+00:00
c8475002-222b-4db0-b2b7-9aee3dc4b0dc,Corporate Training Developer,Education & Coaching,https://www.onetonline.org/link/summary/25-9041.00,"cited SOC 25-9041.00 is not in the O*NET taxonomy, and neither is its base",11-3131.00,Training and Development Managers,weak,0.33,2026-05-08T02:04:01.63551+00:00
c8502392-2529-4b90-a6e7-e07d8be13842,Lab Safety Officer,Hospitality & Events,https://www.onetonline.org/link/summary/29-9011.00,"cited SOC 29-9011.00 is not in the O*NET taxonomy, and neither is its base",11-1011.03,Chief Sustainability Officers,strong,0.50,2026-04-22T02:52:31.392704+00:00
c8584bd0-d4ce-4af1-87a9-97aa0a9a3e6e,Beauty Supply Shop Owner,Fashion & Beauty,https://www.bls.gov/ooh/management/retail-managers.htm,"bls.gov OOH slug ""retail-managers"" matches no O*NET occupation title",11-3071.04,Supply Chain Managers,weak,0.25,2026-05-14T02:09:01.576755+00:00
c978c25c-fd07-42e8-84fc-8c5fb5b3e541,Quality Assurance Engineer (Software),Tech & Engineering,https://www.onetonline.org/link/summary/15-1256.00,"cited SOC 15-1256.00 is not in the O*NET taxonomy, and neither is its base",15-1253.00,Software Quality Assurance Analysts and Testers,strong,0.67,2026-04-22T06:27:47.546909+00:00
c97d80e0-d374-47a4-8111-aab29f23de13,Psychiatric Nurse Practitioner,Sports & Fitness,https://www.bls.gov/ooh/healthcare-and-social-assistance/nurse-anesthetists-nurse-midwives-and-nurse-practitioners.htm,"bls.gov OOH slug ""nurse-anesthetists-nurse-midwives-and-nurse-practitioners"" matches no O*NET occupation title",29-1141.02,Advanced Practice Psychiatric Nurses,strong,0.67,2026-04-22T02:52:31.392704+00:00
c9c2e28f-838f-4eb7-8bc5-fe400aa74e79,Etsy Store Owner,Entrepreneurship,https://www.bls.gov/ooh/management/self-employed-workers.htm,"bls.gov OOH slug ""self-employed-workers"" matches no O*NET occupation title",,,none,,2026-08-11T02:05:58.239035+00:00
cadcc4f4-6869-4a80-b524-d9159fb3c878,Education Technology Coordinator,Education & Coaching,https://www.onetonline.org/link/summary/15-1256.00,"cited SOC 15-1256.00 is not in the O*NET taxonomy, and neither is its base",11-9031.00,"Education and Childcare Administrators, Preschool and Daycare",weak,0.33,2026-04-22T02:52:33.477982+00:00
cb02dae1-720e-42ba-82a2-798c1afa5d67,Biomechanics Research Specialist,Sports & Fitness,https://www.onetonline.org/link/summary/19-4011.00,"cited SOC 19-4011.00 is not in the O*NET taxonomy, and neither is its base",13-1161.00,Market Research Analysts and Marketing Specialists,strong,0.67,2026-04-22T02:52:33.295118+00:00
cb268b5e-a412-48e9-b432-442c600338c1,Specialty Coffee Roastery Owner,Entrepreneurship,https://www.bls.gov/ooh/management/self-employed-workers.htm,"bls.gov OOH slug ""self-employed-workers"" matches no O*NET occupation title",25-1071.00,"Health Specialties Teachers, Postsecondary",weak,0.25,2026-04-22T02:52:30.47108+00:00
cb9fc81f-0cdd-418f-b742-f83e638a32bb,Climate Change Scientist,Environment & Sustainability,https://www.bls.gov/ooh/life-physical-and-social-science/atmospheric-scientists-and-chemists.htm,"bls.gov OOH slug ""atmospheric-scientists-and-chemists"" matches no O*NET occupation title",19-2041.01,Climate Change Policy Analysts,strong,0.67,2026-04-22T02:52:33.86077+00:00
cbf66880-69df-4b7c-887e-a8bf980e78d2,Investigative Broadcast Reporter,Media & Journalism,https://www.bls.gov/ooh/media-and-communication/reporters-and-correspondents.htm,"bls.gov OOH slug ""reporters-and-correspondents"" matches no O*NET occupation title",27-3011.00,Broadcast Announcers and Radio Disc Jockeys,weak,0.33,2026-07-22T03:18:54.172431+00:00
cbf748b1-95c8-40d0-b5be-2273f16db6ca,Emergency Room Technician,Healthcare & Medicine,https://www.bls.gov/ooh/healthcare-support/emergency-medical-technicians-and-paramedics.htm,"bls.gov OOH slug ""emergency-medical-technicians-and-paramedics"" matches no O*NET occupation title",29-2042.00,Emergency Medical Technicians,strong,0.67,2026-05-15T02:07:21.760023+00:00
cbfbf8a2-fe14-4282-8415-2fd9e84efcc3,Esports Franchise Owner,Sports & Fitness,https://www.bls.gov/ooh/management/general-managers-of-other-organizations.htm,"bls.gov OOH slug ""general-managers-of-other-organizations"" matches no O*NET occupation title",,,none,,2026-04-26T06:31:41.374696+00:00
cc08b2d6-edf8-448c-98c1-a4108fc79c89,Wellness App Entrepreneur,Entrepreneurship,https://www.bls.gov/ooh/management/entrepreneurs-and-self-employed-workers.htm,"bls.gov OOH slug ""entrepreneurs-and-self-employed-workers"" matches no O*NET occupation title",11-9179.01,Fitness and Wellness Coordinators,strong,0.50,2026-06-17T02:42:18.221848+00:00
cc2366cb-97f9-4cb4-9eb0-5316252e6032,Soil Health Consultant,Environment & Sustainability,https://www.onetonline.org/link/summary/19-4091.02,"cited SOC 19-4091.02 is not in the O*NET taxonomy, and neither is its base",11-9111.00,Medical and Health Services Managers,weak,0.33,2026-04-26T06:30:38.690511+00:00
cc334bee-a0d2-412b-a9f1-8e02c68620e8,Student Success Coach,Sports & Fitness,https://www.onetonline.org/link/summary/25-9045.00,"cited SOC 25-9045.00 is not in the O*NET taxonomy, and neither is its base",,,none,,2026-04-22T02:52:32.680575+00:00
cc380a76-8962-49db-9a78-88ad4858f7dd,Technology Reporter,Media & Journalism,https://www.bls.gov/ooh/media-and-communication/reporters-and-correspondents.htm,"bls.gov OOH slug ""reporters-and-correspondents"" matches no O*NET occupation title",11-9041.01,Biofuels/Biodiesel Technology and Product Development Managers,strong,0.50,2026-07-03T03:49:38.76193+00:00
cc836816-a073-4cfd-848b-efec846bb74a,Hotel Manager,Hospitality & Events,https://www.bls.gov/ooh/management/hotel-motel-and-resort-managers.htm,"bls.gov OOH slug ""hotel-motel-and-resort-managers"" matches no O*NET occupation title",11-1021.00,General and Operations Managers,strong,0.50,2026-04-22T02:52:33.087307+00:00
cd742ca3-bd2f-4519-bbd7-ce4c46fc5f62,Local Food Marketplace Founder,Entrepreneurship,https://www.bls.gov/ooh/management/entrepreneurs-and-self-employed-workers.htm,"bls.gov OOH slug ""entrepreneurs-and-self-employed-workers"" matches no O*NET occupation title",11-9051.00,Food Service Managers,weak,0.25,2026-07-11T03:17:51.448032+00:00
cd7e47db-21b9-4013-843a-6ae33f6ea348,UGC Content Creator,Media & Journalism,https://www.onetonline.org/link/summary/27-3022.00,"cited SOC 27-3022.00 is not in the O*NET taxonomy, and neither is its base",,,none,,2026-07-20T03:41:34.938476+00:00
cd8d2362-af0a-4ff6-ab76-42345ecba330,High School Guidance Counselor,Education & Coaching,https://www.bls.gov/ooh/education-training-and-library/school-counselors.htm,"bls.gov OOH slug ""school-counselors"" matches no O*NET occupation title",21-1012.00,"Educational, Guidance, and Career Counselors and Advisors",strong,0.50,2026-06-19T02:55:11.504643+00:00
cdadaf75-79b4-46b4-8205-3ce0f61db3af,Quality Assurance Chemist,Science & Research,https://www.onetonline.org/link/summary/19-4011.00,"cited SOC 19-4011.00 is not in the O*NET taxonomy, and neither is its base",15-1253.00,Software Quality Assurance Analysts and Testers,strong,0.67,2026-05-17T02:01:29.909358+00:00
cdb812b7-cdaa-494f-a301-b8853fb74f4d,App-Based Service Entrepreneur,Entrepreneurship,https://www.bls.gov/ooh/management/entrepreneurs-and-self-employed-workers.htm,"bls.gov OOH slug ""entrepreneurs-and-self-employed-workers"" matches no O*NET occupation title",11-3012.00,Administrative Services Managers,weak,0.33,2026-06-06T02:07:09.833627+00:00
cdd84a78-75f4-47f6-8718-c2756beaa17a,iOS App Developer,Science & Research,https://www.onetonline.org/link/summary/15-1256.00,"cited SOC 15-1256.00 is not in the O*NET taxonomy, and neither is its base",15-1252.00,Software Developers,full,1.00,2026-04-22T02:52:31.845128+00:00
ceb47f7f-b7f8-41bf-a23d-8f237ac54c28,Research Software Engineer,Science & Research,https://www.onetonline.org/link/summary/15-1256.00,"cited SOC 15-1256.00 is not in the O*NET taxonomy, and neither is its base",11-9121.01,Clinical Research Coordinators,weak,0.33,2026-05-14T02:11:51.166646+00:00
cef58e2d-b748-4830-a6ee-3583d293b95a,Clinical Lab Scientist,Science & Research,https://www.bls.gov/ooh/healthcare-support/clinical-laboratory-technologists-and-technicians.htm,"bls.gov OOH slug ""clinical-laboratory-technologists-and-technicians"" matches no O*NET occupation title",11-9121.01,Clinical Research Coordinators,strong,0.50,2026-05-02T01:50:15.532763+00:00
cf21f337-6453-4e20-bbaa-14e7566f2ca3,Renal Dialysis Technician,Healthcare & Medicine,https://www.bls.gov/ooh/healthcare-support/dialysis-technicians.htm,"bls.gov OOH slug ""dialysis-technicians"" matches no O*NET occupation title",15-1299.02,Geographic Information Systems Technologists and Technicians,weak,0.33,2026-07-29T03:15:07.53678+00:00
cfd322ea-bf66-4ed0-ba1a-d19a60febec0,Food Tech Entrepreneur,Entrepreneurship,https://www.bls.gov/ooh/management/entrepreneurs-and-self-employed-workers.htm,"bls.gov OOH slug ""entrepreneurs-and-self-employed-workers"" matches no O*NET occupation title",11-9051.00,Food Service Managers,weak,0.33,2026-05-24T02:09:41.570004+00:00
d0318652-53ab-48ce-ab52-7637ab84940a,Sleep Medicine Physician,Healthcare & Medicine,https://www.bls.gov/ooh/healthcare-and-social-support/physicians-and-surgeons.htm,"bls.gov OOH slug ""physicians-and-surgeons"" matches no O*NET occupation title",29-1214.00,Emergency Medicine Physicians,strong,0.67,2026-04-22T02:52:31.392704+00:00
d04e85dd-2b75-4edc-99d8-50cbd1dfa3e8,GIS Analyst (Environmental),Environment & Sustainability,https://www.onetonline.org/link/summary/19-4091.02,"cited SOC 19-4091.02 is not in the O*NET taxonomy, and neither is its base",13-1081.02,Logistics Analysts,full,1.00,2026-05-01T02:00:10.214329+00:00
d0b62fac-1220-4467-a792-a4d1796a7694,Agritech Startup Founder,Entrepreneurship,https://www.bls.gov/ooh/management/entrepreneurs-and-self-employed-workers.htm,"bls.gov OOH slug ""entrepreneurs-and-self-employed-workers"" matches no O*NET occupation title",,,none,,2026-08-10T02:11:51.084546+00:00
d0d4a5d8-7bbc-4d65-ab0c-56e955cd68e8,Niche Publishing Entrepreneur,Entrepreneurship,https://www.bls.gov/ooh/management/self-employed-workers.htm,"bls.gov OOH slug ""self-employed-workers"" matches no O*NET occupation title",,,none,,2026-07-27T03:39:55.15478+00:00
d118e93c-ae1e-440d-a43d-988621dfb944,Paleontologist,Science & Research,https://www.bls.gov/ooh/life-physical-social-science/paleontologists-and-archeologists.htm,"bls.gov OOH slug ""paleontologists-and-archeologists"" matches no O*NET occupation title",,,none,,2026-04-22T02:52:32.496342+00:00
d18338a4-1807-44ef-9467-7f31b0288799,Code Enforcement Officer,Gaming & Esports,https://www.bls.gov/ooh/protective-service/building-and-grounds-cleaners-and-pest-control-workers.htm,"bls.gov OOH slug ""building-and-grounds-cleaners-and-pest-control-workers"" matches no O*NET occupation title",11-1011.03,Chief Sustainability Officers,weak,0.33,2026-04-22T02:52:33.087307+00:00
d1df8f5a-290f-4e83-8caa-8dd0c9d97a35,Video Editor (Post-Production),Media & Journalism,https://www.onetonline.org/link/summary/27-4008.00,"cited SOC 27-4008.00 is not in the O*NET taxonomy, and neither is its base",27-4032.00,Film and Video Editors,full,1.00,2026-06-03T02:47:11.601142+00:00
d1ecea5f-0843-4f68-b33c-103b7004d88f,News Correspondent,Hospitality & Events,https://www.bls.gov/ooh/media-and-communication/reporters-and-correspondents.htm,"bls.gov OOH slug ""reporters-and-correspondents"" matches no O*NET occupation title",27-3023.00,"News Analysts, Reporters, and Journalists",strong,0.50,2026-04-22T02:52:33.86077+00:00
d227822f-fceb-4e95-bb10-722f0b091e73,Insurance Adjuster,Healthcare & Medicine,https://www.bls.gov/ooh/business-and-financial-operations/claims-adjusters-appraisers-examiners-and-investigators.htm,"bls.gov OOH slug ""claims-adjusters-appraisers-examiners-and-investigators"" matches no O*NET occupation title",13-1031.00,"Claims Adjusters, Examiners, and Investigators",strong,0.50,2026-04-22T02:52:30.47108+00:00
d22eb87f-3643-476b-9b0a-e5c359364950,Laboratory Animal Specialist,Healthcare & Medicine,https://www.onetonline.org/link/summary/31-1011.00,"cited SOC 31-1011.00 is not in the O*NET taxonomy, and neither is its base",31-9096.00,Veterinary Assistants and Laboratory Animal Caretakers,strong,0.67,2026-04-22T02:52:30.264317+00:00
d2395595-fa84-4ce6-b83b-ef7af81c84a8,Subscription Software Founder,Entrepreneurship,https://www.bls.gov/ooh/business-and-financial-operations/entrepreneurs.htm,"bls.gov OOH slug ""entrepreneurs"" matches no O*NET occupation title",15-1252.00,Software Developers,weak,0.33,2026-04-29T02:00:13.93552+00:00
d2bc8681-e8db-490f-8d0f-b7a02634e832,Medical Records Specialist,Healthcare & Medicine,https://www.bls.gov/ooh/office-and-administrative-support/medical-records-and-health-information-technicians.htm,"bls.gov OOH slug ""medical-records-and-health-information-technicians"" matches no O*NET occupation title",29-2072.00,Medical Records Specialists,full,1.00,2026-06-12T02:33:01.572351+00:00
d30517f2-fab0-45bb-9d6f-be2226bf891c,Paramedic,Healthcare & Medicine,https://www.bls.gov/ooh/healthcare-support/emts-and-paramedics.htm,"bls.gov OOH slug ""emts-and-paramedics"" matches no O*NET occupation title",29-2043.00,Paramedics,full,1.00,2026-04-22T02:52:32.905098+00:00
d3597d9d-59c3-4663-820c-69e50f412f18,Fertility Specialist,Healthcare & Medicine,https://www.bls.gov/ooh/healthcare-practitioners-and-technical-occupations/physicians-and-surgeons.htm,"bls.gov OOH slug ""physicians-and-surgeons"" matches no O*NET occupation title",11-9121.02,Water Resource Specialists,strong,0.50,2026-06-10T02:15:12.255655+00:00
d3bcaad2-275f-41d0-ae0e-941ec3de7251,Neurosurgeon,Healthcare & Medicine,https://www.bls.gov/ooh/healthcare-practitioner-and-technical/physicians-and-surgeons.htm,"bls.gov OOH slug ""physicians-and-surgeons"" matches no O*NET occupation title",,,none,,2026-05-15T02:07:18.29757+00:00
d3ef55b2-1209-4b65-9461-e642697c937b,Quality Assurance Engineer,Science & Research,https://www.onetonline.org/link/summary/15-1256.00,"cited SOC 15-1256.00 is not in the O*NET taxonomy, and neither is its base",15-1253.00,Software Quality Assurance Analysts and Testers,strong,0.67,2026-04-22T02:52:33.675655+00:00
d4d8e30b-4242-49c6-adb8-6f4630e26daa,Editorial Strategist,Media & Journalism,https://www.onetonline.org/link/summary/27-3022.00,"cited SOC 27-3022.00 is not in the O*NET taxonomy, and neither is its base",13-1161.01,Search Marketing Strategists,strong,0.50,2026-06-10T02:17:12.537007+00:00
d4dc456c-398f-42f0-846f-5549bf02cf21,Special Education Teacher (ESL),Education & Coaching,https://www.bls.gov/ooh/education-and-training/special-education-teachers.html,source_url is not an O*NET or BLS OOH link: https://www.bls.gov/ooh/education-and-training/special-education-teachers.html,25-2011.00,"Preschool Teachers, Except Special Education",full,1.00,2026-06-07T02:33:46.729556+00:00
d4f04120-d851-4d3e-82c7-1090c0c26c24,ESL/ESOL Teacher,Education & Coaching,https://www.bls.gov/ooh/education-and-training/high-school-teachers.htm,"bls.gov OOH slug ""high-school-teachers"" matches no O*NET occupation title",25-1011.00,"Business Teachers, Postsecondary",strong,0.50,2026-05-04T01:53:49.066047+00:00
d4f1382e-6cdc-469d-bd92-64a68fd47155,Local Service Business Operator,Entrepreneurship,https://www.bls.gov/ooh/management/self-employed-workers.htm,"bls.gov OOH slug ""self-employed-workers"" matches no O*NET occupation title",43-2011.00,"Switchboard Operators, Including Answering Service",strong,0.50,2026-05-15T02:06:53.316003+00:00
d502ed04-3810-4a1e-a907-3df1ca522a66,Long-Form Journalist,Media & Journalism,https://www.bls.gov/ooh/media-and-communication/reporters-and-correspondents.htm,"bls.gov OOH slug ""reporters-and-correspondents"" matches no O*NET occupation title",27-3023.00,"News Analysts, Reporters, and Journalists",weak,0.33,2026-07-24T03:20:59.02984+00:00
d545dad3-b077-4fd7-9395-4817c83894ee,Game Physics Engineer,Gaming & Esports,https://www.onetonline.org/link/summary/15-1256.00,"cited SOC 15-1256.00 is not in the O*NET taxonomy, and neither is its base",13-1081.01,Logistics Engineers,weak,0.33,2026-04-22T02:52:29.206458+00:00
d55eebbc-78d0-4ea5-97bc-fcc0a3d640af,Pulmonologist,Healthcare & Medicine,https://www.bls.gov/ooh/healthcare-and-social-assistance/physicians-and-surgeons.htm,"bls.gov OOH slug ""physicians-and-surgeons"" matches no O*NET occupation title",,,none,,2026-04-22T02:52:29.422718+00:00
d59a3a38-cef6-4488-a65e-faa83880ff30,Energy Efficiency Auditor,Environment & Sustainability,https://www.onetonline.org/link/summary/17-2211.00,"cited SOC 17-2211.00 is not in the O*NET taxonomy, and neither is its base",47-4011.01,Energy Auditors,strong,0.67,2026-04-22T02:52:34.465719+00:00
d5bd4126-298a-4724-8487-7694bf0c5697,Immunization Program Coordinator,Gaming & Esports,https://www.bls.gov/ooh/healthcare-and-technical/health-educators-and-community-health-workers.htm,"bls.gov OOH slug ""health-educators-and-community-health-workers"" matches no O*NET occupation title",11-9121.01,Clinical Research Coordinators,weak,0.33,2026-04-22T02:52:33.86077+00:00
d5e0ea32-e801-4903-bd2f-386f2cef6b5b,Exercise Science Researcher,Sports & Fitness,https://www.bls.gov/ooh/life-physical-social-science/exercise-physiology-scientists.htm,"bls.gov OOH slug ""exercise-physiology-scientists"" matches no O*NET occupation title",11-9121.00,Natural Sciences Managers,weak,0.33,2026-07-26T03:32:03.064827+00:00
d611e19f-2205-47a3-aeba-41be3cfaf8a6,Social Entrepreneur,Entrepreneurship,https://www.bls.gov/ooh/management/entrepreneurs-and-self-employed-workers.htm,"bls.gov OOH slug ""entrepreneurs-and-self-employed-workers"" matches no O*NET occupation title",11-9151.00,Social and Community Service Managers,strong,0.50,2026-04-22T02:52:31.660242+00:00
d63c485f-cfb4-4ea2-863b-03a2ae655f40,Biodiversity Restoration Manager,Environment & Sustainability,https://www.bls.gov/ooh/life-physical-and-social-science/conservation-scientists-and-foresters.htm,"bls.gov OOH slug ""conservation-scientists-and-foresters"" matches no O*NET occupation title",11-1021.00,General and Operations Managers,weak,0.33,2026-04-22T02:52:29.422718+00:00
d66d8b91-d9d9-49e3-ac80-94727c7b68b5,Lab Technician (Clinical),Science & Research,https://www.bls.gov/ooh/healthcare-support/clinical-laboratory-technologists-and-technicians.htm,"bls.gov OOH slug ""clinical-laboratory-technologists-and-technicians"" matches no O*NET occupation title",15-1299.02,Geographic Information Systems Technologists and Technicians,full,1.00,2026-07-21T03:20:39.953196+00:00
d6b375ed-ee62-40b9-ac17-8dccd77d93fb,White Label Software Reseller,Entrepreneurship,https://www.bls.gov/ooh/management/entrepreneurs-and-self-employed-workers.htm,"bls.gov OOH slug ""entrepreneurs-and-self-employed-workers"" matches no O*NET occupation title",15-1252.00,Software Developers,weak,0.25,2026-04-22T02:52:29.856816+00:00
d755d857-0044-4557-9e30-475f04747ece,Federal Benefits Administrator,Law & Government,https://www.bls.gov/ooh/office-and-administrative-support/administrative-assistants-and-office-clerks.htm,"bls.gov OOH slug ""administrative-assistants-and-office-clerks"" matches no O*NET occupation title",11-3111.00,Compensation and Benefits Managers,weak,0.33,2026-08-06T03:14:01.277967+00:00
d81ed120-361b-4498-8db7-5d60cb017f11,Carbon Offset Project Developer,Environment & Sustainability,https://www.onetonline.org/link/summary/19-4091.00,"cited SOC 19-4091.00 is not in the O*NET taxonomy, and neither is its base",13-1082.00,Project Management Specialists,weak,0.25,2026-05-08T02:04:22.222095+00:00
d8a39d9e-37f4-435a-bebb-06d7c7bc071f,Visual Effects Supervisor,Science & Research,https://www.onetonline.org/link/summary/27-2014.00,"cited SOC 27-2014.00 is not in the O*NET taxonomy, and neither is its base",27-1014.00,Special Effects Artists and Animators,weak,0.33,2026-04-22T02:52:31.392704+00:00
d8b71012-90bf-4974-b650-368b1a7ff65e,Sports Venue Manager,Sports & Fitness,https://www.bls.gov/ooh/management/general-managers-and-top-executives.htm,"bls.gov OOH slug ""general-managers-and-top-executives"" matches no O*NET occupation title",11-1021.00,General and Operations Managers,weak,0.33,2026-05-25T02:31:05.99129+00:00
d8cb2c4a-c70d-44c7-a793-63816e5e5186,Independent Coffee Shop Owner,Entrepreneurship,https://www.onetonline.org/link/summary/11-3011.00,"cited SOC 11-3011.00 is not in the O*NET taxonomy, and neither is its base",35-9031.00,"Hosts and Hostesses, Restaurant, Lounge, and Coffee Shop",strong,0.50,2026-04-24T06:32:29.233562+00:00
d918af8b-8702-4170-a0f5-32668a926675,Museum Retail Manager,Arts & Performance,https://www.bls.gov/ooh/sales/retail-managers.htm,"bls.gov OOH slug ""retail-managers"" matches no O*NET occupation title",11-1021.00,General and Operations Managers,weak,0.33,2026-04-26T06:29:35.114843+00:00
d9259873-d3fc-4f2e-857d-08fdc811f393,Learning Disability Specialist,Education & Coaching,https://www.onetonline.org/link/summary/25-9045.00,"cited SOC 25-9045.00 is not in the O*NET taxonomy, and neither is its base",11-9121.02,Water Resource Specialists,weak,0.33,2026-05-13T02:07:50.877108+00:00
d9344964-ac5f-4b9e-b15b-5a49120afdee,Test Prep Instructor,Sports & Fitness,https://www.bls.gov/ooh/education-and-training/high-school-teachers.htm,"bls.gov OOH slug ""high-school-teachers"" matches no O*NET occupation title",25-1072.00,"Nursing Instructors and Teachers, Postsecondary",weak,0.33,2026-04-22T02:52:29.422718+00:00
d97506d1-6942-4c1d-82b7-eb32e86d5b2a,Laboratory Technologist,Science & Research,https://www.bls.gov/ooh/healthcare-support/clinical-laboratory-technologists-and-technicians.htm,"bls.gov OOH slug ""clinical-laboratory-technologists-and-technicians"" matches no O*NET occupation title",29-2011.00,Medical and Clinical Laboratory Technologists,full,1.00,2026-05-10T01:56:32.65142+00:00
d9d954bb-6216-4138-931c-67e4a126d85a,Quality Assurance Tester (Software),Tech & Engineering,https://www.onetonline.org/link/summary/15-1256.00,"cited SOC 15-1256.00 is not in the O*NET taxonomy, and neither is its base",15-1253.00,Software Quality Assurance Analysts and Testers,full,1.00,2026-05-24T02:11:15.417166+00:00
da21d582-550b-4cfe-a298-1b1dd902d854,Sleep Medicine Specialist,Healthcare & Medicine,https://www.bls.gov/ooh/healthcare-practitioners-and-technical-occupations/physicians-and-surgeons.htm,"bls.gov OOH slug ""physicians-and-surgeons"" matches no O*NET occupation title",11-9121.02,Water Resource Specialists,weak,0.33,2026-04-22T02:52:29.856816+00:00
da24ea17-57a9-4e7e-9952-c1ca99bc7ed9,Digital Arts Educator,Arts & Performance,https://www.bls.gov/ooh/education-and-training/high-school-teachers.htm,"bls.gov OOH slug ""high-school-teachers"" matches no O*NET occupation title",15-1255.00,Web and Digital Interface Designers,weak,0.33,2026-07-08T03:23:30.90961+00:00
da5157a8-eca9-426a-b786-396808f70533,Mobile App Developer (iOS/Android),Aviation & Transportation,https://www.onetonline.org/link/summary/15-1256.00,"cited SOC 15-1256.00 is not in the O*NET taxonomy, and neither is its base",15-1252.00,Software Developers,strong,0.50,2026-04-22T02:52:33.675655+00:00
da807d6c-5815-4ad2-8a0b-942534e32889,Cosmetics Quality Control Analyst,Fashion & Beauty,https://www.onetonline.org/link/summary/19-4011.00,"cited SOC 19-4011.00 is not in the O*NET taxonomy, and neither is its base",19-4099.01,Quality Control Analysts,strong,0.75,2026-05-17T02:02:18.746676+00:00
dabeb9c9-a02d-4aa7-89d7-b547bb78264d,AI Prompt Engineer,Tech & Engineering,https://www.onetonline.org/link/summary/15-1257.00,"cited SOC 15-1257.00 is not in the O*NET taxonomy, and neither is its base",13-1081.01,Logistics Engineers,strong,0.50,2026-04-22T02:52:34.465719+00:00
db01509e-7c65-45c7-8087-82bc25d8f3bf,ML Ops Engineer,Fashion & Beauty,https://www.onetonline.org/link/summary/15-1256.00,"cited SOC 15-1256.00 is not in the O*NET taxonomy, and neither is its base",13-1081.01,Logistics Engineers,full,1.00,2026-04-22T02:52:34.05043+00:00
db6af78d-5a69-4ecb-9bfe-1a4a3b0f6c2b,Restoration Ecology Specialist,Environment & Sustainability,https://www.bls.gov/ooh/life-physical-and-social-science/conservation-scientists-and-foresters.htm,"bls.gov OOH slug ""conservation-scientists-and-foresters"" matches no O*NET occupation title",11-9121.02,Water Resource Specialists,weak,0.33,2026-05-23T02:02:44.78089+00:00
dbcc38a0-92ed-4254-ac43-5a5aa8f4f014,Physics Laboratory Technician,Science & Research,https://www.bls.gov/ooh/life-physical-social-science/physicists-and-astronomers.htm,"bls.gov OOH slug ""physicists-and-astronomers"" matches no O*NET occupation title",29-2012.00,Medical and Clinical Laboratory Technicians,strong,0.67,2026-04-22T02:52:32.086589+00:00
dbceb025-710f-492e-b4f0-b7278d2e5d7a,Medical Coder,Healthcare & Medicine,https://www.bls.gov/ooh/healthcare-support/medical-records-and-health-information-technicians.htm,"bls.gov OOH slug ""medical-records-and-health-information-technicians"" matches no O*NET occupation title",11-9111.00,Medical and Health Services Managers,strong,0.50,2026-04-22T02:52:30.655222+00:00
dc09e21f-d6b5-41ca-9574-f02f0b568332,Private Tutoring Service Owner,Education & Coaching,https://www.bls.gov/ooh/education-training-and-library/tutors-and-teachers.html,source_url is not an O*NET or BLS OOH link: https://www.bls.gov/ooh/education-training-and-library/tutors-and-teachers.html,11-3012.00,Administrative Services Managers,weak,0.25,2026-04-22T03:25:49.165417+00:00
dc570a56-ac91-43b8-a7db-36299a70bf45,Ecommerce Fulfillment Coordinator,Entrepreneurship,https://www.onetonline.org/link/summary/43-5081.02,"cited SOC 43-5081.02 is not in the O*NET taxonomy, and neither is its base",11-9121.01,Clinical Research Coordinators,weak,0.33,2026-06-01T02:41:05.76196+00:00
dc731662-3b88-4ebc-93bc-fbbf001b1c43,Youth Athletic Development Coach,Sports & Fitness,https://www.onetonline.org/link/summary/39-9999.01,"cited SOC 39-9999.01 is not in the O*NET taxonomy, and neither is its base",11-3131.00,Training and Development Managers,weak,0.25,2026-06-16T02:47:23.524303+00:00
dccd9562-ecc2-4f65-ab21-b73737a2d241,Visual Effects Supervisor (Film),Arts & Performance,https://www.onetonline.org/link/summary/27-2014.00,"cited SOC 27-2014.00 is not in the O*NET taxonomy, and neither is its base",27-1014.00,Special Effects Artists and Animators,weak,0.33,2026-05-30T02:03:09.872548+00:00
dd2c2881-6bf7-4fa5-baa9-1a1992a8a077,Digital Marketing Agency Owner,Marketing & Communications,https://www.bls.gov/ooh/business-and-financial/advertising-promotions-and-marketing-managers.htm,"bls.gov OOH slug ""advertising-promotions-and-marketing-managers"" matches no O*NET occupation title",11-2021.00,Marketing Managers,weak,0.25,2026-04-22T02:52:33.675655+00:00
dd4cbeb9-615e-46c7-8875-2cf56e4ed814,Renewable Energy Auditor,Environment & Sustainability,https://www.onetonline.org/link/summary/19-4091.00,"cited SOC 19-4091.00 is not in the O*NET taxonomy, and neither is its base",47-4011.01,Energy Auditors,strong,0.67,2026-04-22T02:52:33.86077+00:00
dd6d58d2-9080-45e9-875d-e9253337fea0,Museum Learning Specialist,Education & Coaching,https://www.onetonline.org/link/summary/25-9041.00,"cited SOC 25-9041.00 is not in the O*NET taxonomy, and neither is its base",11-9121.02,Water Resource Specialists,weak,0.33,2026-04-22T02:52:30.47108+00:00
dd83be5e-41bc-4201-89b7-786e1b18cc17,Health Tech Entrepreneur,Entrepreneurship,https://www.bls.gov/ooh/management/entrepreneurs-and-self-employed-workers.htm,"bls.gov OOH slug ""entrepreneurs-and-self-employed-workers"" matches no O*NET occupation title",11-9111.00,Medical and Health Services Managers,weak,0.33,2026-04-22T02:52:32.271017+00:00
dd947445-00a3-4fcf-b2ef-907125470ef5,Language Immersion Instructor,Education & Coaching,https://www.bls.gov/ooh/education-and-training/high-school-teachers.htm,"bls.gov OOH slug ""high-school-teachers"" matches no O*NET occupation title",25-1072.00,"Nursing Instructors and Teachers, Postsecondary",weak,0.33,2026-06-02T02:37:18.44036+00:00
dde3bd20-511c-42ef-b891-e44c5f871a9d,Live Event Stage Manager,Arts & Performance,https://www.onetonline.org/link/summary/27-2092.00,"cited SOC 27-2092.00 is not in the O*NET taxonomy, and neither is its base",11-1021.00,General and Operations Managers,weak,0.25,2026-05-21T02:11:01.482496+00:00
de214f65-ffac-4475-98d1-ce904299ad66,Government Contract Administrator,Law & Government,https://www.bls.gov/ooh/business-and-financial-operations/contract-managers.htm,"bls.gov OOH slug ""contract-managers"" matches no O*NET occupation title",11-9031.00,"Education and Childcare Administrators, Preschool and Daycare",weak,0.33,2026-08-08T01:59:25.210396+00:00
de2f269e-d8d1-43e4-b843-492b8b27868a,Beauty Chemist,Fashion & Beauty,https://www.bls.gov/ooh/life-physical-social-science/chemists-and-materials-scientists.htm,"bls.gov OOH slug ""chemists-and-materials-scientists"" matches no O*NET occupation title",19-2031.00,Chemists,strong,0.50,2026-04-22T02:52:31.20659+00:00
de3916da-79a2-4cfe-8ea2-33196b1d1062,Delivery Service Operator,Entrepreneurship,https://www.bls.gov/ooh/transportation-and-material-moving/delivery-and-logistics-workers.htm,"bls.gov OOH slug ""delivery-and-logistics-workers"" matches no O*NET occupation title",43-2011.00,"Switchboard Operators, Including Answering Service",strong,0.67,2026-06-08T02:38:45.278093+00:00
de3a1d46-fc6a-46f8-972b-1ffd64f2c6df,Agency Owner (Digital Marketing),Entrepreneurship,https://www.bls.gov/ooh/business-and-financial/advertising-promotions-and-marketing-managers.htm,"bls.gov OOH slug ""advertising-promotions-and-marketing-managers"" matches no O*NET occupation title",,,none,,2026-05-12T02:02:00.021121+00:00
de5d2e5c-1d77-474b-abe8-3c501c860d30,Palynologist (Pollen Researcher),Science & Research,https://www.onetonline.org/link/summary/19-4011.01,"cited SOC 19-4011.01 is not in the O*NET taxonomy, and neither is its base",,,none,,2026-05-01T02:01:54.755643+00:00
de7bfe85-416c-4cf8-b5ef-95b17c3dc42c,Organic Chemist,Healthcare & Medicine,https://www.bls.gov/ooh/life-physical-social-science/chemists-and-materials-scientists.htm,"bls.gov OOH slug ""chemists-and-materials-scientists"" matches no O*NET occupation title",19-2031.00,Chemists,strong,0.50,2026-04-22T02:52:31.392704+00:00
ded1e5d4-74a9-4f13-9e84-4c20cab52af6,Gym Manager,Sports & Fitness,https://www.bls.gov/ooh/management/fitness-and-recreation-managers.htm,"bls.gov OOH slug ""fitness-and-recreation-managers"" matches no O*NET occupation title",11-1021.00,General and Operations Managers,full,1.00,2026-06-27T03:59:34.36371+00:00
df7c9071-876b-45a5-89c5-0fa1771715aa,Physical Medicine and Rehabilitation Doctor,Healthcare & Medicine,https://www.bls.gov/ooh/healthcare-practitioners-and-technical-occupations/physicians-and-surgeons.htm,"bls.gov OOH slug ""physicians-and-surgeons"" matches no O*NET occupation title",29-1229.04,Physical Medicine and Rehabilitation Physicians,strong,0.75,2026-04-22T02:52:33.477982+00:00
e045b607-5251-4ab0-b2bf-23973d7166fa,High School Career Counselor,Education & Coaching,https://www.bls.gov/ooh/education-training-and-library/school-counselors.htm,"bls.gov OOH slug ""school-counselors"" matches no O*NET occupation title",21-1012.00,"Educational, Guidance, and Career Counselors and Advisors",strong,0.50,2026-08-06T03:12:42.201631+00:00
e0bf7dee-b807-46a7-9714-83c08fec8af3,Neuroradiologist,Healthcare & Medicine,https://www.bls.gov/ooh/healthcare-practitioners-and-technical-occupations/physicians-and-surgeons.htm,"bls.gov OOH slug ""physicians-and-surgeons"" matches no O*NET occupation title",,,none,,2026-04-22T02:52:29.646164+00:00
e0f19af4-5ab0-47d2-a715-5e758ae3909b,Reporter (Specialized Beat),Media & Journalism,https://www.bls.gov/ooh/media-and-communication/reporters-and-correspondents.htm,"bls.gov OOH slug ""reporters-and-correspondents"" matches no O*NET occupation title",27-3023.00,"News Analysts, Reporters, and Journalists",full,1.00,2026-04-24T06:31:41.903432+00:00
e0fafee1-3a1d-41a9-adae-b4bb496cb8f3,Hotel Guest Experience Manager,Hospitality & Events,https://www.bls.gov/ooh/management/hotel-motel-and-resort-desk-managers.htm,"bls.gov OOH slug ""hotel-motel-and-resort-desk-managers"" matches no O*NET occupation title",11-1021.00,General and Operations Managers,weak,0.25,2026-06-13T02:14:37.381641+00:00
e2344d18-99ff-4719-8662-89b4cb242902,Chemistry Lab Manager,Science & Research,https://www.bls.gov/ooh/life-physical-social-science/chemists-and-materials-scientists.htm,"bls.gov OOH slug ""chemists-and-materials-scientists"" matches no O*NET occupation title",11-1021.00,General and Operations Managers,strong,0.50,2026-04-22T02:52:32.496342+00:00
e28753e8-4b0c-484e-a327-a3143e271d1c,Diversity & Inclusion Officer,Social Impact & Nonprofit,https://www.onetonline.org/link/summary/11-3011.00,"cited SOC 11-3011.00 is not in the O*NET taxonomy, and neither is its base",11-1011.03,Chief Sustainability Officers,weak,0.33,2026-07-07T03:57:45.326341+00:00
e29a5804-c8a5-4bae-bb85-1258aed1744e,Model United Nations Coach,Education & Coaching,https://www.bls.gov/ooh/education-training-and-library/instructional-coordinators-and-teachers-all-other.htm,"bls.gov OOH slug ""instructional-coordinators-and-teachers-all-other"" matches no O*NET occupation title",41-9012.00,Models,weak,0.25,2026-05-14T02:10:36.028133+00:00
e2cdb794-648f-435a-8689-f238231b7723,Pet Product Innovation Entrepreneur,Entrepreneurship,https://www.bls.gov/ooh/management/entrepreneurs-and-self-employed-workers.htm,"bls.gov OOH slug ""entrepreneurs-and-self-employed-workers"" matches no O*NET occupation title",11-9041.01,Biofuels/Biodiesel Technology and Product Development Managers,weak,0.33,2026-06-16T02:45:35.968024+00:00
e2f72230-b18b-4584-bbb9-df6ab99457f0,Virtual Reality Developer,Tech & Engineering,https://www.onetonline.org/link/summary/15-1256.00,"cited SOC 15-1256.00 is not in the O*NET taxonomy, and neither is its base",15-1252.00,Software Developers,weak,0.33,2026-06-06T02:08:11.107483+00:00
e3072eb5-0301-4959-be19-29dd736e9906,Resale Platform Entrepreneur,Entrepreneurship,https://www.bls.gov/ooh/management/self-employed-workers.htm,"bls.gov OOH slug ""self-employed-workers"" matches no O*NET occupation title",,,none,,2026-08-06T03:13:40.903516+00:00
e4441db1-deb6-49db-9bcb-49e6a038d05a,Corporate Wellness Program Manager,Education & Coaching,https://www.onetonline.org/link/summary/11-3011.00,"cited SOC 11-3011.00 is not in the O*NET taxonomy, and neither is its base",11-1021.00,General and Operations Managers,weak,0.25,2026-04-25T06:08:26.536824+00:00
e45fe45c-e06e-489b-8f1a-a980e9c5cf8f,Community News Reporter,Media & Journalism,https://www.bls.gov/ooh/media-and-communication/reporters-and-correspondents.htm,"bls.gov OOH slug ""reporters-and-correspondents"" matches no O*NET occupation title",27-3023.00,"News Analysts, Reporters, and Journalists",strong,0.67,2026-05-28T02:03:34.719718+00:00
e4dae8ff-4300-4abf-a44b-d1ee8089d7ca,Government Affairs Specialist,Social Impact & Nonprofit,https://www.bls.gov/ooh/business-and-financial/lobbyists.htm,"bls.gov OOH slug ""lobbyists"" matches no O*NET occupation title",13-1041.07,Regulatory Affairs Specialists,strong,0.67,2026-04-22T02:52:29.206458+00:00
e4fb72cb-7b06-4c32-be20-4f0a76df0f87,Environmental Impact Consultant,Environment & Sustainability,https://www.onetonline.org/link/summary/13-1079.03,"cited SOC 13-1079.03 is not in the O*NET taxonomy, and neither is its base",13-1041.01,Environmental Compliance Inspectors,weak,0.33,2026-04-22T02:52:32.680575+00:00
e5591c48-e0fa-4a62-bfd1-75dda84e801a,Parks and Recreation Manager,Law & Government,https://www.bls.gov/ooh/management/park-recreation-managers.htm,"bls.gov OOH slug ""park-recreation-managers"" matches no O*NET occupation title",11-9072.00,"Entertainment and Recreation Managers, Except Gambling",strong,0.67,2026-05-15T02:07:25.56755+00:00
e5c06e9e-5860-4022-a20c-efdc312eda8e,Federal Claims Officer,Law & Government,https://www.bls.gov/ooh/business-and-financial-operations/claims-adjusters-appraisers-examiners-and-investigators.htm,"bls.gov OOH slug ""claims-adjusters-appraisers-examiners-and-investigators"" matches no O*NET occupation title",11-1011.03,Chief Sustainability Officers,weak,0.33,2026-06-03T02:47:08.59804+00:00
e5e0a77b-dab2-4c55-a0de-0c69913e8f90,Sports Announcer,Media & Journalism,https://www.bls.gov/ooh/media-and-communication/broadcast-news-analysts.htm,"bls.gov OOH slug ""broadcast-news-analysts"" matches no O*NET occupation title",27-2021.00,Athletes and Sports Competitors,strong,0.50,2026-04-22T02:52:34.239097+00:00
e5ebc79d-f5aa-4f71-a9de-50805be419f1,Medicinal Chemist,Science & Research,https://www.bls.gov/ooh/life-physical-social-science/chemists-and-materials-scientists.htm,"bls.gov OOH slug ""chemists-and-materials-scientists"" matches no O*NET occupation title",19-2031.00,Chemists,strong,0.50,2026-04-22T02:52:33.477982+00:00
e617724f-1f38-4df2-83b6-fda22d2a6386,Career Aptitude Assessor,Sports & Fitness,https://www.onetonline.org/link/summary/27-3097.00,"cited SOC 27-3097.00 is not in the O*NET taxonomy, and neither is its base",13-2023.00,Appraisers and Assessors of Real Estate,weak,0.33,2026-04-22T02:52:31.20659+00:00
e64de3c9-8f36-4cf3-b31a-3ec7253ec460,Broadcasting Engineer,Media & Journalism,https://www.bls.gov/ooh/architecture-and-engineering/broadcast-and-sound-engineering-technicians.htm,"bls.gov OOH slug ""broadcast-and-sound-engineering-technicians"" matches no O*NET occupation title",13-1081.01,Logistics Engineers,strong,0.50,2026-07-14T02:54:42.348307+00:00
e6675317-35f5-4ce0-b7ec-48b2e8329c76,Physics Lab Technician,Science & Research,https://www.onetonline.org/link/summary/19-4011.00,"cited SOC 19-4011.00 is not in the O*NET taxonomy, and neither is its base",15-1299.02,Geographic Information Systems Technologists and Technicians,strong,0.50,2026-05-04T01:53:10.835046+00:00
e6fac05a-1dcd-41f6-bfe2-11872487348f,Game Developer (Indie),Tech & Engineering,https://www.onetonline.org/link/summary/15-1257.00,"cited SOC 15-1257.00 is not in the O*NET taxonomy, and neither is its base",15-1252.00,Software Developers,strong,0.50,2026-06-13T02:14:57.39375+00:00
e7896adb-a5e8-4b50-9cc7-23d37ce9d6fa,Augmented Reality Engineer,Tech & Engineering,https://www.onetonline.org/link/summary/15-1256.00,"cited SOC 15-1256.00 is not in the O*NET taxonomy, and neither is its base",13-1081.01,Logistics Engineers,weak,0.33,2026-06-16T02:46:01.215197+00:00
e79dd363-bbd5-41f3-abd8-dcbb3195d06e,Parks & Recreation Director,Law & Government,https://www.bls.gov/ooh/management/public-relations-and-fundraising-managers.htm,"bls.gov OOH slug ""public-relations-and-fundraising-managers"" matches no O*NET occupation title",11-9072.00,"Entertainment and Recreation Managers, Except Gambling",weak,0.33,2026-07-17T03:17:21.205347+00:00
e8b22186-ee59-4e3b-9337-5852a5b42d7e,Telemedicine Specialist (Rural Health),Healthcare & Medicine,https://www.bls.gov/ooh/healthcare-practitioners-and-technical-occupations/physicians-and-surgeons.htm,"bls.gov OOH slug ""physicians-and-surgeons"" matches no O*NET occupation title",11-9121.02,Water Resource Specialists,strong,0.50,2026-07-05T04:00:16.056379+00:00
e8b570f1-08f8-4f49-a3bc-d1b97e7402ca,Service-Based Solo Entrepreneur,Entrepreneurship,https://www.bls.gov/ooh/management/self-employed-workers.htm,"bls.gov OOH slug ""self-employed-workers"" matches no O*NET occupation title",11-3012.00,Administrative Services Managers,weak,0.25,2026-08-11T02:06:04.801759+00:00
e8ed2ad9-8cce-4070-9b60-53998f341624,ESL Teacher,Education & Coaching,https://www.bls.gov/ooh/education-and-training/high-school-teachers.htm,"bls.gov OOH slug ""high-school-teachers"" matches no O*NET occupation title",25-1011.00,"Business Teachers, Postsecondary",full,1.00,2026-04-29T01:58:45.038091+00:00
e8f0552d-e07d-45fd-8fb5-5b6621e2eccb,Orthopedic Surgeon,Healthcare & Medicine,https://www.bls.gov/ooh/healthcare-and-technical/physicians-and-surgeons.htm,"bls.gov OOH slug ""physicians-and-surgeons"" matches no O*NET occupation title",29-1242.00,"Orthopedic Surgeons, Except Pediatric",full,1.00,2026-04-22T02:52:34.05043+00:00
e985178d-2f68-4187-9e74-624dbb57f71d,Occupational Sports Medicine Physician,Gaming & Esports,https://www.bls.gov/ooh/healthcare-and-technical/physicians-and-surgeons.htm,"bls.gov OOH slug ""physicians-and-surgeons"" matches no O*NET occupation title",29-1229.06,Sports Medicine Physicians,strong,0.75,2026-04-22T02:52:33.087307+00:00
ea047698-9ca8-4020-a7ea-a71f1b14333f,Medical Sonographer,Healthcare & Medicine,https://www.bls.gov/ooh/healthcare-support/diagnostic-medical-sonographers-and-cardiovascular-technologists-and-technicians.htm,"bls.gov OOH slug ""diagnostic-medical-sonographers-and-cardiovascular-technologists-and-technicians"" matches no O*NET occupation title",29-2032.00,Diagnostic Medical Sonographers,full,1.00,2026-04-22T02:52:32.271017+00:00
ea16092f-acba-4ccc-a3f8-20acf9a2b61e,Beauty Science Researcher,Fashion & Beauty,https://www.onetonline.org/link/summary/19-4011.00,"cited SOC 19-4011.00 is not in the O*NET taxonomy, and neither is its base",11-9121.00,Natural Sciences Managers,weak,0.33,2026-05-08T02:02:28.119407+00:00
ea921b74-303b-4986-bfaa-30f1525bbfb3,Food Safety Manager (Hospitality),Hospitality & Events,https://www.onetonline.org/link/summary/11-9011.03,"cited SOC 11-9011.03 is not in the O*NET taxonomy, and neither is its base",11-9051.00,Food Service Managers,strong,0.67,2026-05-28T02:03:18.108636+00:00
eae9cb72-8143-4907-ab49-2d2aaa776104,Curriculum Specialist (Gifted Programs),Education & Coaching,https://www.bls.gov/ooh/education-training-and-library/instructional-coordinators-and-curriculum-specialists.htm,"bls.gov OOH slug ""instructional-coordinators-and-curriculum-specialists"" matches no O*NET occupation title",11-9121.02,Water Resource Specialists,strong,0.50,2026-05-27T02:16:15.71748+00:00
eb36ef63-21e6-4782-8f56-ce235044da63,Visual Effects (VFX) Supervisor,Design & Creative,https://www.onetonline.org/link/summary/27-2014.00,"cited SOC 27-2014.00 is not in the O*NET taxonomy, and neither is its base",27-1014.00,Special Effects Artists and Animators,weak,0.33,2026-05-11T02:06:52.951569+00:00
ec9a5dd5-3af6-456f-ad8d-4af3442d0263,Bankruptcy Trustee,Law & Government,https://www.bls.gov/ooh/business-and-financial-operations/bankruptcy-clerks.htm,"bls.gov OOH slug ""bankruptcy-clerks"" matches no O*NET occupation title",,,none,,2026-04-22T02:52:33.477982+00:00
ecf304ee-d0a9-4b6e-8610-8a675d01a7fe,Sustainable Fashion Founder,Marketing & Communications,https://www.bls.gov/ooh/management/entrepreneurs-and-self-employed-workers.htm,"bls.gov OOH slug ""entrepreneurs-and-self-employed-workers"" matches no O*NET occupation title",27-1022.00,Fashion Designers,weak,0.33,2026-04-22T02:52:34.239097+00:00
ed4ef5d7-49f6-4396-9d38-7699dae98f71,Occupational Therapy Assistant,Education & Coaching,https://www.bls.gov/ooh/healthcare-practitioner-and-technical/occupational-therapy-assistants-and-aides.htm,"bls.gov OOH slug ""occupational-therapy-assistants-and-aides"" matches no O*NET occupation title",31-2011.00,Occupational Therapy Assistants,full,1.00,2026-04-22T02:52:32.086589+00:00
eddf16ff-aa71-4d0b-813e-ba28eb76e92e,Travel Writer,Sports & Fitness,https://www.onetonline.org/link/summary/27-3022.00,"cited SOC 27-3022.00 is not in the O*NET taxonomy, and neither is its base",27-3042.00,Technical Writers,strong,0.50,2026-04-22T02:52:33.675655+00:00
ee0a35d7-3fd0-4f1f-93b4-42a4319c47db,Luxury Cruise Director,Hospitality & Events,https://www.onetonline.org/link/summary/39-1011.00,"cited SOC 39-1011.00 is not in the O*NET taxonomy, and neither is its base",11-9161.00,Emergency Management Directors,weak,0.33,2026-04-22T02:52:29.422718+00:00
ee27a3b5-f174-4df0-819e-9349ff5a3055,Environmental Educator,Environment & Sustainability,https://www.onetonline.org/link/summary/25-9045.00,"cited SOC 25-9045.00 is not in the O*NET taxonomy, and neither is its base",13-1041.01,Environmental Compliance Inspectors,strong,0.50,2026-04-22T02:52:33.477982+00:00
eeedd2c3-22fc-4090-9c91-5642b8d0742c,Nanotech Product Entrepreneur,Entrepreneurship,https://www.bls.gov/ooh/management/entrepreneurs-and-self-employed-workers.htm,"bls.gov OOH slug ""entrepreneurs-and-self-employed-workers"" matches no O*NET occupation title",11-9041.01,Biofuels/Biodiesel Technology and Product Development Managers,weak,0.33,2026-08-06T03:12:58.628884+00:00
ef01c0e3-bb9d-4db1-a159-0d6325f9f378,Circular Economy Project Manager,Environment & Sustainability,https://www.onetonline.org/link/summary/11-3011.00,"cited SOC 11-3011.00 is not in the O*NET taxonomy, and neither is its base",15-1299.09,Information Technology Project Managers,strong,0.50,2026-04-22T02:52:30.082186+00:00
ef24fb2c-e153-4765-a888-555150d7b4de,Broadcast Journalist (Radio),Media & Journalism,https://www.bls.gov/ooh/media-and-communication/radio-and-television-broadcasters.htm,"bls.gov OOH slug ""radio-and-television-broadcasters"" matches no O*NET occupation title",27-3011.00,Broadcast Announcers and Radio Disc Jockeys,strong,0.50,2026-08-07T02:56:32.781962+00:00
ef3e745e-a01f-4b5b-abee-c2a734d4aa5b,Medical Laboratory Director,Science & Research,https://www.bls.gov/ooh/healthcare-support/medical-and-clinical-laboratory-technologists-and-technicians.htm,"bls.gov OOH slug ""medical-and-clinical-laboratory-technologists-and-technicians"" matches no O*NET occupation title",29-2011.00,Medical and Clinical Laboratory Technologists,strong,0.67,2026-05-18T02:14:43.820012+00:00
ef440bc2-ec6a-46c9-881a-41979b4ec6d5,Chemist (R&D),Science & Research,https://www.bls.gov/ooh/life-physical-social-science/chemists-and-materials-scientists.htm,"bls.gov OOH slug ""chemists-and-materials-scientists"" matches no O*NET occupation title",19-2031.00,Chemists,full,1.00,2026-04-28T08:00:12.781721+00:00
efe95e2a-8b4d-4c5a-bd24-df6adc6a4257,Social Media Manager (Creator Economy),Entrepreneurship,https://www.onetonline.org/link/summary/27-3022.00,"cited SOC 27-3022.00 is not in the O*NET taxonomy, and neither is its base",11-9151.00,Social and Community Service Managers,strong,0.67,2026-05-27T02:17:08.246913+00:00
efebca42-ea55-4687-9933-0ca0fd6971d3,International Trade Specialist,Business & Finance,https://www.bls.gov/ooh/business-and-financial-operations/import-export-specialists.htm,"bls.gov OOH slug ""import-export-specialists"" matches no O*NET occupation title",11-9121.02,Water Resource Specialists,weak,0.33,2026-04-30T01:57:31.098361+00:00
f00092a8-f7b8-4c46-aefe-45122f96a25b,Sustainable Fashion Marketplace Founder,Entrepreneurship,https://www.bls.gov/ooh/management/self-employed-workers.htm,"bls.gov OOH slug ""self-employed-workers"" matches no O*NET occupation title",27-1022.00,Fashion Designers,weak,0.25,2026-07-22T03:18:22.074381+00:00
f077ac59-942e-4cb8-ab34-554c68bc56e2,Rheumatologist,Healthcare & Medicine,https://www.bls.gov/ooh/healthcare-practitioner-and-technical/physicians-and-surgeons.htm,"bls.gov OOH slug ""physicians-and-surgeons"" matches no O*NET occupation title",,,none,,2026-04-22T02:52:32.271017+00:00
f0eefe2f-3d78-449b-b2eb-ae060a3ac941,Wildlife Habitat Manager,Environment & Sustainability,https://www.bls.gov/ooh/life-physical-and-social-science/conservation-scientists-and-foresters.htm,"bls.gov OOH slug ""conservation-scientists-and-foresters"" matches no O*NET occupation title",11-1021.00,General and Operations Managers,weak,0.33,2026-04-22T02:52:30.082186+00:00
f104c94b-8dd6-450d-92f1-af5b85c81f43,Infectious Disease Specialist,Hospitality & Events,https://www.bls.gov/ooh/healthcare-practitioners-and-technical-occupations/physicians-and-surgeons.htm,"bls.gov OOH slug ""physicians-and-surgeons"" matches no O*NET occupation title",11-9121.02,Water Resource Specialists,weak,0.33,2026-04-22T02:52:29.206458+00:00
f10fb994-609a-424d-b116-da8b16b7758f,Freelance Bookkeeper,Entrepreneurship,https://www.bls.gov/ooh/office-and-administrative-support/bookkeepers.htm,"bls.gov OOH slug ""bookkeepers"" matches no O*NET occupation title",,,none,,2026-05-02T01:49:36.534947+00:00
f1f49d00-dad3-4b72-a0cb-5a53266dfed6,Software Quality Assurance Engineer,Science & Research,https://www.onetonline.org/link/summary/15-1256.00,"cited SOC 15-1256.00 is not in the O*NET taxonomy, and neither is its base",15-1253.00,Software Quality Assurance Analysts and Testers,strong,0.75,2026-04-22T02:52:32.086589+00:00
f30281cb-0688-4580-84b7-08f6a038276a,Franchise Operator (Food & Beverage),Marketing & Communications,https://www.bls.gov/ooh/management/general-managers-and-top-executives.htm,"bls.gov OOH slug ""general-managers-and-top-executives"" matches no O*NET occupation title",27-4031.00,"Camera Operators, Television, Video, and Film",strong,0.50,2026-04-22T02:52:31.20659+00:00
f41a2f15-5408-4b19-a2f5-9f9cda16f8b6,Video Columnist,Media & Journalism,https://www.bls.gov/ooh/media-and-communication/reporters-and-correspondents.htm,"bls.gov OOH slug ""reporters-and-correspondents"" matches no O*NET occupation title",15-1255.01,Video Game Designers,strong,0.50,2026-06-30T04:09:12.376483+00:00
f4ebb9b2-8bcf-4dda-851a-51870a3a3688,Luxury Hotel General Manager,Hospitality & Events,https://www.bls.gov/ooh/management/general-managers-top-executives.htm,"bls.gov OOH slug ""general-managers-top-executives"" matches no O*NET occupation title",11-1021.00,General and Operations Managers,strong,0.50,2026-04-22T02:52:29.646164+00:00
f557259c-3dd3-471b-bfb3-aa07ef5bad3e,Home Health Aide,Healthcare & Medicine,https://www.bls.gov/ooh/healthcare-support/home-health-aides-and-personal-care-aides.htm,"bls.gov OOH slug ""home-health-aides-and-personal-care-aides"" matches no O*NET occupation title",31-1121.00,Home Health Aides,full,1.00,2026-04-22T02:52:29.646164+00:00
f58c71ad-c324-4be2-94e8-630311a3e0fc,Burn Care Specialist,Healthcare & Medicine,https://www.bls.gov/ooh/healthcare-practitioners-and-technical-occupations/physicians-and-surgeons.htm,"bls.gov OOH slug ""physicians-and-surgeons"" matches no O*NET occupation title",11-9121.02,Water Resource Specialists,weak,0.33,2026-08-07T02:56:36.014586+00:00
f5b35226-1278-4ce7-bcb7-c73f4c2968c0,Casino Host,Gaming & Esports,https://www.bls.gov/ooh/personal-care-and-service/gaming-services-workers.htm,"bls.gov OOH slug ""gaming-services-workers"" matches no O*NET occupation title",35-9031.00,"Hosts and Hostesses, Restaurant, Lounge, and Coffee Shop",strong,0.50,2026-04-22T02:52:32.905098+00:00
f5e8308b-b812-4181-8135-8bcf39c1653a,Live Music Venue Operator,Arts & Performance,https://www.onetonline.org/link/summary/11-9110.00,"cited SOC 11-9110.00 is not in the O*NET taxonomy, and neither is its base",25-1121.00,"Art, Drama, and Music Teachers, Postsecondary",weak,0.25,2026-07-26T03:31:17.812266+00:00
f5f07eec-33be-4c1b-a574-2448e6be1c8a,Laboratory Operations Manager,Science & Research,https://www.onetonline.org/link/summary/11-3011.00,"cited SOC 11-3011.00 is not in the O*NET taxonomy, and neither is its base",11-1021.00,General and Operations Managers,strong,0.67,2026-07-11T03:19:17.329885+00:00
f61a228c-84f5-43c5-8c63-93ecd399040f,Government Contract Officer,Law & Government,https://www.bls.gov/ooh/business-and-financial-operations/purchasing-managers-buyers-and-purchasing-agents.htm,"bls.gov OOH slug ""purchasing-managers-buyers-and-purchasing-agents"" matches no O*NET occupation title",11-1011.03,Chief Sustainability Officers,weak,0.33,2026-06-12T02:34:52.086076+00:00
f62523e5-fd2a-4da1-b9cb-f975648cd7a9,Freelance Journalist,Media & Journalism,https://www.bls.gov/ooh/media-and-communication/reporters-and-correspondents.htm,"bls.gov OOH slug ""reporters-and-correspondents"" matches no O*NET occupation title",27-3023.00,"News Analysts, Reporters, and Journalists",strong,0.50,2026-06-21T02:40:51.841552+00:00
f6bdceb7-a544-4044-8141-e9ca1c1f58ce,Fact-Checker (Misinformation Specialist),Media & Journalism,https://www.onetonline.org/link/summary/27-3022.00,"cited SOC 27-3022.00 is not in the O*NET taxonomy, and neither is its base",43-4041.00,"Credit Authorizers, Checkers, and Clerks",strong,0.50,2026-08-06T03:14:11.264578+00:00
f6e04100-0214-4161-b5e0-558a851f0759,Machine Learning Operations Engineer,Fashion & Beauty,https://www.onetonline.org/link/summary/15-1256.00,"cited SOC 15-1256.00 is not in the O*NET taxonomy, and neither is its base",11-1021.00,General and Operations Managers,weak,0.25,2026-04-22T02:52:33.295118+00:00
f7be6b4d-58f2-42e5-86ab-b1067f5fdca4,Virtual Fitness Studio Operator,Entrepreneurship,https://www.bls.gov/ooh/management/self-employed-workers.htm,"bls.gov OOH slug ""self-employed-workers"" matches no O*NET occupation title",11-9179.01,Fitness and Wellness Coordinators,weak,0.25,2026-06-02T02:37:30.947855+00:00
f7d315d7-01ea-4a4e-88ff-27391853519b,Sustainable Business Startup Founder,Entrepreneurship,https://www.bls.gov/ooh/management/entrepreneurs-and-self-employed-workers.htm,"bls.gov OOH slug ""entrepreneurs-and-self-employed-workers"" matches no O*NET occupation title",13-1011.00,"Agents and Business Managers of Artists, Performers, and Athletes",weak,0.25,2026-08-06T03:12:52.278004+00:00
f7e783ba-29cc-4720-92c5-fe20031ce6b7,Biotech Clinical Trial Startup Founder,Entrepreneurship,https://www.bls.gov/ooh/business-and-financial/entrepreneurs.htm,"bls.gov OOH slug ""entrepreneurs"" matches no O*NET occupation title",11-9121.01,Clinical Research Coordinators,weak,0.20,2026-05-14T02:10:46.228855+00:00
f7f278e5-3dc1-40a5-a36b-30d05f9cfeab,Government Liaison Officer,Law & Government,https://www.bls.gov/ooh/business-and-financial/lobbyists.htm,"bls.gov OOH slug ""lobbyists"" matches no O*NET occupation title",11-1011.03,Chief Sustainability Officers,weak,0.33,2026-05-16T01:59:36.154064+00:00
f7f3fc68-82f6-4897-87bd-dc79069b7c6a,Climate Modeler (Atmospheric Science),Science & Research,https://www.bls.gov/ooh/life-physical-social-science/atmospheric-scientists-including-meteorologists.htm,"bls.gov OOH slug ""atmospheric-scientists-including-meteorologists"" matches no O*NET occupation title",19-2041.01,Climate Change Policy Analysts,strong,0.50,2026-04-22T03:27:34.834723+00:00
f835712c-fb54-49f5-ac6b-591531cd71e8,Court Reporter (CART),Law & Government,https://www.onetonline.org/link/summary/23-2091.00,"cited SOC 23-2091.00 is not in the O*NET taxonomy, and neither is its base",27-3092.00,Court Reporters and Simultaneous Captioners,full,1.00,2026-05-17T02:02:25.856669+00:00
f8a4fd73-73b9-4b69-9ec7-8fbbc255b986,Youth Mental Health Coach,Education & Coaching,https://www.onetonline.org/link/summary/21-1018.00,"cited SOC 21-1018.00 is not in the O*NET taxonomy, and neither is its base",21-1014.00,Mental Health Counselors,strong,0.50,2026-07-03T03:50:03.04862+00:00
f8e25171-daa6-4238-addb-efec84865979,Literacy Specialist (Dyslexia),Education & Coaching,https://www.onetonline.org/link/summary/25-3097.00,"cited SOC 25-3097.00 is not in the O*NET taxonomy, and neither is its base",11-9121.02,Water Resource Specialists,strong,0.50,2026-04-25T06:06:37.538079+00:00
f94e04e4-28c4-4b1d-b4f3-4a2d51b308c4,Science Journalist,Science & Research,https://www.bls.gov/ooh/media-and-communication/reporters-and-correspondents.htm,"bls.gov OOH slug ""reporters-and-correspondents"" matches no O*NET occupation title",11-9121.00,Natural Sciences Managers,strong,0.50,2026-04-22T02:52:29.646164+00:00
f965b091-436f-4187-aca9-eb8247c3d0d4,Nurse Midwife,Healthcare & Medicine,https://www.bls.gov/ooh/healthcare-and-social-assistance/nurse-midwives-and-nurse-anesthetists.htm,"bls.gov OOH slug ""nurse-midwives-and-nurse-anesthetists"" matches no O*NET occupation title",29-1141.00,Registered Nurses,strong,0.50,2026-04-22T02:52:32.905098+00:00
f9932587-8489-463d-bac4-09cfb2c48418,Photography Editor,Science & Research,https://www.onetonline.org/link/summary/27-4081.01,"cited SOC 27-4081.01 is not in the O*NET taxonomy, and neither is its base",27-3041.00,Editors,strong,0.50,2026-04-22T02:52:34.239097+00:00
f9b4495b-0695-4616-ab21-ce7bfb206393,Virtual Bookkeeping Service Owner,Entrepreneurship,https://www.bls.gov/ooh/office-and-administrative-support/bookkeepers.htm,"bls.gov OOH slug ""bookkeepers"" matches no O*NET occupation title",11-3012.00,Administrative Services Managers,weak,0.25,2026-07-17T03:17:38.521494+00:00
f9b46f25-1b94-41f3-923d-b9d351840c8f,Bone Marrow Transplant Coordinator,Healthcare & Medicine,https://www.onetonline.org/link/summary/31-1011.00,"cited SOC 31-1011.00 is not in the O*NET taxonomy, and neither is its base",11-9121.01,Clinical Research Coordinators,weak,0.25,2026-08-07T02:56:10.83014+00:00
fa1f807d-7076-4528-8612-4902f682145d,Apprenticeship Program Manager,Education & Coaching,https://www.onetonline.org/link/summary/13-1073.00,"cited SOC 13-1073.00 is not in the O*NET taxonomy, and neither is its base",11-1021.00,General and Operations Managers,weak,0.33,2026-04-27T08:00:33.066163+00:00
fa98b33e-be33-4ac4-9943-c0d0f906d968,Community-Based Business Owner,Entrepreneurship,https://www.bls.gov/ooh/management/self-employed-workers.htm,"bls.gov OOH slug ""self-employed-workers"" matches no O*NET occupation title",11-9141.00,"Property, Real Estate, and Community Association Managers",weak,0.25,2026-07-27T03:39:24.277989+00:00
fb39bbbc-b14b-48f9-b50a-c9795b280a02,Climate Modeling Scientist,Science & Research,https://www.bls.gov/ooh/life-physical-social-science/atmospheric-scientists-including-meteorologists.htm,"bls.gov OOH slug ""atmospheric-scientists-including-meteorologists"" matches no O*NET occupation title",15-1221.00,Computer and Information Research Scientists,weak,0.33,2026-06-18T02:40:03.09493+00:00
fb469adb-bafd-4bdb-a6d6-38abd067701b,Online Learning Experience Manager,Education & Coaching,https://www.onetonline.org/link/summary/25-9041.00,"cited SOC 25-9041.00 is not in the O*NET taxonomy, and neither is its base",11-1021.00,General and Operations Managers,weak,0.25,2026-08-04T03:15:20.475381+00:00
fb5b42aa-58aa-4661-a0b9-474991e3c1f5,Forest Restoration Technician,Environment & Sustainability,https://www.bls.gov/ooh/life-physical-and-social-science/conservation-scientists-and-foresters.htm,"bls.gov OOH slug ""conservation-scientists-and-foresters"" matches no O*NET occupation title",19-4071.00,Forest and Conservation Technicians,strong,0.67,2026-06-12T02:32:49.529334+00:00
fb81d476-6928-476b-8a89-7563bf35a8d1,Algorithmic Trading Developer,Business & Finance,https://www.onetonline.org/link/summary/15-1256.00,"cited SOC 15-1256.00 is not in the O*NET taxonomy, and neither is its base",15-1252.00,Software Developers,weak,0.33,2026-06-17T02:42:00.828233+00:00
fbc170df-5639-4952-8517-864823f5802e,Athlete Agent,Sports & Fitness,https://www.onetonline.org/link/summary/11-3011.00,"cited SOC 11-3011.00 is not in the O*NET taxonomy, and neither is its base",13-1011.00,"Agents and Business Managers of Artists, Performers, and Athletes",full,1.00,2026-05-25T02:32:15.583443+00:00
fbfaa27b-92d8-49c0-891d-0cd85b77f475,Research Operations Manager,Science & Research,https://www.onetonline.org/link/summary/11-3011.00,"cited SOC 11-3011.00 is not in the O*NET taxonomy, and neither is its base",11-1021.00,General and Operations Managers,strong,0.67,2026-05-11T02:07:18.797627+00:00
fc26485a-f56f-4d89-9c75-24e7bfca2357,Sustainable Fashion Material Developer,Environment & Sustainability,https://www.onetonline.org/link/summary/19-4091.00,"cited SOC 19-4091.00 is not in the O*NET taxonomy, and neither is its base",15-1252.00,Software Developers,weak,0.25,2026-07-22T03:18:28.386662+00:00
fc8c67bf-e744-4103-b3f1-cf563c7d1ca8,Niche Product Entrepreneur,Marketing & Communications,https://www.bls.gov/ooh/management/entrepreneurs-and-self-employed-workers.htm,"bls.gov OOH slug ""entrepreneurs-and-self-employed-workers"" matches no O*NET occupation title",11-9041.01,Biofuels/Biodiesel Technology and Product Development Managers,weak,0.33,2026-04-22T02:52:33.087307+00:00
fc962015-0bc2-4512-a8c7-3352700cb42c,Performance Capture Artist,Gaming & Esports,https://www.onetonline.org/link/summary/27-2014.00,"cited SOC 27-2014.00 is not in the O*NET taxonomy, and neither is its base",39-5091.00,"Makeup Artists, Theatrical and Performance",strong,0.67,2026-04-22T02:52:32.086589+00:00
fcbde42b-deb1-48a0-aa69-69464d438b8b,Community-Focused Social Enterprise Founder,Entrepreneurship,https://www.bls.gov/ooh/management/general-managers-and-top-executives.htm,"bls.gov OOH slug ""general-managers-and-top-executives"" matches no O*NET occupation title",11-9151.00,Social and Community Service Managers,weak,0.40,2026-04-27T08:00:51.853092+00:00
fd46ce0a-65ca-4df9-b502-db38b2918d77,Resort Guest Services Manager,Hospitality & Events,https://www.onetonline.org/link/summary/39-1011.00,"cited SOC 39-1011.00 is not in the O*NET taxonomy, and neither is its base",11-3012.00,Administrative Services Managers,strong,0.50,2026-05-23T02:01:29.401107+00:00
fd637eec-379f-4300-8e0d-231546fc6471,High School Debate Coach,Education & Coaching,https://www.bls.gov/ooh/education-and-training/high-school-teachers.htm,"bls.gov OOH slug ""high-school-teachers"" matches no O*NET occupation title",19-3034.00,School Psychologists,weak,0.25,2026-04-23T06:30:28.137785+00:00
fd6b411b-c014-4341-9986-64f78646df6f,Tech Reviewer/Blogger,Media & Journalism,https://www.onetonline.org/link/summary/27-3022.00,"cited SOC 27-3022.00 is not in the O*NET taxonomy, and neither is its base",,,none,,2026-04-22T02:52:31.20659+00:00
fde744e6-742d-4e64-b5cf-d1e3c51fbac0,Digital Literacy Instructor,Education & Coaching,https://www.bls.gov/ooh/education-and-training/high-school-teachers.htm,"bls.gov OOH slug ""high-school-teachers"" matches no O*NET occupation title",15-1255.00,Web and Digital Interface Designers,weak,0.33,2026-04-22T02:52:31.20659+00:00
fe04d74b-7417-49e6-8d44-f544ccc94e62,Hotel Convention Services Manager,Hospitality & Events,https://www.onetonline.org/link/summary/39-1011.00,"cited SOC 39-1011.00 is not in the O*NET taxonomy, and neither is its base",11-3012.00,Administrative Services Managers,strong,0.50,2026-07-27T03:40:02.006384+00:00
fe31a8bf-cb41-4332-a126-0271f136154a,Deputy Sheriff,Law & Government,https://www.bls.gov/ooh/protective-service/sheriffs-and-detectives.htm,"bls.gov OOH slug ""sheriffs-and-detectives"" matches no O*NET occupation title",33-3051.00,Police and Sheriff's Patrol Officers,strong,0.50,2026-06-22T03:22:54.539919+00:00
fe35ca69-4455-4a76-b939-b25703b83adb,Solo Service Business Owner,Entrepreneurship,https://www.bls.gov/ooh/management/self-employed-workers.htm,"bls.gov OOH slug ""self-employed-workers"" matches no O*NET occupation title",11-3012.00,Administrative Services Managers,weak,0.25,2026-06-02T02:38:12.909357+00:00
fe39a0ea-0dea-4b65-a01e-122d6c8d293e,License Plate Recognition Startup Founder,Cybersecurity,https://www.bls.gov/ooh/business-and-financial/entrepreneurs.htm,"bls.gov OOH slug ""entrepreneurs"" matches no O*NET occupation title",43-4031.00,"Court, Municipal, and License Clerks",weak,0.20,2026-04-22T02:52:32.680575+00:00
fe59c161-6d94-4432-b358-ee70254c3c73,Subscription Meal Service Founder,Entrepreneurship,https://www.bls.gov/ooh/management/entrepreneurs-and-self-employed-workers.htm,"bls.gov OOH slug ""entrepreneurs-and-self-employed-workers"" matches no O*NET occupation title",11-3012.00,Administrative Services Managers,weak,0.25,2026-06-22T03:23:37.439706+00:00
fef6dac3-60b9-4ea4-9abf-b81a1fcee52e,Quantum Software Engineer,Tech & Engineering,https://www.onetonline.org/link/summary/15-1257.00,"cited SOC 15-1257.00 is not in the O*NET taxonomy, and neither is its base",13-1081.01,Logistics Engineers,weak,0.33,2026-04-22T03:28:09.654387+00:00
ff8daad8-e29f-4f81-a5e9-9410663587c2,Wildlife Rehabber,Environment & Sustainability,https://www.onetonline.org/link/summary/31-1099.00,"cited SOC 31-1099.00 is not in the O*NET taxonomy, and neither is its base",19-1023.00,Zoologists and Wildlife Biologists,strong,0.50,2026-04-22T02:52:34.05043+00:00
ffe2cc54-fcca-4e58-9241-e840ebe775b1,Oncologist,Healthcare & Medicine,https://www.bls.gov/ooh/healthcare-and-technical/physicians-and-surgeons.htm,"bls.gov OOH slug ""physicians-and-surgeons"" matches no O*NET occupation title",,,none,,2026-04-22T02:52:32.905098+00:00
